symbol,lookback_s,hold_s,rate,search_trades,search_net_bp,final_trades,final_gross_bp,final_cost_bp,final_net_bp,final_total_bp,final_two_se_bp
ADAUSDT,120,120,2.0,9.0,-22.349864797726916,74.0,-13.369746204248884,13.97607135339749,-27.34581755764637,-2023.5904992658313,22.153106293672973
ADAUSDT,120,120,5.0,21.0,-17.77339117290213,114.0,-10.240081186746334,13.847815173656343,-24.087896360402677,-2746.0201850859053,15.010558634017645
ADAUSDT,120,120,20.0,70.0,-15.371951927915305,239.0,-5.195997936795372,13.49324155471877,-18.689239491514144,-4466.72823847188,6.9100897500084555
ADAUSDT,120,120,60.0,157.0,-11.553974644537531,492.0,-0.5138651474768767,13.48630869499104,-14.00017384246792,-6888.085530494216,5.134291035545158
ADAUSDT,120,300,2.0,9.0,6.209708804082197,47.0,8.576106889195767,13.650113248474412,-5.074006359278641,-238.47829888609616,30.016487222035863
ADAUSDT,120,300,5.0,19.0,9.205031347019968,73.0,-12.174741390309377,13.49454702059157,-25.669288410900943,-1873.8580539957688,24.772999819780576
ADAUSDT,120,300,20.0,54.0,-5.227890216146934,157.0,-4.105467630454111,13.478892061479348,-17.58435969193346,-2760.744471633553,14.624346110284192
ADAUSDT,120,300,60.0,117.0,-14.72691580280815,314.0,-4.0370778078196015,13.458390340904817,-17.49546814872442,-5493.576998699467,6.903924553838027
ADAUSDT,120,600,2.0,9.0,22.062836286721332,36.0,-20.1789023911194,13.466902281233011,-33.645804672352426,-1211.2489682046873,63.40761111876254
ADAUSDT,120,600,5.0,18.0,11.429275625715567,54.0,-10.295273526129067,13.465560363929022,-23.760833890058095,-1283.085030063137,40.81027564205004
ADAUSDT,120,600,20.0,45.0,-6.862790337723548,111.0,1.9584463071803055,13.455851671381863,-11.497405364201557,-1276.2119954263728,21.713643813627023
ADAUSDT,120,600,60.0,92.0,-5.845122969630933,217.0,-7.340509016399676,13.431987400691028,-20.77249641709071,-4507.631722508684,12.497288345974706
ADAUSDT,120,1200,2.0,9.0,30.00042800137708,26.0,-51.414034385436175,13.480386818836392,-64.89442120427256,-1687.2549513110866,81.02153829677763
ADAUSDT,120,1200,5.0,16.0,2.678457233578855,40.0,-45.53921092344002,13.43202936372079,-58.97124028716081,-2358.8496114864324,57.57971856568767
ADAUSDT,120,1200,20.0,36.0,-5.747721073622688,76.0,42.83098898933011,13.458669040743251,29.372319948586856,2232.296316092601,40.73923250304484
ADAUSDT,120,1200,60.0,76.0,-1.0170435927197132,151.0,11.834485709409376,13.447324772235818,-1.612839062826443,-243.5386984867929,14.622658403543106
ADAUSDT,120,2400,2.0,7.0,25.334393610401655,20.0,-52.248219250722045,13.47719975629433,-65.72541900701636,-1314.508380140327,170.97659043175778
ADAUSDT,120,2400,5.0,13.0,-11.294220718376572,31.0,11.987176091830552,13.4268107145271,-1.4396346226965522,-44.62867330359312,55.57369714327498
ADAUSDT,120,2400,20.0,32.0,-2.016846723897256,59.0,38.18244958330686,13.412603254876396,24.769846328430468,1461.4209333773977,38.80853893979423
ADAUSDT,120,2400,60.0,59.0,7.122489903713722,97.0,1.0231302669629825,13.421171112386789,-12.398040845423802,-1202.6099620061088,26.072815419522062
ADAUSDT,120,4800,2.0,7.0,49.78933353317406,17.0,-54.60695032492624,13.48349712259153,-68.09044744751778,-1157.5376066078022,160.63365638113135
ADAUSDT,120,4800,5.0,12.0,14.995466439216804,26.0,-33.05953676145048,13.41290200599358,-46.47243876744406,-1208.2834079535455,107.08100126140928
ADAUSDT,120,4800,20.0,26.0,13.94932203738574,42.0,58.82777002801308,13.411020618416277,45.4167494095968,1907.5034752030654,59.537262529141394
ADAUSDT,120,4800,60.0,49.0,10.945983871059395,63.0,-11.13928498233948,13.418321144252783,-24.557606126592262,-1547.1291859753126,51.522873283574356
ADAUSDT,300,120,2.0,5.0,-28.982525905516503,54.0,-2.710294025872624,13.69850421583709,-16.408798241709718,-886.0751050523247,47.56995613026892
ADAUSDT,300,120,5.0,12.0,-10.048979147858075,86.0,3.2976083569388153,13.812384893638473,-10.514776536699657,-904.2707821561705,27.68127144073255
ADAUSDT,300,120,20.0,49.0,-2.477657626471151,192.0,-11.144521425401896,13.47060315441439,-24.615124579816285,-4726.103919324727,15.071128434466107
ADAUSDT,300,120,60.0,112.0,-8.248183449636045,321.0,-7.141362386384683,13.461973900846887,-20.60333628723157,-6613.670948201334,8.772825355956552
ADAUSDT,300,300,2.0,4.0,13.324391379070654,32.0,-52.08090807104487,13.640729567542532,-65.7216376385874,-2103.0924044347967,76.06244573981539
ADAUSDT,300,300,5.0,10.0,15.96118839400853,54.0,8.308138391863132,13.705981640790581,-5.397843248927444,-291.483535442082,34.26053601868538
ADAUSDT,300,300,20.0,39.0,5.806781389708926,127.0,-5.6669582944932735,13.489946796025142,-19.15690509051841,-2432.9269464958384,12.409011594465355
ADAUSDT,300,300,60.0,81.0,-7.643609779361274,210.0,-8.00159824886044,13.457098780364921,-21.45869702922536,-4506.3263761373255,11.268526592806285
ADAUSDT,300,600,2.0,4.0,35.41786675233222,25.0,40.323500289721316,13.686741658117015,26.6367586316043,665.9189657901076,72.57139545764059
ADAUSDT,300,600,5.0,10.0,15.094467659303476,39.0,52.55054305603596,13.476508921117379,39.07403413491858,1523.8873312618246,56.986643067161204
ADAUSDT,300,600,20.0,35.0,14.304294830959089,87.0,-6.044623208498362,13.438405054963408,-19.483028263461772,-1695.023458921174,26.117412136967634
ADAUSDT,300,600,60.0,63.0,-7.3743400063112885,146.0,23.52068326684474,13.446205537753407,10.074477729091333,1470.8737484473347,22.72799141765354
ADAUSDT,300,1200,2.0,4.0,38.587462077637745,18.0,38.687840051019144,13.695197585938674,24.99264246508047,449.86756437144845,97.52150935471673
ADAUSDT,300,1200,5.0,10.0,25.525399608705946,28.0,-27.67289283961853,13.529281693977163,-41.20217453359568,-1153.6608869406791,76.45033029073785
ADAUSDT,300,1200,20.0,28.0,18.833812546933043,63.0,1.9916727869812634,13.42320852181476,-11.431535734833503,-720.1867512945107,43.001223185611
ADAUSDT,300,1200,60.0,51.0,-3.546388561035824,103.0,41.376618719447976,13.453408449144641,27.923210270303333,2876.0906578412432,38.547331415471646
ADAUSDT,300,2400,2.0,2.0,4.25805096301486,15.0,-48.628841986239955,13.615054211105019,-62.24389619734496,-933.6584429601744,208.23889678043017
ADAUSDT,300,2400,5.0,8.0,5.795566169085735,22.0,32.14488365975074,13.476023935216414,18.66885972453432,410.7149139397551,74.6624424404249
ADAUSDT,300,2400,20.0,25.0,46.924616816467676,51.0,14.481760960924968,13.426391447943379,1.05536951298159,53.82384516206109,38.70605417376054
ADAUSDT,300,2400,60.0,42.0,2.1806400988196124,75.0,17.9940717891002,13.483134986157351,4.510936802942847,338.3202602207135,31.011952767960327
ADAUSDT,300,4800,2.0,2.0,-108.09768618408637,12.0,-63.191042833487906,13.656581093341714,-76.84762392682963,-922.1714871219555,193.1289693096101
ADAUSDT,300,4800,5.0,8.0,55.76314992395565,18.0,-19.899611447589784,13.485681882010457,-33.385293329600245,-600.9352799328044,146.1106034868986
ADAUSDT,300,4800,20.0,22.0,49.36172084479188,36.0,31.6700263696811,13.421001677378968,18.249024692302132,656.9648889228768,66.81631553532156
ADAUSDT,300,4800,60.0,34.0,25.535113416668793,48.0,-4.889729955674774,13.459055986427705,-18.348785942102484,-880.7417252209192,50.34308613525184
ADAUSDT,600,120,2.0,4.0,-7.415696326346988,54.0,12.339452250807168,13.753774629824072,-1.4143223790169017,-76.3734084669127,41.515335189463926
ADAUSDT,600,120,5.0,10.0,-5.869945626861534,71.0,11.42998744073006,13.525575746426616,-2.095588305696561,-148.78676970445585,27.81796905912204
ADAUSDT,600,120,20.0,28.0,-16.089455298901143,138.0,-5.667581977068101,13.664202056137828,-19.33178403320593,-2667.7861965824186,10.532769250334285
ADAUSDT,600,120,60.0,85.0,-6.402288140738569,280.0,-2.5635834836332245,13.520847338332542,-16.08443082196577,-4503.640630150416,6.076101812915149
ADAUSDT,600,300,2.0,4.0,44.26661564898093,35.0,23.14381890621003,13.72082804763637,9.422990858573657,329.804680050078,89.7197823089998
ADAUSDT,600,300,5.0,9.0,20.609650973558022,47.0,7.83191739356713,13.830526071423309,-5.998608677856179,-281.93460785924043,31.596659199270025
ADAUSDT,600,300,20.0,24.0,-1.563324595533226,91.0,-4.738496498414157,13.544142020181786,-18.282638518595945,-1663.720105192231,16.70596052832611
ADAUSDT,600,300,60.0,61.0,-4.231754183672009,177.0,0.8959246101820754,13.463555773192372,-12.567631163010295,-2224.470715852822,10.574127762914124
ADAUSDT,600,600,2.0,4.0,34.5741559369913,21.0,20.752696567653896,13.733005475562058,7.0196910920918345,147.41351293392853,88.18485950782001
ADAUSDT,600,600,5.0,8.0,26.566476660392556,33.0,37.26688880295455,13.444407217308148,23.822481585646393,786.141892326331,67.57962882797511
ADAUSDT,600,600,20.0,21.0,4.477911538787919,60.0,11.837563055409232,13.534312911530792,-1.6967498561215615,-101.8049913672937,34.08744859338121
ADAUSDT,600,600,60.0,48.0,-5.027604985748865,127.0,16.607021393533532,13.478032514231508,3.128988879302029,397.3815876713577,13.55721998341853
ADAUSDT,600,1200,2.0,4.0,53.24970460045673,15.0,-26.224194723261167,13.710673679253324,-39.93486840251451,-599.0230260377176,180.57772690080162
ADAUSDT,600,1200,5.0,7.0,28.235466064708383,23.0,-18.21925673904827,13.428742088738648,-31.647998827786928,-727.9039730390994,115.02172926723381
ADAUSDT,600,1200,20.0,17.0,7.060244013076089,43.0,-12.439284517393757,13.536739887197784,-25.97602440459154,-1116.9690493974363,50.30563536434061
ADAUSDT,600,1200,60.0,40.0,-12.739504079432994,93.0,20.073139043704742,13.42002798474358,6.653111058961163,618.7393284833881,31.981957450245257
ADAUSDT,600,2400,2.0,3.0,43.38833865358197,12.0,-77.36037371534583,13.768718855096758,-91.12909257044258,-1093.549110845311,150.78045491873138
ADAUSDT,600,2400,5.0,7.0,17.123129877832547,18.0,61.96186633221763,13.507947491874582,48.453918840343064,872.1705391261752,93.60117793196889
ADAUSDT,600,2400,20.0,16.0,11.116257365607906,36.0,20.732290864607556,13.506835516561782,7.225455348045775,260.1163925296479,50.83146170472843
ADAUSDT,600,2400,60.0,32.0,-3.564468267738774,68.0,8.627324538816595,13.461222547556574,-4.833898008739982,-328.70506459431874,31.08580092777499
ADAUSDT,600,4800,2.0,3.0,5.075422123485358,10.0,-5.755203741074629,13.832699196816947,-19.587902937891567,-195.87902937891567,203.4175264089906
ADAUSDT,600,4800,5.0,6.0,34.65230904425952,14.0,39.68320611753746,13.409873276852338,26.273332840685104,367.82665976959146,190.4320880789578
ADAUSDT,600,4800,20.0,13.0,29.361534062137675,27.0,8.127769811850067,13.476831158242604,-5.349061346392547,-144.4246563525988,104.96651184053205
ADAUSDT,600,4800,60.0,27.0,38.21387888134969,47.0,-12.65513894328217,13.420736413783487,-26.075875357065666,-1225.5661417820863,66.85690687197364
ADAUSDT,1200,120,2.0,4.0,0.41433453952334,61.0,1.1230004654502967,13.622318438686703,-12.499317973236407,-762.4583963674208,40.38252585944726
ADAUSDT,1200,120,5.0,11.0,-5.352983766762116,82.0,-10.532715554983241,13.693390281519882,-24.22610583650312,-1986.5406785932557,31.32078097779306
ADAUSDT,1200,120,20.0,26.0,-11.7590859235242,139.0,0.2989413403103301,13.598489413955946,-13.29954807364562,-1848.6371822367414,20.47772257937517
ADAUSDT,1200,120,60.0,77.0,-8.391106288899024,243.0,-1.1203324329940365,13.552619613145264,-14.672952046139299,-3565.5273472118497,7.173226251777155
ADAUSDT,1200,300,2.0,4.0,48.42011019385701,37.0,22.085639123711257,13.578109012228575,8.507530111482687,314.7786141248594,31.080173040458554
ADAUSDT,1200,300,5.0,8.0,24.494595538686745,47.0,-0.37419095331180013,13.70161035966015,-14.075801312971944,-661.5626617096814,22.73227924437169
ADAUSDT,1200,300,20.0,20.0,7.550362994457923,80.0,1.4324448948476167,13.537223361734107,-12.104778466886485,-968.3822773509188,27.70844590602528
ADAUSDT,1200,300,60.0,54.0,-7.5822954351905105,146.0,7.313470381918205,13.581171963581577,-6.267701581663369,-915.0844309228519,16.063558616542338
ADAUSDT,1200,600,2.0,4.0,68.80783423716208,29.0,51.10852292652887,13.606727009439346,37.50179591708952,1087.552081595596,70.14851224126191
ADAUSDT,1200,600,5.0,7.0,46.35074345411865,37.0,44.869195743580526,13.914037774337173,30.95515796924335,1145.340844862004,67.5328464729843
ADAUSDT,1200,600,20.0,17.0,13.629759064500584,58.0,33.60550309814876,13.864206766622596,19.741296331526158,1144.9951872285171,50.757665808216785
ADAUSDT,1200,600,60.0,42.0,-0.8063907544841178,111.0,9.970712228136563,13.488612579948775,-3.517900351812215,-390.48693905115584,19.972796464632676
ADAUSDT,1200,1200,2.0,4.0,60.133803835925384,19.0,111.72623428201712,13.685394602684575,98.04083967933256,1862.7759539073186,109.08236185491613
ADAUSDT,1200,1200,5.0,7.0,18.91490503614683,24.0,-13.015477951755969,13.676062670875197,-26.691540622631166,-640.596974943148,88.03624891812541
ADAUSDT,1200,1200,20.0,13.0,5.117469544926905,37.0,8.031704974816927,13.489696318850175,-5.457991344033251,-201.94567972923028,51.93374993503074
ADAUSDT,1200,1200,60.0,34.0,-7.254578784805527,76.0,4.836169065784201,13.497782752630158,-8.661613686845957,-658.2826402002927,25.05751717734469
ADAUSDT,1200,2400,2.0,2.0,-2.176415332327732,15.0,-48.590356738044875,13.73847723034806,-62.32883396839293,-934.9325095258939,227.1884471051826
ADAUSDT,1200,2400,5.0,5.0,5.343732632295152,18.0,-38.102973815754936,13.513966242137883,-51.61694005789281,-929.1049210420706,100.3282025564402
ADAUSDT,1200,2400,20.0,11.0,-21.974658043669702,31.0,-62.34568356219283,13.504027122109944,-75.8497106843028,-2351.341031213387,137.5785143822147
ADAUSDT,1200,2400,60.0,28.0,1.181553881960608,57.0,2.4165156219016857,13.525923858763399,-11.109408236861716,-633.2362695011178,30.950715957078057
ADAUSDT,1200,4800,2.0,2.0,-112.03934879809299,12.0,45.84851897672595,13.658591303449256,32.18992767327669,386.27913207932033,221.17519173897176
ADAUSDT,1200,4800,5.0,4.0,-28.257639982705285,14.0,-43.92075600212836,13.511672968004676,-57.432428970133024,-804.0540055818624,175.94048001462653
ADAUSDT,1200,4800,20.0,8.0,16.71090615520503,22.0,25.24122252204472,13.53284112195671,11.708381400088014,257.5843908019363,103.04531035854946
ADAUSDT,1200,4800,60.0,24.0,47.03367219185865,37.0,-5.227292481699721,13.540119280822175,-18.76741176252189,-694.3942352133099,63.89373039792426
ADAUSDT,2400,120,2.0,3.0,-9.617312023152829,61.0,-10.292512137231911,13.666759678802014,-23.959271816033926,-1461.5155807780695,37.37994926330284
ADAUSDT,2400,120,5.0,5.0,-16.718855779435916,70.0,-16.127138108847483,13.552422066235998,-29.679560175083477,-2077.5692122558435,38.9799610019591
ADAUSDT,2400,120,20.0,21.0,-13.746547001934909,136.0,-6.012412692502755,13.599812150034017,-19.612224842536772,-2667.262578585001,25.23919772239426
ADAUSDT,2400,120,60.0,64.0,-7.110708754500916,218.0,2.699963802267178,13.59040798004851,-10.890444177781331,-2374.1168307563303,11.52361013445144
ADAUSDT,2400,300,2.0,2.0,6.473001880914509,33.0,0.6645194314966867,13.617798827244137,-12.953279395747447,-427.4582200596658,34.80332683744592
ADAUSDT,2400,300,5.0,4.0,36.15312277548139,38.0,-6.207561417430648,13.59595553456179,-19.80351695199244,-752.5336441757127,32.05750576677331
ADAUSDT,2400,300,20.0,12.0,7.511137816064273,75.0,-8.789676883805933,13.58357173105664,-22.37324861486258,-1677.9936461146933,29.961689609433677
ADAUSDT,2400,300,60.0,40.0,6.88462949081738,122.0,-1.579750386680819,13.48118720381029,-15.06093759049111,-1837.4343860399154,16.171932255135037
ADAUSDT,2400,600,2.0,2.0,30.568713806209427,23.0,41.634472096005645,14.526840686347706,27.10763140965792,623.4755224221321,114.18556750410414
ADAUSDT,2400,600,5.0,4.0,49.931266779214624,26.0,-13.196008071689919,13.525766459026629,-26.721774530716548,-694.7661377986302,38.936430128333086
ADAUSDT,2400,600,20.0,9.0,18.842030167372016,50.0,-28.81152208513098,13.465610832173363,-42.27713291730435,-2113.8566458652176,44.392392929701714
ADAUSDT,2400,600,60.0,30.0,19.487848740648268,86.0,-0.6339781116996691,13.506028063042669,-14.140006174742338,-1216.040531027841,24.679311868980328
ADAUSDT,2400,1200,2.0,2.0,20.03971389822337,18.0,80.94065666447369,14.813670374370206,66.12698629010349,1190.2857532218627,148.0185839266765
ADAUSDT,2400,1200,5.0,4.0,68.96906197997717,18.0,22.850880159855556,13.89328631432222,8.957593845533331,161.23668921959995,50.147459115386376
ADAUSDT,2400,1200,20.0,8.0,7.92548141052834,36.0,-12.41064850195983,13.508217598242407,-25.918866100202234,-933.0791796072804,53.25397288543754
ADAUSDT,2400,1200,60.0,23.0,11.78995255196476,63.0,27.302983858620937,13.501169432878154,13.801814425742787,869.5143088217956,32.8614872513881
ADAUSDT,2400,2400,2.0,1.0,-52.234972237868845,12.0,-231.1458542339424,13.562263627360432,-244.70811786130284,-2936.497414335634,307.2896096812724
ADAUSDT,2400,2400,5.0,3.0,75.6142907902107,12.0,-155.27112679955363,13.441949404797766,-168.71307620435138,-2024.5569144522165,162.2497951627305
ADAUSDT,2400,2400,20.0,6.0,105.11422767807123,24.0,-45.47133073936135,13.49387322493502,-58.96520396429637,-1415.164895143113,87.65149315675123
ADAUSDT,2400,2400,60.0,19.0,36.39651400283596,43.0,-6.939345015360465,13.503499348327853,-20.442844363688316,-879.0423076385975,58.62206396095287
ADAUSDT,2400,4800,2.0,1.0,-205.12786674176982,9.0,-125.61753677504365,13.579870808663308,-139.19740758370696,-1252.7766682533627,218.0197647173391
ADAUSDT,2400,4800,5.0,2.0,54.23367960987271,9.0,-137.77670735505026,13.421244976318178,-151.19795233136847,-1360.7815709823162,201.06399018541424
ADAUSDT,2400,4800,20.0,4.0,135.47129203102017,17.0,8.197707069336206,13.511274883255199,-5.313567813919001,-90.33065283662302,109.23351732115052
ADAUSDT,2400,4800,60.0,16.0,62.840419054284425,35.0,48.229477257093926,13.508318778256191,34.72115847883772,1215.2405467593203,53.7701459696816
ALGOUSDT,120,120,2.0,9.0,-21.34350849059699,73.0,-11.691960829112444,17.509810911307092,-29.201771740419527,-2131.7293370506254,27.15887829916272
ALGOUSDT,120,120,5.0,21.0,-21.758060117422446,111.0,-11.93289293411559,17.39749093287993,-29.330383866995515,-3255.672609236502,18.533285253437484
ALGOUSDT,120,120,20.0,68.0,-22.032323915987273,242.0,-4.7388658959475825,17.1024106616106,-21.84127655755819,-5285.588926929082,7.679351246802203
ALGOUSDT,120,120,60.0,157.0,-16.206506717000742,495.0,0.2937554926646223,16.917316773620634,-16.62356128095601,-8228.662834073226,5.140060730856696
ALGOUSDT,120,300,2.0,9.0,1.1830396275889064,46.0,13.471064085284784,17.167392171967638,-3.6963280866828514,-170.03109198741117,39.01672271305418
ALGOUSDT,120,300,5.0,19.0,0.7909799740089395,70.0,-18.38767078712771,17.118074049623523,-35.505744836751234,-2485.4021385725864,32.07794597445674
ALGOUSDT,120,300,20.0,52.0,-14.99836744374579,159.0,-4.277033509773092,17.011284544153277,-21.28831805392637,-3384.842570574293,15.865323874742955
ALGOUSDT,120,300,60.0,116.0,-21.993750457727785,314.0,-4.96073622775188,16.92713258820334,-21.88786881595522,-6872.790808209939,8.538914360217074
ALGOUSDT,120,600,2.0,9.0,18.330175795974313,36.0,-9.989940344601509,17.822563033257218,-27.812503377858725,-1001.2501216029141,61.297868091888176
ALGOUSDT,120,600,5.0,18.0,8.70632558562627,51.0,-4.769953245563204,17.653223501451972,-22.42317674701518,-1143.5820140977742,36.58775903852541
ALGOUSDT,120,600,20.0,45.0,-13.721651624275752,112.0,5.739110862314113,16.89578216927429,-11.156671306960176,-1249.5471863795397,21.35831549341354
ALGOUSDT,120,600,60.0,91.0,-10.341840059107584,219.0,-10.873731962262566,16.836220842507036,-27.709952804769607,-6068.4796642445435,12.576734387128194
ALGOUSDT,120,1200,2.0,9.0,25.89804287186779,26.0,-34.69582807215112,17.88077522373516,-52.57660329588627,-1366.991685693043,65.70932554273872
ALGOUSDT,120,1200,5.0,16.0,-7.2452564132044115,38.0,-55.04162465486015,17.03181531815692,-72.07343997301706,-2738.7907189746484,66.76199663939376
ALGOUSDT,120,1200,20.0,36.0,-17.118447092054165,75.0,39.06994488421821,16.970982652287915,22.098962231930294,1657.422167394772,32.11970730762721
ALGOUSDT,120,1200,60.0,75.0,-6.57592486964699,151.0,6.691363672578976,16.761576651109813,-10.070212978530835,-1520.6021597581562,15.981538137151333
ALGOUSDT,120,2400,2.0,7.0,34.1200245722048,21.0,-29.21087382864736,16.884053472960108,-46.09492730160747,-967.9934733337569,135.54499953276903
ALGOUSDT,120,2400,5.0,13.0,-18.314422175783672,29.0,8.765516435503754,17.25810382638995,-8.492587390886204,-246.28503433569992,60.52787122292609
ALGOUSDT,120,2400,20.0,32.0,-18.619771135757798,57.0,45.970230928512485,16.82670463583014,29.143526292682342,1661.1809986828935,38.2000605136931
ALGOUSDT,120,2400,60.0,59.0,0.447159237399752,98.0,-0.7238273905213718,16.660087679973774,-17.383915070495146,-1703.6236769085242,31.152379632015663
ALGOUSDT,120,4800,2.0,7.0,53.84200019745935,18.0,-42.74931367857621,16.72822442236549,-59.47753810094169,-1070.5956858169504,160.2555607414769
ALGOUSDT,120,4800,5.0,12.0,-6.08437507320659,24.0,-13.976735098409208,17.037222862176517,-31.01395796058573,-744.3349910540576,128.58159193556236
ALGOUSDT,120,4800,20.0,26.0,-17.544021114740055,42.0,98.41296082620045,16.823730144234922,81.58923068196552,3426.747688642552,63.109635211222084
ALGOUSDT,120,4800,60.0,49.0,4.427328988260474,64.0,-7.682861611393305,16.477604238581414,-24.160465849974727,-1546.2698143983826,60.05953042412144
ALGOUSDT,300,120,2.0,5.0,-26.64463968613608,52.0,-8.753997960919435,17.844296072789984,-26.59829403370941,-1383.1112897528894,48.27004635043709
ALGOUSDT,300,120,5.0,12.0,-13.940841199737255,86.0,1.9061747924169679,17.085161295795274,-15.178986503378301,-1305.3928392905339,24.82067989620998
ALGOUSDT,300,120,20.0,48.0,-10.386965642468574,191.0,-6.7414985780862136,16.991911891911112,-23.733410469997327,-4533.0813997694895,12.414892202673085
ALGOUSDT,300,120,60.0,113.0,-12.029503574023188,315.0,-5.52197242878958,16.897605882765358,-22.41957831155494,-7062.167168139806,7.756942065895468
ALGOUSDT,300,300,2.0,4.0,7.09305228959632,31.0,-25.175953413902313,17.001026669752214,-42.176980083654534,-1307.4863825932905,49.04778293531213
ALGOUSDT,300,300,5.0,10.0,10.012011123006976,54.0,17.895719474507718,17.073713528368415,0.8220059461393092,44.3883210915227,37.5914425889648
ALGOUSDT,300,300,20.0,38.0,-2.8838804277367776,126.0,-2.040333568282578,17.030364135913214,-19.070697704195783,-2402.907910728669,13.601292937233206
ALGOUSDT,300,300,60.0,82.0,-13.370295179875132,206.0,-5.097415370621843,16.90216023074203,-21.999575601363873,-4531.912573880958,9.979478509195268
ALGOUSDT,300,600,2.0,4.0,35.287767882130154,24.0,33.444011955924,17.045337935360433,16.398674020563572,393.5681764935257,70.22027042105536
ALGOUSDT,300,600,5.0,10.0,16.771428680831697,39.0,39.61456249847942,17.669083874909465,21.94547862356997,855.8736663192287,50.50567858757329
ALGOUSDT,300,600,20.0,34.0,9.022406919390926,85.0,4.640411044404426,16.764069619335405,-12.123658574930982,-1030.5109788691334,29.196257839052176
ALGOUSDT,300,600,60.0,64.0,-11.437707107288826,142.0,24.21177586530604,16.903549186104296,7.3082266792017485,1037.7681884466483,19.9455487515868
ALGOUSDT,300,1200,2.0,4.0,47.35619147032587,17.0,20.497550946733693,17.355705476878274,3.141845469855425,53.41137298754222,88.98207755375336
ALGOUSDT,300,1200,5.0,10.0,21.587387619942827,28.0,-31.262313280880367,16.731468434050587,-47.993781714930954,-1343.8258880180667,86.97643759064562
ALGOUSDT,300,1200,20.0,27.0,4.0782495378727806,62.0,12.453256369390584,16.658709929615764,-4.205453560225179,-260.73812073396107,46.31352035031245
ALGOUSDT,300,1200,60.0,52.0,-15.375720690570567,101.0,27.00560087592583,16.981080452720185,10.02452042320565,1012.4765627437707,35.18368481752477
ALGOUSDT,300,2400,2.0,2.0,9.094488245775754,14.0,-16.140161760185773,17.190717361101967,-33.33087912128774,-466.6323076980283,194.45153756281977
ALGOUSDT,300,2400,5.0,8.0,2.7327146137609173,22.0,51.850803764296984,16.803534113117767,35.04726965117922,771.0399323259428,77.21180905668709
ALGOUSDT,300,2400,20.0,24.0,33.13231038085675,50.0,17.00536560372492,16.844201788331944,0.16116381539297492,8.058190769648746,42.81836125791639
ALGOUSDT,300,2400,60.0,43.0,-14.7770262309537,73.0,24.68547527120676,16.89904720600966,7.786428065197099,568.4092487593882,35.24403208870006
ALGOUSDT,300,4800,2.0,2.0,-124.95778000591406,12.0,16.846784322295065,16.950245346559925,-0.1034610242648526,-1.2415322911782312,214.6756336997498
ALGOUSDT,300,4800,5.0,8.0,37.165912735543756,18.0,12.293144242126715,16.69408196301491,-4.400937720888193,-79.21687897598747,163.07288850026637
ALGOUSDT,300,4800,20.0,21.0,27.44678216098876,36.0,63.04179931619834,16.731889731458523,46.30990958473981,1667.1567450506332,72.19270711322987
ALGOUSDT,300,4800,60.0,34.0,13.612517362734947,47.0,33.991947017642644,16.817589720658155,17.174357296984496,807.1947929582714,68.57777832468378
ALGOUSDT,600,120,2.0,4.0,-5.323450164559634,54.0,11.014322750894664,17.518386073609335,-6.504063322714677,-351.21941942659254,33.76490084939414
ALGOUSDT,600,120,5.0,10.0,-10.894817800185866,69.0,11.165653400614131,17.198820486065728,-6.033167085451598,-416.2885288961603,28.099842280419296
ALGOUSDT,600,120,20.0,28.0,-19.23045845229125,137.0,-0.5140413639506674,17.198855792084505,-17.71289715603517,-2426.666910376818,14.657969725652949
ALGOUSDT,600,120,60.0,84.0,-11.54456332415613,281.0,2.4153492450755403,16.984517094852233,-14.569167849776688,-4093.9361657872496,7.085754909395187
ALGOUSDT,600,300,2.0,4.0,45.85954209383182,35.0,35.82792761462012,17.285906017413744,18.542021597206386,648.9707559022235,83.64552203291345
ALGOUSDT,600,300,5.0,9.0,10.192797427119023,44.0,16.639459460034548,17.26958860817375,-0.6301291481392067,-27.725682518125097,37.92758741260397
ALGOUSDT,600,300,20.0,24.0,-7.943874671868478,90.0,3.279419017314273,17.15517546648395,-13.875756449169677,-1248.8180804252709,18.22584982848016
ALGOUSDT,600,300,60.0,61.0,-6.789520834215409,177.0,1.396506905506408,16.73938368320942,-15.342876777703014,-2715.6891896534335,12.882322858270612
ALGOUSDT,600,600,2.0,4.0,46.225028500881415,21.0,22.679565578165516,17.952344053506017,4.727221524659505,99.2716520178496,98.71857938231618
ALGOUSDT,600,600,5.0,8.0,18.781472849309292,30.0,13.424021200347134,17.752372488618033,-4.3283512882709,-129.850538648127,67.23944784440378
ALGOUSDT,600,600,20.0,21.0,3.0049330062533746,60.0,12.56344324760393,17.073207389578847,-4.509764141974919,-270.58584851849514,40.406407021731006
ALGOUSDT,600,600,60.0,48.0,-2.9155471823555033,126.0,23.963430156096692,16.882310790996964,7.081119365099728,892.2210400025658,16.03588051665358
ALGOUSDT,600,1200,2.0,4.0,66.86556297506586,15.0,-4.658966994372635,17.593587060998047,-22.252554055370695,-333.7883108305604,175.03238842403886
ALGOUSDT,600,1200,5.0,7.0,19.33408054971225,21.0,-23.11431737375813,16.814583278580233,-39.928900652338385,-838.5069136991061,135.61031119708636
ALGOUSDT,600,1200,20.0,17.0,5.198407882660699,43.0,-5.1496263743837645,17.078186801698585,-22.22781317608235,-955.795966571541,55.43274713321658
ALGOUSDT,600,1200,60.0,41.0,-11.282580257837475,93.0,23.38216569468744,16.866726342676195,6.51543935201125,605.9358597370463,34.43885954751069
ALGOUSDT,600,2400,2.0,3.0,62.64441988908908,12.0,-29.973871060474394,17.539786191888123,-47.51365725236252,-570.1638870283502,161.9835229474957
ALGOUSDT,600,2400,5.0,7.0,11.582997466607168,17.0,30.07136074473872,16.937766933884436,13.133593810854293,223.271094784523,102.55085142816581
ALGOUSDT,600,2400,20.0,16.0,4.53360620284331,36.0,37.06821230326673,16.98730826078997,20.080904042476764,722.9125455291635,56.226293387294454
ALGOUSDT,600,2400,60.0,33.0,-3.9082271486681894,68.0,15.435030320959992,16.660692089320293,-1.2256617683602993,-83.34500024850036,36.85013765812884
ALGOUSDT,600,4800,2.0,3.0,6.538247927145297,10.0,73.6053161939594,17.78687786730677,55.81843832665261,558.1843832665261,244.61867816227237
ALGOUSDT,600,4800,5.0,6.0,18.63878032448952,13.0,-8.806595865109744,16.433521005334622,-25.240116870444368,-328.12151931577677,209.06077674580442
ALGOUSDT,600,4800,20.0,13.0,3.3209658764308374,27.0,41.76789073113667,16.924649091348737,24.843241639787934,670.7675242742743,118.27039557065838
ALGOUSDT,600,4800,60.0,27.0,40.175045435910924,47.0,-6.682106297912135,16.508369819126067,-23.19047611703821,-1089.9523775007958,72.66944894781392
ALGOUSDT,1200,120,2.0,5.0,1.8901878190397894,61.0,-2.882666998711534,17.144274510769655,-20.026941509481183,-1221.6434320783521,40.360831816562275
ALGOUSDT,1200,120,5.0,12.0,-2.20752373560305,82.0,-3.5676520767582542,17.354339061027947,-20.9219911377862,-1715.6032732984684,27.832084657265213
ALGOUSDT,1200,120,20.0,26.0,-11.583447090520917,139.0,-2.6311994443052713,17.031967443014125,-19.66316688731939,-2733.1801973373954,19.837236020023102
ALGOUSDT,1200,120,60.0,77.0,-13.07549171733677,242.0,1.3088210537831244,16.852374091721686,-15.543553037938564,-3761.5398351811323,7.834060340788895
ALGOUSDT,1200,300,2.0,5.0,44.907545848843675,37.0,33.62888174595108,17.14004673694754,16.488835009003544,610.0868953331311,41.00535496659942
ALGOUSDT,1200,300,5.0,9.0,20.413947285504477,48.0,9.172989202142816,17.17418240261402,-8.001193200471203,-384.05727362261774,27.23789910957459
ALGOUSDT,1200,300,20.0,20.0,-0.31908969274167304,80.0,6.5402061940719065,16.516150594851116,-9.975944400779209,-798.0755520623368,23.93799587864588
ALGOUSDT,1200,300,60.0,54.0,-8.582569849481715,146.0,8.229935871592827,16.984749631959684,-8.754813760366858,-1278.2028090135614,12.788299822156285
ALGOUSDT,1200,600,2.0,5.0,66.44860629042323,29.0,34.22804937903395,18.183516963094966,16.044532415938974,465.2914400622302,64.06089764657064
ALGOUSDT,1200,600,5.0,8.0,49.725039481709175,37.0,21.81238779396099,16.98750689900137,4.824880894959624,178.5205931135061,55.64394047973322
ALGOUSDT,1200,600,20.0,17.0,10.21654617011292,58.0,27.36812598063593,17.104319258651376,10.263806721984562,595.3007898751046,46.46187468674453
ALGOUSDT,1200,600,60.0,42.0,-1.3927625475297785,110.0,7.7511692577901306,16.81426491720146,-9.063095659411326,-996.9405225352459,21.97023268806894
ALGOUSDT,1200,1200,2.0,5.0,44.71750137369531,19.0,94.35368180908112,18.216944922623608,76.1367368864575,1446.5980008426925,91.94712068503893
ALGOUSDT,1200,1200,5.0,8.0,19.686860271036068,24.0,-23.71031184835337,17.16367805576828,-40.87398990412165,-980.9757576989197,101.86039367512697
ALGOUSDT,1200,1200,20.0,13.0,-11.45460320410669,37.0,12.100372803735864,16.634776110568314,-4.534403306832445,-167.77292235280046,57.67942665688892
ALGOUSDT,1200,1200,60.0,34.0,-16.39902080231575,74.0,4.443652848795469,16.84059813099782,-12.396945282202347,-917.3739508829738,27.897611542488953
ALGOUSDT,1200,2400,2.0,3.0,10.455041940836574,15.0,20.714795506337897,16.586643653063394,4.1281518532745025,61.92227779911754,193.2728106622862
ALGOUSDT,1200,2400,5.0,6.0,5.165834180176854,18.0,-0.5064475001708035,17.26221976827169,-17.76866726844249,-319.8360108319648,99.78931867673859
ALGOUSDT,1200,2400,20.0,11.0,-35.65279287677963,31.0,-35.94556388976232,16.45808689020082,-52.403650779963144,-1624.5131741788575,121.56706619236566
ALGOUSDT,1200,2400,60.0,28.0,-0.8955763579300086,56.0,-2.8019743409472224,16.770818487231427,-19.57279282817865,-1096.0763983780043,34.353194184502016
ALGOUSDT,1200,4800,2.0,3.0,-92.38372913018704,12.0,113.8147348668366,16.59669180963662,97.21804305719996,1166.6165166863996,241.90834710077795
ALGOUSDT,1200,4800,5.0,5.0,-11.386928140649346,14.0,11.156612217721944,16.796040485198485,-5.639428267476548,-78.95199574467168,196.50511027484285
ALGOUSDT,1200,4800,20.0,8.0,-6.427997930538194,22.0,45.230770502306996,16.549927414552233,28.680843087754774,630.978547930605,95.44325303232976
ALGOUSDT,1200,4800,60.0,24.0,48.13723680736135,37.0,-13.04363077313796,16.465029242360487,-29.508660015498442,-1091.8204205734423,72.88818406600683
ALGOUSDT,2400,120,2.0,3.0,-8.649675400331692,62.0,-2.0297447292253894,17.858445462071995,-19.88819019129738,-1233.0677918604376,27.781402196691808
ALGOUSDT,2400,120,5.0,5.0,-25.15329147921646,70.0,-17.84098112925644,17.61202629094019,-35.45300742019663,-2481.710519413764,35.277954445694675
ALGOUSDT,2400,120,20.0,18.0,-21.722548846877626,136.0,-5.414478102491354,17.42442010427193,-22.838898206763282,-3106.0901561198066,21.683389670600775
ALGOUSDT,2400,120,60.0,66.0,-8.85102008068443,220.0,2.5824102458750664,17.037878186813284,-14.455467940938215,-3180.202947006407,11.213524040057244
ALGOUSDT,2400,300,2.0,2.0,16.008785429335514,33.0,5.665504033740588,17.115451088879375,-11.449947055138791,-377.8482528195801,41.98181557833593
ALGOUSDT,2400,300,5.0,4.0,31.614604371916396,38.0,-0.38935800169760787,17.59287574205281,-17.98223374375042,-683.324882262516,35.324862760883775
ALGOUSDT,2400,300,20.0,11.0,0.1509368568750169,76.0,-4.522528840564434,17.291968875756456,-21.81449771632089,-1657.9018264403876,31.546680165712786
ALGOUSDT,2400,300,60.0,42.0,4.024117010130641,119.0,1.1778001455928397,16.7073693526711,-15.529569207078259,-1848.0187356423128,18.120771505233446
ALGOUSDT,2400,600,2.0,2.0,50.29885400947279,23.0,34.54834910251357,17.18134361314362,17.367005489369937,399.44112625550855,94.6527268262353
ALGOUSDT,2400,600,5.0,4.0,55.8799745193413,26.0,-0.5303696357153227,17.444886794208987,-17.975256429924315,-467.3566671780322,44.0571227193889
ALGOUSDT,2400,600,20.0,8.0,-7.597656349746968,50.0,-23.404792735465403,17.06124505582586,-40.46603779129127,-2023.3018895645637,45.3014394741212
ALGOUSDT,2400,600,60.0,31.0,19.281020430707382,83.0,8.577083860234405,16.697301626147528,-8.120217765913123,-673.9780745707892,26.915726165800915
ALGOUSDT,2400,1200,2.0,2.0,45.21884384945266,18.0,56.93770717277521,16.920899654616257,40.01680751815895,720.3025353268611,121.22300524601141
ALGOUSDT,2400,1200,5.0,4.0,88.23456441879503,18.0,24.927541724395546,17.16721328209535,7.760328442300197,139.68591196140355,63.74472032136403
ALGOUSDT,2400,1200,20.0,8.0,5.230539844103646,36.0,-1.154661302734733,16.88053022486966,-18.035191527604386,-649.2668949937579,58.50847569004014
ALGOUSDT,2400,1200,60.0,24.0,0.5850377860760597,61.0,10.22899104360976,16.684736570033127,-6.455745526423364,-393.8004771118252,34.14645606885106
ALGOUSDT,2400,2400,2.0,1.0,-67.8801117602233,12.0,-195.9021257670538,17.096211627357345,-212.9983373944112,-2555.9800487329344,276.8442664371707
ALGOUSDT,2400,2400,5.0,3.0,77.09996054622117,12.0,-144.06406640418717,17.106918051529437,-161.17098445571665,-1934.0518134685997,164.26702887309204
ALGOUSDT,2400,2400,20.0,6.0,110.16223430676064,24.0,-18.443977388790533,17.36646976547586,-35.8104471542664,-859.4507317023936,86.13557143164063
ALGOUSDT,2400,2400,60.0,20.0,22.879839093411327,41.0,-2.4015623208058,16.58042755690822,-18.981989877714017,-778.2615849862748,57.233415526551
ALGOUSDT,2400,4800,2.0,1.0,-164.400304800608,9.0,-104.58539831920366,16.790118033919587,-121.37551635312327,-1092.3796471781095,256.00080495047126
ALGOUSDT,2400,4800,5.0,2.0,49.81413175881838,9.0,-111.7940063608913,16.782786366333237,-128.57679272722456,-1157.191134545021,239.23112651193978
ALGOUSDT,2400,4800,20.0,4.0,144.03770342639615,17.0,98.52903210798556,17.3240581019879,81.20497400599764,1380.48455810196,130.40960918479445
ALGOUSDT,2400,4800,60.0,17.0,66.19342579991792,33.0,42.80455343228867,16.38029549402948,26.4242579382592,872.0005119625536,68.59320069016839
APTUSDT,120,120,2.0,8.0,-19.31450253329468,75.0,-13.516406381163828,14.897263264027897,-28.413669645191725,-2131.0252233893793,31.541838170427976
APTUSDT,120,120,5.0,21.0,-8.126809401133233,111.0,-9.646413393396552,14.918360683036648,-24.564774076433206,-2726.689922484086,20.314795957300756
APTUSDT,120,120,20.0,68.0,-16.33147016747822,243.0,-4.913158840329852,13.880812726412591,-18.79397156674244,-4566.9350907184125,10.476838052485531
APTUSDT,120,120,60.0,156.0,-9.830877571921521,497.0,-1.0842822929303075,13.494596256625833,-14.578878549556139,-7245.702639129401,6.324645842075097
APTUSDT,120,300,2.0,8.0,22.830992543638345,50.0,20.9676842636638,14.607313967006261,6.360370296657544,318.0185148328772,45.804973456065476
APTUSDT,120,300,5.0,19.0,16.051614683985633,73.0,3.375047475810601,14.383463328769892,-11.008415852959294,-803.6143572660285,34.19254021895088
APTUSDT,120,300,20.0,52.0,-1.7062931798549554,160.0,13.075848538372792,13.743999106159851,-0.6681505677870561,-106.90409084592898,20.142444677455618
APTUSDT,120,300,60.0,116.0,-14.325202351344513,317.0,3.100413741696836,13.254841371442877,-10.154427629746042,-3218.9535586294955,9.063979467885936
APTUSDT,120,600,2.0,8.0,44.766254354371306,38.0,15.411356522288157,14.95473284953358,0.4566236727545709,17.351699564673694,61.68522641767872
APTUSDT,120,600,5.0,18.0,23.05956053263929,52.0,23.48139931101944,14.272504010898697,9.208895300120748,478.8625556062789,57.11584871688484
APTUSDT,120,600,20.0,45.0,1.564614532547167,113.0,12.481110767618908,13.43035605946141,-0.9492452918424988,-107.26471797820237,25.513622638711873
APTUSDT,120,600,60.0,90.0,-2.7780286902528797,214.0,-3.877831793428196,13.16147579926856,-17.03930759269675,-3646.4118248371046,16.48644451562151
APTUSDT,120,1200,2.0,8.0,54.04996074839729,28.0,-24.34038706362409,14.653643972119324,-38.99403103574341,-1091.8328690008154,87.26398333526394
APTUSDT,120,1200,5.0,16.0,29.361981119405886,40.0,-12.931558902826183,14.311207701039939,-27.242766603866123,-1089.710664154645,56.735712747976024
APTUSDT,120,1200,20.0,36.0,-2.1409143279958127,78.0,24.75557815763051,13.311534726576346,11.444043431054165,892.6353876222249,46.513609834638345
APTUSDT,120,1200,60.0,73.0,0.6006173552052705,147.0,2.9182258507203622,13.100647621235847,-10.182421770515486,-1496.8160002657764,31.71325787823258
APTUSDT,120,2400,2.0,6.0,56.83179475593203,21.0,35.68408015593401,14.313800417967562,21.370279737966467,448.7758744972958,107.95232147725022
APTUSDT,120,2400,5.0,13.0,-1.5308570903794583,30.0,26.593749385044738,13.884517130171922,12.709232254872825,381.27696764618474,78.35889670009718
APTUSDT,120,2400,20.0,32.0,8.239139146913418,59.0,23.117816802709587,13.442188922524771,9.675627880184814,570.8620449309041,37.574531466691674
APTUSDT,120,2400,60.0,58.0,5.097279509567593,96.0,3.1877437597863114,13.11508644232874,-9.927342682542431,-953.0248975240734,26.59870744072751
APTUSDT,120,4800,2.0,6.0,65.33570059193016,18.0,7.436759168562691,14.378691455835853,-6.94193228727316,-124.95478117091689,128.3782501010641
APTUSDT,120,4800,5.0,12.0,-4.089043118010447,26.0,28.870067732572743,13.598938954657545,15.271128777915198,397.04934822579514,88.98143038689032
APTUSDT,120,4800,20.0,26.0,14.610070469515707,44.0,-3.860472315407368,13.377935553448049,-17.238407868855425,-758.4899462296387,74.92129182955699
APTUSDT,120,4800,60.0,49.0,16.97732672267118,62.0,34.75834111631523,13.045522532879826,21.712818583435403,1346.194752172995,69.04083936675626
APTUSDT,300,120,2.0,5.0,-19.436950446347943,53.0,-14.828939018898174,15.343965862027074,-30.17290488092526,-1599.1639586890387,52.314357182394666
APTUSDT,300,120,5.0,12.0,1.1495031676079117,85.0,5.1310797947052595,14.616704333558118,-9.48562453885286,-806.2780858024931,33.47021201628711
APTUSDT,300,120,20.0,49.0,-1.0413227111969183,193.0,1.7635290477000087,14.3177285890074,-12.554199541307392,-2422.9605114723267,14.837368456012449
APTUSDT,300,120,60.0,112.0,-6.259493472299665,327.0,-2.4394492165680934,13.625080361369156,-16.06452957793725,-5253.1011719854805,8.711330723342678
APTUSDT,300,300,2.0,4.0,42.23700358034256,32.0,32.565327659195596,15.539826824625905,17.02550083456969,544.8160267062301,50.57928560995821
APTUSDT,300,300,5.0,10.0,31.748029523956355,54.0,23.176181357568453,14.570383019634058,8.605798337934388,464.7131102484569,48.60111387973494
APTUSDT,300,300,20.0,39.0,14.789509323739845,127.0,6.406056953043454,14.032450582163703,-7.626393629120248,-968.5519908982715,22.212763748421693
APTUSDT,300,300,60.0,81.0,-1.6315410723673232,212.0,-0.4189614399510462,13.289027207962402,-13.70798864791345,-2906.093593357651,12.439121775488735
APTUSDT,300,600,2.0,4.0,71.81040999517181,26.0,89.97832857896263,15.578931137371882,74.39939744159075,1934.3843334813596,76.32613447685787
APTUSDT,300,600,5.0,10.0,50.860885614048414,41.0,48.451313049103355,14.394727026315492,34.056586022787876,1396.3200269343029,63.38753076284773
APTUSDT,300,600,20.0,35.0,32.72346661121572,86.0,19.231839185346193,13.656622210215053,5.575216975131136,479.46865986127773,35.83333728421899
APTUSDT,300,600,60.0,64.0,3.0423463494404963,148.0,22.70234389024312,13.306841973582301,9.395501916660821,1390.5342836658015,18.596597364949748
APTUSDT,300,1200,2.0,4.0,67.21495662603068,19.0,153.58937057433525,15.265180237070641,138.3241903372646,2628.1596164080274,99.4627335593066
APTUSDT,300,1200,5.0,10.0,57.839663937067144,30.0,61.53551437114224,14.349943960900706,47.18557041024153,1415.567112307246,64.27372072611362
APTUSDT,300,1200,20.0,28.0,32.10869441705185,62.0,21.734488268270535,13.523753673257863,8.210734595012678,509.065544890786,42.98165288645898
APTUSDT,300,1200,60.0,52.0,8.023132045916324,104.0,38.83167485600151,13.11035106761801,25.721323788383504,2675.0176739918843,40.542223605248424
APTUSDT,300,2400,2.0,2.0,28.851882163585742,15.0,134.868656224797,14.844496673300755,120.02415955149624,1800.3623932724436,119.36490802196967
APTUSDT,300,2400,5.0,8.0,29.424697372675865,23.0,79.65437773649624,13.877772615004075,65.77660512149217,1512.8619177943199,83.91665722732665
APTUSDT,300,2400,20.0,25.0,79.06884264541013,50.0,-8.587531799845703,13.282643892297767,-21.870175692143476,-1093.5087846071738,53.4053901148891
APTUSDT,300,2400,60.0,43.0,26.24785559189159,74.0,16.304164047224493,13.162712948507425,3.141451098717065,232.46738130506282,44.16942261209339
APTUSDT,300,4800,2.0,2.0,-60.83014863404186,12.0,202.8633363183434,14.55341817086289,188.30991814748052,2259.719017769766,134.73042946173047
APTUSDT,300,4800,5.0,8.0,58.356328922488544,18.0,81.9275286998556,14.118852851543013,67.80867584831259,1220.5561652696265,110.89187631978946
APTUSDT,300,4800,20.0,22.0,75.9083463552591,35.0,12.997157912356132,13.183845902158948,-0.18668798980281856,-6.53407964309865,80.55114013508117
APTUSDT,300,4800,60.0,35.0,49.963349950785535,48.0,31.557642977684655,12.923344560611085,18.63429841707357,894.4463240195314,87.9756099546313
APTUSDT,600,120,2.0,5.0,15.070468277106793,53.0,5.1315246913396,16.118444434098233,-10.986919742758637,-582.3067463662078,44.537432247202
APTUSDT,600,120,5.0,10.0,3.702407674862063,70.0,12.806135047342995,15.418673427532248,-2.6125383801892568,-182.877686613248,36.93153431040565
APTUSDT,600,120,20.0,25.0,-16.895354920541042,138.0,11.632917826706285,14.208557773155684,-2.5756399464494018,-355.4383126100174,16.18554863684068
APTUSDT,600,120,60.0,85.0,-3.9623516264975414,286.0,5.929914021676896,13.840929236515901,-7.911015214839007,-2262.550351443956,8.481277753377883
APTUSDT,600,300,2.0,5.0,66.37611445949787,34.0,27.07035799924984,15.582815841270772,11.487542157979064,390.5764333712882,67.81386995404799
APTUSDT,600,300,5.0,9.0,30.678633948166432,46.0,22.856459396653484,15.178478423951423,7.677980972702061,353.1871247442948,48.25092930729578
APTUSDT,600,300,20.0,21.0,-3.4500411404367632,91.0,10.80966667386787,13.549944320102385,-2.740277646234517,-249.36526580734102,23.80822872910632
APTUSDT,600,300,60.0,62.0,-1.8124621485366206,178.0,3.7246169776123317,13.596858982893092,-9.872242005280759,-1757.259076939975,16.165670211407534
APTUSDT,600,600,2.0,5.0,60.114108247213196,21.0,34.781098639419454,16.742247713318868,18.038850926100586,378.8158694481123,123.15817995434355
APTUSDT,600,600,5.0,8.0,33.148560662610095,32.0,28.848536789792202,14.969940950417726,13.878595839374476,444.11506685998324,91.91540276301112
APTUSDT,600,600,20.0,18.0,14.500102791508134,60.0,16.513037741446748,13.477860924338016,3.035176817108726,182.11060902652355,52.62927883172078
APTUSDT,600,600,60.0,48.0,6.94521082425187,127.0,34.91964264327814,13.717182492004671,21.20246015127346,2692.7124392117294,21.33921173814318
APTUSDT,600,1200,2.0,5.0,59.63411381141782,15.0,155.65541244403488,17.53042051774456,138.1249919262903,2071.8748788943544,134.32356242872734
APTUSDT,600,1200,5.0,7.0,31.06548876032596,22.0,32.90403880257269,14.778021105107438,18.126017697465247,398.7723893442355,92.58452707000207
APTUSDT,600,1200,20.0,14.0,22.344993142237797,44.0,27.271355711899332,13.497730246058824,13.773625465840507,606.0395204969823,46.15971727244959
APTUSDT,600,1200,60.0,41.0,4.915507846625872,94.0,16.536573411572117,13.476565721242675,3.0600076903294475,287.64072289096805,33.68050990276424
APTUSDT,600,2400,2.0,4.0,71.81258458801292,12.0,192.8857786759395,17.752494974029098,175.1332837019104,2101.5994044229246,162.34591040255586
APTUSDT,600,2400,5.0,7.0,32.73999797697868,17.0,118.30698532100425,14.39940507663849,103.90758024436576,1766.428864154218,124.09302519172162
APTUSDT,600,2400,20.0,13.0,15.307639173422906,38.0,59.95916964677641,13.15339156408515,46.80577808269126,1778.619567142268,74.01069055606972
APTUSDT,600,2400,60.0,33.0,21.373579674266264,68.0,9.497322648543607,13.552039808854222,-4.054717160310614,-275.72076690112175,43.6001200863542
APTUSDT,600,4800,2.0,4.0,91.80189229385647,10.0,240.1420290291807,18.708199176102433,221.43382985307827,2214.3382985307826,121.49799484790476
APTUSDT,600,4800,5.0,6.0,47.629101757207906,13.0,67.16149462634374,14.5736676994998,52.58782692684394,683.6417500489712,141.78313491486162
APTUSDT,600,4800,20.0,11.0,23.301629481974103,28.0,155.1078539111593,13.074923485930624,142.03293042522873,3976.9220519064047,129.1455825530757
APTUSDT,600,4800,60.0,28.0,58.56554032230851,48.0,29.126693030255648,13.248394140009017,15.878298890246633,762.1583467318384,88.15896991213171
APTUSDT,1200,120,2.0,5.0,24.90813959503341,61.0,10.340450681974684,15.04960080135082,-4.709150119376132,-287.2581572819441,41.893579582273524
APTUSDT,1200,120,5.0,11.0,-1.273431337266814,81.0,22.670810625773626,15.080744200945041,7.590066424828584,614.7953804111153,26.50139577663332
APTUSDT,1200,120,20.0,26.0,-7.0512852114138616,145.0,12.804702535938969,14.011172622582274,-1.2064700866433034,-174.93816256327898,18.174854133083915
APTUSDT,1200,120,60.0,74.0,-6.579868113596318,239.0,3.3886965598879684,13.934061343132992,-10.545364783245022,-2520.34218319556,9.68703013434537
APTUSDT,1200,300,2.0,5.0,80.90491465998511,37.0,53.24964491697636,14.608602705451238,38.641042211525125,1429.7185618264295,59.59946420688621
APTUSDT,1200,300,5.0,8.0,36.612397239047226,47.0,39.530591052612515,14.940125262661512,24.590465789950997,1155.751892127697,48.59864221451924
APTUSDT,1200,300,20.0,20.0,5.397651053088555,85.0,38.49305175961818,13.926111858178244,24.566939901439934,2088.1898916223945,28.541007534371886
APTUSDT,1200,300,60.0,52.0,-4.5641107952630495,145.0,13.708405893856861,13.744602282540795,-0.03619638868393269,-5.24847635917024,18.54558881107608
APTUSDT,1200,600,2.0,5.0,101.31908007206418,29.0,83.78138830244527,15.230760614005977,68.55062768843928,1987.9682029647392,81.16733012687176
APTUSDT,1200,600,5.0,7.0,55.49177711686871,37.0,45.09222187371768,15.158399884967077,29.93382198875061,1107.5514135837725,76.80923871597042
APTUSDT,1200,600,20.0,18.0,27.02476818924334,61.0,48.56429323954617,13.895858549922224,34.66843468962394,2114.7745160670606,49.79090804982585
APTUSDT,1200,600,60.0,40.0,12.243346979244805,109.0,11.281577336833873,13.748727177170277,-2.467149840336402,-268.9193325966678,29.104878271954945
APTUSDT,1200,1200,2.0,5.0,77.31603062446217,19.0,151.5952139814077,15.08626323470728,136.50895074670044,2593.6700641873085,140.95099156002468
APTUSDT,1200,1200,5.0,7.0,31.63434276764832,24.0,55.78797522848132,14.724761049886169,41.06321417859513,985.5171402862832,119.44144291200165
APTUSDT,1200,1200,20.0,13.0,10.868607189255197,40.0,50.15291592954882,13.773415511295195,36.37950041825362,1455.1800167301449,63.658064929810344
APTUSDT,1200,1200,60.0,32.0,3.990012011040917,74.0,10.475782679217081,13.686299169271908,-3.2105164900548266,-237.57822026405717,32.23165855269725
APTUSDT,1200,2400,2.0,3.0,54.59871719724399,15.0,104.64580383069038,15.032830284657843,89.61297354603258,1344.1946031904886,170.02382314575505
APTUSDT,1200,2400,5.0,5.0,20.737343122318595,18.0,97.95039479370006,14.941822595628942,83.00857219807112,1494.15429956528,144.52485295792354
APTUSDT,1200,2400,20.0,11.0,-15.869577220005446,34.0,22.613233506356522,13.83727918635014,8.775954320006392,298.38244688021734,96.1253900747989
APTUSDT,1200,2400,60.0,26.0,22.156832371250857,55.0,25.236111546927287,13.931245664164202,11.304865882763089,621.7676235519699,70.61218706701159
APTUSDT,1200,4800,2.0,3.0,-25.67052949093166,12.0,227.33272745489762,14.130355899407858,213.20237155548975,2558.428458665877,150.973781284181
APTUSDT,1200,4800,5.0,4.0,-15.26459602811245,14.0,150.30863214717036,14.731102740201166,135.57752940696915,1898.0854116975681,185.56133455984005
APTUSDT,1200,4800,20.0,8.0,12.89924657215216,24.0,94.95034500104435,13.91760317734935,81.03274182369499,1944.7858037686797,106.64590372977683
APTUSDT,1200,4800,60.0,23.0,53.474344616014,36.0,24.260939279063866,13.611126287289373,10.649812991774496,383.39326770388186,70.71124734353585
APTUSDT,2400,120,2.0,3.0,14.515293437872772,63.0,11.182957298661512,15.246948374038498,-4.06399107537699,-256.03143774875036,28.681174639668377
APTUSDT,2400,120,5.0,5.0,-8.807900730534904,68.0,-2.7057924158931845,14.7852457249596,-17.491038140852783,-1189.3905935779892,34.06453976108972
APTUSDT,2400,120,20.0,19.0,-9.007836857462149,137.0,9.950800676792735,14.442371098541955,-4.491570421749222,-615.3451477796434,17.380269961256854
APTUSDT,2400,120,60.0,65.0,-2.885566652396593,221.0,12.48658908184703,13.933402546193712,-1.4468134643466801,-319.7457756206163,11.54001371099415
APTUSDT,2400,300,2.0,2.0,43.16087488169467,34.0,59.01212967309587,15.7182356808894,43.29389399220647,1471.99239573502,63.87687095673567
APTUSDT,2400,300,5.0,4.0,44.34293501758838,37.0,29.19095395562388,14.706035860177142,14.484918095446739,535.9419695315294,52.364246252692745
APTUSDT,2400,300,20.0,12.0,13.292362541040129,73.0,16.202166225536214,13.791277032206285,2.41088919332993,175.99491111308487,40.3370798052913
APTUSDT,2400,300,60.0,41.0,12.4035073909291,122.0,16.621958587840453,13.870884747189777,2.7510738406506694,335.63100855938166,25.80164314166799
APTUSDT,2400,600,2.0,2.0,81.74188816265409,24.0,77.93837495248437,16.281172936127437,61.65720201635694,1479.7728483925666,85.40904979248042
APTUSDT,2400,600,5.0,4.0,67.09627489002699,26.0,37.621510917040546,15.02333897718551,22.59817193985504,587.552470436231,53.06598313447041
APTUSDT,2400,600,20.0,9.0,23.19988717330436,49.0,45.12056407976191,13.639362124865293,31.481201954896623,1542.5788957899344,52.06731099404351
APTUSDT,2400,600,60.0,29.0,27.064588122166075,86.0,29.876946135214723,13.827284178472517,16.049661956742206,1380.2709282798296,31.495554141921257
APTUSDT,2400,1200,2.0,2.0,45.28352808983332,18.0,193.51909459699723,16.333758498265258,177.18533609873197,3189.3360497771755,210.34860291151995
APTUSDT,2400,1200,5.0,4.0,82.31098518361739,18.0,182.61385455998982,15.271595620392926,167.3422589395969,3012.160660912744,194.5362498961821
APTUSDT,2400,1200,20.0,8.0,13.53979145445901,35.0,54.174338406363226,14.035718509629936,40.13861989673328,1404.8516963856648,71.68439550474659
APTUSDT,2400,1200,60.0,21.0,10.014561219868426,63.0,41.66203085973777,13.911476143770463,27.750554715967304,1748.28494710594,42.98546050695078
APTUSDT,2400,2400,2.0,1.0,-60.16531579356474,12.0,18.69569130192685,16.292721601667047,2.402969700259812,28.835636403117746,287.73909655241084
APTUSDT,2400,2400,5.0,3.0,67.4422872950009,12.0,43.39648972110938,14.875434872960177,28.52105484814922,342.25265817779064,245.8184619479471
APTUSDT,2400,2400,20.0,6.0,126.699443624982,23.0,70.42186765114587,13.892803648716102,56.529064002429784,1300.168472055885,111.35763850479525
APTUSDT,2400,2400,60.0,17.0,24.417832020317395,43.0,-3.4613188537355115,13.910995154334664,-17.372314008070177,-747.0095023470176,62.039523747851774
APTUSDT,2400,4800,2.0,1.0,-213.4656757386658,9.0,166.1211620366487,16.98187698468686,149.13928505196185,1342.2535654676567,265.41631480486467
APTUSDT,2400,4800,5.0,2.0,10.163516325489894,9.0,155.11673063283135,15.002115534300394,140.11461509853098,1261.0315358867788,248.3969768954864
APTUSDT,2400,4800,20.0,4.0,168.00120716311827,16.0,180.67883345434709,14.293765676935525,166.38506777741156,2662.161084438585,181.8099552887986
APTUSDT,2400,4800,60.0,14.0,83.09198091431574,35.0,35.021489274951705,13.438006960215025,21.583482314736663,755.4218810157832,101.17660812380166
ARBUSDT,120,120,2.0,9.0,-3.1756004017406685,76.0,-12.152617560069137,13.701422153296685,-25.854039713365818,-1964.9070182158023,26.637084924628226
ARBUSDT,120,120,5.0,21.0,-7.751700653870015,115.0,-2.043375922246846,13.346821165943672,-15.390197088190513,-1769.872665141909,18.599623875166813
ARBUSDT,120,120,20.0,68.0,-18.11100277788963,242.0,-0.8759628934033004,13.253045559228713,-14.129008452632016,-3419.220045536948,11.203084399985428
ARBUSDT,120,120,60.0,157.0,-10.389183546184935,499.0,0.23393495589872926,12.905607456445562,-12.671672500546833,-6323.16457777287,5.402963486401447
ARBUSDT,120,300,2.0,9.0,33.09176366090734,48.0,12.20371235834204,13.34646372521155,-1.1427513668695088,-54.85206560973643,32.952656633202345
ARBUSDT,120,300,5.0,19.0,20.813506187734884,74.0,-13.686167685503223,13.080725125804678,-26.7668928113079,-1980.7500680367848,28.724832184321333
ARBUSDT,120,300,20.0,53.0,-5.9059525119206615,159.0,-3.863398148465093,12.975621748881379,-16.839019897346468,-2677.4041636780885,16.131462028870892
ARBUSDT,120,300,60.0,117.0,-16.646760810250754,319.0,-4.6230003106816975,12.825560793250009,-17.44856110393171,-5566.090992154215,7.335660475621138
ARBUSDT,120,600,2.0,9.0,47.33946656843539,38.0,-4.838174788365117,13.32496465291876,-18.16313944128388,-690.1992987687875,52.1307193351828
ARBUSDT,120,600,5.0,18.0,14.696619579735158,55.0,2.223929606912142,13.086602161515572,-10.862672554603428,-597.4469905031885,33.26633457979254
ARBUSDT,120,600,20.0,46.0,-12.6202355981565,111.0,8.485367195006102,12.876181727110357,-4.3908145321042555,-487.3804130635724,21.317760225315123
ARBUSDT,120,600,60.0,91.0,-8.2418272071341,222.0,-3.4914113553202006,12.772149654367263,-16.263561009687468,-3610.5105441506175,11.674097717150746
ARBUSDT,120,1200,2.0,9.0,60.15330738188479,28.0,-15.394566369111809,13.331473265533246,-28.72603963464506,-804.3291097700617,53.80827075703133
ARBUSDT,120,1200,5.0,16.0,17.09908894717068,41.0,-36.4699565986931,12.935932354733659,-49.40588895342676,-2025.6414470904972,58.32356855997209
ARBUSDT,120,1200,20.0,37.0,-13.036042138076057,76.0,36.828732192285486,12.886724591804485,23.942007600480995,1819.5925776365557,33.05423201738083
ARBUSDT,120,1200,60.0,75.0,-4.165678877090002,154.0,14.648357074425915,12.689573073580576,1.9587840008453385,301.6527361301821,16.449376257685994
ARBUSDT,120,2400,2.0,7.0,42.62269135627834,22.0,-23.106973663677568,13.066201281858282,-36.17317494553586,-795.8098488017889,110.49032768297533
ARBUSDT,120,2400,5.0,13.0,-22.98386992157817,32.0,16.720491205465297,13.053462197766105,3.667029007699192,117.34492824637414,53.31567285178267
ARBUSDT,120,2400,20.0,33.0,-15.212334432418825,59.0,35.230438551416526,12.78246497941342,22.447973572003107,1324.4304407481834,36.70676921643381
ARBUSDT,120,2400,60.0,59.0,-7.53512632065464,100.0,6.9454287779802,12.716926417008672,-5.7714976390284685,-577.1497639028469,27.64520720293566
ARBUSDT,120,4800,2.0,7.0,73.8773985939987,19.0,-34.19755070978547,13.070599664135136,-47.268150373920605,-898.0948571044914,122.12322872653546
ARBUSDT,120,4800,5.0,12.0,-13.48975404484846,26.0,-4.209793394935023,12.969970456089726,-17.17976385102475,-446.67386012664343,92.99892510637035
ARBUSDT,120,4800,20.0,27.0,-8.391045364465706,43.0,47.40667266299683,12.848921560807774,34.557751102189044,1485.9832973941288,54.5057342425805
ARBUSDT,120,4800,60.0,49.0,8.466912754166387,66.0,8.465764642103647,12.67555181117071,-4.20978716906706,-277.84595315842597,49.74768620646488
ARBUSDT,300,120,2.0,5.0,-2.450015103923994,53.0,-0.6111566438581811,13.453925294989777,-14.065081938847964,-745.4493427589421,49.562307312833866
ARBUSDT,300,120,5.0,12.0,2.427852325742188,84.0,-5.764352131602587,13.806458000919712,-19.570810132522304,-1643.9480511318734,32.94717546696543
ARBUSDT,300,120,20.0,49.0,-2.098353587621909,200.0,-6.399410985805758,13.171696855851515,-19.571107841657273,-3914.2215683314544,10.797675925997664
ARBUSDT,300,120,60.0,112.0,-4.310837217258339,321.0,-5.703912666160636,12.96987218517902,-18.673784851339658,-5994.28493728003,7.721991218658681
ARBUSDT,300,300,2.0,4.0,57.78159758316259,31.0,-21.904333431732198,13.478924479270775,-35.38325791100297,-1096.880995241092,51.14649699212104
ARBUSDT,300,300,5.0,10.0,25.092766756850374,52.0,11.383406301411368,13.375886976258014,-1.9924806748466506,-103.60899509202584,39.517303088153284
ARBUSDT,300,300,20.0,39.0,11.822951198550243,132.0,-0.49614625369122567,13.167601355146797,-13.663747608838024,-1803.6146843666193,14.649604985922275
ARBUSDT,300,300,60.0,81.0,-4.902589747071446,207.0,-5.581940371107083,12.95418965000058,-18.536130021107663,-3836.978914369286,8.915971425081413
ARBUSDT,300,600,2.0,4.0,74.80717701862271,24.0,33.86972160956926,13.590868500330297,20.278853109238952,486.69247462173485,64.38478129294442
ARBUSDT,300,600,5.0,10.0,27.768099550298928,38.0,41.34990426620928,13.387417571178366,27.962486695030904,1062.5744944111743,50.289238799384556
ARBUSDT,300,600,20.0,35.0,17.31487402854329,90.0,-6.534571603570339,12.986869330391443,-19.521440933961788,-1756.929684056561,30.78040238564622
ARBUSDT,300,600,60.0,63.0,-9.01770884154069,144.0,22.64953407501649,12.957725183675437,9.691808891341054,1395.6204803531118,18.533123759399817
ARBUSDT,300,1200,2.0,4.0,99.15810769799816,17.0,34.96377780871098,13.653734973095498,21.310042835615477,362.2707282054631,83.63685467318297
ARBUSDT,300,1200,5.0,10.0,43.02842288525035,27.0,-5.407570461646596,13.106466581797626,-18.514037043444223,-499.879000172994,74.89336871387727
ARBUSDT,300,1200,20.0,28.0,20.775997932708776,65.0,-0.26604416239225875,12.888591912976477,-13.154636075368733,-855.0513448989677,40.44575952999645
ARBUSDT,300,1200,60.0,51.0,-6.180021144667054,102.0,34.3796013436543,12.748545216021217,21.631056127633077,2206.3677250185738,32.140833009575935
ARBUSDT,300,2400,2.0,2.0,23.31904597358143,14.0,9.570416432021492,13.271494684014618,-3.701078251993119,-51.815095527903665,174.36534833804274
ARBUSDT,300,2400,5.0,8.0,-0.5475547056738561,21.0,69.47785859421198,13.67184577861759,55.80601281559441,1171.9262691274826,78.67119431724787
ARBUSDT,300,2400,20.0,25.0,33.703100743928395,52.0,1.3744764648404342,12.844998516791442,-11.470522051951,-596.4671467014521,35.86321433320995
ARBUSDT,300,2400,60.0,42.0,-10.804667112722658,74.0,24.613776864182736,12.841136952434141,11.772639911748595,871.175353469396,32.16712768319572
ARBUSDT,300,4800,2.0,2.0,-56.4447061724645,12.0,18.974290951836174,13.097972376587279,5.876318575248895,70.51582290298674,180.89239879488895
ARBUSDT,300,4800,5.0,8.0,45.61374189455675,17.0,16.02031171572302,13.308611473660356,2.7117002420626726,46.09890411506544,133.2644611089939
ARBUSDT,300,4800,20.0,22.0,32.33797842711545,36.0,19.314045384932356,12.84744751157519,6.4665978733571645,232.79752344085793,61.4534505486721
ARBUSDT,300,4800,60.0,33.0,23.420082021246277,48.0,21.76295789842105,12.678617761722139,9.084340136698916,436.048326561548,49.57212381226049
ARBUSDT,600,120,2.0,5.0,11.858634046757945,54.0,-4.336458390272601,13.78777281608537,-18.124231206357972,-978.7084851433306,35.179220646715784
ARBUSDT,600,120,5.0,10.0,1.4580036211592606,71.0,1.374385014473195,13.60348058491722,-12.229095570444029,-868.265785501526,27.578188548791783
ARBUSDT,600,120,20.0,27.0,-9.347443613978324,137.0,1.6517967269064833,13.423362677870593,-11.771565950964108,-1612.7045352820828,15.818726943838861
ARBUSDT,600,120,60.0,84.0,-4.109591492769868,283.0,3.4061192379565277,12.992931420274289,-9.586812182317763,-2713.0678475959267,7.797864817225936
ARBUSDT,600,300,2.0,5.0,65.00192231277093,35.0,21.176222085866794,13.737020795296651,7.439201290570138,260.37204516995484,71.28513592564276
ARBUSDT,600,300,5.0,9.0,38.84600750730769,46.0,17.634270728808257,13.305386270828967,4.328884457979289,199.1286850670473,39.1119506024835
ARBUSDT,600,300,20.0,23.0,8.369869550767485,91.0,-2.644480686740986,13.087954567701015,-15.732435254441997,-1431.6516081542218,20.026469148225235
ARBUSDT,600,300,60.0,61.0,-3.0992883711002968,179.0,0.6604903289113223,12.946283321954466,-12.285792993043145,-2199.156945754723,14.59820422180888
ARBUSDT,600,600,2.0,5.0,58.227184983969536,21.0,21.497674421864502,13.981519649695368,7.516154772169126,157.83925021555166,92.08344678140904
ARBUSDT,600,600,5.0,8.0,32.53394992047584,32.0,23.19593151268104,13.23127714689462,9.964654365786423,318.86893970516553,59.71867248931742
ARBUSDT,600,600,20.0,20.0,17.90856545581658,60.0,10.294870059831393,13.230616231489103,-2.9357461716577093,-176.14477029946255,36.38636746642936
ARBUSDT,600,600,60.0,48.0,-0.47581182727653754,126.0,11.32338574443612,12.854015010004078,-1.5306292655679608,-192.85928746156304,17.53017653537539
ARBUSDT,600,1200,2.0,5.0,60.99738093184651,15.0,32.07314534232329,14.269402220801775,17.803743121521528,267.05614682282294,157.97009049287635
ARBUSDT,600,1200,5.0,7.0,29.44955929539668,23.0,28.115834486934002,13.298924336797212,14.816910150136803,340.78893345314646,105.8890450957932
ARBUSDT,600,1200,20.0,16.0,17.04568417234112,43.0,-3.3872462039998963,13.161760708452274,-16.54900691245217,-711.6072972354434,48.97463123931965
ARBUSDT,600,1200,60.0,41.0,-9.606330470228976,93.0,7.217924625554636,12.8285612915676,-5.61063666601296,-521.7892099392053,30.256940110657563
ARBUSDT,600,2400,2.0,4.0,41.09754027931683,12.0,9.39880361436708,14.260655636324747,-4.861852021957664,-58.34222426349197,168.84685119050474
ARBUSDT,600,2400,5.0,7.0,7.946317698982355,18.0,47.49518665644281,13.192387021434548,34.30279963500827,617.4503934301489,86.5337935622403
ARBUSDT,600,2400,20.0,15.0,4.839527139777486,36.0,30.13896167905927,13.190600018235772,16.948361660823497,610.141019789646,53.560943831820616
ARBUSDT,600,2400,60.0,33.0,-3.968895561375103,69.0,5.510335947771136,12.772819454634961,-7.262483506863825,-501.11136197360395,33.691654333396215
ARBUSDT,600,4800,2.0,4.0,55.95185003547197,10.0,62.6693704178728,14.301700870775298,48.3676695470975,483.676695470975,189.77997197572105
ARBUSDT,600,4800,5.0,6.0,14.830705751168415,14.0,33.79946263504614,13.201093045161597,20.598369589884534,288.3771742583835,159.7117948831841
ARBUSDT,600,4800,20.0,12.0,11.576705648937784,27.0,24.768826800417795,13.377995622541444,11.390831177876361,307.55244180266175,88.38781101592329
ARBUSDT,600,4800,60.0,27.0,32.91163835957448,47.0,-0.5441713856529806,12.735415374446454,-13.279586760099443,-624.1405777246738,60.71288901366225
ARBUSDT,1200,120,2.0,6.0,23.907482870860463,62.0,-1.325278514188376,13.76745809781521,-15.092736612003584,-935.7496699442222,46.86057719024204
ARBUSDT,1200,120,5.0,11.0,7.104346510238847,83.0,5.8828663006528314,13.69672512604072,-7.813858825387888,-648.5502825071947,21.048006917634915
ARBUSDT,1200,120,20.0,26.0,-6.629011788746808,141.0,6.194717515471133,13.292682780300531,-7.097965264829403,-1000.8131023409459,18.98851581192077
ARBUSDT,1200,120,60.0,76.0,-5.051921356782887,249.0,-0.7936524586728586,13.080898013793009,-13.874550472465865,-3454.7630676440003,6.912186344222151
ARBUSDT,1200,300,2.0,6.0,70.76409902950562,37.0,24.852372166981866,14.028287622813368,10.824084544168496,400.4911281342344,37.82144002118415
ARBUSDT,1200,300,5.0,8.0,42.03070530285605,47.0,9.064471661543672,13.644407439810196,-4.579935778266522,-215.25698157852653,32.27027986961349
ARBUSDT,1200,300,20.0,20.0,15.016919857661714,81.0,6.378276613085797,13.170929230141466,-6.792652617055671,-550.2048619815093,21.13774856517185
ARBUSDT,1200,300,60.0,53.0,-1.826273759537995,150.0,8.19023776584975,12.893789370512978,-4.703551604663227,-705.5327406994841,13.374408511260432
ARBUSDT,1200,600,2.0,6.0,91.56103105330168,29.0,40.32386149651378,13.821031620697593,26.502829875816186,768.5820663986694,52.25982111103553
ARBUSDT,1200,600,5.0,8.0,59.02517904411384,36.0,29.507423027677152,13.928838781118971,15.578584246558185,560.8290328760946,50.67811320699675
ARBUSDT,1200,600,20.0,17.0,22.624557855492572,59.0,33.61624700716721,13.285828451260464,20.330418555906746,1199.4946947984981,43.01294393907143
ARBUSDT,1200,600,60.0,41.0,6.060493783428429,113.0,13.261948140830496,12.881256494523587,0.38069164630691343,43.01815603268122,23.939573160104942
ARBUSDT,1200,1200,2.0,6.0,93.73750361670511,19.0,83.6622745216047,14.141209903138312,69.52106461846641,1320.9002277508619,80.4881448581765
ARBUSDT,1200,1200,5.0,8.0,58.44710277210891,24.0,60.078427665860204,14.211519283661167,45.866908382199036,1100.805801172777,72.53070081528953
ARBUSDT,1200,1200,20.0,13.0,4.388632571775613,38.0,27.845343205291055,12.951181143567949,14.89416206172311,565.9781583454782,55.66545903385057
ARBUSDT,1200,1200,60.0,33.0,-6.947354341641019,77.0,14.729244132407326,12.869151835637805,1.8600922967695266,143.22710685125355,27.804174217597453
ARBUSDT,1200,2400,2.0,4.0,80.93238695354245,15.0,30.65940675533933,14.181230873659871,16.478175881679462,247.17263822519195,176.36259790348439
ARBUSDT,1200,2400,5.0,6.0,15.85222356455205,18.0,-18.464401151051582,14.158352393705037,-32.62275354475662,-587.2095638056192,149.37027296601138
ARBUSDT,1200,2400,20.0,11.0,-40.11919147828837,32.0,-13.329558781699433,13.100163994849446,-26.429722776548886,-845.7511288495643,111.1899582164337
ARBUSDT,1200,2400,60.0,27.0,5.0163938809332205,55.0,8.472684819651322,12.679608342036506,-4.20692352238518,-231.3807937311849,30.01976243286233
ARBUSDT,1200,4800,2.0,3.0,-15.97723095079157,12.0,52.55087763830897,14.061855895243673,38.48902174306531,461.8682609167837,185.21763454122438
ARBUSDT,1200,4800,5.0,5.0,8.436824153845336,14.0,-1.61610349322232,13.837365191519238,-15.453468684741557,-216.3485615863818,162.48795122245699
ARBUSDT,1200,4800,20.0,8.0,-14.4215930567197,23.0,77.69532645430927,13.208069033424366,64.4872574208849,1483.2069206803526,77.11105729526054
ARBUSDT,1200,4800,60.0,23.0,54.920659747347095,37.0,-0.7677044493664229,12.752689460044916,-13.52039390941134,-500.25457464821955,54.27255444938201
ARBUSDT,2400,120,2.0,3.0,13.437271781697318,64.0,-9.495870933883058,13.530913495086976,-23.026784428970032,-1473.714203454082,31.58912525644389
ARBUSDT,2400,120,5.0,5.0,-10.76861907053627,69.0,-16.106395121077114,13.639915488106753,-29.746310609183862,-2052.4954320336865,30.53630005938787
ARBUSDT,2400,120,20.0,19.0,-11.141529184967396,136.0,-1.3011424409940882,13.379294333740594,-14.680436774734682,-1996.5394013639168,16.924345808713802
ARBUSDT,2400,120,60.0,66.0,-4.38678738180075,225.0,3.2837752254471,13.147865784133861,-9.864090558686765,-2219.420375704522,9.891639353243063
ARBUSDT,2400,300,2.0,2.0,55.02519115122376,34.0,13.118099397848448,13.138188622605057,-0.020089224756604174,-0.683033641724542,35.36037997797467
ARBUSDT,2400,300,5.0,4.0,55.189415763390464,38.0,5.913677954755926,13.768069474591794,-7.85439151983587,-298.4668777537631,33.385897334011105
ARBUSDT,2400,300,20.0,12.0,22.811829991069256,75.0,1.040271111757135,13.319272331139457,-12.279001219382321,-920.9250914536741,27.62677375572093
ARBUSDT,2400,300,60.0,41.0,7.132650314901596,124.0,-2.5406824166544,12.953681900671038,-15.494364317325434,-1921.3011753483538,17.678946980960422
ARBUSDT,2400,600,2.0,2.0,66.54041757403287,24.0,35.44086200838487,13.823007349086842,21.617854659298022,518.8285118231526,83.10166814224208
ARBUSDT,2400,600,5.0,4.0,62.71983096289833,26.0,5.991802181309901,13.72920803516438,-7.737405853854475,-201.17255220021636,42.716049377689714
ARBUSDT,2400,600,20.0,9.0,29.108818931147393,50.0,-9.809165168064757,13.166296507395455,-22.975461675460213,-1148.7730837730107,38.191967020173685
ARBUSDT,2400,600,60.0,30.0,14.341903841900185,88.0,4.047109876142527,12.904434196039817,-8.857324319897286,-779.4445401509611,21.429577686597064
ARBUSDT,2400,1200,2.0,2.0,73.39002068439218,18.0,78.13991391916008,14.202631452205235,63.937282466954834,1150.871084405187,107.11731564475659
ARBUSDT,2400,1200,5.0,4.0,94.03431511211329,18.0,51.83236181160203,14.50730050016994,37.32506131143209,671.8511036057776,62.71113024564849
ARBUSDT,2400,1200,20.0,8.0,12.274428280868154,36.0,27.410226449348773,13.365101774833057,14.045124674515717,505.62448828256584,53.714011716351926
ARBUSDT,2400,1200,60.0,23.0,-6.51808950193416,64.0,41.92074052761647,12.848359380890315,29.072381146726165,1860.6323933904746,33.83048804814688
ARBUSDT,2400,2400,2.0,1.0,-67.10265700483163,12.0,-148.0800490064422,13.158031844023215,-161.23808085046542,-1934.856970205585,247.88862245461627
ARBUSDT,2400,2400,5.0,3.0,58.8783721337471,12.0,-103.19778177040617,13.679202399844073,-116.87698417025024,-1402.5238100430029,164.1037480083381
ARBUSDT,2400,2400,20.0,6.0,118.01577597240423,24.0,10.772781413641477,13.377405932252108,-2.6046245186106325,-62.510988446655176,89.13334472678069
ARBUSDT,2400,2400,60.0,18.0,8.149952798254624,44.0,18.804436194935114,12.878870923197145,5.92556527173797,260.7248719564707,54.99046088411367
ARBUSDT,2400,4800,2.0,1.0,-168.24999999999974,9.0,-23.656186964000117,13.141532951035439,-36.797719915035564,-331.17947923532006,211.82635144557776
ARBUSDT,2400,4800,5.0,2.0,33.041603764931935,9.0,-24.030043113471866,13.955929053442027,-37.98597216691391,-341.8737495022252,198.63052821720837
ARBUSDT,2400,4800,20.0,4.0,161.9817657179711,17.0,90.46271011751303,13.60070937541264,76.86200074210035,1306.654012615706,93.00465812660933
ARBUSDT,2400,4800,60.0,16.0,53.01472392414014,36.0,76.8781338234641,12.819423056278005,64.05871076718611,2306.1135876187,47.16930415518774
ATOMUSDT,120,120,2.0,9.0,-10.488105249684345,78.0,-13.975348179881694,13.637680368284752,-27.61302854816644,-2153.8162267569824,20.347129992859237
ATOMUSDT,120,120,5.0,21.0,-10.081715310729,113.0,-10.767510279338047,13.394937325449288,-24.162447604787335,-2730.356579340969,13.930845453687455
ATOMUSDT,120,120,20.0,68.0,-15.511052034103567,243.0,-5.9982294922860975,13.303404965494071,-19.301634457780168,-4690.29717324058,5.960461257313745
ATOMUSDT,120,120,60.0,157.0,-13.508098670267602,499.0,-1.5402220063566487,13.105983114709728,-14.646205121066378,-7308.456355412123,3.915611327879933
ATOMUSDT,120,300,2.0,9.0,20.91833697937223,49.0,1.1917591583212157,13.384490757347875,-12.192731599026652,-597.443848352306,26.681697967216508
ATOMUSDT,120,300,5.0,19.0,13.822388574180728,72.0,-14.646934211147835,13.33960371404318,-27.98653792519102,-2015.0307306137533,23.081006262561065
ATOMUSDT,120,300,20.0,53.0,-7.257237578015204,161.0,-4.34722369113431,13.100153969855302,-17.44737766098961,-2809.027803419327,12.574119467309947
ATOMUSDT,120,300,60.0,116.0,-15.979772789124251,320.0,-6.179995738822601,13.04283779269436,-19.22283353151696,-6151.306730085427,5.788216265360732
ATOMUSDT,120,600,2.0,9.0,41.41439026232643,39.0,-15.109889871961405,13.30976807481699,-28.419657946778408,-1108.366659924358,41.78581433564685
ATOMUSDT,120,600,5.0,18.0,22.286302140963432,53.0,-5.595074327742535,13.351065260214103,-18.946139587956637,-1004.1453981617018,29.677688831656145
ATOMUSDT,120,600,20.0,45.0,-7.332733484393888,115.0,5.818507414002869,13.029129955415174,-7.210622541412307,-829.2215922624152,16.98907399065267
ATOMUSDT,120,600,60.0,91.0,-7.807621558557235,221.0,-10.351157245723813,12.986100499821456,-23.337257745545273,-5157.533961765505,10.12259612806923
ATOMUSDT,120,1200,2.0,9.0,47.63975838381521,28.0,-30.797155533177783,13.40289224057968,-44.20004777375748,-1237.6013376652095,50.51882214943684
ATOMUSDT,120,1200,5.0,16.0,22.313150517757645,40.0,-48.90345620215902,13.13357285660075,-62.03702905875978,-2481.481162350391,56.4589418001026
ATOMUSDT,120,1200,20.0,36.0,-9.172035245086791,78.0,33.21403036980514,13.200734789162567,20.01329558064258,1561.0370552901213,24.387714021626287
ATOMUSDT,120,1200,60.0,75.0,-1.6145561483221145,153.0,4.926465202019202,12.96809284361731,-8.041627641598108,-1230.3690291645105,14.137643411667622
ATOMUSDT,120,2400,2.0,7.0,49.25569670212982,22.0,-14.983411602992527,13.193062307414946,-28.176473910407466,-619.8824260289642,103.39830036734399
ATOMUSDT,120,2400,5.0,13.0,3.6098173579372284,31.0,2.147201480736049,12.98071307580411,-10.833511595068062,-335.83885944710994,41.11984972792002
ATOMUSDT,120,2400,20.0,32.0,-12.414146246430688,61.0,53.184354680671674,13.068882463618518,40.11547221705317,2447.0438052402433,29.48752794223355
ATOMUSDT,120,2400,60.0,58.0,-5.6335592190394745,99.0,-3.015202369338324,12.934935426752803,-15.950137796091123,-1579.0636418130211,25.17409370226775
ATOMUSDT,120,4800,2.0,7.0,87.33589464290232,19.0,-23.116679372986393,13.24987118599298,-36.36655055897936,-690.964460620608,122.4646156655987
ATOMUSDT,120,4800,5.0,12.0,8.677381219586353,26.0,-33.390336995624985,13.099218000538404,-46.48955499616339,-1208.728429900248,94.69123537958346
ATOMUSDT,120,4800,20.0,26.0,-10.544450153433827,43.0,97.59592518937231,13.04033978339572,84.55558540597659,3635.8901724569932,50.22784695814016
ATOMUSDT,120,4800,60.0,49.0,7.743581607037084,65.0,-17.12217836877788,13.00591659965584,-30.128094968433718,-1958.3261729481917,46.78870577131615
ATOMUSDT,300,120,2.0,5.0,-1.1998315734950893,52.0,-13.929973382937204,13.710124754910339,-27.640098137847545,-1437.2851031680723,35.11152718173821
ATOMUSDT,300,120,5.0,12.0,-5.4545686911258295,87.0,-3.0633591115129257,13.406391679711875,-16.4697507912248,-1432.8683188365576,21.51345241064677
ATOMUSDT,300,120,20.0,49.0,-3.1241733692812512,196.0,-7.1932547875721085,13.230087335633849,-20.423342123205963,-4002.9750561483684,8.927115181855344
ATOMUSDT,300,120,60.0,113.0,-8.249171109153044,322.0,-4.29040691858921,13.144206780119603,-17.434613698708812,-5613.945610984238,5.54026510569342
ATOMUSDT,300,300,2.0,4.0,58.91339880692458,31.0,-26.459749488353424,13.590042236762832,-40.04979172511625,-1241.5435434786039,39.059352084660205
ATOMUSDT,300,300,5.0,10.0,20.195941066558937,55.0,8.17119999953462,13.482692328538908,-5.311492329004287,-292.1320780952358,28.893972120388106
ATOMUSDT,300,300,20.0,39.0,5.446614910023772,128.0,-8.060670597777893,13.181280801973628,-21.24195139975152,-2718.9697791681947,11.29337482179348
ATOMUSDT,300,300,60.0,82.0,-8.278570900491214,209.0,-6.765771252370098,13.077850101197667,-19.843621353567766,-4147.316862895663,8.17148455029164
ATOMUSDT,300,600,2.0,4.0,85.74323861608944,24.0,27.395799367046408,13.277643213650057,14.118156153396354,338.8357476815125,56.65564794503936
ATOMUSDT,300,600,5.0,10.0,26.462028879950157,40.0,28.809806569572636,13.407241088024126,15.402565481548507,616.1026192619403,39.03802188960829
ATOMUSDT,300,600,20.0,35.0,16.450868441584547,87.0,-6.059577287981044,13.022705103037868,-19.08228239101891,-1660.1585680186454,23.898352339581553
ATOMUSDT,300,600,60.0,64.0,-8.145975203087804,145.0,17.201725119999423,13.102133532668448,4.099591587330976,594.4407801629916,15.569906997190373
ATOMUSDT,300,1200,2.0,4.0,102.9722304126096,17.0,27.897811156390482,13.250712111966218,14.64709904442427,249.00068375521258,75.02960766767546
ATOMUSDT,300,1200,5.0,10.0,40.794239485099155,29.0,-21.30456966165145,13.348571138131636,-34.65314079978308,-1004.9410831937093,69.64257686983663
ATOMUSDT,300,1200,20.0,28.0,17.134656610008015,64.0,7.6009638582820465,13.142510436959176,-5.5415465786771385,-354.65898103533686,38.25129641960698
ATOMUSDT,300,1200,60.0,52.0,-5.270095099747973,101.0,26.339615885821416,13.07005462265552,13.269561263165894,1340.2256875797552,27.20007503153449
ATOMUSDT,300,2400,2.0,2.0,108.74934464659322,14.0,0.36390588338232377,13.389595592277358,-13.025689708895028,-182.3596559245304,166.96786067680196
ATOMUSDT,300,2400,5.0,8.0,24.22629560645768,22.0,49.015827431025194,13.270420856881673,35.74540657414352,786.3989446311575,56.86376420333944
ATOMUSDT,300,2400,20.0,25.0,38.114060854141364,50.0,13.056562945473418,12.965071051577969,0.091491893895452,4.5745946947726,36.568853142380604
ATOMUSDT,300,2400,60.0,43.0,-4.519877588654572,74.0,25.510979134565822,13.106365192823267,12.404613941742555,917.9414316889491,25.405521050434697
ATOMUSDT,300,4800,2.0,2.0,50.79683442595855,12.0,20.18136961049892,13.341056233553479,6.840313376945431,82.08376052334518,179.02891469261968
ATOMUSDT,300,4800,5.0,8.0,73.02466569939624,18.0,2.432657319252965,13.327101207194186,-10.894443887941215,-196.09998998294185,127.40471718207655
ATOMUSDT,300,4800,20.0,22.0,36.63237988814324,35.0,38.662177783809234,13.012631429174377,25.64954635463486,897.7341224122201,65.3855131751241
ATOMUSDT,300,4800,60.0,34.0,16.754106246416207,48.0,28.548555900534126,12.993291982696883,15.555263917837237,746.6526680561874,49.69759859089849
ATOMUSDT,600,120,2.0,5.0,13.897704158728377,54.0,3.583204565203221,13.99266546174741,-10.409460896544187,-562.1108884133861,27.448027031659052
ATOMUSDT,600,120,5.0,10.0,-6.153871459135161,70.0,2.601147487370393,13.477847392029233,-10.876699904658844,-761.368993326119,21.1303541416144
ATOMUSDT,600,120,20.0,27.0,-14.82400223099814,138.0,-2.1005345927506465,13.425374941025689,-15.525909533776337,-2142.5755156611344,10.154761648197882
ATOMUSDT,600,120,60.0,85.0,-8.714627557569816,282.0,-0.36191959239068705,13.129936189513943,-13.49185578190463,-3804.7033304971055,5.578978134292991
ATOMUSDT,600,300,2.0,5.0,52.716503855983035,35.0,9.522460831566399,13.40780450861069,-3.8853436770442964,-135.98702869655037,54.89078512979905
ATOMUSDT,600,300,5.0,9.0,18.975637046661134,45.0,5.70574031391851,13.55249880933455,-7.846758495416039,-353.10413229372176,30.287348400552816
ATOMUSDT,600,300,20.0,23.0,-1.7559737333757113,91.0,-1.0416657505548086,13.185655442985977,-14.227321193540787,-1294.6862286122116,15.153126025274277
ATOMUSDT,600,300,60.0,62.0,-4.063676301099556,176.0,-0.9641513759285871,13.109920949004003,-14.074072324932592,-2477.036729188136,10.148605691526374
ATOMUSDT,600,600,2.0,5.0,51.591582630434615,21.0,15.935725522328871,13.240601754662201,2.69512376766667,56.59759912100007,75.07078671507345
ATOMUSDT,600,600,5.0,8.0,25.05536399645575,31.0,12.998851463455818,13.568008585117232,-0.5691571216614115,-17.643870771503757,51.10138553090782
ATOMUSDT,600,600,20.0,20.0,10.829800423199911,60.0,8.7920741438098,13.08354116014423,-4.291467016334432,-257.4880209800659,32.24408529851668
ATOMUSDT,600,600,60.0,49.0,-1.0571145407636584,126.0,11.348001501935888,13.144924828226172,-1.7969233262902864,-226.4123391125761,14.473684724133435
ATOMUSDT,600,1200,2.0,5.0,56.26622602022902,15.0,5.640263938530533,13.552411205986454,-7.912147267455931,-118.68220901183896,146.94006795790847
ATOMUSDT,600,1200,5.0,7.0,21.106705361704112,22.0,-3.468368866110289,13.396647680040626,-16.865016546150912,-371.03036401532006,98.062185059315
ATOMUSDT,600,1200,20.0,16.0,14.289031009488692,43.0,-11.9648255422601,13.072669531269993,-25.037495073530096,-1076.6122881617941,48.401044243515784
ATOMUSDT,600,1200,60.0,42.0,0.0687905649914589,92.0,8.2362902188719,13.034067433397846,-4.797777214525948,-441.39550373638724,31.12370641060288
ATOMUSDT,600,2400,2.0,4.0,59.574300915692724,12.0,-16.52086261671265,13.239945695619554,-29.760808312332205,-357.1296997479865,134.56478957328528
ATOMUSDT,600,2400,5.0,7.0,26.682857540722544,17.0,46.36018641071223,13.516771841802685,32.84341456890953,558.338047671462,80.39283991236061
ATOMUSDT,600,2400,20.0,15.0,13.660226191592661,36.0,38.77038711828219,13.185809832249749,25.584577286032452,921.0447822971682,43.789574638300905
ATOMUSDT,600,2400,60.0,34.0,8.08638096876039,69.0,4.377464348821338,13.123451027071463,-8.745986678250127,-603.4730807992587,29.354942713918113
ATOMUSDT,600,4800,2.0,4.0,89.96740698946576,10.0,62.63349760686532,13.320614208842787,49.31288339802252,493.12883398022524,191.63617463018588
ATOMUSDT,600,4800,5.0,6.0,56.90233162062943,13.0,-10.507577692303773,13.531004308776254,-24.038582001080023,-312.5015660140403,164.2315812417894
ATOMUSDT,600,4800,20.0,12.0,19.320934680022848,27.0,41.495597379198365,13.149394892640508,28.34620248655787,765.3474671370625,95.62463545174774
ATOMUSDT,600,4800,60.0,28.0,35.54040443851324,47.0,-12.679283710630123,12.996256639474353,-25.67554035010447,-1206.75039645491,57.76466863990551
ATOMUSDT,1200,120,2.0,5.0,10.36269457339462,61.0,-1.4390038469456017,13.736908728508235,-15.175912575453845,-925.7306671026845,29.573438398982038
ATOMUSDT,1200,120,5.0,12.0,3.025075356288175,80.0,-1.0858582329169288,13.55422353820289,-14.64008177111982,-1171.2065416895857,19.557290646569314
ATOMUSDT,1200,120,20.0,26.0,-8.959151972599464,142.0,-0.07662992853699685,13.355163728197157,-13.431793656734154,-1907.31469925625,12.849002947233444
ATOMUSDT,1200,120,60.0,76.0,-8.536954598917264,245.0,-1.1178221196070517,13.160456770119353,-14.278278889726407,-3498.1783279829697,6.171352878796673
ATOMUSDT,1200,300,2.0,5.0,64.7668971149707,37.0,22.252526008943935,13.711109792383624,8.541416216560311,316.0324000127315,26.15385931132885
ATOMUSDT,1200,300,5.0,9.0,40.38340160314786,47.0,7.975350691301621,13.784779959746782,-5.8094292684451645,-273.0431756169227,24.67783709817938
ATOMUSDT,1200,300,20.0,20.0,6.563765549931856,82.0,7.609397328521729,13.365899932275466,-5.756502603753737,-472.0332135078064,15.540373471879843
ATOMUSDT,1200,300,60.0,54.0,-8.306689109885887,148.0,-6.001753982523157,13.175302179027176,-19.177056161550333,-2838.204311909449,14.191782153173882
ATOMUSDT,1200,600,2.0,5.0,78.31279996271496,29.0,34.5184885083991,13.68305257050694,20.835435937892168,604.2276421988729,47.51598310301178
ATOMUSDT,1200,600,5.0,8.0,62.18547384039716,37.0,27.24543697210895,13.585071084450552,13.660365887658394,505.43353784336057,44.95542607602408
ATOMUSDT,1200,600,20.0,17.0,18.514936834815856,59.0,21.08407359298459,13.45697213733468,7.627101455649915,449.998985883345,34.64993982781391
ATOMUSDT,1200,600,60.0,42.0,-3.5353994141817844,112.0,5.871361737818631,13.045018954105245,-7.173657216286614,-803.4496082241008,18.180782206513882
ATOMUSDT,1200,1200,2.0,5.0,78.37163702867007,19.0,61.32863115471255,14.083071114070837,47.24556004064173,897.6656407721929,76.48906854046746
ATOMUSDT,1200,1200,5.0,8.0,43.591371212083274,24.0,-7.466341725909378,13.474516200459002,-20.94085792636838,-502.58059023284113,90.1652008242093
ATOMUSDT,1200,1200,20.0,13.0,9.252432142391262,39.0,2.8458860530677885,13.273216899173516,-10.427330846105717,-406.66590299812293,56.671888695990795
ATOMUSDT,1200,1200,60.0,34.0,-10.5620771609704,75.0,-0.47417106254271973,13.02306909738787,-13.49724015993059,-1012.2930119947941,26.047591164036632
ATOMUSDT,1200,2400,2.0,3.0,54.263237106758844,15.0,26.36726774391581,13.889230223648912,12.4780375202669,187.1705628040035,164.48212340121165
ATOMUSDT,1200,2400,5.0,6.0,31.056942076654092,18.0,18.9720621283553,13.463500121460244,5.508562006895058,99.15411612411106,82.66384165790294
ATOMUSDT,1200,2400,20.0,11.0,-17.519297775337744,32.0,-19.137967638315033,13.19222494711926,-32.33019258543429,-1034.5661627338973,94.21601389252827
ATOMUSDT,1200,2400,60.0,28.0,5.606018075754002,56.0,-7.893255091388974,13.026047128216188,-20.91930221960516,-1171.480924297889,30.555333091282566
ATOMUSDT,1200,4800,2.0,3.0,-24.337730444570372,12.0,55.704284996112584,13.700382705892816,42.00390229021976,504.0468274826371,193.63901479199404
ATOMUSDT,1200,4800,5.0,5.0,36.00363396570158,14.0,6.547475906629032,13.505127480349222,-6.957651573720194,-97.40712203208273,151.33973060036817
ATOMUSDT,1200,4800,20.0,8.0,28.344182614636708,23.0,44.6451422557414,13.332237820763089,31.31290443497832,720.1968020045014,80.25829144935338
ATOMUSDT,1200,4800,60.0,24.0,44.349658670662585,36.0,-14.264856225206788,13.001013387637297,-27.265869612844096,-981.5713060623874,56.32533778443638
ATOMUSDT,2400,120,2.0,3.0,1.738694779545393,61.0,-3.1841248299044356,13.399857041827769,-16.58398187173221,-1011.6228941756648,21.005882782092307
ATOMUSDT,2400,120,5.0,5.0,-16.608463666736217,69.0,-15.252390350539471,13.52315069978756,-28.775541050327035,-1985.5123324725655,23.17469009096403
ATOMUSDT,2400,120,20.0,18.0,-11.962333925263074,138.0,-3.2787415581951764,13.28546550530635,-16.564207063501524,-2285.8605747632105,15.39298305400759
ATOMUSDT,2400,120,60.0,66.0,-5.256890988100693,216.0,2.4044148504507286,13.173439561642411,-10.769024711191685,-2326.109337617404,8.083704731824733
ATOMUSDT,2400,300,2.0,2.0,36.71351842941074,33.0,2.293358531868619,13.660942098878293,-11.367583567009673,-375.1302577113192,33.42194397385925
ATOMUSDT,2400,300,5.0,4.0,31.947007300210057,38.0,-2.3963548698363,13.457961763387532,-15.854316633223831,-602.4640320625056,27.625905361393734
ATOMUSDT,2400,300,20.0,12.0,14.268004263064284,76.0,-4.493534353544778,13.252063908405917,-17.745598261950693,-1348.6654679082526,24.677406566295115
ATOMUSDT,2400,300,60.0,40.0,6.114509689067775,119.0,0.8942056865554576,13.097251025076082,-12.203045338520626,-1452.1623952839545,14.011878144587126
ATOMUSDT,2400,600,2.0,2.0,58.545470227885154,23.0,23.14934204150921,13.558516727456587,9.59082531405263,220.58898222321048,69.95350166404364
ATOMUSDT,2400,600,5.0,4.0,41.89390025534973,26.0,-1.0119089584900942,13.605302885511964,-14.617211844002059,-380.0475079440535,36.98120069240603
ATOMUSDT,2400,600,20.0,9.0,23.184849683472144,51.0,-16.58169389938804,13.174930514107972,-29.75662441349601,-1517.5878450882965,36.12068002707546
ATOMUSDT,2400,600,60.0,30.0,19.478591208836026,84.0,-1.9025827496808136,13.007300626963662,-14.909883376644473,-1252.4302036381357,22.241507958116703
ATOMUSDT,2400,1200,2.0,2.0,72.30420750548228,18.0,49.441984467804076,13.439445769841859,36.00253869796221,648.0456965633198,88.79874740238562
ATOMUSDT,2400,1200,5.0,4.0,59.33000887039708,18.0,29.82716708567349,13.923704307710807,15.903462777962687,286.2623300033284,58.554118638266914
ATOMUSDT,2400,1200,20.0,8.0,29.38105991742793,37.0,-0.6799463626756165,13.177139552453093,-13.857085915128714,-512.7121788597624,46.288203644156155
ATOMUSDT,2400,1200,60.0,23.0,6.066479910526633,61.0,22.045233403207757,12.97473159130552,9.070501811902233,553.3006105260362,32.75562541234551
ATOMUSDT,2400,2400,2.0,1.0,-1.304292867908103,12.0,-143.12821162219592,13.032123310546618,-156.16033493274256,-1873.9240191929107,223.35778681108914
ATOMUSDT,2400,2400,5.0,3.0,26.890267994606518,12.0,-114.08124135584565,13.422303038810304,-127.50354439465593,-1530.0425327358712,161.32546180538264
ATOMUSDT,2400,2400,20.0,6.0,110.31959400042571,24.0,-18.878437862586416,13.228746695499334,-32.10718455808574,-770.5724293940578,63.822696849869246
ATOMUSDT,2400,2400,60.0,19.0,33.22883917076152,42.0,-6.903733519278895,12.892523193265621,-19.796256712544515,-831.4427819268697,44.8771122876427
ATOMUSDT,2400,4800,2.0,1.0,-56.72750255238566,9.0,-74.93829690191313,13.092004548528223,-88.03030145044137,-792.2727130539723,205.49551266946835
ATOMUSDT,2400,4800,5.0,2.0,29.863584567000977,9.0,-87.03416491137114,13.42023530150817,-100.4544002128793,-904.0896019159137,186.2906874510991
ATOMUSDT,2400,4800,20.0,4.0,108.60861250916747,17.0,52.56111163652877,13.290731775084396,39.27037986144438,667.5964576445544,103.63304975710214
ATOMUSDT,2400,4800,60.0,16.0,74.14438610263699,34.0,47.753168873400014,12.903296980851726,34.84987189254829,1184.895644346642,50.18661244968657
AVAXUSDT,120,120,2.0,9.0,-17.861871526135367,77.0,-17.123045089797095,13.777144085876104,-30.9001891756732,-2379.3145665268366,26.540733059551034
AVAXUSDT,120,120,5.0,21.0,-15.736948150303972,113.0,-9.575624858662712,13.815136984597856,-23.39076184326057,-2643.1560882884446,18.62068633982699
AVAXUSDT,120,120,20.0,70.0,-17.565452087683965,241.0,-8.244132380452156,13.637250694960553,-21.88138307541271,-5273.413321174463,9.94750763447995
AVAXUSDT,120,120,60.0,159.0,-11.22086380844605,502.0,-0.4164373956839321,13.36944940217718,-13.785886797861112,-6920.515172526279,5.112510590358898
AVAXUSDT,120,300,2.0,9.0,15.417259379721665,50.0,11.663918616990394,13.865590216486881,-2.201671599496491,-110.08357997482454,33.98207176285743
AVAXUSDT,120,300,5.0,19.0,12.163748921031257,73.0,-15.365166823820754,13.478685942215819,-28.843852766036573,-2105.6012519206697,26.644864200489234
AVAXUSDT,120,300,20.0,54.0,-6.977879920948769,158.0,-7.485080638415578,13.35022451548868,-20.83530515390426,-3291.978214316873,13.98307852520685
AVAXUSDT,120,300,60.0,118.0,-15.468560682555388,318.0,-7.5827564270677685,13.300949061500026,-20.88370548856779,-6641.018345364558,8.081511582900495
AVAXUSDT,120,600,2.0,9.0,34.918907649159216,39.0,-8.577134972013972,13.601248508394566,-22.178383480408538,-864.956955735933,54.44323732423917
AVAXUSDT,120,600,5.0,18.0,18.226860340836193,54.0,-2.81501954516853,13.316935280016844,-16.131954825185378,-871.1255605600104,32.881688151310186
AVAXUSDT,120,600,20.0,46.0,-7.413182990993545,111.0,2.1276370847385535,13.222245368630496,-11.094608283891942,-1231.5015195120056,18.505858962941524
AVAXUSDT,120,600,60.0,93.0,-5.936868469551846,221.0,-9.583862334606405,13.221580726192315,-22.80544306079872,-5040.002916436517,11.23520358027134
AVAXUSDT,120,1200,2.0,9.0,39.99729671302488,28.0,-32.1473190109101,13.434540164697072,-45.58185917560717,-1276.2920569170008,57.26606655155912
AVAXUSDT,120,1200,5.0,16.0,8.970808915394962,40.0,-54.972775000808596,13.245164815283562,-68.21793981609217,-2728.7175926436867,62.234534936074176
AVAXUSDT,120,1200,20.0,37.0,-13.979913624092184,77.0,40.48992491389792,13.244677479204787,27.245247434693134,2097.8840524713714,32.36668283551662
AVAXUSDT,120,1200,60.0,77.0,-4.633264379126508,151.0,4.25439837781061,13.292494061118784,-9.038095683308173,-1364.752448179534,14.877027170913637
AVAXUSDT,120,2400,2.0,7.0,34.65012191970134,22.0,-4.300857324666212,13.435074529297284,-17.735931853963493,-390.1905007871968,122.70597751288456
AVAXUSDT,120,2400,5.0,13.0,-12.917284843695022,31.0,18.013441583006998,13.212804316084332,4.800637266922658,148.81975527460241,57.76786459629083
AVAXUSDT,120,2400,20.0,33.0,-16.100012011260677,60.0,40.31481162433503,13.263821189270779,27.050990435064257,1623.0594261038555,40.8236979374723
AVAXUSDT,120,2400,60.0,60.0,2.5254533275075177,99.0,-11.607935455340295,13.213748443719327,-24.821683899059625,-2457.346706006903,25.127409368202695
AVAXUSDT,120,4800,2.0,7.0,74.85237180121284,19.0,-42.006814517859404,13.392053393155193,-55.39886791101459,-1052.5784903092772,125.10453836447643
AVAXUSDT,120,4800,5.0,12.0,5.20176509716312,26.0,-25.047120848102306,13.298890753992522,-38.34601160209482,-996.9963016544652,97.37476543250942
AVAXUSDT,120,4800,20.0,27.0,-10.705980505452612,43.0,76.25804870768047,13.230211767781514,63.027836939898954,2710.196988415655,64.2314274634275
AVAXUSDT,120,4800,60.0,49.0,-5.65331882804314,63.0,-17.463260912194595,13.220415879146996,-30.68367679134159,-1933.07163785452,51.06214001110629
AVAXUSDT,300,120,2.0,5.0,-38.39269170858834,51.0,-9.37057053678022,14.040411562078775,-23.410982098858998,-1193.960087041809,52.45571878204765
AVAXUSDT,300,120,5.0,12.0,-9.432389186531681,86.0,-0.8488630068139805,13.808139884973869,-14.657002891787853,-1260.5022486937553,29.31178010885562
AVAXUSDT,300,120,20.0,47.0,-6.762675318635713,196.0,-6.4700106586923765,13.624820242676751,-20.094830901369125,-3938.5868566683484,11.533476782792857
AVAXUSDT,300,120,60.0,112.0,-9.29514477287868,323.0,-3.9856791500055424,13.38287580971078,-17.368554959716324,-5610.0432519883725,7.821304830670448
AVAXUSDT,300,300,2.0,4.0,13.690946288209693,30.0,-24.256518239126112,13.709947344972592,-37.96646558409871,-1138.9939675229612,53.48148399652483
AVAXUSDT,300,300,5.0,10.0,18.670887599088434,54.0,13.476326221153897,13.842679859102715,-0.3663536379488177,-19.783096449236155,34.46300806408097
AVAXUSDT,300,300,20.0,37.0,7.300956871637248,130.0,-8.495189870192213,13.531272020172146,-22.02646189036436,-2863.4400457473666,14.301679516923375
AVAXUSDT,300,300,60.0,82.0,-10.929534757954018,211.0,-5.8771641278347175,13.287602936742337,-19.16476706457705,-4043.7658506257576,9.9033321738936
AVAXUSDT,300,600,2.0,4.0,37.18103594013215,23.0,57.356962480174744,14.229189721729782,43.127772758444955,991.9387734442339,89.69705226373148
AVAXUSDT,300,600,5.0,10.0,26.745084094674706,39.0,47.375754537819475,13.451232349672145,33.92452218814732,1323.0563653377455,50.44583288884728
AVAXUSDT,300,600,20.0,33.0,16.156628553758743,88.0,3.3794510884358684,13.41767653917038,-10.038225450734512,-883.363839664637,25.21476400323445
AVAXUSDT,300,600,60.0,65.0,-9.020942614367796,146.0,17.48620405085004,13.397450131160568,4.088753919689474,596.9580722746632,19.3729515177029
AVAXUSDT,300,1200,2.0,4.0,50.24177548265411,17.0,-75.05584323521944,13.598005053777694,-88.65384828899715,-1507.1154209129515,145.92474625395027
AVAXUSDT,300,1200,5.0,10.0,37.675841587584316,28.0,-29.101451772400306,13.579781161189246,-42.68123293358955,-1195.0745221405073,82.11439942349789
AVAXUSDT,300,1200,20.0,26.0,15.027304534386186,65.0,13.588423801572146,13.414903179551244,0.17352062202090313,11.278840431358702,42.503511411009754
AVAXUSDT,300,1200,60.0,52.0,-5.766611454899502,104.0,35.00751472957135,13.396942743223834,21.610571986347523,2247.4994865801423,31.141133755739062
AVAXUSDT,300,2400,2.0,2.0,-30.268829312385602,14.0,-16.474977326372343,13.477798726122874,-29.952776052495228,-419.33886473493317,135.24102855738337
AVAXUSDT,300,2400,5.0,8.0,16.54598672587904,22.0,60.395545352518255,13.548373502478329,46.84717185003992,1030.6377807008782,80.09629675502133
AVAXUSDT,300,2400,20.0,24.0,45.047697436499824,52.0,23.96426061555576,13.373021425549059,10.591239190006698,550.7444378803483,42.88062899275687
AVAXUSDT,300,2400,60.0,43.0,1.993738359179171,75.0,17.43198704128129,13.309807923355187,4.122179117926103,309.1634338444577,30.946571176218082
AVAXUSDT,300,4800,2.0,2.0,-123.374639405451,12.0,-16.137982664621294,13.407503357126409,-29.545486021747703,-354.5458322609724,152.04618478489235
AVAXUSDT,300,4800,5.0,8.0,74.02185010899171,18.0,-15.111539766059504,13.615447310063061,-28.726987076122555,-517.085767370206,128.33158496538476
AVAXUSDT,300,4800,20.0,21.0,57.46548310263618,37.0,43.95810651989575,13.270303624125294,30.687802895770457,1135.448707143507,75.35424348025568
AVAXUSDT,300,4800,60.0,35.0,28.06318182839796,48.0,12.373541647560103,13.260033305459297,-0.88649165789919,-42.55159957916112,58.325544900687916
AVAXUSDT,600,120,2.0,5.0,13.749244867511994,54.0,7.36770877252649,13.829790512434345,-6.462081739907853,-348.95241395502404,38.39134667844389
AVAXUSDT,600,120,5.0,10.0,-1.5875089829088944,71.0,12.188784154536721,13.779312473119141,-1.590528318582417,-112.92751061935161,28.02706289534159
AVAXUSDT,600,120,20.0,28.0,-14.056497021720542,137.0,-4.524191321338138,13.517766184075281,-18.041957505413418,-2471.748178241638,12.873141173502152
AVAXUSDT,600,120,60.0,84.0,-4.741224763694608,281.0,-0.1479013745525711,13.426200404771212,-13.574101779323781,-3814.3225999899823,6.46271333013518
AVAXUSDT,600,300,2.0,5.0,56.167513157417694,35.0,26.882370479699443,13.965835719211002,12.916534760488439,452.0787166170954,73.76833718419856
AVAXUSDT,600,300,5.0,9.0,25.383563368446417,46.0,22.228820236108863,13.607817685321688,8.621002550787178,396.5661173362102,36.8920582597238
AVAXUSDT,600,300,20.0,24.0,1.5282856575246324,90.0,-2.8440514153577663,13.416529513489621,-16.26058092884739,-1463.452283596265,17.457790105205262
AVAXUSDT,600,300,60.0,61.0,-1.474710186052653,177.0,-2.245249032082447,13.312947113114673,-15.558196145197119,-2753.80071769989,11.584279737842072
AVAXUSDT,600,600,2.0,5.0,55.30970888630409,21.0,47.639846213461006,14.288000658916676,33.35184555454433,700.3887566454309,107.4967645130959
AVAXUSDT,600,600,5.0,8.0,31.11633225754068,32.0,41.09180450325122,13.605643113810576,27.486161389440646,879.5571644621007,67.85525160490565
AVAXUSDT,600,600,20.0,21.0,7.93522646603147,59.0,16.027474115966147,13.327800169889445,2.6996739460767047,159.28076281852557,37.0595582269501
AVAXUSDT,600,600,60.0,48.0,5.348207071967249,126.0,19.30600142679869,13.312468425362711,5.993533001435977,755.1851581809331,15.01334378152201
AVAXUSDT,600,1200,2.0,5.0,57.95740127230514,15.0,10.295161647666976,13.859813891698161,-3.5646522440311847,-53.46978366046777,190.6980061375572
AVAXUSDT,600,1200,5.0,7.0,27.378832359997965,23.0,22.282903176763362,13.743206758408176,8.53969641835519,196.41301762216938,128.2050401551863
AVAXUSDT,600,1200,20.0,16.0,22.59180479077522,42.0,-10.719893588944492,13.305914964867565,-24.02580855381206,-1009.0839592601064,54.5115270194416
AVAXUSDT,600,1200,60.0,41.0,-3.6149152613076234,93.0,23.387575598241085,13.311452871439178,10.076122726801907,937.0794135925773,32.328026871697396
AVAXUSDT,600,2400,2.0,4.0,36.74590003020761,12.0,-51.25330389039173,14.01629191147555,-65.26959580186728,-783.2351496224074,142.75025108246976
AVAXUSDT,600,2400,5.0,7.0,8.743766692415734,18.0,57.196592227079755,13.886427619012872,43.31016460806688,779.5829629452038,84.5843052271147
AVAXUSDT,600,2400,20.0,15.0,9.737174277196385,36.0,40.79954340556512,13.31708128826557,27.482462117299548,989.3686362227837,52.81036913674925
AVAXUSDT,600,2400,60.0,33.0,8.643775021613925,68.0,22.545044704206813,13.311102001629845,9.233942702576972,627.908103775234,33.39919513679758
AVAXUSDT,600,4800,2.0,4.0,51.32096477099534,10.0,-12.634818933771939,14.16866529718088,-26.8034842309528,-268.034842309528,201.20815065821898
AVAXUSDT,600,4800,5.0,6.0,38.990762234754605,14.0,-1.9952981150261857,13.888709438506806,-15.88400755353299,-222.37610574946186,161.75927059394522
AVAXUSDT,600,4800,20.0,12.0,40.20074221949506,27.0,22.272652474740422,13.34423054531878,8.928421929421638,241.06739209438425,93.86452589607237
AVAXUSDT,600,4800,60.0,27.0,46.9498917365751,47.0,7.557792598059644,13.3546993095214,-5.796906711461755,-272.4546154387025,64.96590450147956
AVAXUSDT,1200,120,2.0,5.0,6.927562060405205,61.0,-5.889454106897508,13.896309291980957,-19.78576339887847,-1206.9315673315866,44.29899419710095
AVAXUSDT,1200,120,5.0,11.0,-11.370037428208636,81.0,-8.323238887928671,13.99847891931508,-22.321717807243754,-1808.059142386744,29.586455360946356
AVAXUSDT,1200,120,20.0,26.0,-11.946154335307877,139.0,-0.48474304728295464,13.466997848722164,-13.951740896005122,-1939.2919845447118,18.695447295004644
AVAXUSDT,1200,120,60.0,76.0,-7.001760499983591,244.0,-1.620054603617069,13.577003057027248,-15.197057660644317,-3708.0820691972135,6.286421440606478
AVAXUSDT,1200,300,2.0,5.0,55.84133476543004,37.0,27.57058569137336,13.844493258959098,13.726092432414266,507.8654199993278,38.40964732324925
AVAXUSDT,1200,300,5.0,8.0,19.873495855910218,46.0,9.068879521767203,14.125828046354142,-5.056948524586944,-232.61963213099943,29.24302343286654
AVAXUSDT,1200,300,20.0,20.0,8.44660478083306,81.0,10.546290383247818,13.40560996223657,-2.85931957898875,-231.60488589808875,21.85495350055389
AVAXUSDT,1200,300,60.0,53.0,-4.052590282316424,147.0,8.622366564523343,13.756582654970083,-5.134216090446742,-754.7297652956711,13.807389056828402
AVAXUSDT,1200,600,2.0,5.0,78.17519836489437,29.0,44.76807222916584,13.5353059333374,31.232766295828444,905.7502225790249,50.5688707421675
AVAXUSDT,1200,600,5.0,7.0,41.66173724649097,36.0,55.15218145209525,13.720715301469175,41.431466150626065,1491.5327814225384,61.94173366078877
AVAXUSDT,1200,600,20.0,17.0,16.204572505152377,59.0,41.18719108508496,13.553499337420524,27.633691747664432,1630.3878131122015,48.22610272792305
AVAXUSDT,1200,600,60.0,41.0,5.687767553301053,109.0,11.599830258409668,13.392748857306348,-1.792918598896687,-195.42812727973887,21.96983264354957
AVAXUSDT,1200,1200,2.0,5.0,66.00942558423824,19.0,97.62720649159115,13.689550105729731,83.93765638586142,1594.8154713313668,91.36625522472623
AVAXUSDT,1200,1200,5.0,7.0,23.532853292665482,24.0,80.08541634256665,13.749994067384689,66.33542227518195,1592.050134604367,83.65354574606198
AVAXUSDT,1200,1200,20.0,13.0,-1.734953793117493,38.0,24.132496260420144,13.438842518358381,10.693653742061752,406.35884219834657,55.91845880786819
AVAXUSDT,1200,1200,60.0,33.0,-5.076385123207729,74.0,17.281000050021106,13.357937417787317,3.9230626322337923,290.3066347853006,28.104303427217744
AVAXUSDT,1200,2400,2.0,3.0,15.57146284016178,15.0,-0.7012909288271677,13.80302776622386,-14.50431869505101,-217.56478042576515,181.3211932950227
AVAXUSDT,1200,2400,5.0,5.0,9.943112674606999,18.0,-46.20656539821477,13.851398319228029,-60.0579637174428,-1081.0433469139705,169.5947173946955
AVAXUSDT,1200,2400,20.0,11.0,-30.243539012329222,32.0,-27.085203994968026,13.35905054518511,-40.444254540153146,-1294.2161452849007,118.04204893683836
AVAXUSDT,1200,2400,60.0,27.0,6.281510310960194,56.0,-2.4175786234353898,13.382585256573252,-15.800163880008641,-884.8091772804839,30.60775508216136
AVAXUSDT,1200,4800,2.0,3.0,-39.1785955415078,12.0,37.65349879028683,13.706061379307535,23.9474374109793,287.3692489317516,210.00398450996383
AVAXUSDT,1200,4800,5.0,4.0,-16.200074910143208,14.0,-29.62577822968072,13.821970770978742,-43.44774900065947,-608.2684860092326,165.90521404151178
AVAXUSDT,1200,4800,20.0,8.0,29.733686615738858,23.0,44.501696122681416,13.412999708778253,31.088696413903158,715.0400175197726,80.99379726605605
AVAXUSDT,1200,4800,60.0,23.0,57.15386582940298,36.0,-29.073594497654817,13.405289039209435,-42.47888353686426,-1529.2398073271133,59.47412019711637
AVAXUSDT,2400,120,2.0,3.0,-2.4029955251162165,62.0,-23.131511460442205,13.828281791345486,-36.95979325178769,-2291.5071816108366,32.47864056559135
AVAXUSDT,2400,120,5.0,5.0,-28.248992280634905,69.0,-16.894901612308214,13.609787614747544,-30.504689227055763,-2104.8235566668477,29.32478307350037
AVAXUSDT,2400,120,20.0,19.0,-10.150173932654681,134.0,-4.285601319357145,13.465094407899791,-17.750695727256936,-2378.5932274524293,20.05338806404277
AVAXUSDT,2400,120,60.0,65.0,-4.673125732341288,219.0,1.2905350346628615,13.50201787169388,-12.211482837031017,-2674.3147413097927,11.67232592049469
AVAXUSDT,2400,300,2.0,2.0,21.18039227102826,33.0,-3.1907174714283486,13.638089464068027,-16.828806935496374,-555.3506288713803,34.47636194503492
AVAXUSDT,2400,300,5.0,4.0,29.521918896691673,38.0,-1.723550616074836,13.381781685294039,-15.105332301368872,-574.0026274520171,31.30881220541411
AVAXUSDT,2400,300,20.0,12.0,14.303777249309157,74.0,-7.3060269353134855,13.484824924427894,-20.790851859741377,-1538.523037620862,30.688355678744372
AVAXUSDT,2400,300,60.0,40.0,7.26747427399427,120.0,0.4082950893643812,13.44762825189746,-13.039333162533078,-1564.7199795039694,16.326472662984838
AVAXUSDT,2400,600,2.0,2.0,54.07680644481745,23.0,37.33495923333168,13.901076099693599,23.43388313363808,538.9793120736758,99.10608135988416
AVAXUSDT,2400,600,5.0,4.0,54.232165234522654,26.0,2.0060584117484663,13.387102445627903,-11.381044033879437,-295.90714488086536,42.585688594403805
AVAXUSDT,2400,600,20.0,9.0,18.62491350034699,49.0,-14.849680193104563,13.448603157350645,-28.298283350455208,-1386.6158841723052,45.65757497570858
AVAXUSDT,2400,600,60.0,29.0,21.999419915888165,85.0,2.108892408105307,13.348485314974802,-11.239592906869492,-955.3653970839067,23.95440508658042
AVAXUSDT,2400,1200,2.0,2.0,55.564176438507594,18.0,65.11433335042567,14.00786458124415,51.106468769181525,919.9164378452674,112.91297943503272
AVAXUSDT,2400,1200,5.0,4.0,81.53793657823624,18.0,46.652184281276405,14.132361234018184,32.51982304725822,585.356814850648,57.82673123892458
AVAXUSDT,2400,1200,20.0,8.0,11.707653995249515,35.0,11.860239662395498,13.42250938965398,-1.5622697272584796,-54.679440454046784,61.586998522597725
AVAXUSDT,2400,1200,60.0,22.0,9.147241288311875,63.0,26.167247496949088,13.351491628361027,12.815755868588058,807.3926197210476,34.023947055392824
AVAXUSDT,2400,2400,2.0,1.0,-48.68522764493742,12.0,-201.77743908638692,13.640970599535564,-215.4184096859224,-2585.020916231069,258.86532281708435
AVAXUSDT,2400,2400,5.0,3.0,92.62335165315456,12.0,-152.06374707045805,13.436073539387758,-165.49982060984578,-1985.9978473181495,165.19495041504024
AVAXUSDT,2400,2400,20.0,6.0,109.91819103089732,23.0,-9.970006693107011,13.424473060097984,-23.394479753204994,-538.0730343237149,82.09817918123179
AVAXUSDT,2400,2400,60.0,18.0,24.551579232551518,42.0,22.016766585072876,13.327555677561637,8.689210907511237,364.94685811547197,51.33801925228762
AVAXUSDT,2400,4800,2.0,1.0,-149.5696036685219,9.0,-149.67615662158812,13.766370625449182,-163.4425272470373,-1470.9827452233358,188.5135774727456
AVAXUSDT,2400,4800,5.0,2.0,72.85203531386173,9.0,-148.33302952869306,13.347809349578599,-161.6808388782717,-1455.1275499044452,170.2977275852417
AVAXUSDT,2400,4800,20.0,4.0,143.56068654014325,16.0,50.529781763273405,13.51208199022931,37.01769977304411,592.2831963687057,102.28031431691188
AVAXUSDT,2400,4800,60.0,15.0,80.76362996032525,34.0,57.500044018550106,13.347698379443793,44.15234563910633,1501.1797517296152,51.80899578192202
BCHUSDT,120,120,2.0,8.0,-24.074044094967462,72.0,-3.9018354806557545,14.789672271979063,-18.69150775263482,-1345.788558189707,26.381759649151373
BCHUSDT,120,120,5.0,21.0,-18.486300666182952,110.0,2.3357758440293,14.193006505940096,-11.857230661910796,-1304.2953728101875,18.0649851941538
BCHUSDT,120,120,20.0,68.0,-17.108467791307305,233.0,-7.153360996913793,13.726355509321836,-20.879716506235628,-4864.973945952901,10.30826881391106
BCHUSDT,120,120,60.0,158.0,-11.293732214648116,489.0,0.10718578826750369,13.734464001463932,-13.62727821319643,-6663.739046253054,5.110594516857375
BCHUSDT,120,300,2.0,8.0,9.62925030510803,46.0,13.82669523258555,14.37559050195662,-0.548895269371068,-25.24918239106913,33.13782555554087
BCHUSDT,120,300,5.0,19.0,4.364778018549099,71.0,-0.8640066338613602,13.781481905431274,-14.645488539292632,-1039.8296862897769,28.28655149112848
BCHUSDT,120,300,20.0,53.0,-7.6378812229776765,151.0,-3.1649662640468206,13.604674582079449,-16.769640846126272,-2532.215767765067,15.196926134683817
BCHUSDT,120,300,60.0,116.0,-14.186374333319831,311.0,-0.17229419102917803,13.532290589051556,-13.704584780080737,-4262.125866605109,7.207584137998175
BCHUSDT,120,600,2.0,8.0,17.23082683254701,36.0,21.153919403360806,14.151906115695205,7.002013287665609,252.07247835596195,54.352749032738735
BCHUSDT,120,600,5.0,18.0,4.325451150818452,52.0,16.39747499200552,13.709568003340378,2.687906988665138,139.77116341058718,36.13337935760476
BCHUSDT,120,600,20.0,45.0,-6.830719247804267,105.0,1.3229818123013874,13.495192540246864,-12.172210727945478,-1278.082126434275,24.073063834679676
BCHUSDT,120,600,60.0,92.0,-2.7413417809868497,216.0,-4.797469165253568,13.469481709159002,-18.26695087441257,-3945.661388873115,13.807363488560547
BCHUSDT,120,1200,2.0,8.0,24.438466957008274,26.0,-11.781228036214298,14.299072967416206,-26.080301003630503,-678.0878260943931,57.24481714314595
BCHUSDT,120,1200,5.0,16.0,-7.313912128207555,38.0,-23.820298348543428,13.689808820543162,-37.510107169086595,-1425.3840724252907,62.20675763389819
BCHUSDT,120,1200,20.0,36.0,-4.898551505017391,72.0,30.29013911712698,13.676207520793374,16.613931596333604,1196.2030749360194,27.50067783308619
BCHUSDT,120,1200,60.0,76.0,4.262070586997724,149.0,7.075573856934553,13.527418404410406,-6.451844547475852,-961.3248375739018,15.712489630655986
BCHUSDT,120,2400,2.0,6.0,22.90583198115858,21.0,-8.220856699295208,14.512351268362389,-22.733207967657595,-477.3973673208095,125.64641880559563
BCHUSDT,120,2400,5.0,13.0,-15.383992813141056,30.0,40.248284946947656,13.660565942880568,26.587719004067086,797.6315701220126,55.520967407799624
BCHUSDT,120,2400,20.0,32.0,-8.462791343046408,56.0,32.4908723757995,13.462628740158179,19.028243635641314,1065.5816435959136,40.87621022787664
BCHUSDT,120,2400,60.0,59.0,1.5865912255488601,96.0,-4.665965758796713,13.496905719290085,-18.162871478086796,-1743.6356618963325,27.779257848619213
BCHUSDT,120,4800,2.0,6.0,1.9073108579541393,18.0,-61.38156461168683,14.722539111751992,-76.10410372343884,-1369.873867021899,148.61505347190842
BCHUSDT,120,4800,5.0,12.0,2.9338153120835195,24.0,-45.71188853274464,13.584271620849398,-59.29616015359403,-1423.1078436862567,123.88627266543037
BCHUSDT,120,4800,20.0,26.0,-12.49293197405629,41.0,50.71687246988954,13.388654575148827,37.32821789474071,1530.456933684369,61.92233914037015
BCHUSDT,120,4800,60.0,50.0,6.700913712355503,63.0,-20.72645998098632,13.505354895997492,-34.2318148769838,-2156.6043372499794,53.099306672580056
BCHUSDT,300,120,2.0,5.0,-24.27189083769826,52.0,-9.539250552874377,14.924589161730504,-24.463839714604887,-1272.1196651594541,48.09995592526125
BCHUSDT,300,120,5.0,12.0,-12.767264912867594,85.0,1.8768648636171823,13.796851776602352,-11.91998691298517,-1013.1988876037394,27.60753943529186
BCHUSDT,300,120,20.0,47.0,-9.05192119584996,191.0,-5.857690199399078,13.906318100782405,-19.764008300181484,-3774.925585334663,10.85978211859042
BCHUSDT,300,120,60.0,114.0,-9.314276453114775,320.0,-1.3322411085364831,13.687053631639461,-15.01929474017594,-4806.174316856301,6.840472910727673
BCHUSDT,300,300,2.0,4.0,17.458448455850842,31.0,-18.241639691464588,14.07262483214502,-32.3142645236096,-1001.7422002318978,50.24508478335183
BCHUSDT,300,300,5.0,10.0,8.552229650746945,54.0,23.353116953707882,14.100992443128414,9.25212451057947,499.6147235712914,36.491635379252955
BCHUSDT,300,300,20.0,37.0,2.4781633481165346,125.0,-2.016445342994738,14.10772466720674,-16.12417001020148,-2015.521251275185,12.800896681049258
BCHUSDT,300,300,60.0,81.0,-7.812539112647581,208.0,-0.1262264190118659,13.533409820487556,-13.659636239499426,-2841.2043378158805,10.565787713191034
BCHUSDT,300,600,2.0,4.0,31.905868374482864,24.0,36.28995135469335,13.846093931655728,22.443857423037628,538.6525781529031,60.29993763151668
BCHUSDT,300,600,5.0,10.0,9.683999647752652,39.0,45.58522274301821,13.769852903126289,31.81536983989191,1240.7994237557846,45.59189206995676
BCHUSDT,300,600,20.0,33.0,5.036772791479753,85.0,0.4355804020809332,13.82612091887722,-13.39054051679629,-1138.1959439276848,26.15172341959189
BCHUSDT,300,600,60.0,63.0,-3.6028392396866384,145.0,21.70398255852723,13.579190848987404,8.124791709539824,1178.0947978832746,18.95364875956396
BCHUSDT,300,1200,2.0,4.0,36.14886809350307,17.0,25.15605332738843,13.895153523122042,11.260899804266385,191.43529667252855,72.69693147576109
BCHUSDT,300,1200,5.0,10.0,17.12614650929985,28.0,-7.322359135715646,13.602913973869716,-20.92527310958537,-585.9076470683904,75.48490670847056
BCHUSDT,300,1200,20.0,26.0,9.967430448215474,61.0,10.130721344842122,13.734060102297459,-3.6033387574553295,-219.8036642047751,47.17607826820567
BCHUSDT,300,1200,60.0,51.0,4.603626713074797,103.0,36.34881132003474,13.563620039433253,22.78519128060149,2346.874701901954,30.428234585441466
BCHUSDT,300,2400,2.0,2.0,27.101821915381255,14.0,-19.546258020298744,13.900803336438674,-33.44706135673743,-468.258858994324,179.33247713639835
BCHUSDT,300,2400,5.0,8.0,1.670774999613776,22.0,32.80696563809385,13.608734345330468,19.198231292763385,422.36108844079445,80.4071142447604
BCHUSDT,300,2400,20.0,24.0,26.18451574586736,49.0,35.72962647431638,13.755245376595688,21.9743810977207,1076.7446737883142,37.814379000702665
BCHUSDT,300,2400,60.0,42.0,-5.56768246005929,75.0,20.93004481383763,13.535124932331076,7.39491988150655,554.6189911129912,31.064293159853587
BCHUSDT,300,4800,2.0,2.0,-91.0903717038569,12.0,-58.790149829176606,13.799474373288675,-72.58962420246529,-871.0754904295835,187.69286790048824
BCHUSDT,300,4800,5.0,8.0,30.243979753996047,18.0,-45.771144482952636,13.624546289819689,-59.39569077277234,-1069.1224339099022,157.81090393752584
BCHUSDT,300,4800,20.0,21.0,24.2472055476446,34.0,58.266877577793984,13.72223134708302,44.54464623071097,1514.517971844173,69.90528492876122
BCHUSDT,300,4800,60.0,34.0,17.937051494926358,48.0,5.08709973588271,13.483289431464206,-8.396189695581503,-403.0171053879121,50.68323395681496
BCHUSDT,600,120,2.0,5.0,-4.014151140588764,53.0,14.55092081671012,14.814670928791232,-0.26375011208110843,-13.978755940298747,48.56527527965404
BCHUSDT,600,120,5.0,11.0,-14.674705280491162,70.0,18.793953978672178,14.137860862769907,4.656093115902276,325.92651811315926,38.27318481306264
BCHUSDT,600,120,20.0,27.0,-18.155016284508772,136.0,3.8097345270608503,14.042499447061884,-10.232764920001031,-1391.6560291201401,14.502388451037962
BCHUSDT,600,120,60.0,84.0,-7.377793379195593,279.0,0.18787735875392275,13.831285649781385,-13.643408291027463,-3806.510913196662,6.513517413332372
BCHUSDT,600,300,2.0,5.0,43.96587391986752,34.0,31.686138244348534,14.999903472286961,16.686234772061564,567.3319822500931,84.83904796960496
BCHUSDT,600,300,5.0,10.0,9.431018550023397,45.0,19.454358388242323,14.274372658625236,5.179985729617087,233.09935783276893,34.47859741529306
BCHUSDT,600,300,20.0,23.0,-4.170892444297606,90.0,6.567836640799786,13.898548994634606,-7.330712353834818,-659.7641118451336,18.48955354460317
BCHUSDT,600,300,60.0,61.0,-6.779142697840053,176.0,7.092938268558044,13.689962402747794,-6.597024134189746,-1161.0762476173952,11.55947831910228
BCHUSDT,600,600,2.0,5.0,34.09214901307313,21.0,19.095060656375125,14.354116499496408,4.740944156878733,99.55982729445338,85.18560113393335
BCHUSDT,600,600,5.0,9.0,19.866292135469152,31.0,10.221476091245218,13.768722214098386,-3.5472461228531746,-109.96462980844841,55.50331412965564
BCHUSDT,600,600,20.0,20.0,-0.8495007665881424,59.0,20.778403899187108,13.715688689667774,7.062715209519327,416.7001973616403,37.1754975600619
BCHUSDT,600,600,60.0,48.0,-3.1550472763779527,125.0,23.76916733114861,13.626840383330274,10.142326947818338,1267.7908684772922,15.999211150953235
BCHUSDT,600,1200,2.0,5.0,49.552962387255164,15.0,-6.29933342415455,14.252098843696881,-20.551432267851432,-308.27148401777146,165.82349692202416
BCHUSDT,600,1200,5.0,8.0,18.864666577668007,21.0,-12.779606001542131,13.79205080474697,-26.571656806289102,-558.0047929320712,111.36349104502133
BCHUSDT,600,1200,20.0,16.0,2.3867451583632375,42.0,13.081778476614758,13.736458552694542,-0.6546800760797861,-27.496563195351015,48.31030210103661
BCHUSDT,600,1200,60.0,41.0,-10.036206534026238,91.0,23.176291445595485,13.534282995191061,9.642008450404425,877.4227689868027,31.668620505135575
BCHUSDT,600,2400,2.0,4.0,68.62675091137658,12.0,-59.74388772894357,14.022835669634077,-73.76672339857764,-885.2006807829317,171.33211894792205
BCHUSDT,600,2400,5.0,7.0,10.52021937178483,16.0,27.166464046731875,13.957930045272425,13.208534001459444,211.3365440233511,87.97399729856025
BCHUSDT,600,2400,20.0,15.0,7.4360219216802115,36.0,38.438837486137956,13.718362361629618,24.720475124508347,889.9371044823005,51.97987343570023
BCHUSDT,600,2400,60.0,33.0,-3.283687727193692,67.0,27.04492081838293,13.834272118720321,13.210648699662615,885.1134628773952,32.35183342656685
BCHUSDT,600,4800,2.0,4.0,29.740834383962984,10.0,-25.95183469691065,14.178886753003946,-40.1307214499146,-401.307214499146,204.07350293366676
BCHUSDT,600,4800,5.0,6.0,8.683511846389917,12.0,-51.29616466844186,13.952801423905804,-65.24896609234766,-782.987593108172,218.5236018674087
BCHUSDT,600,4800,20.0,12.0,4.706027416798782,27.0,15.375122606759625,13.89183223191242,1.4832903748472037,40.0488401208745,113.63864668578204
BCHUSDT,600,4800,60.0,27.0,27.37631209470503,46.0,-1.0772842802816118,13.60211624632561,-14.679400526607223,-675.2524242239323,65.05327518743475
BCHUSDT,1200,120,2.0,5.0,4.130962066098542,62.0,-1.307609104928515,14.427429822447888,-15.73503892737641,-975.5724134973374,34.171769986147304
BCHUSDT,1200,120,5.0,12.0,-4.046030870999782,85.0,6.768264363572421,14.108779966871634,-7.340515603299221,-623.9438262804338,20.487436308675903
BCHUSDT,1200,120,20.0,26.0,-16.13564199020287,140.0,0.8102335065854654,13.904073225382714,-13.093839718797248,-1833.1375606316149,18.486093254963187
BCHUSDT,1200,120,60.0,77.0,-13.5472575900575,241.0,3.4187976151855937,13.779962285402883,-10.361164670217292,-2497.0406855223673,6.748210022510236
BCHUSDT,1200,300,2.0,5.0,45.84643013932444,37.0,28.004293675954756,14.137621917403143,13.866671758551615,513.0668550664097,31.112195263865633
BCHUSDT,1200,300,5.0,9.0,19.911319527867047,49.0,8.515035899038077,13.932881357662735,-5.417845458624656,-265.47442747260817,23.449651800338664
BCHUSDT,1200,300,20.0,20.0,-4.251848655913901,82.0,8.63429702954992,13.728998197313963,-5.094701167764043,-417.76549575665155,22.98006013770822
BCHUSDT,1200,300,60.0,54.0,-12.048544782298817,148.0,6.998003660240388,13.628296808676922,-6.6302931484365315,-981.2833859686067,11.498601600557631
BCHUSDT,1200,600,2.0,5.0,55.140156901845046,29.0,31.550212891217566,14.204712412149748,17.345500479067823,503.01951389296687,54.633365790772224
BCHUSDT,1200,600,5.0,8.0,31.786685344529108,37.0,16.107186837584372,14.014121091815149,2.093065745769216,77.44343259346098,47.21283992961382
BCHUSDT,1200,600,20.0,17.0,0.1491163734746642,60.0,19.572946620463085,13.775893371616664,5.7970532488464235,347.8231949307854,35.9942254158037
BCHUSDT,1200,600,60.0,42.0,-12.827929110540879,109.0,9.009579884495663,13.576478074063287,-4.566898189567623,-497.7919026628709,19.987486823360673
BCHUSDT,1200,1200,2.0,5.0,46.85884062887791,19.0,51.48685517637252,14.612311744833312,36.87454343153921,700.616325199245,80.37164831790594
BCHUSDT,1200,1200,5.0,8.0,16.60210972191117,24.0,-25.999948158252483,13.994413140653975,-39.99436129890646,-959.8646711737551,89.33503321681417
BCHUSDT,1200,1200,20.0,13.0,-2.9829746612053416,39.0,18.760197381960747,13.83481742423492,4.925379957725831,192.0898183513074,44.46689738915963
BCHUSDT,1200,1200,60.0,34.0,-10.196436326705118,75.0,17.885892293451104,13.558106019133229,4.327786274317871,324.58397057384036,25.317884808935915
BCHUSDT,1200,2400,2.0,3.0,34.7740746508172,15.0,-9.054168625359413,14.897301887025828,-23.951470512385253,-359.2720576857788,175.70949431440175
BCHUSDT,1200,2400,5.0,6.0,10.725526211017245,18.0,-40.95060976484692,13.850964388878205,-54.80157415372511,-986.4283347670521,97.60807896308687
BCHUSDT,1200,2400,20.0,11.0,-8.558369279271055,32.0,-15.694726339705761,13.842524674505661,-29.53725101421142,-945.1920324547655,107.35154986578058
BCHUSDT,1200,2400,60.0,28.0,-0.8316326487720518,57.0,22.72611545716832,13.662704801231008,9.063410655937309,516.6144073884266,30.10730424308748
BCHUSDT,1200,4800,2.0,3.0,-64.03815815369695,12.0,-7.767035953619261,15.267981001997773,-23.035016955617028,-276.42020346740435,204.79297822905113
BCHUSDT,1200,4800,5.0,5.0,-22.761994981705197,14.0,-64.02737525244711,13.956683935442053,-77.98405918788919,-1091.7768286304486,177.6440469127013
BCHUSDT,1200,4800,20.0,8.0,4.337962846701387,23.0,57.10461740491834,14.011928174246053,43.09268923067229,991.1318523054628,89.5888899979128
BCHUSDT,1200,4800,60.0,24.0,38.858653172321276,37.0,16.66250782435817,13.545181164342278,3.117326660015888,115.34108642058786,60.96949158408491
BCHUSDT,2400,120,2.0,3.0,-22.725983864455145,62.0,2.9545850243736154,14.410122539591262,-11.455537515217651,-710.2433259434944,22.51149203759799
BCHUSDT,2400,120,5.0,5.0,-28.11164253176661,69.0,-11.9884577489083,14.130414162257914,-26.118871911166217,-1802.202161870469,25.110044450551502
BCHUSDT,2400,120,20.0,18.0,-23.499063518552738,135.0,-2.3683926785622598,13.989735273529266,-16.358127952091525,-2208.3472735323558,22.851143123865835
BCHUSDT,2400,120,60.0,66.0,-7.417538446409562,225.0,1.5122961304221654,13.773911037382861,-12.261614906960695,-2758.8633540661563,9.312174790388081
BCHUSDT,2400,300,2.0,2.0,0.5119386319374826,33.0,7.403017678215999,14.152808705807058,-6.749791027591058,-222.74310391050494,36.92677573279266
BCHUSDT,2400,300,5.0,4.0,17.23063538578013,38.0,-1.1664986511881676,13.881856497487144,-15.048355148675315,-571.837495649662,29.585809761934936
BCHUSDT,2400,300,20.0,11.0,-2.875325643372493,76.0,-9.905400215306509,14.090849653779825,-23.99624986908633,-1823.714990050561,30.58764043320709
BCHUSDT,2400,300,60.0,42.0,3.797470340073018,122.0,0.5590277377372562,13.729642900801851,-13.170615163064598,-1606.815049893881,16.600572134318114
BCHUSDT,2400,600,2.0,2.0,10.774338751682922,23.0,30.623581078286037,14.00867482973641,16.614906248549612,382.1428437166411,64.88443148565351
BCHUSDT,2400,600,5.0,4.0,20.986458572541952,26.0,-3.5587632649984298,14.082904382484294,-17.64166764748272,-458.68335883455075,31.95454590865265
BCHUSDT,2400,600,20.0,8.0,-2.3629162839454665,49.0,-16.78930175719538,13.669610270999328,-30.458912028194707,-1492.4866893815406,41.62162439669543
BCHUSDT,2400,600,60.0,31.0,2.34142368782093,87.0,-0.4605393994102811,13.593725475051698,-14.054264874461976,-1222.7210440781919,22.297505063418694
BCHUSDT,2400,1200,2.0,2.0,18.26158442459762,18.0,66.16433497202318,14.122221685737804,52.04211328628537,936.7580391531367,76.41979001698029
BCHUSDT,2400,1200,5.0,4.0,34.35264953063983,18.0,37.13790637142216,14.269391903338137,22.86851446808403,411.6332604255125,40.68630808672207
BCHUSDT,2400,1200,20.0,8.0,5.532816595431423,35.0,-3.581399716763775,13.711619759827268,-17.293019476591052,-605.2556816806868,58.38178126847491
BCHUSDT,2400,1200,60.0,24.0,7.4377028061118,64.0,34.56038048549378,13.602008703186266,20.958371782307513,1341.3357940676808,33.12877975546322
BCHUSDT,2400,2400,2.0,1.0,1.1938554330408895,12.0,-167.4999244034074,13.943496440609591,-181.44342084401694,-2177.3210501282033,246.18110564340188
BCHUSDT,2400,2400,5.0,3.0,29.020753402591165,12.0,-132.62288436911723,14.054418754214462,-146.67730312333165,-1760.12763747998,161.4963597782613
BCHUSDT,2400,2400,20.0,6.0,58.38855507919493,23.0,-22.621926766695324,13.74508047775519,-36.36700724445053,-836.4411666223622,100.86068409184458
BCHUSDT,2400,2400,60.0,20.0,30.297477077975195,45.0,-1.2512056085981071,13.52034057544065,-14.771546184038758,-664.7195782817441,57.4802855381172
BCHUSDT,2400,4800,2.0,1.0,-160.90208274432146,9.0,-94.37737845233447,14.125788363647533,-108.50316681598201,-976.5285013438381,207.6936185190774
BCHUSDT,2400,4800,5.0,2.0,-7.9730760501663696,9.0,-107.41866149597834,14.27507271171617,-121.69373420769449,-1095.2436078692504,184.84387194584158
BCHUSDT,2400,4800,20.0,4.0,92.64521122467167,16.0,36.158286848901454,13.825870926395307,22.33241592250615,357.3186547600984,103.57046872444481
BCHUSDT,2400,4800,60.0,18.0,59.7144803162086,37.0,41.50355525987289,13.519196738330304,27.984358521542585,1035.4212652970757,52.443623776019734
BICOUSDT,120,120,2.0,9.0,-28.33319574028674,76.0,-18.154994112848538,24.428497585975293,-42.58349169882384,-3236.345369110612,35.30098652244723
BICOUSDT,120,120,5.0,21.0,-23.544664921221983,112.0,-13.372622246069866,22.92178239175928,-36.29440463782914,-4064.973319436863,24.454314921079806
BICOUSDT,120,120,20.0,68.0,-25.40315841098836,244.0,-3.2403481973466035,20.38283616315237,-23.62318436049897,-5764.056983961749,9.518126379596065
BICOUSDT,120,120,60.0,161.0,-20.25958686203166,501.0,0.03676077491790798,19.52819438114447,-19.49143360622656,-9765.208236719507,6.389539905234472
BICOUSDT,120,300,2.0,9.0,7.94537837071615,49.0,12.41715431703125,23.266012374174792,-10.848858057143545,-531.5940448000337,31.654233704998706
BICOUSDT,120,300,5.0,19.0,2.7569272970117935,71.0,-11.189306370972876,22.03460977906754,-33.22391615004042,-2358.8980466528697,30.660011428857064
BICOUSDT,120,300,20.0,52.0,-16.173429455662088,157.0,15.397832263469013,19.276210075249956,-3.8783778117809464,-608.9053164496086,19.99383807247353
BICOUSDT,120,300,60.0,118.0,-29.05614142073228,319.0,4.356985506479888,19.087526153811307,-14.730540647331424,-4699.042466498724,8.632027794617931
BICOUSDT,120,600,2.0,9.0,26.804342772374056,39.0,-1.0513592276614332,22.878520589430497,-23.929879817091937,-933.2653128665855,62.30354680208645
BICOUSDT,120,600,5.0,18.0,5.634590675148413,52.0,19.724929301962202,21.283856045263878,-1.5589267433016796,-81.06419065168734,37.249538282266265
BICOUSDT,120,600,20.0,45.0,-14.970767507702506,113.0,15.465124544975788,18.75564894143156,-3.290524396455762,-371.8292567995011,26.73372754820216
BICOUSDT,120,600,60.0,92.0,-16.597567610456164,217.0,-5.563781053215171,18.68065274527621,-24.24443379849138,-5261.0421342726295,15.646384133836744
BICOUSDT,120,1200,2.0,9.0,29.46227929778287,28.0,-39.897148245489745,20.443501234794905,-60.34064948028464,-1689.53818544797,64.95751705223218
BICOUSDT,120,1200,5.0,16.0,-1.4858028340843052,39.0,-37.11439424403198,19.66884593581497,-56.78324017984695,-2214.546367014031,69.82706131272727
BICOUSDT,120,1200,20.0,36.0,-20.88663679932768,76.0,63.89088922590033,18.41757261844089,45.473316607459445,3455.972062166918,45.695990384459776
BICOUSDT,120,1200,60.0,76.0,-10.427486462057496,148.0,16.294152857077773,18.49914426243049,-2.204991405352716,-326.33872799220194,19.897697761906866
BICOUSDT,120,2400,2.0,7.0,12.244403594012038,22.0,-34.75377930418672,19.163976992967036,-53.91775629715378,-1186.1906385373832,131.44299796667983
BICOUSDT,120,2400,5.0,13.0,-6.274609247654359,30.0,16.545797534415577,18.989752393545288,-2.4439548591296982,-73.31864577389095,66.32172252958868
BICOUSDT,120,2400,20.0,32.0,-7.286430152257346,59.0,45.00089710460188,18.586363349534125,26.41453375506775,1558.4574915489973,51.26954607986299
BICOUSDT,120,2400,60.0,60.0,0.032376585139895296,99.0,8.98103071928966,17.956960545246698,-8.975929825957039,-888.6170527697468,37.06312115661938
BICOUSDT,120,4800,2.0,7.0,32.72583216931726,19.0,-55.3355050235445,19.224384850938492,-74.55988987448298,-1416.6379076151766,152.4772175048464
BICOUSDT,120,4800,5.0,12.0,-10.575693878594285,24.0,-27.33468979995953,18.752303629555993,-46.08699342951553,-1106.0878423083727,131.60966551388242
BICOUSDT,120,4800,20.0,26.0,-20.44896333134457,42.0,120.29638426668546,17.974642825302737,102.32174144138273,4297.513140538074,93.49193823702842
BICOUSDT,120,4800,60.0,50.0,8.046356241790276,63.0,4.207027589168417,17.586115659530602,-13.379088070362187,-842.8825484328178,71.03364264055064
BICOUSDT,300,120,2.0,5.0,-32.65635671165525,54.0,-12.694897438994438,25.777417958005298,-38.47231539699974,-2077.505031437986,58.354236372764205
BICOUSDT,300,120,5.0,12.0,-25.44556082443479,86.0,-7.9938723029662215,23.19545363923052,-31.18932594219674,-2682.2820310289194,36.1868476484552
BICOUSDT,300,120,20.0,49.0,-13.66234076704231,195.0,-4.742500422847018,21.08875320506204,-25.83125362790906,-5037.0944574422665,14.445948961067874
BICOUSDT,300,120,60.0,112.0,-16.153062925620247,318.0,-1.974546999850965,20.247247211740685,-22.221794211591646,-7066.530559286144,8.87921492239706
BICOUSDT,300,300,2.0,4.0,20.79618831733093,32.0,-11.121671158289582,25.978279741397046,-37.09995089968663,-1187.1984287899722,57.66702779518693
BICOUSDT,300,300,5.0,10.0,3.5111398128815923,54.0,15.604773826377736,22.34552875122474,-6.740754924846997,-364.0007659417378,34.995264343359295
BICOUSDT,300,300,20.0,39.0,3.7610024906264403,128.0,5.747093033403734,20.27925920755628,-14.532166174152547,-1860.117270291526,16.76726058205806
BICOUSDT,300,300,60.0,81.0,-13.16980422179033,209.0,2.6870458666677846,19.092072170712253,-16.405026304044473,-3428.6504975452945,11.711340001349075
BICOUSDT,300,600,2.0,4.0,50.79634272792971,25.0,57.398941634047915,27.6387633359984,29.760178298049503,744.0044574512376,75.67009874543734
BICOUSDT,300,600,5.0,10.0,12.227611647455614,39.0,49.837848173546625,22.602943602815238,27.23490457073138,1062.161278258524,55.52602113302276
BICOUSDT,300,600,20.0,35.0,14.147952524505532,88.0,9.168622827505205,20.048782018978137,-10.880159191472927,-957.4540088496176,35.76418516628398
BICOUSDT,300,600,60.0,63.0,-16.30382243987993,146.0,39.27532225530638,19.003878170188184,20.271444085118187,2959.6308364272554,23.213633633664593
BICOUSDT,300,1200,2.0,4.0,63.76845312697349,18.0,42.4284614870166,26.564465949162425,15.863995537854173,285.5519196813751,102.16339767949862
BICOUSDT,300,1200,5.0,10.0,19.12730592740747,28.0,-17.88360649701449,20.728979383772316,-38.6125858807868,-1081.1524046620304,77.48302516338617
BICOUSDT,300,1200,20.0,28.0,24.84750928117418,63.0,1.1828772482896366,19.222193088894723,-18.03931584060507,-1136.4768979581195,54.08260449941303
BICOUSDT,300,1200,60.0,50.0,-19.320778278630495,104.0,47.82438598377192,18.51186899232782,29.312516991444088,3048.501767110185,43.03178409253602
BICOUSDT,300,2400,2.0,2.0,-92.45841525882088,15.0,-37.16304302835759,23.363671236645942,-60.52671426500354,-907.9007139750531,195.114959657116
BICOUSDT,300,2400,5.0,8.0,-22.79949546091848,22.0,-10.950542245543945,19.271947455970164,-30.22248970151412,-664.8947734333107,97.15214244520924
BICOUSDT,300,2400,20.0,25.0,58.82171932317225,50.0,-28.120215552051373,18.490934965186394,-46.61115051723777,-2330.5575258618883,64.96429053276042
BICOUSDT,300,2400,60.0,41.0,-11.324985345591196,75.0,18.313288061388594,18.33293063847237,-0.019642577083767872,-1.4731932812825903,46.44316254883518
BICOUSDT,300,4800,2.0,2.0,-176.9974801842605,12.0,12.234438487021272,22.202299829702895,-9.967861342681628,-119.61433611217953,185.0797429807546
BICOUSDT,300,4800,5.0,8.0,12.195155673402272,18.0,-43.81596826705518,18.99246044552291,-62.808428712578106,-1130.551716826406,155.82964560738822
BICOUSDT,300,4800,20.0,22.0,47.04464756120087,35.0,27.139887530677008,18.384565455589193,8.75532207508781,306.4362726280733,111.96891227141941
BICOUSDT,300,4800,60.0,33.0,20.62880237939514,48.0,6.578897236521571,18.287707612080982,-11.708810375559414,-562.0228980268519,79.30581236969607
BICOUSDT,600,120,2.0,4.0,-14.011968917467314,54.0,7.220752950325366,25.248606815493478,-18.02785386516811,-973.5041087190781,42.267125369706534
BICOUSDT,600,120,5.0,10.0,-15.875671658793419,69.0,17.744971247354865,25.469709614504946,-7.724738367150078,-533.0069473333554,33.373730363025274
BICOUSDT,600,120,20.0,28.0,-21.012224241623425,138.0,3.1401067453073876,21.69363867081904,-18.553531925511656,-2560.3874057206085,16.126320653952593
BICOUSDT,600,120,60.0,84.0,-13.319683628919941,285.0,5.537666277909987,19.881781618262924,-14.344115340352937,-4088.0728720005873,8.489903555628207
BICOUSDT,600,300,2.0,4.0,44.25800214016417,35.0,35.79279278947799,24.305297481849262,11.487495307628725,402.0623357670054,82.99689436686008
BICOUSDT,600,300,5.0,9.0,20.224534995228638,44.0,16.95740765090469,24.972222493558164,-8.014814842653472,-352.6518530767528,36.46206466016141
BICOUSDT,600,300,20.0,24.0,-6.237119433895046,91.0,7.923947377237571,21.049492231788886,-13.125544854551311,-1194.4245817641693,22.28520046109261
BICOUSDT,600,300,60.0,61.0,-4.496707134298907,179.0,3.452015015603059,19.352098811604083,-15.90008379600102,-2846.1149994841826,16.510541813770534
BICOUSDT,600,600,2.0,4.0,31.616243854359016,21.0,34.032169664677255,24.988179542984334,9.043990121692925,189.92379255555142,107.03626653922514
BICOUSDT,600,600,5.0,8.0,25.159116778049444,30.0,35.97358623139868,24.183569063887187,11.790017167511497,353.7005150253449,75.22017827630208
BICOUSDT,600,600,20.0,21.0,3.4568753020109293,60.0,21.00347087960458,20.440171851722724,0.5632990278818499,33.797941672910994,45.27829369138248
BICOUSDT,600,600,60.0,48.0,-0.9738642327959209,129.0,35.812441955968765,19.19982586335374,16.61261609261502,2143.0274759473377,20.041086010122708
BICOUSDT,600,1200,2.0,4.0,47.16457155993997,15.0,-10.428614147221559,25.86278649740278,-36.29140064462433,-544.371009669365,181.50522992195172
BICOUSDT,600,1200,5.0,7.0,17.925909746611,21.0,-12.376755147625307,22.035306452395762,-34.41206160002106,-722.6532936004423,131.31141764373143
BICOUSDT,600,1200,20.0,17.0,4.369906962008592,43.0,4.970211959478528,20.07448880250191,-15.104276843023383,-649.4839042500055,62.70081712635428
BICOUSDT,600,1200,60.0,40.0,-12.016553986375973,92.0,32.190320754275845,18.65954163500982,13.53077911926602,1244.8316789724738,43.941975199082265
BICOUSDT,600,2400,2.0,3.0,-38.899097993914715,12.0,-31.287414105481787,24.30256033295153,-55.58997443843332,-667.0796932611998,175.69909394356748
BICOUSDT,600,2400,5.0,7.0,45.79227225685761,16.0,-2.656790927439914,21.519301181341266,-24.17609210878117,-386.8174737404987,125.135603112977
BICOUSDT,600,2400,20.0,16.0,17.825173938762664,36.0,-9.527131544469395,19.59451887758042,-29.121650422049825,-1048.3794151937936,88.72303798512824
BICOUSDT,600,2400,60.0,32.0,12.990541153902956,68.0,29.531029716873793,18.442162295284156,11.088867421589635,754.0429846680952,49.330016305063324
BICOUSDT,600,4800,2.0,3.0,-67.4185246788434,10.0,94.96493565746356,22.807438253156512,72.15749740430707,721.5749740430706,225.353312856079
BICOUSDT,600,4800,5.0,6.0,-1.983125324741965,13.0,31.77286149586183,21.688994817174596,10.08386667868724,131.09026682293413,203.18565376190728
BICOUSDT,600,4800,20.0,13.0,0.7970576261480405,27.0,58.41748434442089,19.574052721928723,38.84343162249218,1048.7726538072889,133.52547961799092
BICOUSDT,600,4800,60.0,27.0,60.29308401074455,46.0,44.1041515547789,18.054560491501235,26.049591063277663,1198.2811889107725,100.22108514667345
BICOUSDT,1200,120,2.0,5.0,-6.542196012424299,63.0,-3.583013552260496,23.652144324937034,-27.23515787719753,-1715.8149462634444,56.542036654213696
BICOUSDT,1200,120,5.0,12.0,-17.872995179097703,86.0,-2.548216573570663,24.09652913998159,-26.644745713552258,-2291.448131365494,34.25342805233546
BICOUSDT,1200,120,20.0,26.0,-18.493382158291517,142.0,10.120019497017346,22.38069922634494,-12.260679729327595,-1741.0165215645186,23.863322498789937
BICOUSDT,1200,120,60.0,75.0,-20.84125425082281,249.0,4.934715363248633,20.907687734040493,-15.972972370791863,-3977.270120327174,8.156338760624104
BICOUSDT,1200,300,2.0,5.0,44.86162534089737,38.0,26.742610943953945,24.840590469736764,1.902020474217176,72.27677802025269,32.072696174258716
BICOUSDT,1200,300,5.0,9.0,16.272849591255063,49.0,8.83321683728624,22.897004869240106,-14.06378803195387,-689.1256135657396,31.150730265679957
BICOUSDT,1200,300,20.0,20.0,-9.76971462986181,83.0,9.98010346925418,21.48516910278317,-11.505065633528991,-954.9204475829063,27.06078664539186
BICOUSDT,1200,300,60.0,53.0,-17.289545005525213,148.0,19.705281636700715,20.328679794818175,-0.6233981581174548,-92.26292740138331,16.723603850621927
BICOUSDT,1200,600,2.0,5.0,62.26583055785454,30.0,31.23619926489292,23.25292380319803,7.9832754616949,239.498263850847,68.30495372064316
BICOUSDT,1200,600,5.0,8.0,45.22993099961482,37.0,26.751782417801685,22.75278600066549,3.998996417136189,147.962867434039,65.49558962516082
BICOUSDT,1200,600,20.0,17.0,2.835137367205448,59.0,31.47599419665462,21.4294119670742,10.046582229580432,592.7483515452454,53.67731111599129
BICOUSDT,1200,600,60.0,41.0,-2.8825581935467697,111.0,23.52277531023591,19.87035123211969,3.652424078116229,405.4190726709014,26.737822819956026
BICOUSDT,1200,1200,2.0,5.0,44.817621631281256,20.0,54.33879182028462,24.855772974069804,29.483018846214815,589.6603769242963,109.22489982991746
BICOUSDT,1200,1200,5.0,8.0,14.483607190439695,24.0,-3.593710265312874,22.711740141116184,-26.30545040642907,-631.3308097542977,99.3744939206947
BICOUSDT,1200,1200,20.0,13.0,-5.203072428509568,39.0,-13.979594789376591,21.781361891330146,-35.76095668070674,-1394.677310547563,60.13393073129077
BICOUSDT,1200,1200,60.0,33.0,-8.913245141783394,75.0,18.18886472991588,19.10576023901129,-0.9168955090953993,-68.76716318215495,42.59653852708564
BICOUSDT,1200,2400,2.0,3.0,-31.987440696997506,16.0,-36.47920947382504,23.08849329611822,-59.56770276994327,-953.0832443190923,180.56892449994288
BICOUSDT,1200,2400,5.0,6.0,-0.9224148243603079,18.0,-39.78127036646443,21.516366330349232,-61.29763669681367,-1103.357460542646,108.87786308164556
BICOUSDT,1200,2400,20.0,11.0,-34.01367688862239,32.0,-68.28670828057378,19.848390555989628,-88.1350988365634,-2820.323162770029,124.30828002324235
BICOUSDT,1200,2400,60.0,27.0,16.27917825484125,56.0,34.26556542468035,19.280660132776116,14.984905291904228,839.1546963466368,47.135023446677295
BICOUSDT,1200,4800,2.0,3.0,-103.37697033489091,13.0,23.03046643270693,21.857448767583726,1.1730176651232114,15.249229646601748,207.52724869803652
BICOUSDT,1200,4800,5.0,5.0,-52.0434622578173,14.0,34.36269523021331,21.05381034991405,13.308884880299258,186.3243883241896,210.26089815515493
BICOUSDT,1200,4800,20.0,8.0,-24.4473910567179,23.0,19.957665205484762,20.038090705949273,-0.08042550046450683,-1.849786510683657,112.40249791976295
BICOUSDT,1200,4800,60.0,23.0,57.03691583219463,37.0,1.685200247902264,20.042123313507105,-18.356923065604832,-679.2061534273788,111.7802257061287
BICOUSDT,2400,120,2.0,3.0,-24.499211455442406,65.0,-20.11985223389175,25.314497742298478,-45.43434997619023,-2953.232748452365,40.354738661650494
BICOUSDT,2400,120,5.0,5.0,-26.648843012713904,72.0,-22.799625075815477,23.76356528917539,-46.56319036499087,-3352.5497062793424,37.53401023674827
BICOUSDT,2400,120,20.0,19.0,-27.62533213432489,139.0,-3.965337958247106,22.346976905943066,-26.312314864190174,-3657.411766122434,23.725301526306872
BICOUSDT,2400,120,60.0,67.0,-15.59229633156692,227.0,5.399595108129529,21.021305920037673,-15.62171081190814,-3546.1283543031477,14.375896614928115
BICOUSDT,2400,300,2.0,2.0,24.07107782664064,34.0,-1.6139502700609853,23.879898278962337,-25.493848549023326,-866.7908506667931,44.93870342793867
BICOUSDT,2400,300,5.0,4.0,30.35693671622544,38.0,-2.8636013119116894,21.84308944589253,-24.706690757804225,-938.8542487965606,40.03786188949419
BICOUSDT,2400,300,20.0,12.0,1.3617510783755227,77.0,-4.263783430395006,22.064466789581527,-26.328250219976525,-2027.2752669381923,37.961990089111325
BICOUSDT,2400,300,60.0,43.0,-1.9889615850796112,123.0,8.39245493095895,21.104278502082096,-12.711823571123144,-1563.5542992481467,19.281450415217982
BICOUSDT,2400,600,2.0,2.0,53.14471824623746,24.0,43.306836172331636,24.83822255480635,18.46861361752529,443.2467268206069,103.42213769402026
BICOUSDT,2400,600,5.0,4.0,50.38729277339924,27.0,-13.958186597975718,21.444574711532717,-35.40276130950844,-955.8745553567279,52.07449914836084
BICOUSDT,2400,600,20.0,9.0,27.605863819468674,51.0,-17.609351790680208,20.620571679462167,-38.229923470142374,-1949.726096977261,45.998921793053064
BICOUSDT,2400,600,60.0,32.0,22.513151191310484,88.0,7.999724702524516,19.727626376188425,-11.72790167366391,-1032.055347282424,27.313180013292516
BICOUSDT,2400,1200,2.0,2.0,34.99874993926344,18.0,93.2801681377889,25.62246460039757,67.65770353739134,1217.838663673044,150.3934448780776
BICOUSDT,2400,1200,5.0,4.0,66.51040770304793,18.0,30.50342528584894,24.021474025260183,6.481951260588762,116.6751226905977,62.101456374312605
BICOUSDT,2400,1200,20.0,8.0,-17.817937198204184,37.0,1.9388540363881313,20.123374667431076,-18.184520631042943,-672.8272633485889,57.954808813618975
BICOUSDT,2400,1200,60.0,25.0,0.6343021711155956,65.0,34.23176433249241,19.182803612757493,15.048960719734925,978.1824467827702,46.77950335301393
BICOUSDT,2400,2400,2.0,1.0,-339.00057570523984,12.0,-164.73527878508477,22.840429077967173,-187.57570786305197,-2250.9084943566236,300.9580121201353
BICOUSDT,2400,2400,5.0,3.0,-54.60429328596777,12.0,-99.47216369141218,22.64601505136962,-122.11817874278178,-1465.4181449133814,184.43176372693333
BICOUSDT,2400,2400,20.0,6.0,129.20290087674644,25.0,-17.695649655674607,20.25239738947034,-37.948047045144946,-948.7011761286236,91.27027000905109
BICOUSDT,2400,2400,60.0,21.0,15.125949984315344,45.0,1.1021042740977085,18.793461909848453,-17.691357635750737,-796.1110936087832,57.33605353066775
BICOUSDT,2400,4800,2.0,1.0,-440.32469775474965,9.0,-70.4956024907371,22.992563622846134,-93.48816611358322,-841.393495022249,221.18025468039073
BICOUSDT,2400,4800,5.0,2.0,-71.36012122749932,9.0,-74.60961023776161,24.236489229464425,-98.84609946722603,-889.6148952050343,202.67684785242156
BICOUSDT,2400,4800,20.0,4.0,196.62307869509544,18.0,48.99115022789273,20.162981801588792,28.82816842630394,518.9070316734709,121.54808944779344
BICOUSDT,2400,4800,60.0,17.0,75.61836475063615,36.0,50.42592430609549,18.451328842701102,31.97459546339438,1151.0854366821977,91.11548371971855
BTCUSDT,120,120,2.0,9.0,-6.33882874200275,76.0,2.4355805787946765,12.126535923595966,-9.690955344801287,-736.5126062048978,13.46247404384847
BTCUSDT,120,120,5.0,21.0,-6.9032997183162275,112.0,-2.656675971967347,12.183066782930227,-14.839742754897575,-1662.0511885485284,10.57740636460399
BTCUSDT,120,120,20.0,69.0,-13.576775854745453,236.0,-2.5618674794101715,12.07333035064661,-14.635197830056786,-3453.9066878934013,5.005644038910387
BTCUSDT,120,120,60.0,160.0,-10.924693002556893,489.0,-1.1765502057756085,12.05088941015568,-13.227439615931289,-6468.2179721904,2.7969316201686776
BTCUSDT,120,300,2.0,9.0,6.09745854620466,49.0,19.247216397170124,12.18613425327614,7.06108214389399,345.9930250508055,19.07079467762145
BTCUSDT,120,300,5.0,19.0,4.979335515499905,71.0,5.3442855411720736,12.18221519986475,-6.837929658692669,-485.4930057671795,16.014860630753695
BTCUSDT,120,300,20.0,53.0,-9.713259322481992,156.0,0.4016336560839511,12.03741478485715,-11.6357811287732,-1815.181856088619,8.780465530245065
BTCUSDT,120,300,60.0,116.0,-13.046340174427213,312.0,-1.5377509771503322,12.03730196714508,-13.575052944295413,-4235.416518620169,4.420833513941922
BTCUSDT,120,600,2.0,9.0,10.483997251238256,36.0,17.688236343964387,12.117769975926016,5.570466368038377,200.53678924938157,33.97890790533928
BTCUSDT,120,600,5.0,18.0,4.939269025154549,53.0,-1.862009018297303,12.238192842582604,-14.1002018608799,-747.3106986266347,24.994165504890663
BTCUSDT,120,600,20.0,45.0,-12.433788937989974,111.0,4.281304568513076,12.049805495175884,-7.7685009266628064,-862.3036028595715,13.085111323421646
BTCUSDT,120,600,60.0,91.0,-9.596204388995794,215.0,-2.980365701174183,12.041218186926534,-15.021583888100714,-3229.6405359416535,7.054559551062344
BTCUSDT,120,1200,2.0,9.0,25.84867187456292,27.0,-12.811819825615979,12.11507235147124,-24.92689217708722,-673.0260887813549,42.80417038606117
BTCUSDT,120,1200,5.0,16.0,15.211463606114807,39.0,-17.375174953475085,12.139071785040816,-29.514246738515894,-1151.0556228021198,33.63954115320915
BTCUSDT,120,1200,20.0,36.0,-9.61980156726446,77.0,21.79293266729726,12.05573950346293,9.73719316383433,749.7638736152435,18.647615712470852
BTCUSDT,120,1200,60.0,75.0,-5.033085659195006,149.0,8.336927612912465,12.037174496255561,-3.7002468833430937,-551.336785618121,10.515392020162802
BTCUSDT,120,2400,2.0,7.0,-1.8649462186251313,21.0,23.738066211243023,12.115533391081996,11.62253282016103,244.07318922338163,68.84005500549523
BTCUSDT,120,2400,5.0,13.0,-2.582644002034364,30.0,15.714792603068924,12.126850604938294,3.5879419981306317,107.63825994391895,42.37935261106635
BTCUSDT,120,2400,20.0,32.0,-11.314243752259804,59.0,34.08456688727925,12.068619085934989,22.015947801344257,1298.9409202793113,24.588204279875825
BTCUSDT,120,2400,60.0,58.0,-5.093031236041043,96.0,-0.15201304225594262,12.038005682781312,-12.190018725037254,-1170.2417976035763,16.698212787748208
BTCUSDT,120,4800,2.0,7.0,12.898378012064171,18.0,14.392480989733091,12.12861304372096,2.2638679460121236,40.749623028218224,80.4669869457142
BTCUSDT,120,4800,5.0,12.0,8.110028532453516,25.0,15.433176549302454,12.103584623134068,3.329591926168387,83.23979815420968,54.95051851835789
BTCUSDT,120,4800,20.0,26.0,-10.715960896631604,43.0,32.995730168038385,12.019186849926601,20.976543318111784,901.9913626788067,32.41082231146796
BTCUSDT,120,4800,60.0,47.0,-1.2771533126193215,62.0,4.061023709412039,12.026481787729765,-7.9654580783177265,-493.858400855699,28.59679660067335
BTCUSDT,300,120,2.0,5.0,-3.053454947686492,49.0,-0.319904004651598,12.06761364391685,-12.38751764856845,-606.988364779854,18.811035825359546
BTCUSDT,300,120,5.0,12.0,1.0967258695555164,84.0,1.8062267149697113,12.102248152623652,-10.29602143765394,-864.8658007629309,13.773738998694688
BTCUSDT,300,120,20.0,48.0,-6.598170440217491,191.0,-2.916326717744467,12.068520762185257,-14.984847479929725,-2862.1058686665774,6.036951073125778
BTCUSDT,300,120,60.0,112.0,-9.364068883843926,319.0,-1.5902220237785716,12.044851484454078,-13.635073508232654,-4349.588449126217,4.642326531564531
BTCUSDT,300,300,2.0,4.0,25.925305714801507,30.0,-2.019233597182924,12.135594810816032,-14.154828407998957,-424.6448522399687,21.095784219297357
BTCUSDT,300,300,5.0,10.0,10.774929073945035,54.0,10.374267788110874,12.0890081181156,-1.714740330004729,-92.59597782025537,19.84916995935509
BTCUSDT,300,300,20.0,38.0,-2.307756613553948,125.0,-4.545583781993399,12.08135604611375,-16.626939828107144,-2078.367478513393,8.298916779112696
BTCUSDT,300,300,60.0,80.0,-11.216287003682067,207.0,-0.04026979191717706,12.060190786794749,-12.100460578711928,-2504.7953397933693,6.208278152635636
BTCUSDT,300,600,2.0,4.0,27.403484415326748,23.0,27.476131547948963,12.156449466725203,15.319682081223757,352.3526878681464,52.61377304360158
BTCUSDT,300,600,5.0,10.0,12.691153218612332,39.0,37.31993847258641,12.1962084714329,25.123730001153515,979.8254700449871,31.421859859916534
BTCUSDT,300,600,20.0,34.0,1.4761327255458783,85.0,2.543238532105689,12.056813566424623,-9.513575034318936,-808.6538779171095,18.10586651973804
BTCUSDT,300,600,60.0,63.0,-9.678554566709401,143.0,17.062103566769004,12.036608996462114,5.025494570306892,718.6457235538855,10.79403091353628
BTCUSDT,300,1200,2.0,4.0,48.938546481695205,17.0,-46.33326909639214,12.097175838658783,-58.43044493505091,-993.3175638958654,63.96018554004897
BTCUSDT,300,1200,5.0,10.0,26.780491658219585,28.0,-4.53244739885165,12.095787038395708,-16.62823443724735,-465.59056424292584,45.13676978936286
BTCUSDT,300,1200,20.0,27.0,9.138759866805184,61.0,10.564025165785097,12.143944960770174,-1.579919794985081,-96.37510749408993,28.01561012106041
BTCUSDT,300,1200,60.0,51.0,-5.000859491856776,101.0,29.20814281213973,12.094562662040564,17.113580150099168,1728.4715951600158,20.311134969702497
BTCUSDT,300,2400,2.0,2.0,-10.384253274003083,14.0,-24.89019247385506,12.068950842193898,-36.95914331604895,-517.4280064246853,75.44635530553853
BTCUSDT,300,2400,5.0,8.0,2.0230381660662298,22.0,41.134812430125336,12.099331319433906,29.035481110691435,638.7805844352116,54.48502838038453
BTCUSDT,300,2400,20.0,25.0,17.743379558523557,49.0,17.788039889056623,12.055974419679806,5.732065469376819,280.8712079994641,28.08984284178967
BTCUSDT,300,2400,60.0,42.0,-2.501034399079449,73.0,30.482520150811723,12.05192514986127,18.430595000950447,1345.4334350693828,22.653484204669503
BTCUSDT,300,4800,2.0,2.0,-62.763194715375306,12.0,-10.948344526147585,12.077836605236847,-23.026181131384437,-276.31417357661326,84.76358149478595
BTCUSDT,300,4800,5.0,8.0,26.76481382417321,18.0,24.88409312463401,12.118012304602324,12.766080820031682,229.7894547605703,75.69076736504059
BTCUSDT,300,4800,20.0,22.0,16.58605781358455,34.0,18.245827234987278,12.016187329252219,6.229639905735063,211.80775679499214,41.73259346155395
BTCUSDT,300,4800,60.0,34.0,7.9653287886405675,47.0,18.96651905082717,12.01610579846109,6.950413252366077,326.6694228612056,37.99899503794584
BTCUSDT,600,120,2.0,5.0,-3.6790715380224297,53.0,11.878284304700625,12.217287177778369,-0.33900287307774013,-17.967152273120227,18.977612458168764
BTCUSDT,600,120,5.0,10.0,-2.5761972899074657,71.0,10.601227585993561,12.106622915939035,-1.505395329945476,-106.8830684261288,15.54112725161642
BTCUSDT,600,120,20.0,29.0,-11.005672284071837,139.0,-2.553897919922227,12.096433736921595,-14.65033165684382,-2036.396100301291,7.45640110496526
BTCUSDT,600,120,60.0,82.0,-7.525062277685831,285.0,-1.1761411185187534,12.04138566901836,-13.217526787537116,-3766.995134448078,4.012145249851322
BTCUSDT,600,300,2.0,5.0,17.007272577027784,34.0,14.087813688223479,12.189825237051847,1.8979884511716367,64.53160733983565,38.28603655530443
BTCUSDT,600,300,5.0,9.0,8.361905307067445,45.0,15.913301111309925,12.119698514603932,3.7936025967059934,170.7121168517697,21.98316064392828
BTCUSDT,600,300,20.0,25.0,-6.979570848958076,92.0,1.2261086401217463,12.094339275086933,-10.868230634965185,-999.8772184167971,10.073916522078628
BTCUSDT,600,300,60.0,59.0,-7.823563753967957,181.0,2.0523250155894495,12.035439919792084,-9.983114904202635,-1806.9437976606769,7.169371570491998
BTCUSDT,600,600,2.0,5.0,6.729036687179011,21.0,20.719572587365345,12.22442751371752,8.495145073647834,178.3980465466045,59.833762059400904
BTCUSDT,600,600,5.0,8.0,9.597180553787776,31.0,21.649134441715116,12.11874533966591,9.530389102049195,295.44206216352507,37.88374079237051
BTCUSDT,600,600,20.0,22.0,-2.8966313021975334,60.0,11.83862351151706,12.089283371458073,-0.2506598599410141,-15.039591596460845,23.56030510445444
BTCUSDT,600,600,60.0,46.0,-3.617967821329872,129.0,6.924466017133405,12.035006342809334,-5.1105403256759265,-659.2597020121946,9.523267907245907
BTCUSDT,600,1200,2.0,5.0,18.884227734306823,15.0,18.039869889480954,12.307834010736872,5.732035878744084,85.98053818116126,72.90959005282495
BTCUSDT,600,1200,5.0,7.0,15.66409878601543,22.0,4.52843478770095,12.094259285342211,-7.5658244976412625,-166.44813894810778,48.0910049349845
BTCUSDT,600,1200,20.0,17.0,13.095383989415037,43.0,-15.913075576916023,12.083829077375833,-27.996904654291853,-1203.8669001345497,30.00015308906944
BTCUSDT,600,1200,60.0,39.0,0.981329142942729,93.0,10.703338761617736,12.022633450013977,-1.3192946883962433,-122.69440602085064,19.461273204443092
BTCUSDT,600,2400,2.0,4.0,-6.663888844302528,12.0,12.614156340771771,12.380904906131443,0.2332514346403277,2.799017215683932,96.88824296395433
BTCUSDT,600,2400,5.0,7.0,-6.722407215941031,17.0,19.883924297868266,12.095479492484083,7.7884448053841675,132.40356169153085,75.18217213035304
BTCUSDT,600,2400,20.0,16.0,4.478370017329606,36.0,4.309412576269407,12.063683092297532,-7.754270516028125,-279.1537385770125,37.350269574997284
BTCUSDT,600,2400,60.0,31.0,9.908264166905854,68.0,9.174241976329114,12.049105965678592,-2.8748639893494765,-195.4907512757644,20.38331941840385
BTCUSDT,600,4800,2.0,4.0,-4.695577944910491,10.0,51.1442841373132,12.4539311488442,38.690352988469,386.90352988469,111.63741601838395
BTCUSDT,600,4800,5.0,6.0,0.09578885912557193,13.0,13.696126059095093,12.069479025702176,1.6266470333929202,21.14641143410796,87.54209784827411
BTCUSDT,600,4800,20.0,13.0,11.154191874610031,27.0,15.903104080807132,12.085388847728057,3.81771523307908,103.07831129313516,51.03950751554385
BTCUSDT,600,4800,60.0,26.0,31.085077654509238,47.0,10.945854416118692,12.020357512721704,-1.0745030966030207,-50.501645540341976,34.63489725521732
BTCUSDT,1200,120,2.0,3.0,-5.03321009175544,61.0,9.075294118063303,12.1795887368359,-3.1042946187725975,-189.36197174512844,18.20518382562499
BTCUSDT,1200,120,5.0,11.0,-6.351015917163142,82.0,8.200546883751466,12.13082514382909,-3.930278260077626,-322.2828173263653,13.830026358973056
BTCUSDT,1200,120,20.0,27.0,-8.580717462550076,139.0,-0.24204988988047835,12.081448236523007,-12.323498126403484,-1712.9662395700843,10.301633388021902
BTCUSDT,1200,120,60.0,75.0,-7.300665774564282,245.0,0.11070502156953367,12.085398387728214,-11.97469336615868,-2933.799874708877,4.853535370360516
BTCUSDT,1200,300,2.0,3.0,19.881455437422947,37.0,21.60706027309853,12.218510075474759,9.388550197623767,347.3763573120794,23.586791330551975
BTCUSDT,1200,300,5.0,9.0,13.394647281816841,47.0,7.686405079929471,12.12239936027548,-4.435994280346009,-208.4917311762624,17.83440022342538
BTCUSDT,1200,300,20.0,20.0,-1.0093164428472885,80.0,4.615982166538495,12.103077334731466,-7.48709516819297,-598.9676134554376,11.678093866631395
BTCUSDT,1200,300,60.0,52.0,-3.1298942151106752,147.0,4.963645490840587,12.078179370034489,-7.114533879193905,-1045.836480241504,7.991420697537736
BTCUSDT,1200,600,2.0,3.0,15.917311846499347,29.0,43.01465884618079,12.375228657430524,30.639430188750264,888.5434754737577,33.271533067102396
BTCUSDT,1200,600,5.0,7.0,17.77763682981545,36.0,26.288787962549364,12.257610844076973,14.031177118472392,505.1223762650061,29.036646231153664
BTCUSDT,1200,600,20.0,18.0,8.307339033267091,58.0,18.406077312188003,12.070825935697657,6.335251376490342,367.44457983643986,20.735606615747322
BTCUSDT,1200,600,60.0,40.0,-0.5277773666190342,111.0,8.578743976560867,12.07707137699569,-3.4983274004348237,-388.31434144826545,12.126693730791004
BTCUSDT,1200,1200,2.0,3.0,37.627441508727685,19.0,59.13705861482894,12.359061299737268,46.777997315091675,888.7819489867418,49.03284828289074
BTCUSDT,1200,1200,5.0,7.0,19.00393244423082,24.0,20.32605399692869,12.23815538410422,8.087898612824466,194.1095667077872,40.12280173487752
BTCUSDT,1200,1200,20.0,13.0,-0.03036398541808274,37.0,4.927606934772445,12.19426025414749,-7.2666533193750436,-268.8661728168766,33.16502134199733
BTCUSDT,1200,1200,60.0,32.0,-1.9795440920678162,76.0,1.4229993573006572,12.09510417294643,-10.672104815645774,-811.0799659890788,16.68751425487697
BTCUSDT,1200,2400,2.0,2.0,-21.59496317717843,15.0,25.523241317598533,12.29887320795721,13.224368109641318,198.36552164461978,91.14909320913823
BTCUSDT,1200,2400,5.0,5.0,3.1373538634296474,18.0,-17.65260747269879,12.250362361366046,-29.902969834064827,-538.2534570131669,89.32744374156391
BTCUSDT,1200,2400,20.0,11.0,-13.05931131509077,31.0,-16.96120406488463,12.058329297492007,-29.019533362376634,-899.6055342336757,53.43970971260847
BTCUSDT,1200,2400,60.0,26.0,1.1150778565755493,56.0,4.241630092929189,12.124250098514537,-7.88262000558535,-441.4267203127796,24.853232222365985
BTCUSDT,1200,4800,2.0,2.0,-71.73556759690177,12.0,88.12047572625612,12.20475933417903,75.9157163920771,910.9885967049252,100.15484716212848
BTCUSDT,1200,4800,5.0,4.0,-22.07526279339797,14.0,1.0225301325922374,12.176008788395263,-11.15347865580303,-156.14870118124242,88.45036103568852
BTCUSDT,1200,4800,20.0,8.0,6.955126521339507,22.0,17.106786654417377,12.076500167117548,5.030286487299825,110.66630272059614,70.89374102581918
BTCUSDT,1200,4800,60.0,22.0,23.511738954003455,37.0,17.17414295765251,12.189488685397285,4.984654272255231,184.43220807344355,36.35414977299726
BTCUSDT,2400,120,2.0,3.0,-0.5279319414750449,60.0,6.512866331039036,12.20977552326043,-5.696909192221394,-341.81455153328363,15.30598126792748
BTCUSDT,2400,120,5.0,5.0,-11.758399811085095,70.0,0.24297941932657371,12.103416078389527,-11.86043665906295,-830.2305661344064,12.434012003028688
BTCUSDT,2400,120,20.0,18.0,-11.75162303680431,134.0,0.5417296514744613,12.057684281997373,-11.515954630522913,-1543.1379204900704,9.032220988971876
BTCUSDT,2400,120,60.0,65.0,-5.645180244264692,220.0,0.41569745946813724,12.0621771269125,-11.64647966744436,-2562.2255268377594,5.887473894394127
BTCUSDT,2400,300,2.0,2.0,4.279258298097353,33.0,9.841334056117878,12.247619098670969,-2.40628504255309,-79.40740640425197,25.35460854070892
BTCUSDT,2400,300,5.0,4.0,15.89566892536754,38.0,4.877956942065943,12.124981389532115,-7.247024447466174,-275.3869290037146,18.709990341315624
BTCUSDT,2400,300,20.0,11.0,2.276110409283427,76.0,-2.696286832153,12.058214899878354,-14.754501732031354,-1121.342131634383,19.869598702623676
BTCUSDT,2400,300,60.0,40.0,1.4304461279317189,121.0,3.2395872716423586,12.07165923730348,-8.832071965661118,-1068.6807078449954,9.743726660349786
BTCUSDT,2400,600,2.0,2.0,6.662647706968303,23.0,15.791237607137274,12.27461307268796,3.5166245344493157,80.88236429233426,41.887406696862904
BTCUSDT,2400,600,5.0,4.0,15.405255813532586,26.0,7.868986849791648,12.169907259510186,-4.300920409718535,-111.82393065268192,33.020178961675725
BTCUSDT,2400,600,20.0,8.0,-3.330568878141923,49.0,-2.234251011342558,12.048090703526489,-14.282341714869045,-699.8347440285831,24.146090446911636
BTCUSDT,2400,600,60.0,29.0,8.195914494901094,85.0,6.687165213371233,12.100431351859434,-5.413266138488199,-460.12762177149693,14.045312459938092
BTCUSDT,2400,1200,2.0,2.0,21.9294546535261,18.0,38.38179799612423,12.332325817362447,26.04947217876178,468.89049921771203,57.9314576392635
BTCUSDT,2400,1200,5.0,4.0,29.581189738831227,18.0,31.06291140924737,12.223026756303165,18.83988465294421,339.1179237529958,49.809031153391324
BTCUSDT,2400,1200,20.0,8.0,7.604303489924418,35.0,8.388463599316047,12.068069095295051,-3.6796054959790063,-128.78619235926521,31.72749411483409
BTCUSDT,2400,1200,60.0,22.0,5.711652978586605,62.0,20.409934027610966,12.080640644028442,8.329293383582526,516.4161897821166,23.790278864847917
BTCUSDT,2400,2400,2.0,1.0,-24.2502799719507,12.0,-75.95847461181008,12.337882557629927,-88.29635716944,-1059.55628603328,111.44987013087713
BTCUSDT,2400,2400,5.0,3.0,18.90213889742909,12.0,-72.98323490597687,12.326495058021372,-85.30972996399825,-1023.716759567979,94.77422174196951
BTCUSDT,2400,2400,20.0,6.0,38.78534907955025,23.0,10.623229319205448,12.079523860924693,-1.4562945417192397,-33.49477445954251,58.23249353543578
BTCUSDT,2400,2400,60.0,18.0,13.375280226714871,42.0,-4.830051827702853,12.104992759009642,-16.935044586712497,-711.2718726419249,37.12998006752512
BTCUSDT,2400,4800,2.0,1.0,-44.197979957770166,9.0,-29.25981503781637,12.445214200494933,-41.705029238311305,-375.3452631448017,98.66093220676733
BTCUSDT,2400,4800,5.0,2.0,17.851312033728526,9.0,-40.546560832537025,12.430040931917132,-52.97660176445416,-476.7894158800874,88.34523605446314
BTCUSDT,2400,4800,20.0,4.0,43.18101300177767,16.0,31.875092138191334,12.107414273340021,19.76767786485132,316.2828458376211,90.53511330379712
BTCUSDT,2400,4800,60.0,16.0,29.748300764297184,34.0,12.178622152825834,12.125923344459915,0.0526988083659206,1.7917594844413003,38.41627146360487
CRVUSDT,120,120,2.0,9.0,-11.26915028548548,76.0,-26.601758500217613,16.72856783951055,-43.33032633972817,-3293.1048018193405,32.061987502972286
CRVUSDT,120,120,5.0,20.0,-12.17310875078636,112.0,-14.289126082100168,16.338864402243015,-30.627990484343176,-3430.3349342464358,23.679042190160544
CRVUSDT,120,120,20.0,68.0,-22.4390479555833,245.0,-10.457018125798287,15.721372115695088,-26.17839024149338,-6413.705609165878,8.52759745709524
CRVUSDT,120,120,60.0,158.0,-13.458493664011753,497.0,-2.9254541736824384,15.18287867266034,-18.108332846342783,-8999.841424632363,5.608487796428543
CRVUSDT,120,300,2.0,9.0,18.840610968441098,48.0,3.800347971914462,16.8605262411722,-13.060178269257738,-626.8885569243714,35.86817455846198
CRVUSDT,120,300,5.0,18.0,15.648430367018753,71.0,-13.708845613513539,15.712884787475982,-29.42173040098952,-2088.942858470256,32.295618554761994
CRVUSDT,120,300,20.0,52.0,-15.659746946436663,160.0,-4.277530860485245,15.027702772858145,-19.305233633343388,-3088.837381334942,17.513336851169147
CRVUSDT,120,300,60.0,116.0,-19.618203234767496,317.0,-6.3645531561809126,14.879726397529936,-21.244279553710847,-6734.436618526339,9.340783894317232
CRVUSDT,120,600,2.0,9.0,29.38849479658178,38.0,-26.24909570784764,16.947311770621596,-43.19640747846924,-1641.463484181831,63.86275196324686
CRVUSDT,120,600,5.0,17.0,35.08901965312057,52.0,-5.0211157513828075,16.05337475583562,-21.07449050721842,-1095.873506375358,39.61545311810296
CRVUSDT,120,600,20.0,45.0,-5.462552523847509,113.0,0.16504477621860017,14.935667978176326,-14.770623201957731,-1669.0804218212236,23.41004462152614
CRVUSDT,120,600,60.0,92.0,-16.055208104254355,220.0,-11.512464595389384,14.607077860395144,-26.119542455784533,-5746.299340272597,14.76342581117453
CRVUSDT,120,1200,2.0,9.0,28.739145107582196,27.0,-56.539582061763895,16.648962493169844,-73.18854455493373,-1976.0907029832108,81.02780245312037
CRVUSDT,120,1200,5.0,15.0,11.941605855107582,39.0,-39.78050009494055,15.379741444625774,-55.160241539566336,-2151.249420043087,74.69374240202501
CRVUSDT,120,1200,20.0,36.0,3.4475321217841155,78.0,43.4288624882488,15.025280149434744,28.40358233881405,2215.479422427496,38.187939001728026
CRVUSDT,120,1200,60.0,75.0,-2.758243044329754,151.0,13.12305589723886,14.612590977640467,-1.4895350804016116,-224.91979714064337,20.77625934368705
CRVUSDT,120,2400,2.0,7.0,44.20865965934086,21.0,-49.96723141072515,15.840864307474414,-65.80809571819957,-1381.9700100821908,150.24007077055822
CRVUSDT,120,2400,5.0,13.0,-3.257772549877852,30.0,-6.4657894719298845,15.290443432797161,-21.756232904727053,-652.6869871418116,74.9416736531164
CRVUSDT,120,2400,20.0,32.0,-23.489484045014482,59.0,66.3384070298543,14.730434012766136,51.60797301708818,3044.8704080082025,45.504410050862546
CRVUSDT,120,2400,60.0,60.0,17.441987091872782,99.0,8.090171695747879,14.88594782522929,-6.795776129481408,-672.7818368186594,32.632623825430166
CRVUSDT,120,4800,2.0,7.0,45.85065425994258,18.0,-33.89205874950866,16.00898556933733,-49.90104431884598,-898.2187977392277,161.2027648248103
CRVUSDT,120,4800,5.0,12.0,-3.033404334517249,25.0,-14.962582632114788,15.186455527979799,-30.149038160094598,-753.7259540023649,137.71165944526157
CRVUSDT,120,4800,20.0,26.0,-32.07170786690388,43.0,108.82196087688291,14.335531603469315,94.48642927341356,4062.916458756783,74.90419470929984
CRVUSDT,120,4800,60.0,50.0,38.99173882797191,63.0,38.02568193148153,14.71516526198387,23.31051666949766,1468.5625501783525,68.47817123274105
CRVUSDT,300,120,2.0,5.0,-24.481462465571354,54.0,-18.239929995880672,17.762213082923772,-36.00214307880444,-1944.1157262554395,55.635385113934
CRVUSDT,300,120,5.0,12.0,-11.69787926056483,85.0,-10.157929286351372,17.01407362613455,-27.172002912485926,-2309.6202475613036,33.26340252889027
CRVUSDT,300,120,20.0,49.0,-7.340033996374889,200.0,-8.472900743117373,15.894332606843706,-24.36723334996108,-4873.446669992216,11.945624008109148
CRVUSDT,300,120,60.0,116.0,-9.66436578873463,329.0,-4.999402588291528,15.254216681913142,-20.25361927020467,-6663.440739897336,7.618755322942537
CRVUSDT,300,300,2.0,4.0,13.072958925899373,32.0,-30.847058479986295,16.83006636444354,-47.67712484442984,-1525.667995021755,54.601090116970724
CRVUSDT,300,300,5.0,10.0,12.900479298249525,53.0,9.53240185221063,15.971253406508561,-6.4388515542979325,-341.2591323777904,37.820391104064974
CRVUSDT,300,300,20.0,39.0,0.16710608903124402,133.0,-4.236108808347272,15.687325024709887,-19.923433833057157,-2649.816699796602,14.46560802611113
CRVUSDT,300,300,60.0,84.0,-11.947790297739331,216.0,-3.726394371711708,15.20786402021572,-18.93425839192743,-4089.7998126563243,11.764621252092047
CRVUSDT,300,600,2.0,4.0,43.305907537646064,24.0,34.613343085281066,17.822503343838022,16.790839741443047,402.9801537946331,83.81980897838235
CRVUSDT,300,600,5.0,10.0,20.05320607305502,39.0,28.76607135630484,16.265917541835115,12.500153814469721,487.5059987643191,60.923919991081014
CRVUSDT,300,600,20.0,35.0,15.827112572679606,91.0,14.053974837101308,15.340450690524944,-1.2864758534236296,-117.0693026615503,26.778157809582616
CRVUSDT,300,600,60.0,65.0,-5.0779178686643665,149.0,26.51457105950648,15.237084557356969,11.277486502149507,1680.3454888202766,21.965546098001585
CRVUSDT,300,1200,2.0,4.0,56.197715528159605,18.0,8.914032580400402,18.09733725567803,-9.183304675277636,-165.29948415499746,118.97038762503715
CRVUSDT,300,1200,5.0,10.0,19.894475051587335,28.0,-41.91982681654683,15.617220295673803,-57.53704711222066,-1611.0373191421786,93.8213003674791
CRVUSDT,300,1200,20.0,28.0,35.9772103204859,65.0,43.360303147127254,15.336127444551199,28.02417570257604,1821.5714206674427,51.246026533785525
CRVUSDT,300,1200,60.0,53.0,-1.5297054041960547,105.0,58.293348978629446,15.061731337742616,43.23161764088681,4539.319852293115,42.50946642036467
CRVUSDT,300,2400,2.0,2.0,35.50297446280411,14.0,-99.87484125519752,16.312820984427,-116.18766223962452,-1626.6272713547432,215.41248959260085
CRVUSDT,300,2400,5.0,8.0,16.334354515753148,22.0,34.008519838121764,15.559888420397709,18.448631417724044,405.869891189929,101.71461107766761
CRVUSDT,300,2400,20.0,25.0,47.63814905370474,52.0,28.70339798782772,15.091699766688855,13.611698221138868,707.8083074992211,52.78948915787365
CRVUSDT,300,2400,60.0,44.0,-6.70748470508649,76.0,42.88897896108328,14.849201819527911,28.03977714155535,2131.023062758207,43.93729092875122
CRVUSDT,300,4800,2.0,2.0,-59.42926745327231,12.0,-35.634088084180725,16.281852995328986,-51.91594107950973,-622.9912929541167,203.08514206135564
CRVUSDT,300,4800,5.0,8.0,35.37161382059347,18.0,11.529183303129084,15.580648308387724,-4.051465005258641,-72.92637009465554,176.109553992314
CRVUSDT,300,4800,20.0,22.0,49.79132458335032,36.0,115.17276596845825,14.963484211122095,100.20928175733616,3607.5341432641017,85.63306325439349
CRVUSDT,300,4800,60.0,35.0,-3.151021969632409,49.0,77.6581992762587,14.781685777728718,62.876513498529974,3080.9491614279686,63.02822163647015
CRVUSDT,600,120,2.0,5.0,14.495082134305747,54.0,2.82494707811582,17.990407076295995,-15.165459998180177,-818.9348399017296,35.793593896958164
CRVUSDT,600,120,5.0,10.0,-0.5626409343952845,69.0,2.916058470364318,17.54208001999895,-14.626021549634624,-1009.1954869247891,29.738423758351043
CRVUSDT,600,120,20.0,27.0,-21.681150380561192,139.0,-1.6530050310833408,16.475459805312287,-18.12846483639563,-2519.8566122589923,14.199581994685293
CRVUSDT,600,120,60.0,90.0,-3.8861214474885775,286.0,1.3284197690503756,15.482926548400508,-14.154506779350136,-4048.188938894139,7.334245205781134
CRVUSDT,600,300,2.0,5.0,59.26537745515194,35.0,24.18903412133713,17.940830377012848,6.248203744324281,218.6871310513498,82.75189738022442
CRVUSDT,600,300,5.0,9.0,32.776428277038264,44.0,5.9112187518967065,16.948721861777866,-11.03750310988116,-485.65013683477105,37.60005066035531
CRVUSDT,600,300,20.0,23.0,-15.96999014796488,92.0,1.2694953180594626,16.288988387595083,-15.019493069535617,-1381.7933623972767,18.53295562633437
CRVUSDT,600,300,60.0,64.0,-3.252626445822452,181.0,-0.6384141837168575,15.328929608126117,-15.967343791842973,-2890.0892263235783,15.900259451780588
CRVUSDT,600,600,2.0,5.0,55.21903285075604,21.0,31.603247198899123,18.27540609178265,13.327841107116472,279.8846632494459,126.97956785487663
CRVUSDT,600,600,5.0,8.0,27.891044369315455,30.0,10.46701597873645,16.637542694998828,-6.170526716262372,-185.11580148787115,76.24819628873792
CRVUSDT,600,600,20.0,20.0,-9.369336214893211,61.0,6.961743651476583,16.21633340833522,-9.254589756858639,-564.529975168377,43.850269918342946
CRVUSDT,600,600,60.0,51.0,6.767982985748287,132.0,20.603249703032297,15.17425315833159,5.4289965447007065,716.6275439004933,18.5698890945648
CRVUSDT,600,1200,2.0,5.0,18.695259017114573,15.0,-50.991492830709134,18.60997340237587,-69.60146623308499,-1044.021993496275,217.1405163411236
CRVUSDT,600,1200,5.0,7.0,-5.694250813079939,21.0,-39.770956054082866,15.83802790332468,-55.60898395740754,-1167.7886631055583,142.08585160181954
CRVUSDT,600,1200,20.0,16.0,-11.693769111840753,44.0,-10.662648864224069,16.194611062514227,-26.857259926738287,-1181.7194367764846,63.100807792258024
CRVUSDT,600,1200,60.0,43.0,-6.10687071640816,96.0,23.306137542834335,14.72805593180034,8.578081611033987,823.4958346592628,44.4539748234025
CRVUSDT,600,2400,2.0,4.0,21.010185252653372,12.0,-83.49364577715096,18.626869629443195,-102.12051540659415,-1225.4461848791298,146.67308558854273
CRVUSDT,600,2400,5.0,7.0,7.241034926627965,16.0,-44.41658987019883,15.2581908290676,-59.674780699266435,-954.796491188263,117.59580786075772
CRVUSDT,600,2400,20.0,15.0,-25.009871173485013,38.0,7.258389984183417,16.338446018728483,-9.08005603454508,-345.0421293127131,71.31073176432453
CRVUSDT,600,2400,60.0,35.0,-4.234638342851941,69.0,14.936440131483623,14.817727569255881,0.11871256222774228,8.191166793714217,45.12993843414804
CRVUSDT,600,4800,2.0,4.0,5.783607873184287,10.0,14.416849643560601,19.096511430476543,-4.67966178691596,-46.796617869159604,234.3433216774408
CRVUSDT,600,4800,5.0,6.0,-4.501844744952142,13.0,-47.77753363891379,15.285586944988351,-63.06312058390213,-819.8205675907277,217.22232451023172
CRVUSDT,600,4800,20.0,13.0,-31.185496265565142,28.0,97.53081333441291,16.054705281163223,81.47610805324965,2281.33102549099,96.7079798406412
CRVUSDT,600,4800,60.0,29.0,12.166303861041719,48.0,40.1395543422115,14.931534372388796,25.208019969822697,1209.9849585514894,82.35305656276905
CRVUSDT,1200,120,2.0,4.0,10.881904837619846,62.0,-15.99479575653609,17.215796862473926,-33.210592619010015,-2059.056742378621,52.781516388714614
CRVUSDT,1200,120,5.0,12.0,-4.7974035386332625,85.0,-0.8759820688487072,17.206534136010266,-18.082516204858983,-1537.0138774130135,33.372703616462
CRVUSDT,1200,120,20.0,25.0,-19.92161358551805,142.0,-2.155405223163565,16.270218997560196,-18.425624220723765,-2616.438639342775,21.330537235315916
CRVUSDT,1200,120,60.0,76.0,-17.422570344185363,243.0,-1.4458014353370072,15.525759265963826,-16.97156070130083,-4124.089250416102,7.929464981207322
CRVUSDT,1200,300,2.0,4.0,61.40925827098347,37.0,26.20515625312415,16.75402019625238,9.451136056871768,349.6920341042554,36.20489229659505
CRVUSDT,1200,300,5.0,9.0,-1.1932308103203448,49.0,7.916447616348625,16.841642355791816,-8.925194739443192,-437.3345422327164,30.58332366174014
CRVUSDT,1200,300,20.0,19.0,-3.2066300525328435,82.0,6.05233306114416,15.703075916975704,-9.650742855831547,-791.3609141781869,18.693717410766435
CRVUSDT,1200,300,60.0,54.0,-10.215546007986845,146.0,-6.679429685564732,15.595946944445025,-22.275376630009756,-3252.2049879814244,19.842643336726518
CRVUSDT,1200,600,2.0,4.0,90.13487721112426,29.0,30.51466837645395,17.02716440057803,13.487503975875917,391.1376153004016,74.45986567971345
CRVUSDT,1200,600,5.0,8.0,33.81634433700041,37.0,17.116423984997912,17.812657046714293,-0.6962330617163704,-25.76062328350571,64.915408326955
CRVUSDT,1200,600,20.0,16.0,1.79044347345949,59.0,19.04418940026329,16.17430580813236,2.8698835921309294,169.32313193572483,48.72006734777755
CRVUSDT,1200,600,60.0,41.0,-12.552689001407419,111.0,7.403755129041798,15.388632532102132,-7.984877403060327,-886.3213917396963,25.38153464559267
CRVUSDT,1200,1200,2.0,4.0,90.49705603162032,19.0,66.39563053712155,16.98605826854994,49.4095722685716,938.7818731028605,119.51311170647823
CRVUSDT,1200,1200,5.0,8.0,-9.57867052633025,24.0,-36.45810488826367,17.521292929342277,-53.97939781760596,-1295.505547622543,115.67026967920329
CRVUSDT,1200,1200,20.0,13.0,13.602656079494798,39.0,-4.605588790746705,15.63197563991728,-20.23756443066399,-789.2650127958956,75.08668671856091
CRVUSDT,1200,1200,60.0,34.0,-14.28103709605962,75.0,2.078392532732726,15.038554082543218,-12.960161549810492,-972.0121162357868,34.009738242627414
CRVUSDT,1200,2400,2.0,2.0,26.880678113120315,15.0,-77.61192203860622,16.38002426509645,-93.99194630370269,-1409.8791945555404,203.13982592139755
CRVUSDT,1200,2400,5.0,6.0,-73.76501899494274,18.0,-41.32156123501121,17.05472319933077,-58.376284434342,-1050.773119818156,112.14036367640803
CRVUSDT,1200,2400,20.0,11.0,-79.06346921257871,32.0,-63.51498905897979,15.590529244497507,-79.1055183034773,-2531.3765857112735,126.00293588456705
CRVUSDT,1200,2400,60.0,28.0,-13.17352816550821,56.0,-1.763738179587124,15.249416259790284,-17.013154439377406,-952.7366486051346,36.284166116067865
CRVUSDT,1200,4800,2.0,2.0,-61.63254030617906,12.0,0.23267248859407155,16.55857360096836,-16.32590111237428,-195.91081334849133,212.28840367293597
CRVUSDT,1200,4800,5.0,5.0,-134.94148014809988,14.0,-14.248277672905184,16.692017275096386,-30.940294948001586,-433.1641292720222,197.64209980950778
CRVUSDT,1200,4800,20.0,8.0,-81.33358140925722,23.0,100.02496757481555,15.347225044372621,84.6777425304429,1947.5880782001868,108.46256740611328
CRVUSDT,1200,4800,60.0,24.0,4.120771220413478,37.0,30.794509036900333,15.119893272155844,15.674615764744495,579.9607832955463,75.37076931451435
CRVUSDT,2400,120,2.0,3.0,13.109431972403925,63.0,-7.1169975634526805,17.44927598798795,-24.56627355144063,-1547.6752337407597,33.3367255672459
CRVUSDT,2400,120,5.0,4.0,-44.84237129760466,71.0,-19.95888654363237,17.645178745281704,-37.60406528891407,-2669.888635512899,36.99484854198472
CRVUSDT,2400,120,20.0,19.0,-26.61848280310069,142.0,-3.8452968029477375,16.08486591237128,-19.930162715319018,-2830.0831055753006,21.973254837804525
CRVUSDT,2400,120,60.0,69.0,-15.136493069851321,223.0,0.06944137124108007,15.606865378782295,-15.537424007541215,-3464.845553681691,13.48837195340194
CRVUSDT,2400,300,2.0,2.0,50.23659240489839,34.0,1.9321362413886067,16.921777172024935,-14.989640930636327,-509.6477916416351,45.61785968847332
CRVUSDT,2400,300,5.0,3.0,9.295104123677149,38.0,-22.04793084544757,16.87140178823273,-38.919332633680305,-1478.9346400798515,38.30470481186095
CRVUSDT,2400,300,20.0,12.0,-15.355783462960067,79.0,-8.9650359961738,15.564226208491146,-24.529262204664935,-1937.81171416853,37.96955255087281
CRVUSDT,2400,300,60.0,43.0,-8.341422770992946,122.0,-0.3729512571988905,15.619202154225958,-15.992153411424852,-1951.042716193832,19.22959159955368
CRVUSDT,2400,600,2.0,2.0,81.73623970348683,24.0,14.557513256764905,17.422326969361944,-2.8648137125970337,-68.75552910232881,74.96933268212914
CRVUSDT,2400,600,5.0,3.0,51.86931206049052,27.0,-7.346185835168494,16.707078726945102,-24.0532645621136,-649.4381431770672,44.94296122757587
CRVUSDT,2400,600,20.0,9.0,-37.97878904869169,53.0,-22.46967585256064,15.499088515714368,-37.968764368275004,-2012.3445115185752,47.912731528774664
CRVUSDT,2400,600,60.0,32.0,2.323238245519975,86.0,4.737582061473874,15.509807856438988,-10.772225794965115,-926.4114183669999,25.61178916331666
CRVUSDT,2400,1200,2.0,2.0,56.64821312474229,18.0,39.37554952338272,17.962659770171125,21.412889753211616,385.4320155578091,123.3668837194248
CRVUSDT,2400,1200,5.0,3.0,43.11452177090666,18.0,16.192486107607376,16.601934900457483,-0.40944879285011226,-7.37007827130202,90.47563106095444
CRVUSDT,2400,1200,20.0,9.0,-72.45381979450028,39.0,-18.28329330169959,15.538089932683553,-33.82138323438314,-1319.0339461409426,60.042470495474596
CRVUSDT,2400,1200,60.0,24.0,-23.54633270369706,63.0,26.71340726193811,14.908868694020853,11.804538567917255,743.6859297787871,48.480793608245264
CRVUSDT,2400,2400,2.0,1.0,-27.427897268357192,12.0,-207.0052314191269,17.102044705144547,-224.10727612427138,-2689.2873134912566,249.76445591344756
CRVUSDT,2400,2400,5.0,2.0,-188.94380317284634,12.0,-195.10815540298339,16.210189651764185,-211.3183450547476,-2535.820140656971,194.91592405583603
CRVUSDT,2400,2400,20.0,7.0,4.292085632659142,25.0,-48.08257760535093,15.513331162969257,-63.59590876832019,-1589.897719208005,77.0085312948941
CRVUSDT,2400,2400,60.0,20.0,-12.525195427482995,44.0,-18.282331706098663,15.2172839195589,-33.49961562565756,-1473.9830875289329,47.72916454514641
CRVUSDT,2400,4800,2.0,1.0,-160.8338324711877,9.0,-117.43471933460566,17.065130137955734,-134.4998494725614,-1210.4986452530527,256.30303987353767
CRVUSDT,2400,4800,5.0,2.0,-62.73297879409337,9.0,-132.5854921734938,16.440900548794065,-149.02639272228788,-1341.237534500591,225.10190383652107
CRVUSDT,2400,4800,20.0,5.0,19.431851174457524,18.0,55.49294049631922,14.959027471868549,40.533913024450676,729.6104344401122,133.50476780892208
CRVUSDT,2400,4800,60.0,16.0,29.210021638620358,35.0,60.99443564546046,14.996029089733819,45.998406555726646,1609.9442294504327,67.11186581437421
DOGEUSDT,120,120,2.0,9.0,-18.079713609451957,69.0,-7.016059369640972,14.318117330629464,-21.334176700270426,-1472.0581923186594,41.10576815283406
DOGEUSDT,120,120,5.0,21.0,-12.668876459859643,106.0,-8.942147526805321,13.825420272431298,-22.767567799236616,-2413.3621867190814,27.425851717583082
DOGEUSDT,120,120,20.0,68.0,-21.09398249869642,219.0,-1.716003797600025,13.45920887311516,-15.175212670715181,-3323.371574886625,14.778658250572363
DOGEUSDT,120,120,60.0,157.0,-11.575569499199156,470.0,4.78102413874256,13.22635824773583,-8.445334108993269,-3969.3070312268364,8.400282682258053
DOGEUSDT,120,300,2.0,9.0,5.272516312579276,43.0,26.201819174178123,14.144681885005554,12.057137289172568,518.4569034344204,66.01169480907522
DOGEUSDT,120,300,5.0,19.0,10.23493625331545,68.0,11.238244117447023,13.652366141228368,-2.4141220237813386,-164.16029761713102,41.65063950641776
DOGEUSDT,120,300,20.0,52.0,-9.64157422656982,143.0,11.904802683009944,13.186250015882022,-1.281447332872079,-183.2469686007073,24.376552931769538
DOGEUSDT,120,300,60.0,116.0,-17.36070455596368,300.0,4.810038416025167,13.079880038984703,-8.269841622959536,-2480.9524868878607,13.87006841870332
DOGEUSDT,120,600,2.0,9.0,22.424160319144328,32.0,31.689722934413016,14.099849868487485,17.58987306592553,562.875938109617,93.77838084136299
DOGEUSDT,120,600,5.0,18.0,9.356059479564315,50.0,2.164069589457852,13.61202608898271,-11.447956499524853,-572.3978249762426,65.22337311217295
DOGEUSDT,120,600,20.0,45.0,-13.024777397981707,101.0,36.41229255788059,13.31177900456198,23.10051355331861,2333.1518688851797,39.2726019877592
DOGEUSDT,120,600,60.0,91.0,-11.403886456138272,206.0,7.167658076295229,13.09608573808615,-5.928427661790924,-1221.2560983289304,19.011399808028
DOGEUSDT,120,1200,2.0,9.0,35.20801409160253,24.0,-9.901048795165208,13.948464489171428,-23.849513284336634,-572.3883188240792,104.17481283614113
DOGEUSDT,120,1200,5.0,16.0,13.643061669930773,38.0,-44.59334812002446,13.249396211302642,-57.84274433132712,-2198.0242845904304,93.66222063448501
DOGEUSDT,120,1200,20.0,36.0,-10.40776433112057,72.0,72.71742591629115,13.129486891714606,59.58793902457655,4290.3316097695115,56.014002454616175
DOGEUSDT,120,1200,60.0,74.0,-8.805389079895491,143.0,24.836820536663843,13.02105542396482,11.815765112699026,1689.6544111159608,33.16178546860929
DOGEUSDT,120,2400,2.0,7.0,29.819486547784653,19.0,-28.444146346368814,13.886726043131546,-42.33087238950036,-804.2865754005068,234.915392645242
DOGEUSDT,120,2400,5.0,13.0,-10.654651450993631,29.0,18.13884150880926,13.205484260033375,4.9333572487758826,143.06736021450058,104.983137365062
DOGEUSDT,120,2400,20.0,32.0,-17.03706271665255,55.0,91.50249020116775,13.146432472854642,78.3560577283131,4309.583175057221,69.07945775935923
DOGEUSDT,120,2400,60.0,58.0,-7.344175328414562,95.0,27.708372964866072,13.082849001248578,14.625523963617502,1389.4247765436626,43.75774146670736
DOGEUSDT,120,4800,2.0,7.0,40.02515792044573,16.0,-82.63365771544176,14.076539814622237,-96.71019753006398,-1547.3631604810237,266.3701761086089
DOGEUSDT,120,4800,5.0,12.0,-6.993149949150097,25.0,-1.6389551857175775,13.238101405491966,-14.877056591209543,-371.9264147802386,145.32040780278902
DOGEUSDT,120,4800,20.0,26.0,-27.908721283944644,39.0,76.482412807044,13.016036571027776,63.46637623601622,2475.1886732046323,117.2031900854461
DOGEUSDT,120,4800,60.0,49.0,3.896165705779106,61.0,-25.81960094071617,12.938547484865122,-38.7581484255813,-2364.247053960459,76.11304208262126
DOGEUSDT,300,120,2.0,5.0,-21.80664065942798,50.0,4.0118364192832265,14.231152847117382,-10.21931642783416,-510.965821391708,61.454795078169106
DOGEUSDT,300,120,5.0,12.0,-11.041654736542514,80.0,11.95992493664393,13.572175756530857,-1.6122508198869354,-128.98006559095484,51.61865050959598
DOGEUSDT,300,120,20.0,48.0,-5.867051170771529,172.0,-1.0874104888676408,13.386354322078649,-14.473764810946289,-2489.487547482762,16.404854890959832
DOGEUSDT,300,120,60.0,111.0,-9.79759288322374,309.0,-0.5854497666618086,13.271291341261302,-13.856741107923114,-4281.733002348242,11.264492293182283
DOGEUSDT,300,300,2.0,4.0,13.985593339579502,30.0,-21.65249068983014,14.190695328436286,-35.84318601826643,-1075.2955805479928,62.16070722623857
DOGEUSDT,300,300,5.0,10.0,7.501955349273312,49.0,-18.57184611148763,13.564488520044243,-32.13633463153187,-1574.6803969450616,56.484062981768645
DOGEUSDT,300,300,20.0,38.0,3.1386784841513995,113.0,12.272337270331883,13.533958644742567,-1.2616213744106828,-142.56321530840717,30.327307025117058
DOGEUSDT,300,300,60.0,81.0,-8.417978950655712,202.0,-4.994964415595516,13.098554917165403,-18.09351933276092,-3654.890905217706,16.393055176038587
DOGEUSDT,300,600,2.0,4.0,36.116360820698645,23.0,78.50455935644484,14.27975714290621,64.22480221353861,1477.1704509113881,123.57339896229787
DOGEUSDT,300,600,5.0,10.0,11.573156344425438,38.0,95.72930633758212,13.741406873521532,81.98789946406056,3115.5401796343012,65.9081856609782
DOGEUSDT,300,600,20.0,34.0,6.346706049048372,77.0,26.15519392915431,13.1291643842219,13.026029544932411,1003.0042749597957,55.79862218890756
DOGEUSDT,300,600,60.0,64.0,-12.294142966938383,137.0,32.47467280228561,13.160138046895003,19.31453475539061,2646.0912614885137,36.68345582014237
DOGEUSDT,300,1200,2.0,4.0,51.341697370681345,17.0,-135.47861720563958,14.508762196913862,-149.98737940255344,-2549.7854498434085,232.68932979759626
DOGEUSDT,300,1200,5.0,10.0,23.854408613881194,27.0,-19.512674395812535,13.526454207335588,-33.039128603148136,-892.0564722849996,140.58670335748226
DOGEUSDT,300,1200,20.0,27.0,7.54885987675572,57.0,26.12686547815116,12.987324353939416,13.139541124211727,748.9538440800684,84.14911079558544
DOGEUSDT,300,1200,60.0,52.0,-8.580201934540053,99.0,75.46874984022534,13.196186019442244,62.27256382078307,6164.983818257524,55.73294668041901
DOGEUSDT,300,2400,2.0,2.0,6.085265682962156,14.0,-89.53868996677146,14.535721979757268,-104.07441194652873,-1457.0417672514022,208.90129855150866
DOGEUSDT,300,2400,5.0,8.0,-1.237885120634223,21.0,93.88232141575322,13.458801577803703,80.42351983794951,1688.8939165969398,125.41527274986552
DOGEUSDT,300,2400,20.0,24.0,25.32688085495272,47.0,57.37687955804661,12.904797734939315,44.47208182310728,2090.1878456860422,82.55291917785766
DOGEUSDT,300,2400,60.0,43.0,-7.930429727681929,71.0,63.98577965437429,13.128942021590019,50.856837632784284,3610.835471927684,64.01936450500301
DOGEUSDT,300,4800,2.0,2.0,-66.53071072228427,12.0,-110.67004446936164,14.749290429000354,-125.41933489836198,-1505.0320187803438,245.61311318878245
DOGEUSDT,300,4800,5.0,8.0,28.698594042879357,17.0,14.275146978971035,13.506869109857595,0.7682778691134298,13.060723774928306,188.03617891903178
DOGEUSDT,300,4800,20.0,21.0,16.64313498856252,34.0,52.56184818875245,13.257042147254625,39.30480604149783,1336.3634054109261,118.43491213715238
DOGEUSDT,300,4800,60.0,35.0,11.64146180200659,47.0,6.2319069815590975,13.053481793103305,-6.82157481154422,-320.61401614257835,84.41800697069992
DOGEUSDT,600,120,2.0,4.0,-8.52937817482486,54.0,17.945692380954927,14.060997618686624,3.8846947622683046,209.77351716248845,56.20415126718349
DOGEUSDT,600,120,5.0,10.0,-12.53736440221856,66.0,26.182237094633635,13.779888580543659,12.40234851408998,818.5550019299386,47.445849750512636
DOGEUSDT,600,120,20.0,28.0,-17.990993100711258,129.0,8.413378686364009,13.688118265719064,-5.2747395793550576,-680.4414057368024,26.56002609903522
DOGEUSDT,600,120,60.0,83.0,-10.907338986260596,253.0,-1.0397520724065024,13.171991785547565,-14.211743857954065,-3595.5711960623785,11.817431124042427
DOGEUSDT,600,300,2.0,4.0,28.870016242453605,34.0,34.045064422448625,14.05039480273136,19.99466961971726,679.8187670703869,126.68579521160866
DOGEUSDT,600,300,5.0,9.0,10.447490815261869,43.0,27.19215236426569,13.841640605974655,13.35051175829104,574.0720056065147,77.31647534474115
DOGEUSDT,600,300,20.0,24.0,-8.216703134954344,86.0,3.598783208551899,13.753289260319178,-10.15450605176728,-873.2875204519861,31.741934426137036
DOGEUSDT,600,300,60.0,60.0,-5.9842396904102335,162.0,4.902085306254553,12.990053524375874,-8.087968218121317,-1310.2508513356534,22.646129205819417
DOGEUSDT,600,600,2.0,4.0,34.23888647118467,21.0,86.02504887784205,14.519836466452364,71.50521241138965,1501.6094606391828,125.86288132279834
DOGEUSDT,600,600,5.0,8.0,17.21446248061402,29.0,37.25370775648668,14.256800547590602,22.99690720889607,666.910309057986,88.47595091913723
DOGEUSDT,600,600,20.0,21.0,-2.833276258994726,57.0,36.29145726258126,13.934775323632072,22.35668193894919,1274.3308705201039,53.7448215161398
DOGEUSDT,600,600,60.0,47.0,-9.731535532536556,113.0,39.843411872150696,13.142641288581054,26.700770583569643,3017.1870759433696,28.444912564799782
DOGEUSDT,600,1200,2.0,4.0,63.54911142563351,15.0,41.92070822202416,13.792179635971419,28.128528586052752,421.92792879079127,253.72770593786365
DOGEUSDT,600,1200,5.0,7.0,17.496330594719524,20.0,78.94218360338434,14.639986157047968,64.3021974463364,1286.0439489267278,113.77136786601027
DOGEUSDT,600,1200,20.0,17.0,3.712032194840976,40.0,-37.024060314865764,13.771744872240959,-50.79580518710672,-2031.832207484269,94.23588565768004
DOGEUSDT,600,1200,60.0,40.0,-10.84965904307509,82.0,5.012702481550299,12.969781118635662,-7.9570786370853686,-652.4804482410002,64.47039122876728
DOGEUSDT,600,2400,2.0,3.0,50.621284642080305,12.0,-101.42754168537344,14.200866942161928,-115.62840862753535,-1387.5409035304242,271.8057667041561
DOGEUSDT,600,2400,5.0,7.0,12.510200528577462,16.0,124.85109286440004,14.523966337397411,110.32712652700265,1765.2340244320424,264.19187066844796
DOGEUSDT,600,2400,20.0,16.0,0.7610266346638035,34.0,64.97067047716406,13.818295017234929,51.15237545992914,1739.1807656375906,98.98482408527991
DOGEUSDT,600,2400,60.0,32.0,-4.960666669097718,62.0,30.323010882822363,13.02379165797134,17.299219224851026,1072.5515919407635,65.32175784294242
DOGEUSDT,600,4800,2.0,3.0,23.001619246026284,10.0,-12.783074646319111,13.74551330731689,-26.52858795363601,-265.2858795363601,330.4504213257375
DOGEUSDT,600,4800,5.0,6.0,18.964441600891547,12.0,7.3194843706825425,14.811411657610742,-7.491927286928212,-89.90312744313854,365.1610719629064
DOGEUSDT,600,4800,20.0,13.0,-1.595847830033776,26.0,4.292915316648498,14.093805153652966,-9.80088983700445,-254.82313576211567,158.25470775653412
DOGEUSDT,600,4800,60.0,27.0,24.129588870029473,42.0,-35.99266390049077,12.885410070718185,-48.87807397120894,-2052.8791067907755,106.4167026334628
DOGEUSDT,1200,120,2.0,5.0,2.362398811704478,58.0,3.675986591361379,13.998128605232877,-10.3221420138715,-598.684236804547,55.18348503328375
DOGEUSDT,1200,120,5.0,12.0,-2.126002331469287,75.0,2.639336559896881,13.76066005089234,-11.121323490995465,-834.0992618246598,41.38044689824281
DOGEUSDT,1200,120,20.0,26.0,-12.474209880651939,132.0,15.247245082012297,13.44431045476386,1.8029346272484328,237.98737079679313,32.72015325729214
DOGEUSDT,1200,120,60.0,76.0,-11.906791130224667,228.0,5.19990568608744,13.373578753323539,-8.173673067236095,-1863.5974593298297,14.397033645474536
DOGEUSDT,1200,300,2.0,5.0,38.49061200231603,35.0,22.45877500636089,13.832001385687242,8.626773620673648,301.93707672357766,86.18355863779925
DOGEUSDT,1200,300,5.0,9.0,24.59828441689794,44.0,9.032498634017719,13.472758696649027,-4.440260062631311,-195.3714427557777,53.22085115295958
DOGEUSDT,1200,300,20.0,20.0,2.4190870577106893,75.0,-1.5516215909262787,13.24082908912062,-14.792450680046896,-1109.4338010035171,41.7366147561307
DOGEUSDT,1200,300,60.0,54.0,-8.474188791822687,136.0,26.978287889031005,13.324436055764382,13.653851833266621,1856.9238493242606,21.89013680149049
DOGEUSDT,1200,600,2.0,5.0,51.667911992646374,27.0,75.08741426197724,14.168717148797809,60.918697113179434,1644.8048220558446,104.28111258289756
DOGEUSDT,1200,600,5.0,8.0,42.176375360567945,35.0,80.51089673020779,13.732569229911894,66.77832750029589,2337.241462510356,88.05564504196236
DOGEUSDT,1200,600,20.0,17.0,8.188539808486038,55.0,44.86038171918493,13.53891099554763,31.321470723637304,1722.6808898000518,69.94355717370954
DOGEUSDT,1200,600,60.0,42.0,-6.562412468196207,100.0,27.493957367303796,13.339262274978346,14.15469509232545,1415.469509232545,39.31879930278771
DOGEUSDT,1200,1200,2.0,5.0,48.604669333863704,17.0,160.73762448194316,14.181155012831965,146.5564694691112,2491.45998097489,148.9779265441477
DOGEUSDT,1200,1200,5.0,8.0,32.31480109541054,23.0,125.85268660177279,13.64779537601994,112.20489122575283,2580.7124981923153,113.24197898290562
DOGEUSDT,1200,1200,20.0,13.0,1.5668687844601468,36.0,10.422899391847437,13.3407126272362,-2.9178132353887576,-105.04127647399527,119.22901173996534
DOGEUSDT,1200,1200,60.0,34.0,-13.057820519774104,69.0,33.97057533399852,13.287354925724062,20.68322040827445,1427.1422081709372,50.889691974344885
DOGEUSDT,1200,2400,2.0,3.0,-8.13792648132909,12.0,52.871749649358414,14.094727371826542,38.77702227753185,465.32426733038216,323.4307127715594
DOGEUSDT,1200,2400,5.0,6.0,-3.818017496392334,18.0,-28.261923451116676,13.612405588776152,-41.874329039892814,-753.7379227180706,286.21703589706107
DOGEUSDT,1200,2400,20.0,11.0,-32.46181348692533,30.0,-21.757480837654978,13.352469332486788,-35.10995017014178,-1053.2985051042533,185.6167284716745
DOGEUSDT,1200,2400,60.0,28.0,-11.345492040040966,53.0,20.059569891068076,13.1450095827574,6.914560308310673,366.47169634046566,78.63072660764152
DOGEUSDT,1200,4800,2.0,3.0,-67.22543024029501,10.0,75.46962912914282,13.986268987851554,61.48336014129124,614.8336014129125,402.4477705902969
DOGEUSDT,1200,4800,5.0,5.0,-5.457248705577017,14.0,-58.128955690346274,13.520339995981073,-71.64929568632736,-1003.0901396085831,292.12741813483393
DOGEUSDT,1200,4800,20.0,8.0,-15.433971886130186,21.0,94.97799136376827,13.411332576958197,81.56665878681008,1712.8998345230116,222.44232340354435
DOGEUSDT,1200,4800,60.0,24.0,16.561384584780374,35.0,40.206087213216044,13.459972755188343,26.746114458027698,936.1140060309694,118.82555131268845
DOGEUSDT,2400,120,2.0,3.0,-6.831280694010381,56.0,12.858677636268327,14.117052810862743,-1.2583751745944198,-70.46900977728751,49.937206873262056
DOGEUSDT,2400,120,5.0,5.0,-33.71854251060853,68.0,-9.758054180132769,13.83847573290892,-23.596529913041692,-1604.5640340868351,42.47366498438153
DOGEUSDT,2400,120,20.0,19.0,-14.672050216594323,128.0,3.003394207139106,13.595840913916897,-10.592446706777796,-1355.833178467558,24.646999332742197
DOGEUSDT,2400,120,60.0,65.0,-7.262863584562732,206.0,5.995885409418357,13.438333810524412,-7.44244840110605,-1533.1443706278465,17.873572072493285
DOGEUSDT,2400,300,2.0,2.0,8.284950350086367,32.0,32.559660839051105,13.536503312224735,19.023157526826374,608.741040858444,58.469708130990284
DOGEUSDT,2400,300,5.0,4.0,5.258326580313964,37.0,22.798228920832795,13.441275786748884,9.356953134083914,346.20726596110484,51.90894632141198
DOGEUSDT,2400,300,20.0,12.0,2.985829473751416,68.0,-29.245780303324473,13.304695437686782,-42.55047574101125,-2893.432350388765,47.208511378190266
DOGEUSDT,2400,300,60.0,41.0,3.987978641090991,112.0,3.777886019217933,13.366302014614735,-9.588415995396806,-1073.9025914844424,30.681046194312135
DOGEUSDT,2400,600,2.0,2.0,35.25399815658737,23.0,6.39812461892645,14.037075419176764,-7.63895080025031,-175.69586840575712,95.92741922819454
DOGEUSDT,2400,600,5.0,4.0,14.152619937190106,26.0,55.57347423190742,13.377494235107816,42.19597999679958,1097.0954799167891,152.44913091391265
DOGEUSDT,2400,600,20.0,9.0,3.128511388173228,47.0,-16.090033383514154,13.27402725106761,-29.36406063458177,-1380.1108498253432,49.20624748805593
DOGEUSDT,2400,600,60.0,30.0,12.766246934289525,78.0,9.042517053223206,13.267112131577974,-4.224595078354776,-329.51841611167254,38.70861261528476
DOGEUSDT,2400,1200,2.0,2.0,46.43268173033778,18.0,50.535863148028305,14.244021427546938,36.291841720481365,653.2531509686646,120.12643249233233
DOGEUSDT,2400,1200,5.0,4.0,35.75780939982689,18.0,126.50717365827035,13.090603646086514,113.41657001218385,2041.4982602193093,196.8597523814822
DOGEUSDT,2400,1200,20.0,8.0,5.118015379619676,33.0,5.499924345007463,13.328381280062306,-7.82845693505485,-258.33907885681003,70.84440041050172
DOGEUSDT,2400,1200,60.0,23.0,7.295522632487012,57.0,12.051103310771317,13.317245620752091,-1.2661423099807674,-72.17011166890374,54.213802733157735
DOGEUSDT,2400,2400,2.0,1.0,-37.693430656932534,12.0,-254.0514651288455,13.710267724711818,-267.7617328535573,-3213.1407942426877,257.008208735863
DOGEUSDT,2400,2400,5.0,3.0,14.45380853819151,12.0,-335.0799170668662,13.186859691126969,-348.2667767579932,-4179.2013210959185,351.9940253715815
DOGEUSDT,2400,2400,20.0,6.0,74.7175857903801,22.0,-98.12689935439424,13.467264636528375,-111.5941639909226,-2455.071607800297,146.59588930020328
DOGEUSDT,2400,2400,60.0,19.0,14.330425437502925,39.0,-41.85174421298021,13.324216030409053,-55.175960243389255,-2151.862449492181,96.1794984985639
DOGEUSDT,2400,4800,2.0,1.0,-153.313868613139,9.0,-151.50307913370278,13.519759696949128,-165.02283883065192,-1485.2055494758672,315.9995271496298
DOGEUSDT,2400,4800,5.0,2.0,-26.75472659815526,9.0,-168.50057446535564,13.330448179419472,-181.8310226447751,-1636.4792038029757,292.46143444185657
DOGEUSDT,2400,4800,20.0,4.0,96.57206800760444,15.0,-52.73927498117481,13.731459209174023,-66.47073419034882,-997.0610128552323,179.39702164347534
DOGEUSDT,2400,4800,60.0,17.0,42.44982110709856,30.0,-17.997364455288213,13.3885701483187,-31.38593460360692,-941.5780381082076,98.36276725185678
DOTUSDT,120,120,2.0,9.0,-20.589045163039806,74.0,-11.490949712786765,13.712229040824718,-25.203178753611482,-1865.0352277672496,27.08024256544413
DOTUSDT,120,120,5.0,21.0,-17.597736703377432,111.0,-9.800278876616863,13.765666776727707,-23.56594565334457,-2615.8199675212472,17.365576303244477
DOTUSDT,120,120,20.0,69.0,-19.027391874434418,234.0,-6.741201169391266,13.42066515482206,-20.161866324213328,-4717.876719865919,7.526142590559668
DOTUSDT,120,120,60.0,157.0,-13.639028709379467,492.0,-0.7835790323338686,13.313161461893921,-14.09674049422779,-6935.596323160073,5.104412730321456
DOTUSDT,120,300,2.0,9.0,9.284122420220074,48.0,8.276543744448679,13.712709758453101,-5.436166014004417,-260.935968672212,30.53028949150831
DOTUSDT,120,300,5.0,19.0,4.127661757269983,71.0,-16.173444268864326,13.532543882689595,-29.70598815155392,-2109.1251587603283,26.612342940352605
DOTUSDT,120,300,20.0,53.0,-10.940631739943056,153.0,-4.488610233423518,13.307771190166488,-17.79638142359001,-2722.8463578092715,15.82472950492225
DOTUSDT,120,300,60.0,115.0,-18.850664331520953,312.0,-3.0356733649868963,13.240038152975211,-16.275711517962108,-5078.021993604178,8.235699673473608
DOTUSDT,120,600,2.0,9.0,25.38001851935637,38.0,-10.14201409692025,13.518996176873271,-23.661010273793515,-899.1183904041536,56.372290117327864
DOTUSDT,120,600,5.0,18.0,8.819069745938274,52.0,-0.6286988043838831,13.541665375048611,-14.1703641794325,-736.85893733049,35.772530792360506
DOTUSDT,120,600,20.0,45.0,-9.904736030875247,108.0,3.929667635818004,13.29272331692205,-9.363055681104045,-1011.2100135592368,21.248619296027933
DOTUSDT,120,600,60.0,90.0,-11.352925330626478,216.0,-6.7018650786744685,13.207026798489677,-19.90889187716414,-4300.320645467455,12.138176254070403
DOTUSDT,120,1200,2.0,9.0,33.73565239488487,27.0,-28.1770474418415,13.352912643975717,-41.529960085817216,-1121.3089223170648,53.37999114438285
DOTUSDT,120,1200,5.0,16.0,-1.6762032156774076,39.0,-42.69377101295181,13.33921078764898,-56.03298180060079,-2185.2862902234306,60.75417720447029
DOTUSDT,120,1200,20.0,36.0,-13.964875858709409,75.0,45.51787398467969,13.41742010430832,32.100453880371376,2407.534041027853,27.464805499993354
DOTUSDT,120,1200,60.0,74.0,-5.352687699924864,149.0,12.71133085170435,13.20144955170322,-0.4901186999988717,-73.02768629983188,15.257034494279056
DOTUSDT,120,2400,2.0,7.0,26.888569103575133,21.0,-42.33852667657962,13.210401330258646,-55.54892800683826,-1166.5274881436035,125.2906275166665
DOTUSDT,120,2400,5.0,13.0,-20.80750875150803,30.0,1.7657497344112025,13.263149381511523,-11.497399647100325,-344.9219894130097,57.7484091977516
DOTUSDT,120,2400,20.0,32.0,-14.756006456754806,59.0,43.093774960691604,13.198233846325317,29.89554111436629,1763.836925747611,36.1468026343891
DOTUSDT,120,2400,60.0,58.0,-0.30130545402164716,98.0,9.18621902124559,13.217840646484037,-4.031621625238445,-395.09891927336764,27.434795530381976
DOTUSDT,120,4800,2.0,7.0,53.7360776722428,18.0,-58.81761886441843,13.181680498909138,-71.99929936332758,-1295.9873885398965,141.46496901620952
DOTUSDT,120,4800,5.0,12.0,-8.966146984794412,25.0,-20.43663594630716,13.29411387893985,-33.73074982524701,-843.2687456311753,103.28467243621034
DOTUSDT,120,4800,20.0,26.0,-11.374172299004998,43.0,87.41469037302089,13.250981664107957,74.16370870891294,3189.039474483256,60.21349849317849
DOTUSDT,120,4800,60.0,49.0,5.187724800470483,63.0,0.3217634902118651,13.243787867783732,-12.922024377571871,-814.0875357870278,50.505893750620515
DOTUSDT,300,120,2.0,5.0,-26.943402388502637,52.0,-5.296901169101629,13.689143988506212,-18.986045157607837,-987.2743481956074,46.06693983155845
DOTUSDT,300,120,5.0,12.0,-6.120348126654292,86.0,1.85053859049685,13.666257470753287,-11.815718880256437,-1016.1518237020535,25.53921045967929
DOTUSDT,300,120,20.0,48.0,-5.747134502983809,193.0,-7.504690707018149,13.526608162426452,-21.0312988694446,-4059.0406818028077,12.22502973567293
DOTUSDT,300,120,60.0,114.0,-10.10074294210326,320.0,-3.9387444912392624,13.461125676757302,-17.399870167996564,-5567.958453758901,6.6582590444716345
DOTUSDT,300,300,2.0,4.0,20.43353160816942,31.0,-20.537921885491464,13.843835322997531,-34.381757208489,-1065.834473463159,46.404230703558916
DOTUSDT,300,300,5.0,10.0,17.860705184391808,54.0,19.142400800626802,13.418233938797924,5.724166861828869,309.1050105387589,39.52226927577777
DOTUSDT,300,300,20.0,38.0,0.734859517545068,126.0,-3.5079607615793513,13.44204960751746,-16.950010369096812,-2135.7013065061983,13.102284051556843
DOTUSDT,300,300,60.0,83.0,-9.56286425981783,210.0,-3.9729581158490896,13.328907503472411,-17.301865619321504,-3633.3917800575155,9.304479391274858
DOTUSDT,300,600,2.0,4.0,39.082824956634965,24.0,28.571839876248422,13.50301497545466,15.068824900793764,361.65179761905034,63.765161643580385
DOTUSDT,300,600,5.0,10.0,17.834002413868614,39.0,47.19051334822842,13.463308614167781,33.727204734060656,1315.3609846283655,49.24254516275799
DOTUSDT,300,600,20.0,34.0,11.782304228140617,86.0,5.609295703509674,13.239817728959354,-7.63052202544968,-656.2248941886725,29.722814679061266
DOTUSDT,300,600,60.0,64.0,-8.97851245665573,147.0,26.39682030131692,13.360344752869405,13.036475548447513,1916.3619056217844,19.2076120031342
DOTUSDT,300,1200,2.0,4.0,52.725351385924945,17.0,14.535957050393476,13.50004604628887,1.035911004104607,17.610487069778316,78.51655232014859
DOTUSDT,300,1200,5.0,10.0,25.626740860529015,28.0,-22.810955580677728,13.25708063073718,-36.06803621141491,-1009.9050139196177,73.65195019405598
DOTUSDT,300,1200,20.0,27.0,15.797747622868826,61.0,12.180151572854864,13.242535891715669,-1.062384318860805,-64.80544345050912,42.79848747590412
DOTUSDT,300,1200,60.0,52.0,-2.7732104973325886,105.0,38.69278001681899,13.30460719266073,25.388172824158264,2665.758146536618,30.960841402586063
DOTUSDT,300,2400,2.0,2.0,3.9678661788279648,14.0,-29.228267675123927,13.578548852566302,-42.80681652769023,-599.2954313876633,174.2417562915318
DOTUSDT,300,2400,5.0,8.0,-1.0629032312050963,22.0,47.274419541414005,13.150618418746383,34.12380112266763,750.7236246986879,73.45942101950429
DOTUSDT,300,2400,20.0,24.0,33.660555767967175,49.0,14.538476200993008,13.152116577187423,1.386359623805585,67.93162156647367,39.51887151608684
DOTUSDT,300,2400,60.0,43.0,-2.0304768075300337,76.0,32.32369986411777,13.302589304377292,19.02111055974048,1445.6044025402766,32.175628688362
DOTUSDT,300,4800,2.0,2.0,-83.30858402227123,12.0,-17.04396005702029,13.664557314304583,-30.70851737132486,-368.5022084558983,184.5853985813666
DOTUSDT,300,4800,5.0,8.0,33.34920496724473,18.0,4.1569255851472695,13.17799381418783,-9.021068229040562,-162.37922812273013,133.24273532739517
DOTUSDT,300,4800,20.0,21.0,27.385778116193837,35.0,39.44720854946599,13.100721158306692,26.346487391159297,922.1270586905754,70.90853270455182
DOTUSDT,300,4800,60.0,34.0,17.843603582302492,49.0,15.4295849759731,13.301059149288417,2.1285258266846885,104.29776550754974,53.37578680494069
DOTUSDT,600,120,2.0,4.0,-8.906785643284257,54.0,10.340924726708396,14.387293668124881,-4.0463689414164845,-218.50392283649018,30.65755778046567
DOTUSDT,600,120,5.0,10.0,-5.888537238490791,71.0,12.476581252441374,13.964078376725208,-1.4874971242838375,-105.61229582415247,25.944264743388526
DOTUSDT,600,120,20.0,28.0,-15.190939552878904,138.0,0.9484762705304254,13.633404015462645,-12.684927744932219,-1750.5200288006463,13.914637439361886
DOTUSDT,600,120,60.0,85.0,-6.894880631795575,283.0,1.0405280010483056,13.397940706498607,-12.357412705450301,-3497.147795642435,6.848812027199022
DOTUSDT,600,300,2.0,4.0,48.83603698286218,35.0,27.272167127324963,13.980409886695266,13.29175724062969,465.2115034220392,76.56331312100356
DOTUSDT,600,300,5.0,9.0,19.061111171196213,46.0,13.212431983914591,13.632941274019641,-0.4205092901050477,-19.343427344832193,35.14672023663276
DOTUSDT,600,300,20.0,24.0,-5.820025552521563,91.0,1.956127473467379,13.415053285289908,-11.458925811822532,-1042.7622488758504,16.93443217198285
DOTUSDT,600,300,60.0,62.0,-5.260213432709232,178.0,1.444690477446032,13.253450782748168,-11.808760305302135,-2101.95933434378,10.022850798883738
DOTUSDT,600,600,2.0,4.0,42.50719797583122,21.0,19.135031012158784,14.16298370888081,4.972047303277973,104.41299336883743,89.21822078699608
DOTUSDT,600,600,5.0,8.0,20.84841802709071,32.0,18.27844760103257,13.594463024859156,4.683984576173405,149.88750643754895,61.26374150042943
DOTUSDT,600,600,20.0,21.0,5.293576033555965,60.0,19.386509078306183,13.388466100782962,5.998042977523228,359.88257865139366,37.34518418300286
DOTUSDT,600,600,60.0,49.0,-3.5286196288681424,127.0,23.851141524143927,13.287650154431304,10.563491369712619,1341.5634039535025,15.87014666157762
DOTUSDT,600,1200,2.0,4.0,60.205297673378546,15.0,-5.106645879887338,14.433994099165574,-19.5406399790529,-293.1095996857935,146.21194375231048
DOTUSDT,600,1200,5.0,7.0,16.0886034237036,22.0,-25.54887766535876,13.51773321487687,-39.06661088023563,-859.4654393651838,105.95175830326865
DOTUSDT,600,1200,20.0,17.0,9.30896796616642,43.0,-5.098600284840799,13.397629325200612,-18.496229610041407,-795.3378732317805,49.10276527803346
DOTUSDT,600,1200,60.0,41.0,-8.349897409083752,93.0,34.86372537713159,13.261945848842753,21.601779528288837,2008.9654961308618,33.687440745409575
DOTUSDT,600,2400,2.0,3.0,52.08176978878993,12.0,-35.11715461172996,14.691148552177596,-49.808303163907546,-597.6996379668906,166.82485061327574
DOTUSDT,600,2400,5.0,7.0,-3.218991528711339,17.0,44.40076445025806,13.52647412239779,30.87429032786027,524.8629355736246,93.47199145673686
DOTUSDT,600,2400,20.0,16.0,2.310628422213794,36.0,29.765762987107646,13.511743777788647,16.254019209319015,585.1446915354845,53.278605739113324
DOTUSDT,600,2400,60.0,33.0,1.7095822550392077,69.0,17.855006445467595,13.182429496886776,4.672576948580815,322.40780945207626,33.76433611790313
DOTUSDT,600,4800,2.0,3.0,31.90735854705054,10.0,18.077561305641858,14.812190436610276,3.265370869031591,32.65370869031591,205.15389845733225
DOTUSDT,600,4800,5.0,6.0,15.994212802157065,13.0,4.916803436468995,13.574043487344115,-8.65724005087512,-112.54412066137658,177.36435190548227
DOTUSDT,600,4800,20.0,13.0,-8.722440622668765,27.0,17.550815071659226,13.453446021622126,4.097369050037093,110.62896435100151,100.09776515518531
DOTUSDT,600,4800,60.0,27.0,25.403757084774995,47.0,10.975573001716404,13.295448913061932,-2.3198759113455267,-109.03416783323975,64.75428690730726
DOTUSDT,1200,120,2.0,4.0,-3.216878107645284,61.0,-0.8120722244824543,14.401774220941412,-15.213846445423874,-928.0446331708563,37.04318312912086
DOTUSDT,1200,120,5.0,12.0,-1.2363654089611573,83.0,-3.528741026681175,13.598858471631354,-17.127599498312524,-1421.5907583599394,25.214792886491406
DOTUSDT,1200,120,20.0,26.0,-9.566789301253923,140.0,1.1628281988789892,13.489638377257945,-12.326810178378953,-1725.7534249730534,17.891791468431123
DOTUSDT,1200,120,60.0,76.0,-7.398334563001319,246.0,-0.271863164815453,13.365650265355985,-13.637513430171435,-3354.828303822173,6.606960248936825
DOTUSDT,1200,300,2.0,4.0,43.788450151552276,37.0,22.85263707395728,14.312439371063087,8.540197702894186,315.98731500708493,34.89202023254159
DOTUSDT,1200,300,5.0,9.0,26.637027346392145,49.0,5.543876211323708,13.60101907380012,-8.057142862476411,-394.80000026134417,26.13133000975612
DOTUSDT,1200,300,20.0,20.0,-3.9883504526166824,81.0,5.265505649813945,13.363252403190172,-8.097746753376226,-655.9174870234743,20.688226642225654
DOTUSDT,1200,300,60.0,54.0,-7.828983039957843,147.0,7.390771071592637,13.447684860739836,-6.056913789147197,-890.3663270046379,12.581051783845462
DOTUSDT,1200,600,2.0,4.0,64.64070008425774,29.0,36.75595794616225,14.796362006437004,21.959595939725244,636.8282822520321,57.32820431663443
DOTUSDT,1200,600,5.0,8.0,50.56833881233254,37.0,30.432965794055406,13.77545394908926,16.657511844966162,616.327938263748,51.712379572001176
DOTUSDT,1200,600,20.0,18.0,16.40301586710646,59.0,23.775106966024932,13.560418007738653,10.214688958286276,602.6666485388903,42.1152369418974
DOTUSDT,1200,600,60.0,42.0,2.7846313374507314,111.0,7.588636135049829,13.308003575492625,-5.719367440442803,-634.8497858891511,21.701115608493424
DOTUSDT,1200,1200,2.0,4.0,66.80014987347076,19.0,81.46709251547111,15.140309432131053,66.32678308334006,1260.2088785834612,77.1152025823377
DOTUSDT,1200,1200,5.0,8.0,25.928301432532788,24.0,-19.21277624259842,13.574496936962953,-32.78727317956137,-786.8945563094728,86.42135918040883
DOTUSDT,1200,1200,20.0,13.0,-2.793358109099751,38.0,10.066459214511777,13.397746945565466,-3.3312877310536906,-126.58893378004024,47.58665174415614
DOTUSDT,1200,1200,60.0,34.0,-6.738322133921556,75.0,8.029635436841094,13.378744546609637,-5.349109109768542,-401.18318323264066,25.33478900762614
DOTUSDT,1200,2400,2.0,2.0,-6.113951409164429,15.0,12.64645733767959,15.392664565162566,-2.746207227482993,-41.1931084122449,180.85031901925313
DOTUSDT,1200,2400,5.0,6.0,5.582298753788909,18.0,-9.46557072889092,13.641480998159182,-23.1070517270501,-415.9269310869018,97.99625688091352
DOTUSDT,1200,2400,20.0,11.0,-30.40791978217869,32.0,-31.803009713993564,13.500451702196543,-45.30346141619011,-1449.7107653180835,108.53099845684767
DOTUSDT,1200,2400,60.0,28.0,8.819003060087638,56.0,0.6060918116639442,13.306729395691118,-12.700637584027172,-711.2357047055216,36.14798724000486
DOTUSDT,1200,4800,2.0,2.0,-89.6965720865232,12.0,65.17767792242437,15.388727069943622,49.78895085248073,597.4674102297688,210.71475634067977
DOTUSDT,1200,4800,5.0,5.0,-21.511475786422274,14.0,-31.98267102919127,13.701991705595121,-45.68466273478638,-639.5852782870093,175.91338544945495
DOTUSDT,1200,4800,20.0,8.0,-22.37583225977451,23.0,48.66022281750762,13.624437563211487,35.03578525429614,805.8230608488111,92.18054697376914
DOTUSDT,1200,4800,60.0,24.0,28.461938785067257,36.0,3.178940451640639,13.402723592901717,-10.22378314126107,-368.0561930853985,64.80557928407893
DOTUSDT,2400,120,2.0,3.0,-9.62428149876308,62.0,-5.738202917227379,13.509906286103032,-19.24810920333041,-1193.3827706064856,27.208306634451866
DOTUSDT,2400,120,5.0,5.0,-26.281689868777345,69.0,-20.582154542947286,13.555112497049201,-34.137267039996495,-2355.471425759758,31.37323297869396
DOTUSDT,2400,120,20.0,18.0,-11.944261682034401,137.0,-4.210471976108868,13.612615889124235,-17.823087865233106,-2441.7630375369354,19.97111453333137
DOTUSDT,2400,120,60.0,66.0,-4.767063493779009,215.0,1.5875427283538956,13.472019361182234,-11.884476632828338,-2555.1624760580926,10.314720160615273
DOTUSDT,2400,300,2.0,2.0,21.410475573588105,33.0,5.709044625765849,13.642167704931268,-7.933123079165417,-261.79306161245876,37.29517600129738
DOTUSDT,2400,300,5.0,4.0,18.662270597574384,38.0,-4.135661441923453,13.617029960474161,-17.752691402397613,-674.6022732911092,29.929618561925157
DOTUSDT,2400,300,20.0,11.0,0.41328328532287306,76.0,-4.097882172367173,13.866519582149106,-17.964401754516274,-1365.294533343237,29.960522187056892
DOTUSDT,2400,300,60.0,43.0,7.2028649863163805,119.0,-0.1442317105181946,13.473472715787954,-13.61770442630615,-1620.5068267304318,16.920759173964974
DOTUSDT,2400,600,2.0,2.0,46.283500581014486,23.0,36.23740073102424,13.7893816807969,22.448019050227334,516.3044381552287,85.68875562079295
DOTUSDT,2400,600,5.0,4.0,55.416284402512645,26.0,6.114185881751798,13.650842523707867,-7.536656641956071,-195.95307269085785,38.52112288831852
DOTUSDT,2400,600,20.0,8.0,-9.658790867219507,51.0,-14.602098492492667,13.81484980152696,-28.41694829401963,-1449.2643629950012,40.31919149470636
DOTUSDT,2400,600,60.0,32.0,22.682782667676662,84.0,4.3459591256283545,13.629656466406727,-9.283697340778373,-779.8305766253833,23.940649670262527
DOTUSDT,2400,1200,2.0,2.0,38.21225684343043,18.0,69.01826489956113,13.920688465458777,55.097576434102365,991.7563758138425,93.93301588552329
DOTUSDT,2400,1200,5.0,4.0,64.90513785786541,18.0,36.775871216724816,13.592372929803298,23.183498286921512,417.30296916458724,46.63805563183659
DOTUSDT,2400,1200,20.0,8.0,1.444339056760903,37.0,10.618067881183602,13.879077464927617,-3.2610095837440123,-120.65735459852846,49.94060080781025
DOTUSDT,2400,1200,60.0,25.0,6.768776154915681,61.0,44.059410545135414,13.610836617442665,30.44857392769276,1857.3630095892584,37.32334568963053
DOTUSDT,2400,2400,2.0,1.0,-44.55844240411464,12.0,-167.1513371847967,13.918047107502355,-181.06938429229902,-2172.8326115075884,238.02326264841832
DOTUSDT,2400,2400,5.0,3.0,56.78307769003652,12.0,-128.53349403540642,13.737569787309141,-142.27106382271555,-1707.2527658725867,157.88236948068533
DOTUSDT,2400,2400,20.0,6.0,93.09451929382823,24.0,-1.6491104830524297,14.189592222763915,-15.838702705816345,-380.1288649395923,93.71703197898601
DOTUSDT,2400,2400,60.0,21.0,28.21142001539403,43.0,5.857744061849798,13.56460313886628,-7.706859077016478,-331.3949403117086,50.559668391085296
DOTUSDT,2400,4800,2.0,1.0,-160.46649736276572,9.0,-104.62760240235798,14.185937111262554,-118.81353951362055,-1069.321855622585,202.80141293222218
DOTUSDT,2400,4800,5.0,2.0,4.0425803562216345,9.0,-117.75148496598896,13.946471837960608,-131.6979568039496,-1185.2816112355465,186.63440014052685
DOTUSDT,2400,4800,20.0,4.0,117.70871447555326,17.0,43.14601115556144,14.51685549475599,28.62915566080544,486.6956462336925,117.23928452704416
DOTUSDT,2400,4800,60.0,17.0,74.37762062477042,35.0,31.515955972982102,13.314824960185726,18.201131012796374,637.039585447873,56.50206977410292
DYDXUSDT,120,120,2.0,9.0,-20.26072986484774,76.0,-25.629268775478717,15.493717226360852,-41.122986001839564,-3125.346936139807,36.89635026347466
DYDXUSDT,120,120,5.0,22.0,-35.7350513723243,112.0,-13.989304723842476,15.565304205216892,-29.55460892905936,-3310.1162000546483,26.819821338859256
DYDXUSDT,120,120,20.0,66.0,-25.042352849680764,248.0,-7.586480796484057,15.39726703317176,-22.983747829655815,-5699.969461754642,10.965022129186432
DYDXUSDT,120,120,60.0,158.0,-14.658528991445662,500.0,-1.0094132567154772,15.271407075413615,-16.280820332129096,-8140.410166064547,5.4410081041393505
DYDXUSDT,120,300,2.0,9.0,11.604576993936004,48.0,-2.958093306024859,15.574151208717888,-18.532244514742754,-889.5477367076521,33.35766798487237
DYDXUSDT,120,300,5.0,20.0,-30.500164616371386,72.0,-19.85308353012092,15.475588152102338,-35.32867168222326,-2543.664361120075,33.26711988965933
DYDXUSDT,120,300,20.0,51.0,-22.531945214986713,162.0,-1.3731484726103804,15.202182359685038,-16.57533083229542,-2685.203594831858,19.63537227970773
DYDXUSDT,120,300,60.0,116.0,-26.344410937792414,319.0,-4.892909497120659,15.18641568403519,-20.07932518115585,-6405.304732788716,8.377505212288611
DYDXUSDT,120,600,2.0,9.0,33.83245344652562,38.0,-14.134746184815455,15.632882651044767,-29.767628835860226,-1131.1698957626886,73.47491869356114
DYDXUSDT,120,600,5.0,19.0,5.003118067757704,53.0,18.39889297750154,15.416634713327804,2.9822582641737307,158.05968800120772,40.91766127968663
DYDXUSDT,120,600,20.0,45.0,-24.38319020035704,115.0,4.27053993631713,15.101778522209951,-10.83123858589282,-1245.5924373776743,25.18338835092751
DYDXUSDT,120,600,60.0,91.0,-32.31095183393559,221.0,-8.491430534662623,15.036170347450337,-23.52760088211296,-5199.599794946964,15.763799150155663
DYDXUSDT,120,1200,2.0,9.0,24.38360099300878,27.0,-45.280570737457396,15.575891655573116,-60.856462393030505,-1643.1244846118236,86.43792181370426
DYDXUSDT,120,1200,5.0,16.0,5.870629469693868,40.0,-48.894332943755884,15.339408941784484,-64.23374188554037,-2569.349675421615,83.37113726455064
DYDXUSDT,120,1200,20.0,36.0,-12.656544837694316,79.0,49.78592579737622,15.15438300767501,34.6315427897012,2735.891880386395,35.987500029066965
DYDXUSDT,120,1200,60.0,75.0,-14.517113025511058,151.0,4.676685805819519,15.167208859505115,-10.49052305368559,-1584.0689811065242,19.194452594997728
DYDXUSDT,120,2400,2.0,7.0,21.189823328862705,21.0,-59.33740095105257,15.52295006235397,-74.86035101340656,-1572.0673712815378,154.96905426595728
DYDXUSDT,120,2400,5.0,13.0,-33.20502911972234,31.0,7.804449260924628,15.229917425120384,-7.425468164195757,-230.18951309006846,72.22075201234051
DYDXUSDT,120,2400,20.0,33.0,-42.323619709428215,60.0,71.96347920052294,15.014463236060756,56.949015964462184,3416.940957867731,45.166603485900744
DYDXUSDT,120,2400,60.0,61.0,-7.310755887117607,99.0,12.045767951515497,14.999638268696275,-2.9538703171807836,-292.4331614008976,35.854929304929705
DYDXUSDT,120,4800,2.0,7.0,45.50277708707971,18.0,-103.80121584581538,15.662485513874389,-119.46370135968975,-2150.3466244744154,178.50848734883692
DYDXUSDT,120,4800,5.0,12.0,-27.568275477865466,26.0,-78.24515400593701,15.208047640465882,-93.4532016464029,-2429.7832428064753,136.6917392243261
DYDXUSDT,120,4800,20.0,27.0,-61.5065152921049,43.0,76.9228497244481,15.017216486721919,61.90563323772619,2661.942229222226,78.70762820765688
DYDXUSDT,120,4800,60.0,50.0,6.346842413216031,63.0,23.056209255138274,15.026083528946764,8.03012572619151,505.89792075006517,68.52166798236449
DYDXUSDT,300,120,2.0,5.0,-37.18773067543076,54.0,-21.529023871400668,16.00631931321404,-37.535343184614696,-2026.9085319691937,52.852146858105236
DYDXUSDT,300,120,5.0,12.0,-7.947412710442795,83.0,-12.547342220999791,15.735461900235778,-28.282804121235568,-2347.4727420625522,30.502043494782537
DYDXUSDT,300,120,20.0,48.0,-8.697910505350682,203.0,-8.816980433884547,15.248083577730334,-24.065064011614883,-4885.207994357821,12.710000010035891
DYDXUSDT,300,120,60.0,117.0,-14.237106857597244,330.0,-3.7319108030359076,15.238388626834851,-18.970299429870757,-6260.19881185735,7.911558788892099
DYDXUSDT,300,300,2.0,4.0,9.335052958698846,32.0,-25.637303647406995,15.862130931808473,-41.49943457921547,-1327.981906534895,60.906016058734174
DYDXUSDT,300,300,5.0,10.0,16.004805234933613,51.0,-5.621585531311203,15.57191940575691,-21.193504937068116,-1080.8687517904739,33.12312236265586
DYDXUSDT,300,300,20.0,37.0,8.960606213586287,133.0,-2.0855616602106464,15.156211379954241,-17.241773040164887,-2293.1558143419297,16.640791653464557
DYDXUSDT,300,300,60.0,86.0,-12.63034629783904,214.0,-4.596379114291889,15.069522445034563,-19.66590155932645,-4208.5029336958605,11.359907851477764
DYDXUSDT,300,600,2.0,4.0,37.59463468787028,24.0,50.54456255765802,15.78655725055326,34.75800530710475,834.1921273705141,99.70465351303199
DYDXUSDT,300,600,5.0,10.0,21.114926228659716,38.0,35.34122770310601,15.373475746074904,19.967751957031115,758.7745743671824,68.12630857761273
DYDXUSDT,300,600,20.0,34.0,22.47304588847513,91.0,12.10630107037472,15.165233552170537,-3.0589324817958206,-278.36285584341965,29.481068432536365
DYDXUSDT,300,600,60.0,67.0,-20.26670900661269,149.0,21.76000502493851,15.210731015964024,6.5492740089744865,975.8418273371985,18.06026633371066
DYDXUSDT,300,1200,2.0,4.0,64.60583079098718,18.0,63.98696291087563,15.957519261455973,48.02944364941964,864.5299856895535,131.20342043944072
DYDXUSDT,300,1200,5.0,10.0,25.464908402545756,27.0,-32.031690269749284,15.301298333812955,-47.33298860356223,-1277.9906922961802,100.12660879113474
DYDXUSDT,300,1200,20.0,27.0,19.18905859440661,65.0,56.140196254292526,15.08900568972985,41.05119056456269,2668.3273866965746,56.06207044108858
DYDXUSDT,300,1200,60.0,54.0,-6.451193873622776,105.0,37.5281827267827,15.224976431617105,22.3032062951656,2341.8366609923883,40.056458377943
DYDXUSDT,300,2400,2.0,2.0,12.939103411641316,14.0,-18.61130907079234,15.450743608290859,-34.0620526790832,-476.86873750716484,237.7893754845251
DYDXUSDT,300,2400,5.0,8.0,-0.22026958677133557,21.0,27.938614174398523,15.441386836453644,12.497227337944889,262.44177409684266,103.44636817775995
DYDXUSDT,300,2400,20.0,24.0,36.04051280677411,52.0,43.33025057137593,15.008825674883727,28.321424896492207,1472.7140946175948,56.17618236496238
DYDXUSDT,300,2400,60.0,45.0,-38.33325993153351,76.0,40.01023427310323,14.92709564286315,25.083138630240075,1906.3185358982457,44.336910487381274
DYDXUSDT,300,4800,2.0,2.0,-56.20922351747522,12.0,-52.34519999818867,15.342731387843358,-67.68793138603205,-812.2551766323846,229.81961928468
DYDXUSDT,300,4800,5.0,8.0,46.20498222973223,17.0,-62.44546956538149,15.029696805311843,-77.4751663706933,-1317.0778283017862,181.79720516924615
DYDXUSDT,300,4800,20.0,21.0,15.776227326009863,36.0,78.67855188448397,15.163992184709535,63.514559699774445,2286.52414919188,99.63586937656532
DYDXUSDT,300,4800,60.0,36.0,-22.580511891131806,50.0,44.65052245781782,15.041316423720698,29.609206034097124,1480.4603017048562,61.19053745260711
DYDXUSDT,600,120,2.0,5.0,-13.926265950358546,54.0,6.596955624746301,15.477813819430574,-8.880858194684274,-479.56634251295077,39.40634122743797
DYDXUSDT,600,120,5.0,10.0,-8.007850861888452,71.0,-0.6108823260800045,15.43497468620252,-16.045857012282525,-1139.2558478720593,30.883599694409064
DYDXUSDT,600,120,20.0,29.0,-24.571228184471227,141.0,0.8942965631328705,15.374021719673298,-14.47972515654043,-2041.6412470722007,16.35434919653719
DYDXUSDT,600,120,60.0,87.0,-9.389429246767088,295.0,1.9796484656878393,15.218012880126766,-13.238364414438927,-3905.3175022594833,7.809149091268285
DYDXUSDT,600,300,2.0,5.0,32.88915230118046,35.0,15.789917234539962,16.04063524245887,-0.2507180079189108,-8.775130277161878,58.71501185853459
DYDXUSDT,600,300,5.0,9.0,14.406321532811997,45.0,9.230562217836754,15.672659390084545,-6.442097172247788,-289.89437275115046,35.12083931390028
DYDXUSDT,600,300,20.0,25.0,-35.59969206085207,93.0,1.3907081893185276,15.435527701020769,-14.04481951170224,-1306.1682145883083,19.74859828363141
DYDXUSDT,600,300,60.0,64.0,-15.279946767133726,186.0,2.1812205600176813,15.100072925418655,-12.918852365400973,-2402.906539964581,14.571025726441885
DYDXUSDT,600,600,2.0,4.0,48.8680509540246,21.0,19.93966035960597,15.715934580505044,4.223725779100919,88.6982413611193,122.17396896058742
DYDXUSDT,600,600,5.0,8.0,13.568193894791428,31.0,16.165769515428355,15.244682910280918,0.9210866051474341,28.55368475957046,84.81515784607645
DYDXUSDT,600,600,20.0,22.0,-15.509660236759531,62.0,19.45055834383331,15.182048107831331,4.268510236001988,264.64763463212324,51.09726959876414
DYDXUSDT,600,600,60.0,51.0,-2.1003807191785255,133.0,22.569475400858867,15.044366023242947,7.525109377615919,1000.8395472229172,17.612272335797087
DYDXUSDT,600,1200,2.0,4.0,46.56746436822293,15.0,14.138497089101724,15.895227866629543,-1.7567307775278327,-26.35096166291749,185.5806275649621
DYDXUSDT,600,1200,5.0,7.0,-28.18882833196171,22.0,7.372692656077941,15.279852124072734,-7.907159467994801,-173.95750829588562,131.4577956754118
DYDXUSDT,600,1200,20.0,18.0,-37.75401346213263,45.0,11.137201613926146,14.911059076852021,-3.773857462925861,-169.82358583166376,67.89071076463235
DYDXUSDT,600,1200,60.0,42.0,-14.962259369035214,95.0,25.10758637126774,15.010132046148371,10.097454325119374,959.2581608863405,42.35619947618346
DYDXUSDT,600,2400,2.0,3.0,16.675893163868352,12.0,-42.96611646908635,15.966089352590354,-58.93220582167671,-707.1864698601205,194.91439138692462
DYDXUSDT,600,2400,5.0,7.0,-37.49906443768875,17.0,8.36435743506585,15.28307549641792,-6.918718061352073,-117.61820704298523,125.38832298309926
DYDXUSDT,600,2400,20.0,16.0,-64.10401554207834,37.0,56.41872928612427,15.022968325441749,41.39576096068251,1531.6431555452527,70.80201830918068
DYDXUSDT,600,2400,60.0,34.0,-47.72804867141851,69.0,27.341011823389607,15.016888485733508,12.324123337656088,850.36451029827,44.90302884590647
DYDXUSDT,600,4800,2.0,3.0,-0.08219698579277217,10.0,-91.63995096326337,16.2057755310936,-107.84572649435695,-1078.4572649435695,212.78099872456633
DYDXUSDT,600,4800,5.0,6.0,-3.263476302233142,13.0,-157.38037402322328,15.226084116895425,-172.60645814011872,-2243.883955821543,187.81821964969419
DYDXUSDT,600,4800,20.0,13.0,-77.32803426718581,28.0,20.226693802402536,15.00782775820546,5.218866044197069,146.12824923751793,132.08469219482149
DYDXUSDT,600,4800,60.0,28.0,-16.403420764327958,47.0,18.18446252428904,14.931861036403212,3.252601487885834,152.8722699306342,85.4781036944594
DYDXUSDT,1200,120,2.0,4.0,-7.2037101271026955,62.0,-11.333005502600212,15.788579684418904,-27.121585187019107,-1681.5382815951846,51.54012597981082
DYDXUSDT,1200,120,5.0,12.0,-19.519262479456398,85.0,1.8655278652331444,15.609538222507416,-13.744010357274272,-1168.2408803683131,34.8546887732261
DYDXUSDT,1200,120,20.0,26.0,-17.21252958230375,150.0,6.8953346339477655,15.337782084772941,-8.442447450825178,-1266.3671176237767,20.577885143132903
DYDXUSDT,1200,120,60.0,75.0,-11.49407314747589,251.0,1.4000143849441813,15.342584409374858,-13.942570024430674,-3499.5850761320994,8.263419429013647
DYDXUSDT,1200,300,2.0,4.0,50.903598691938214,38.0,26.144095938548322,15.633061162540155,10.511034776008165,399.4193214883103,32.87253998963071
DYDXUSDT,1200,300,5.0,9.0,17.02310978065208,50.0,19.278992621066426,15.904623816610695,3.374368804455734,168.7184402227867,30.27046060234044
DYDXUSDT,1200,300,20.0,20.0,-8.480927814685714,88.0,8.08050118054764,15.380090898985843,-7.299589718438202,-642.3638952225618,27.896154854037828
DYDXUSDT,1200,300,60.0,53.0,-10.163906215546806,149.0,12.589754741504581,15.120984832384922,-2.5312300908803373,-377.15328354117025,13.681314728999263
DYDXUSDT,1200,600,2.0,4.0,78.49194437442426,30.0,33.687127113786225,15.491904670791907,18.19522244299431,545.8566732898294,78.39426926051665
DYDXUSDT,1200,600,5.0,8.0,31.65621121596696,38.0,37.13248633085986,15.665628884886859,21.466857445973005,815.7405829469742,63.45152945639818
DYDXUSDT,1200,600,20.0,17.0,-3.9498424642807173,65.0,33.34181062925679,15.160366139693497,18.181444489563294,1181.7938918216141,45.274918362356736
DYDXUSDT,1200,600,60.0,41.0,4.582297768114139,111.0,15.217327182189605,14.915721987129057,0.30160519506054206,33.47817665172017,26.719871468503097
DYDXUSDT,1200,1200,2.0,4.0,92.51863772899054,20.0,98.21427090911065,15.566727922824336,82.64754298628634,1652.9508597257268,118.59060173152676
DYDXUSDT,1200,1200,5.0,8.0,-61.96575881393875,24.0,-11.320049696827647,15.433871975827152,-26.75392167265481,-642.0941201437154,116.57930904864746
DYDXUSDT,1200,1200,20.0,14.0,-37.037886108394396,44.0,30.178002422142743,15.13057575182453,15.047426670318218,662.0867734940016,61.08344884984272
DYDXUSDT,1200,1200,60.0,34.0,-24.635436901667997,75.0,-3.4037057065958294,14.947900593841668,-18.351606300437496,-1376.370472532812,32.64233879211681
DYDXUSDT,1200,2400,2.0,2.0,8.011107152523703,16.0,-18.81726493715777,15.585549925278434,-34.4028148624362,-550.4450377989792,211.7214675762253
DYDXUSDT,1200,2400,5.0,6.0,-169.66815463339222,18.0,-29.43147675439499,15.374010584634435,-44.80548733902942,-806.4987721025295,117.59690798949816
DYDXUSDT,1200,2400,20.0,11.0,-156.43904018965472,36.0,15.844739095295385,14.992790526793206,0.8519485685021712,30.67014846607816,116.07601262967908
DYDXUSDT,1200,2400,60.0,28.0,-47.99421564308581,55.0,6.185654660985669,14.887937576256494,-8.702282915270823,-478.62556033989523,40.08500030191126
DYDXUSDT,1200,4800,2.0,2.0,-55.36836205092024,13.0,-15.835142179535445,15.511215401161287,-31.34635758069673,-407.5026485490575,233.2875336596929
DYDXUSDT,1200,4800,5.0,5.0,-191.21540320610956,14.0,-80.68597334959391,15.103266435709568,-95.78923978530347,-1341.0493569942485,184.83926602258225
DYDXUSDT,1200,4800,20.0,8.0,-167.1682132584521,26.0,76.76874009488469,14.967945717445499,61.800794377439196,1606.820653813419,105.73238624700832
DYDXUSDT,1200,4800,60.0,24.0,-26.89484576636521,37.0,-0.9483122699078174,14.829335661110433,-15.777647931018242,-583.772973447675,87.30651537166298
DYDXUSDT,2400,120,2.0,3.0,-19.485721645295794,63.0,-10.009265935113715,15.858529284824142,-25.867795219937854,-1629.6710988560849,42.696072983389676
DYDXUSDT,2400,120,5.0,4.0,-54.364841078249434,75.0,-15.662473046144369,15.563330180768695,-31.22580322691307,-2341.93524201848,35.92606808451321
DYDXUSDT,2400,120,20.0,23.0,-30.313651816005212,148.0,-2.515487504071707,15.332972385936841,-17.84845989000854,-2641.5720637212644,18.779449216650676
DYDXUSDT,2400,120,60.0,72.0,-10.95061592653486,230.0,2.6235182654476326,15.281633357579597,-12.658115092131961,-2911.366471190351,13.96720271210353
DYDXUSDT,2400,300,2.0,2.0,-1.5543218785967952,33.0,-11.061943501893634,15.534313602972302,-26.596257104865938,-877.6764844605759,53.90562020962725
DYDXUSDT,2400,300,5.0,2.0,-20.883217064998803,40.0,-13.542069004060796,15.250295100542724,-28.792364104603518,-1151.6945641841407,41.94304950806116
DYDXUSDT,2400,300,20.0,15.0,-18.913445381550616,85.0,-2.455260751430436,15.252301587789715,-17.707562339220154,-1505.142798833713,35.033737339258956
DYDXUSDT,2400,300,60.0,49.0,-12.45030871900407,125.0,5.1963163949699105,15.320475541404708,-10.124159146434803,-1265.5198933043503,18.61691875658328
DYDXUSDT,2400,600,2.0,2.0,19.998870319254994,23.0,13.314681552325796,15.893518552893706,-2.5788370005679075,-59.31325101306187,94.6465608519944
DYDXUSDT,2400,600,5.0,2.0,6.428547495394391,29.0,0.14571490206885832,15.008352065386775,-14.862637163317915,-431.01647773621954,54.2859138242387
DYDXUSDT,2400,600,20.0,12.0,-52.572090009822666,57.0,-11.58211407156299,15.099685947512807,-26.681800019075798,-1520.8626010873204,49.822009042144465
DYDXUSDT,2400,600,60.0,36.0,-7.0647559078493085,86.0,11.723411756001463,15.412403445042967,-3.688991689041506,-317.25328525756953,32.30936783858171
DYDXUSDT,2400,1200,2.0,2.0,24.691964275229164,18.0,75.392175931907,16.208133423090647,59.18404250881635,1065.3127651586942,124.30284238032478
DYDXUSDT,2400,1200,5.0,2.0,-0.38309473049464593,19.0,33.41846591812095,15.764911309577455,17.653554608543498,335.41753756232646,72.42934476548122
DYDXUSDT,2400,1200,20.0,10.0,-107.62018513642882,43.0,28.37080272500217,15.046780123978277,13.324022601023893,572.9329718440274,56.256382215457094
DYDXUSDT,2400,1200,60.0,28.0,-43.17179582273944,63.0,58.052456569775615,15.158019929375513,42.894436640400095,2702.349508345206,58.53629676649251
DYDXUSDT,2400,2400,2.0,1.0,-25.14276326597667,12.0,-204.73616443303763,15.526277378015275,-220.2624418110529,-2643.1493017326347,262.94403421752713
DYDXUSDT,2400,2400,5.0,1.0,-61.156152711781864,13.0,-160.09296539429195,15.04843150180011,-175.14139689609203,-2276.8381596491963,174.3958564059653
DYDXUSDT,2400,2400,20.0,8.0,-64.03028629294903,27.0,-6.859786732324926,14.93400497513051,-21.79379170745544,-588.4323761012969,91.41687531495063
DYDXUSDT,2400,2400,60.0,22.0,-29.202599027359145,43.0,10.126949371384859,15.040753206457707,-4.913803835072848,-211.29356490813245,49.97858505803121
DYDXUSDT,2400,4800,2.0,1.0,-128.64202398554283,9.0,-169.56360217831445,15.751502220579539,-185.31510439889402,-1667.835939590046,221.06000901032004
DYDXUSDT,2400,4800,5.0,1.0,-156.191381287891,9.0,-181.99144620401037,15.192512774147263,-197.18395897815768,-1774.6556308034192,204.84653206974744
DYDXUSDT,2400,4800,20.0,6.0,-70.6275041678713,20.0,66.9658122969245,14.99216182199423,51.97365047493027,1039.4730094986053,115.18475121220062
DYDXUSDT,2400,4800,60.0,19.0,1.4053762721144418,35.0,71.38663147587766,14.930971403490847,56.45566007238683,1975.948102533539,86.3958479284593
ETHUSDT,120,120,2.0,8.0,6.507705386965581,76.0,-9.83586686861236,12.149914429908577,-21.985781298520934,-1670.919378687591,17.67785720276419
ETHUSDT,120,120,5.0,21.0,-7.542408317197179,111.0,-7.291024610268349,12.132007567278754,-19.423032177547096,-2155.9565717077276,12.961277893703212
ETHUSDT,120,120,20.0,68.0,-14.781084531536537,243.0,-2.0195774358434613,12.121301283787771,-14.14087871963123,-3436.233528870389,4.814294310997516
ETHUSDT,120,120,60.0,156.0,-10.618653325390248,493.0,-0.15655131734796102,12.082486740108099,-12.239038057456062,-6033.845762325838,2.8678775275146284
ETHUSDT,120,300,2.0,8.0,29.36325378936362,48.0,4.862445895262069,12.071141950786329,-7.208696055524258,-346.0174106651644,23.582591921462214
ETHUSDT,120,300,5.0,19.0,11.63911313930971,71.0,-3.9084487009164026,12.101905231023757,-16.010353931940163,-1136.7351291677514,19.46138481747959
ETHUSDT,120,300,20.0,53.0,-7.419954710454606,160.0,-0.26163817851181365,12.061679077092228,-12.32331725560404,-1971.7307608966464,9.177839748185468
ETHUSDT,120,300,60.0,115.0,-13.643662300065902,314.0,-1.2153560952682283,12.06746265754363,-13.28281875281186,-4170.805088382924,4.4352868196186614
ETHUSDT,120,600,2.0,8.0,39.19930451250265,35.0,1.9708133203450355,12.055942726726776,-10.085129406381737,-352.9795292233608,37.65951262861825
ETHUSDT,120,600,5.0,18.0,11.482033450977573,52.0,9.854222939209485,12.174933212539703,-2.32071027333022,-120.67693421317142,23.20228225420497
ETHUSDT,120,600,20.0,44.0,-13.806244117230419,113.0,1.5704491836081556,12.076432344975633,-10.505983161367476,-1187.1760972345248,13.550554731663798
ETHUSDT,120,600,60.0,91.0,-7.607601622363359,216.0,-1.207600531988482,12.033861211204156,-13.241461743192637,-2860.15573652961,7.544792355970163
ETHUSDT,120,1200,2.0,8.0,54.81580335105642,26.0,-26.414513409753205,12.265466547227245,-38.67997995698044,-1005.6794788814915,42.82676832026866
ETHUSDT,120,1200,5.0,16.0,13.323593587532812,39.0,-32.953529145925714,12.043080736146054,-44.99660988207178,-1754.8677854007994,43.52962409132848
ETHUSDT,120,1200,20.0,35.0,-5.381852983904714,78.0,21.72156974558685,12.10552218550089,9.616047560085963,750.0517096867052,20.90649879126137
ETHUSDT,120,1200,60.0,75.0,0.20763965006936919,150.0,9.919656143481204,12.029643963024153,-2.1099878195429485,-316.4981729314423,9.72779797243594
ETHUSDT,120,2400,2.0,6.0,37.467447711114914,20.0,-5.401098839014412,12.076946396636405,-17.478045235650818,-349.5609047130163,90.74411132837066
ETHUSDT,120,2400,5.0,13.0,-11.631452756266539,30.0,10.492056658239823,12.04741425122217,-1.5553575929823442,-46.66072778947033,40.43076915049273
ETHUSDT,120,2400,20.0,31.0,-10.168622890099,60.0,30.586247381987285,12.06882399724278,18.517423384744507,1111.0454030846704,22.97098335881081
ETHUSDT,120,2400,60.0,58.0,2.8749403495509425,98.0,2.7067381611512134,12.030217503370217,-9.323479342219006,-913.7009755374626,17.951690513975088
ETHUSDT,120,4800,2.0,6.0,59.1075346276709,17.0,-20.844925689491713,12.027925473334887,-32.872851162826606,-558.8384697680523,109.82076238773239
ETHUSDT,120,4800,5.0,12.0,10.218825813333087,25.0,-8.922328491553394,12.027889406537733,-20.950217898091132,-523.7554474522783,70.59720552284371
ETHUSDT,120,4800,20.0,25.0,-5.737403757264474,43.0,45.366207543305016,12.08507465154125,33.28113289176377,1431.0887143458422,37.292258107150694
ETHUSDT,120,4800,60.0,48.0,1.5136471797207622,64.0,8.017666489621188,12.054094309746803,-4.036427820125614,-258.3313804880393,31.264206039625847
ETHUSDT,300,120,2.0,5.0,0.7331390810477473,52.0,-6.603408493845464,12.356340545652127,-18.959749039497588,-985.9069500538747,33.81824423798794
ETHUSDT,300,120,5.0,12.0,9.291834283445217,85.0,0.03812305984906476,12.126706763126252,-12.088583703277195,-1027.5296147785616,16.85385061724256
ETHUSDT,300,120,20.0,47.0,-3.9757641152985705,193.0,-5.180632385326948,12.10412240583846,-17.284754791165405,-3335.9576746949233,7.373609772443474
ETHUSDT,300,120,60.0,112.0,-8.029716729760885,324.0,-2.3571117240044086,12.092567591754081,-14.44967931575849,-4681.696098305751,4.915931383412663
ETHUSDT,300,300,2.0,4.0,38.72161351040718,30.0,-13.955059090998809,12.123688312383171,-26.078747403381985,-782.3624221014595,31.061695910540653
ETHUSDT,300,300,5.0,10.0,26.382612995444752,54.0,9.192632292336336,12.086405558261472,-2.8937732659251356,-156.2637563599573,22.934958072593222
ETHUSDT,300,300,20.0,37.0,5.21931635010711,126.0,-4.686161148829499,12.1439574175406,-16.830118566370103,-2120.594939362633,7.7741453767158095
ETHUSDT,300,300,60.0,80.0,-6.925321404253023,210.0,-1.6912722856575009,12.117786884224758,-13.809059169882257,-2899.902425675274,6.233117077353852
ETHUSDT,300,600,2.0,4.0,46.20844075532684,23.0,30.966235038296844,12.31153676471237,18.654698273584472,429.05806029244286,62.31226175870914
ETHUSDT,300,600,5.0,10.0,25.144694997226043,39.0,44.13973341414475,12.190643477068422,31.94908993707634,1246.0145075459773,36.44278585404878
ETHUSDT,300,600,20.0,33.0,7.353710280410014,87.0,4.3000771070171995,12.057895553294323,-7.75781844627712,-674.9302048261094,16.984407837586076
ETHUSDT,300,600,60.0,62.0,-9.025407857100115,147.0,15.303649420409824,12.094656069665898,3.2089933507439277,471.72202255935736,11.44346310586699
ETHUSDT,300,1200,2.0,4.0,71.28398241127302,17.0,-55.40055767434529,12.043588281318039,-67.44414595566333,-1146.5504812462766,94.44613060181045
ETHUSDT,300,1200,5.0,10.0,45.70286418390701,28.0,-15.65419455979322,12.058437265156725,-27.71263182494995,-775.9536910985986,54.82074946492137
ETHUSDT,300,1200,20.0,26.0,16.53473919130166,62.0,8.187804442053187,12.069697564833872,-3.881893122780683,-240.67737361240236,31.175308018103564
ETHUSDT,300,1200,60.0,50.0,1.5337426080863126,104.0,26.84116164038504,12.084031986193592,14.757129654191449,1534.7414840359106,20.025876904972662
ETHUSDT,300,2400,2.0,2.0,39.656023265150395,14.0,-32.972635296819355,12.029935952692872,-45.00257124951223,-630.0359974931712,94.2749940802826
ETHUSDT,300,2400,5.0,8.0,19.751168050964186,22.0,47.07510508430358,12.066564916435135,35.00854016786846,770.1878836931061,60.60511223396409
ETHUSDT,300,2400,20.0,23.0,18.10269839146211,50.0,13.521375095683739,12.106958331233956,1.4144167644497878,70.72083822248939,29.101756541818357
ETHUSDT,300,2400,60.0,41.0,3.113615104012907,76.0,26.84894755330268,12.079873738107171,14.769073815195503,1122.4496099548583,21.157406678366833
ETHUSDT,300,4800,2.0,2.0,29.956597882500493,12.0,-20.425879238242896,12.03025045862759,-32.456129696870484,-389.4735563624458,100.89241526126717
ETHUSDT,300,4800,5.0,8.0,56.266026113871156,18.0,9.90618117280006,12.075302889606931,-2.1691217168068695,-39.04419090252365,88.85093054392297
ETHUSDT,300,4800,20.0,20.0,22.673485782474195,34.0,34.23443744918069,12.093671169286145,22.140766279894542,752.7860535164144,48.98707685283181
ETHUSDT,300,4800,60.0,33.0,21.02481870923795,49.0,12.297726782230772,12.04364891093927,0.2540778712914985,12.449815693283426,33.58410664697431
ETHUSDT,600,120,2.0,5.0,-1.307964833672798,54.0,6.833853394238627,12.2574099119842,-5.4235565177455705,-292.8720519582608,22.470611140499987
ETHUSDT,600,120,5.0,10.0,0.8822434007183807,70.0,4.508655156424625,12.163537713632737,-7.654882557208116,-535.8417790045681,18.428502648451396
ETHUSDT,600,120,20.0,29.0,-10.21506905839033,138.0,-0.7911057264551703,12.172861075312714,-12.963966801767883,-1789.0274186439678,8.16778628934661
ETHUSDT,600,120,60.0,83.0,-8.773740203308256,286.0,-0.04667937199219683,12.081954033987909,-12.128633405980105,-3468.78915411031,4.355726770728534
ETHUSDT,600,300,2.0,5.0,25.216181843042637,35.0,13.42748570346527,12.23538588727103,1.1920998161942407,41.723493566798425,48.66584271201198
ETHUSDT,600,300,5.0,9.0,18.33296762879202,45.0,7.792783294153289,12.091863241044107,-4.29907994689082,-193.45859761008688,22.68973718020104
ETHUSDT,600,300,20.0,24.0,-1.036746064210712,91.0,-5.007632356070839,12.093507993456235,-17.101140349527075,-1556.203771806964,11.365702691247673
ETHUSDT,600,300,60.0,60.0,-8.262507037304081,181.0,-1.0912817696383283,12.0677256820972,-13.159007451735526,-2381.7803487641304,6.967370291944619
ETHUSDT,600,600,2.0,5.0,17.864903830017926,21.0,21.359786262489507,12.235626819817329,9.124159442672182,191.60734829611582,69.79222896227282
ETHUSDT,600,600,5.0,8.0,16.98477525195381,31.0,24.34219303333157,12.111150011863746,12.231043021467826,379.1623336655026,43.51979018809711
ETHUSDT,600,600,20.0,21.0,2.0666533527075446,60.0,10.92241644601505,12.105361272390521,-1.182944826375471,-70.97668958252825,23.24471017983739
ETHUSDT,600,600,60.0,47.0,-6.116074959327906,128.0,5.464709358642745,12.057901541965387,-6.5931921833226435,-843.9285994652984,9.531821463414074
ETHUSDT,600,1200,2.0,5.0,18.802117787062866,15.0,-22.364269304362335,12.287473550367878,-34.65174285473022,-519.7761428209534,101.57359482362092
ETHUSDT,600,1200,5.0,7.0,22.719906089737723,22.0,-10.074188159149939,12.094940823287441,-22.169128982437385,-487.7208376136225,70.390925781677
ETHUSDT,600,1200,20.0,16.0,12.495796924660015,43.0,-24.15791501538315,12.131583451217857,-36.289498466601,-1560.4484340638433,36.13408803012501
ETHUSDT,600,1200,60.0,40.0,-2.176705911014892,93.0,8.633978629645126,12.057689972831312,-3.4237113431861883,-318.4051549163155,20.230372209135044
ETHUSDT,600,2400,2.0,4.0,7.658248933416346,12.0,-40.46586597871771,12.283975554811422,-52.74984153352913,-632.9980984023496,107.89222279907659
ETHUSDT,600,2400,5.0,7.0,-5.729857066555721,17.0,11.079348783630264,12.141726186437252,-1.0623774028069874,-18.060415847718787,76.05715719075539
ETHUSDT,600,2400,20.0,15.0,-1.5729004819583357,36.0,8.391858665431661,12.204615248050048,-3.8127565826183902,-137.25923697426205,38.773582058604696
ETHUSDT,600,2400,60.0,32.0,5.101145127513225,68.0,11.879595764361405,12.100013961241029,-0.2204181968796202,-14.988437387814173,24.27047788167675
ETHUSDT,600,4800,2.0,4.0,39.981716070361514,10.0,-13.317010412886907,12.335110886734416,-25.65212129962132,-256.5212129962132,132.619598332926
ETHUSDT,600,4800,5.0,6.0,21.395891932072193,13.0,-24.308889477875102,12.052195937090346,-36.361085414965444,-472.69411039455076,115.31472142642573
ETHUSDT,600,4800,20.0,12.0,14.577837210109308,27.0,5.827139575793864,12.170289150948044,-6.343149575154187,-171.26503852916304,60.85203595626991
ETHUSDT,600,4800,60.0,26.0,31.63644930131213,47.0,3.119355527450468,12.041316309645355,-8.921960782194885,-419.3321567631596,42.420084049974285
ETHUSDT,1200,120,2.0,5.0,9.517311758891374,61.0,5.882535894881882,12.23990445413069,-6.357368559248808,-387.7994821141773,29.652834483785917
ETHUSDT,1200,120,5.0,11.0,-1.907723798395758,81.0,0.9370433219850574,12.224245395834373,-11.287202073849318,-914.2633679817948,21.075234806701907
ETHUSDT,1200,120,20.0,27.0,-8.130854719778249,140.0,-0.5852513772926897,12.13868120447996,-12.72393258177265,-1781.350561448171,11.111167488645258
ETHUSDT,1200,120,60.0,76.0,-7.318842294327379,244.0,-0.15023315949337465,12.085679346587094,-12.23591250608047,-2985.562651483635,5.180104815779558
ETHUSDT,1200,300,2.0,5.0,37.3263708071936,37.0,25.75625861735947,12.462086578005,13.294172039354475,491.8843654561156,29.268983310595132
ETHUSDT,1200,300,5.0,8.0,27.320181028831,47.0,12.16274528069232,12.129672224327091,0.03307305636522944,1.5544336491657837,21.551841143061257
ETHUSDT,1200,300,20.0,21.0,2.2058930958412155,80.0,0.7846676585798334,12.156467661105962,-11.37180000252613,-909.7440002020904,14.688892656545537
ETHUSDT,1200,300,60.0,53.0,-4.866275273931066,146.0,2.3935200195633706,12.103343971273123,-9.709823951709755,-1417.634296949624,8.696102819056149
ETHUSDT,1200,600,2.0,5.0,52.595298356488584,29.0,34.61139279350139,12.348849262097627,22.262543531403757,645.613762410709,45.6095867329557
ETHUSDT,1200,600,5.0,7.0,42.257901170785736,36.0,22.27502585565388,12.290098270798493,9.984927584855386,359.4573930547939,38.085016579097356
ETHUSDT,1200,600,20.0,18.0,4.694338720848607,59.0,17.271694852658655,12.165237121162326,5.1064577314963255,301.2810061582832,28.75402700318927
ETHUSDT,1200,600,60.0,41.0,0.009058452846535078,110.0,5.2598991871712295,12.116879407047172,-6.856980219875943,-754.2678241863538,14.042182564700742
ETHUSDT,1200,1200,2.0,5.0,68.01279592824196,19.0,42.01125437615089,12.502255026177304,29.508999349973585,560.6709876494981,58.186678760517665
ETHUSDT,1200,1200,5.0,7.0,42.07129934942526,24.0,13.653362415950767,12.313984102410979,1.3393783135397854,32.14507952495485,50.33976920458625
ETHUSDT,1200,1200,20.0,14.0,2.1754731698080514,38.0,3.2521172081463687,12.138169370471779,-8.886052162325413,-337.66998216836566,40.39770518130935
ETHUSDT,1200,1200,60.0,33.0,-0.8070948134447461,75.0,-2.2652037529124733,12.138485496932226,-14.403689249844696,-1080.2766937383522,18.72921488215281
ETHUSDT,1200,2400,2.0,3.0,48.6559964211397,15.0,22.38841248226612,12.489532065397544,9.89888041686858,148.4832062530287,122.26270456465689
ETHUSDT,1200,2400,5.0,5.0,13.278136132492659,18.0,-20.59691672668938,12.257633898571807,-32.85455062526119,-591.3819112547014,115.15106568763665
ETHUSDT,1200,2400,20.0,11.0,-29.495782570115253,32.0,-19.359233135559787,12.19130109225178,-31.55053422781157,-1009.6170952899703,77.44149315198378
ETHUSDT,1200,2400,60.0,27.0,3.4170749232913162,56.0,4.217829871538028,12.164526796849461,-7.946696925311437,-445.01502781744045,24.91683822698424
ETHUSDT,1200,4800,2.0,3.0,47.748940704082436,12.0,59.013323571774265,12.602091764802019,46.41123180697224,556.9347816836669,142.37313609077825
ETHUSDT,1200,4800,5.0,4.0,27.650650728495226,14.0,-22.715668508865935,12.32065465444422,-35.03632316331014,-490.508524286342,124.92918866537654
ETHUSDT,1200,4800,20.0,8.0,6.454968527075335,23.0,29.434795968436728,12.213262794366331,17.221533174070398,396.09526300361915,78.73138923459786
ETHUSDT,1200,4800,60.0,23.0,31.6956976650457,37.0,12.87586481178834,12.226053186494715,0.6498116252936259,24.043030135864157,40.365835562883404
ETHUSDT,2400,120,2.0,3.0,5.097032460837821,60.0,1.1093360033383461,12.292466235619964,-11.183130232281618,-670.987813936897,16.251244338355562
ETHUSDT,2400,120,5.0,5.0,-8.598717183747333,69.0,-7.436206767664847,12.147908588630948,-19.584115356295793,-1351.3039595844098,16.469006416883083
ETHUSDT,2400,120,20.0,18.0,-13.573409663491072,134.0,-1.1690409158128614,12.187996954882829,-13.357037870695693,-1789.8430746732229,11.465235438938615
ETHUSDT,2400,120,60.0,66.0,-6.48912276915667,220.0,-1.5878455873310748,12.109124357910858,-13.696969945241932,-3013.333387953225,7.988623468476129
ETHUSDT,2400,300,2.0,2.0,17.016688389524173,33.0,9.787207637310637,12.153093729032962,-2.3658860917223254,-78.07424102683675,29.468832775122703
ETHUSDT,2400,300,5.0,4.0,28.830356616617244,38.0,0.8503808947904616,12.063031962650289,-11.212651067859824,-426.08074057867327,23.772664561996432
ETHUSDT,2400,300,20.0,11.0,1.0180644816408384,74.0,-7.049861350989684,12.096634381505703,-19.146495732495385,-1416.8406842046586,24.00660496025525
ETHUSDT,2400,300,60.0,41.0,2.9361918496501143,123.0,1.602705188694049,12.152947945657141,-10.550242756963096,-1297.6798591064608,10.261153265301266
ETHUSDT,2400,600,2.0,2.0,19.27665852104153,23.0,23.18823008748464,12.285280048192664,10.902950039291982,250.76785090371558,57.8541153532315
ETHUSDT,2400,600,5.0,4.0,32.02549894719179,26.0,1.154206207362557,12.07402515369198,-10.919818946329425,-283.915292604565,32.28814406736802
ETHUSDT,2400,600,20.0,8.0,-6.309878636568303,49.0,-15.636205528415859,12.119026678124644,-27.755232206540505,-1360.0063781204847,28.977465194770286
ETHUSDT,2400,600,60.0,30.0,10.209307753246243,87.0,5.379844608553458,12.157636272024321,-6.77779166347086,-589.6678747219648,14.579242680854904
ETHUSDT,2400,1200,2.0,2.0,24.04243205881083,18.0,43.46840979884815,12.254250536663296,31.214159262184857,561.8548667193274,72.21078465240106
ETHUSDT,2400,1200,5.0,4.0,44.66755425103851,18.0,25.613018517885937,12.531405644848853,13.081612873037082,235.4690317146675,48.77087398205647
ETHUSDT,2400,1200,20.0,8.0,0.6259377436556703,35.0,-1.900890694735787,12.157986944283003,-14.05887763901879,-492.0607173656577,33.21964318817743
ETHUSDT,2400,1200,60.0,23.0,11.535426297785722,63.0,21.51570122142092,12.189325483895727,9.326375737525192,587.5616714640871,24.808914148944098
ETHUSDT,2400,2400,2.0,1.0,12.366530024998125,12.0,-115.99532926358377,12.333888269364989,-128.32921753294872,-1539.9506103953847,162.0818197631244
ETHUSDT,2400,2400,5.0,3.0,54.149261151960765,12.0,-97.10791160586086,12.030136735000566,-109.13804834086143,-1309.6565800903372,116.1221559173205
ETHUSDT,2400,2400,20.0,6.0,53.606102789503524,23.0,-14.363837856083922,12.201887072685567,-26.565724928769487,-611.0116733616982,62.49178657118004
ETHUSDT,2400,2400,60.0,19.0,17.95129743923444,43.0,-9.935860951187559,12.20293404807155,-22.13879499925912,-951.968184968142,41.586455074655575
ETHUSDT,2400,4800,2.0,1.0,-10.94058565108744,9.0,-78.59522544676169,12.435552598999228,-91.03077804576093,-819.2770024118483,130.91326013679517
ETHUSDT,2400,4800,5.0,2.0,63.07558235470499,9.0,-90.41699490250726,12.030568924849277,-102.44756382735653,-922.0280744462088,125.92516365927973
ETHUSDT,2400,4800,20.0,4.0,102.40489494180528,16.0,7.502112791486768,12.27779558397945,-4.7756827924926775,-76.41092467988284,89.59668246709374
ETHUSDT,2400,4800,60.0,16.0,42.4624775470773,35.0,37.96710099991004,12.226499527760367,25.740601472149674,900.9210515252386,36.434901100373935
FILUSDT,120,120,2.0,9.0,-13.422429868307038,77.0,-20.68936759309603,14.805807249105658,-35.49517484220169,-2733.12846284953,43.509683424702644
FILUSDT,120,120,5.0,20.0,-5.991374004268157,111.0,-14.526052157709625,14.69174684858815,-29.217799006297767,-3243.1756896990523,26.170731482464777
FILUSDT,120,120,20.0,70.0,-15.768937748226609,250.0,-4.828375871676562,14.288537170824512,-19.116913042501075,-4779.228260625268,8.881748276929008
FILUSDT,120,120,60.0,158.0,-11.275617501568878,497.0,-0.06608941409405077,13.96678341097018,-14.032872825064233,-6974.3377940569235,6.824168862308675
FILUSDT,120,300,2.0,9.0,51.61556509280623,49.0,23.03996354106119,14.519663934975982,8.520299606085201,417.4946806981749,38.22706582431463
FILUSDT,120,300,5.0,19.0,40.65671302381905,70.0,-6.882602409696689,14.355509277057173,-21.238111686753864,-1486.6678180727704,34.16504716974585
FILUSDT,120,300,20.0,54.0,2.979187847693785,165.0,11.445871301318057,13.93713057079345,-2.491259269475393,-411.05777946343983,18.733928472428573
FILUSDT,120,300,60.0,117.0,-15.364905999203831,316.0,4.104385501260501,13.827965691121864,-9.723580189861366,-3072.6513399961914,7.94989131511335
FILUSDT,120,600,2.0,9.0,80.3932460593576,39.0,-13.662995954491826,14.443634069638001,-28.106630024129817,-1096.1585709410629,64.72740409123215
FILUSDT,120,600,5.0,18.0,44.00648572377953,52.0,10.436888710807844,14.287331065859563,-3.8504423550517193,-200.2230024626894,41.48212321348455
FILUSDT,120,600,20.0,46.0,2.5847323809151104,117.0,15.86553452579231,13.807614637949857,2.0579198878424587,240.77662687756768,26.91237908521408
FILUSDT,120,600,60.0,90.0,2.4826994648280327,219.0,-5.155420462050118,13.755264708924702,-18.910685170974816,-4141.440052443485,15.776227408679041
FILUSDT,120,1200,2.0,9.0,78.4659535561566,28.0,-33.99684234905863,14.534010711707989,-48.53085306076661,-1358.863885701465,74.78727574525938
FILUSDT,120,1200,5.0,16.0,22.487415982110768,39.0,-43.8499348822829,14.459942951486132,-58.30987783376903,-2274.0852355169923,75.35064225234956
FILUSDT,120,1200,20.0,37.0,3.6301060483944356,80.0,50.66269739188887,13.83149059604304,36.83120679584582,2946.4965436676657,40.87265766228911
FILUSDT,120,1200,60.0,72.0,9.283395809461199,150.0,6.839545607398768,13.82512655299735,-6.985580945598582,-1047.8371418397874,20.685926988821
FILUSDT,120,2400,2.0,7.0,87.52691923210783,22.0,-75.31041659899323,14.373132312785476,-89.6835489117787,-1973.0380760591313,134.8101770096027
FILUSDT,120,2400,5.0,13.0,25.311993687896845,30.0,-32.06084425328064,14.476803671932734,-46.53764792521336,-1396.1294377564009,62.521755474166326
FILUSDT,120,2400,20.0,33.0,-3.71364193565751,61.0,63.04261001165296,13.703344492297663,49.339265519355294,3009.695196680673,48.0909839663779
FILUSDT,120,2400,60.0,58.0,12.774493626958174,100.0,-1.7049215290985158,13.852036666619908,-15.556958195718419,-1555.6958195718419,37.15624268643679
FILUSDT,120,4800,2.0,7.0,88.94684735076495,19.0,-93.58161728236557,14.39092047622517,-107.97253775859072,-2051.478217413224,170.99123827841078
FILUSDT,120,4800,5.0,12.0,46.08376612702392,25.0,-79.20652709285932,14.553719734757252,-93.76024682761657,-2344.0061706904144,122.43298811100067
FILUSDT,120,4800,20.0,27.0,43.836194226540165,43.0,96.2311837784952,13.686242873375944,82.54494090511926,3549.4324589201283,72.75413042472316
FILUSDT,120,4800,60.0,48.0,43.321645625426264,64.0,12.002912945457311,13.544391134588444,-1.5414781891311318,-98.65460410439243,62.794564993606706
FILUSDT,300,120,2.0,5.0,-14.1165252437789,56.0,-0.9267959165357321,15.422689811552335,-16.349485728088066,-915.5712007729318,54.08060400129974
FILUSDT,300,120,5.0,11.0,-0.46405334709182516,85.0,1.2215193326208866,14.405974284731613,-13.184454952110727,-1120.6786709294117,34.60184294536409
FILUSDT,300,120,20.0,50.0,1.413878817218028,191.0,-3.5926175943519163,14.197469258369429,-17.790086852721345,-3397.906588869777,14.294360581214567
FILUSDT,300,120,60.0,113.0,-6.399699403887576,324.0,-0.8696094763210362,14.05150643685454,-14.921115913175576,-4834.441555868887,8.393212025185896
FILUSDT,300,300,2.0,4.0,54.8649599418102,34.0,-26.036302357503907,15.29367752778898,-41.32997988529289,-1405.2193160999584,60.34605649319282
FILUSDT,300,300,5.0,9.0,44.94290790486485,53.0,20.651070834603054,14.305155564844739,6.345915269758311,336.3335092971905,39.334919940229845
FILUSDT,300,300,20.0,39.0,18.99545789688691,125.0,9.421704306102292,14.041375270134598,-4.619670964032311,-577.4588705040388,16.27780790957801
FILUSDT,300,300,60.0,83.0,-4.170038183338415,212.0,1.5792294833553062,13.976283354335846,-12.39705387098054,-2628.1754206478745,12.658412418464756
FILUSDT,300,600,2.0,4.0,88.49047204667585,26.0,39.12343105750999,15.280188687062239,23.843242370447754,619.9243016316416,83.28326268045473
FILUSDT,300,600,5.0,9.0,53.02656046662994,39.0,44.25764885008619,14.087522359980508,30.1701264901057,1176.6349331141223,62.16682037908202
FILUSDT,300,600,20.0,36.0,41.044705232236076,86.0,15.457953117960416,13.891320071133121,1.5666330468272973,134.73044202714757,34.999179272347014
FILUSDT,300,600,60.0,65.0,1.9012294133486984,148.0,35.13745753147367,13.903835385182026,21.233622146291648,3142.576077651164,25.568208405511246
FILUSDT,300,1200,2.0,4.0,96.85662133722987,20.0,43.06430958857355,15.687586249864253,27.37672333870929,547.5344667741858,96.64759689785443
FILUSDT,300,1200,5.0,9.0,59.076696776779436,28.0,-30.281925034951065,14.388894290730386,-44.67081932568146,-1250.7829411190808,106.97919741748413
FILUSDT,300,1200,20.0,29.0,30.94089943698695,63.0,6.247798715890133,13.76351609862547,-7.51571738273534,-473.49019511232643,54.07579566247206
FILUSDT,300,1200,60.0,52.0,12.298956191042102,103.0,46.067962943398314,13.881881941541172,32.18608100185712,3315.1663431912834,41.998067813826125
FILUSDT,300,2400,2.0,2.0,58.04548500486291,15.0,-6.087549482708543,15.346381938897832,-21.433931421606378,-321.5089713240957,193.2579966943064
FILUSDT,300,2400,5.0,7.0,11.828496842138891,22.0,18.989123741242214,14.20566578729456,4.783457953947652,105.23607498684834,90.7027988558988
FILUSDT,300,2400,20.0,26.0,69.50504244208757,51.0,-2.1213419637424,13.786464647569995,-15.907806611312404,-811.2981371769326,50.842279238953765
FILUSDT,300,2400,60.0,43.0,19.506370739672562,75.0,43.816171121911424,13.850136282683733,29.9660348392277,2247.4526129420774,44.57352519145056
FILUSDT,300,4800,2.0,2.0,-102.69317955233942,12.0,-13.915163642824922,15.531945711509294,-29.447109354334213,-353.36531225201054,236.43177717403486
FILUSDT,300,4800,5.0,7.0,89.30542060143667,18.0,-54.82719487360226,14.289425857786306,-69.11662073138855,-1244.099173164994,161.95117169781673
FILUSDT,300,4800,20.0,23.0,89.67971458422154,36.0,20.12426241939875,13.681681168450675,6.442581250948077,231.9329250341308,86.22498000992842
FILUSDT,300,4800,60.0,35.0,74.0172293267761,48.0,45.31329270189894,13.753565233172461,31.55972746872648,1514.866918498871,67.07167184143216
FILUSDT,600,120,2.0,4.0,43.94388092913216,54.0,10.86223989286911,15.26582599291584,-4.403586100046728,-237.7936494025233,40.66259370787938
FILUSDT,600,120,5.0,10.0,5.954264776571707,71.0,10.056266196154,14.854430843974857,-4.798164647820861,-340.66968999528115,30.368848721123765
FILUSDT,600,120,20.0,26.0,-17.980994531689532,135.0,5.419716461375683,14.803178216430391,-9.383461755054709,-1266.7673369323857,14.880468673828432
FILUSDT,600,120,60.0,85.0,-4.167998295635767,286.0,4.155335659142772,14.08029669085434,-9.924961031711566,-2838.538855069508,8.429511128448878
FILUSDT,600,300,2.0,4.0,156.11928587251032,35.0,45.07494969026268,15.231967448214615,29.842982242048063,1044.5043784716822,83.65716152891684
FILUSDT,600,300,5.0,9.0,69.78001904365176,45.0,25.744739068363884,14.875698796968024,10.869040271395859,489.1068122128137,38.08690616895276
FILUSDT,600,300,20.0,21.0,12.408257529454255,89.0,16.778190632099836,14.463044433739055,2.3151461983607797,206.0480116541094,20.256522111788446
FILUSDT,600,300,60.0,62.0,5.062033331697692,178.0,5.394123532320047,13.97547360328666,-8.58135007096661,-1527.4803126320567,12.066945974912239
FILUSDT,600,600,2.0,4.0,176.68590095888848,22.0,-1.7019585415014438,14.960364296612294,-16.66232283811374,-366.5711024385023,104.11942477143944
FILUSDT,600,600,5.0,8.0,80.9890607412782,31.0,17.691450748917465,13.9943959353773,3.6970548135401695,114.60869921974526,72.94589214625239
FILUSDT,600,600,20.0,18.0,34.46747715120227,59.0,30.935837338712133,14.307935768599005,16.627901570113124,981.0461926366744,45.24002290724378
FILUSDT,600,600,60.0,49.0,12.392254350367034,126.0,25.376458164516684,13.897493833159386,11.478964331357297,1446.3495057510195,20.665079329862472
FILUSDT,600,1200,2.0,4.0,160.9763556747763,15.0,-23.399792774496667,15.212705341713813,-38.61249811621048,-579.1874717431572,165.70649264352804
FILUSDT,600,1200,5.0,7.0,61.8876017478754,21.0,-34.12466243595411,14.163961474605511,-48.288623910559636,-1014.0611021217524,134.24283385771676
FILUSDT,600,1200,20.0,14.0,35.23387138175257,42.0,16.01300439746574,14.392993207310983,1.620011190154748,68.04046998649942,64.31842326584187
FILUSDT,600,1200,60.0,41.0,18.095678667462906,93.0,33.820055215521755,13.816143205551477,20.003912009970264,1860.3638169272344,43.56139066976041
FILUSDT,600,2400,2.0,3.0,101.64535283177118,12.0,-59.47283165096703,15.084741609505793,-74.5575732604728,-894.6908791256735,153.60024546679682
FILUSDT,600,2400,5.0,7.0,57.25963618651089,16.0,32.083632464721674,14.287400910194805,17.796231554526877,284.73970487243,108.91698029524633
FILUSDT,600,2400,20.0,13.0,46.79213864288171,36.0,39.99759463440161,14.487935273344139,25.509659361057462,918.3477369980686,61.22789566547332
FILUSDT,600,2400,60.0,33.0,38.92044772390082,69.0,28.09150521400614,13.813336236806625,14.278168977199524,985.1936594267671,45.41975588791008
FILUSDT,600,4800,2.0,3.0,32.289748193429,10.0,-10.575782182296825,15.480649835860044,-26.056432018156862,-260.56432018156863,243.92210549963553
FILUSDT,600,4800,5.0,6.0,75.16876458487195,13.0,-1.992729113526965,14.043373507539863,-16.036102621066842,-208.46933407386894,211.02914031333634
FILUSDT,600,4800,20.0,11.0,80.18912292624042,27.0,41.760269784105745,14.851092519074827,26.909177265030916,726.5477861558347,113.03407705850998
FILUSDT,600,4800,60.0,27.0,102.41190903293126,48.0,-1.4310200577109242,13.761240943106449,-15.192261000817375,-729.228528039234,70.57554430102405
FILUSDT,1200,120,2.0,6.0,48.81144011990432,62.0,0.5885570154819278,15.151660805552451,-14.563103790070523,-902.9124349843725,51.69532311537958
FILUSDT,1200,120,5.0,12.0,9.279183605538593,81.0,4.91421614574615,15.392271498772372,-10.478055353026226,-848.7224835951243,34.712763488411994
FILUSDT,1200,120,20.0,26.0,1.670540884870133,136.0,-0.7852238461261888,14.603740510585638,-15.388964356711828,-2092.8991525128085,23.467764222494118
FILUSDT,1200,120,60.0,76.0,0.050826567552927,237.0,3.7093231095946835,14.29217037463035,-10.582847265035667,-2508.134801813453,9.189037041490698
FILUSDT,1200,300,2.0,6.0,102.7390458221574,37.0,47.774218528554606,15.621134226654513,32.153084301900094,1189.6641191703034,42.662337478794846
FILUSDT,1200,300,5.0,9.0,70.74251449544359,47.0,33.60591331053896,15.062867419125164,18.543045891413787,871.523156896448,36.923966968515444
FILUSDT,1200,300,20.0,19.0,29.21961593602228,77.0,9.338205630110675,14.658198926797446,-5.31999329668677,-409.6394838448813,28.93906387365916
FILUSDT,1200,300,60.0,53.0,-1.4311107969217423,144.0,18.10835068280757,14.03206125347519,4.076289429332379,586.9856778238625,17.132797793809296
FILUSDT,1200,600,2.0,6.0,123.31806817445926,29.0,40.07639836352508,14.97956765107857,25.09683071244651,727.8080906609488,72.50354357826008
FILUSDT,1200,600,5.0,7.0,129.47614102630334,36.0,21.11194415417362,14.695578040835105,6.416366113338518,230.98918008018666,63.84185108098338
FILUSDT,1200,600,20.0,16.0,47.6000845521347,57.0,38.897222741247525,15.149150215045733,23.748072526201796,1353.6401339935023,63.21596929870605
FILUSDT,1200,600,60.0,42.0,18.605636847691823,106.0,16.059537110209376,14.110451319076006,1.9490857911333677,206.60309386013697,26.060416864500436
FILUSDT,1200,1200,2.0,6.0,103.64273807501029,19.0,102.87628557120638,15.535958341630296,87.34032722957608,1659.4662173619454,100.96482251741611
FILUSDT,1200,1200,5.0,7.0,120.90407487945687,24.0,58.286671518397675,14.887564232191034,43.39910728620665,1041.5785748689595,84.03418001868415
FILUSDT,1200,1200,20.0,12.0,42.82900097200849,37.0,18.710889951020462,14.759441203589454,3.9514487474310105,146.2036036549474,71.22489449102792
FILUSDT,1200,1200,60.0,34.0,11.621217421705786,72.0,23.64944053022413,14.004229833132964,9.645210697091175,694.4551701905646,33.35797252942603
FILUSDT,1200,2400,2.0,4.0,159.2072203348331,15.0,28.754326282684087,15.926321704424902,12.828004578259204,192.42006867388807,188.81710017935285
FILUSDT,1200,2400,5.0,5.0,159.7251315219753,18.0,-41.93741497554655,14.890058478004695,-56.82747345355126,-1022.8945221639226,176.502308414814
FILUSDT,1200,2400,20.0,10.0,33.58023761958069,29.0,-70.69095471236557,14.794831133699637,-85.4857858460652,-2479.087789535891,153.81877195227497
FILUSDT,1200,2400,60.0,28.0,29.32212023945868,55.0,9.576912560115339,14.164842917571741,-4.587930357456396,-252.3361696601018,52.35822693016738
FILUSDT,1200,4800,2.0,3.0,85.52446184580471,12.0,69.89235184038056,16.305557702207597,53.58679413817296,643.0415296580755,233.3223613523376
FILUSDT,1200,4800,5.0,4.0,164.17048428030978,14.0,-8.274994517465311,14.857605875378498,-23.132600392843813,-323.8564054998134,212.03205959660707
FILUSDT,1200,4800,20.0,8.0,157.95554464026964,20.0,56.43948727683361,15.116206267384666,41.323281009448955,826.4656201889791,144.15652067576335
FILUSDT,1200,4800,60.0,24.0,87.26341869827807,35.0,18.61629369713626,14.078657092567386,4.5376366045688785,158.81728115991075,73.70328340685145
FILUSDT,2400,120,2.0,4.0,84.16617106736902,60.0,-3.6574610308168616,14.970595459669852,-18.628056490486706,-1117.6833894292024,37.569688615415075
FILUSDT,2400,120,5.0,5.0,-9.381239253454732,65.0,-23.32295818687705,14.829319120648574,-38.15227730752563,-2479.898024989166,40.292632503524835
FILUSDT,2400,120,20.0,19.0,-0.6035213227143859,131.0,-4.844597727715039,14.488458012699034,-19.33305574041408,-2532.6303019942443,28.877601525202405
FILUSDT,2400,120,60.0,64.0,3.0031160462500157,220.0,1.2541355100848575,14.306966370986078,-13.05283086090122,-2871.6227893982687,14.697813216765818
FILUSDT,2400,300,2.0,3.0,192.82310663460626,33.0,15.166996108762637,15.234517347141876,-0.06752123837923907,-2.2282008665148894,52.35612302141119
FILUSDT,2400,300,5.0,4.0,64.96420049515662,34.0,0.4994324632471536,14.658015697890507,-14.158583234643352,-481.39182997787395,43.42047355368957
FILUSDT,2400,300,20.0,11.0,27.86694064535143,72.0,1.8314744468745738,14.52848408651942,-12.69700963964485,-914.1846940544292,35.49462094093869
FILUSDT,2400,300,60.0,38.0,23.4895922555698,121.0,16.00843138634593,14.061454247526305,1.9469771388196242,235.58423379717453,19.250804046465614
FILUSDT,2400,600,2.0,3.0,284.18967938575815,23.0,49.14671551798544,16.13446464141529,33.01225087657017,759.2817701611139,124.70772907514171
FILUSDT,2400,600,5.0,4.0,117.16056126148638,24.0,38.19418611622206,15.730232793925778,22.46395332229628,539.1348797351108,119.09679548943524
FILUSDT,2400,600,20.0,8.0,23.492977815068386,48.0,-23.051915963895283,14.328553127251958,-37.38046909114723,-1794.2625163750672,46.38858727731073
FILUSDT,2400,600,60.0,29.0,61.79305224067407,84.0,24.554032229025097,13.979712853202155,10.574319375822947,888.2428275691275,28.01361045390959
FILUSDT,2400,1200,2.0,3.0,269.40731740630116,18.0,98.07852680534012,16.57126560409604,81.50726120124406,1467.1307016223932,143.7337651302294
FILUSDT,2400,1200,5.0,4.0,133.33262895901188,18.0,83.94667811850344,16.077955350546866,67.86872276795658,1221.6370098232185,144.59662167148446
FILUSDT,2400,1200,20.0,8.0,40.34498227117398,34.0,8.230817521283367,14.63653304501954,-6.405715523736172,-217.79432780702984,62.86427458665201
FILUSDT,2400,1200,60.0,21.0,64.01695911851814,61.0,54.52056936525051,14.16626121168568,40.35430815356482,2461.6127973674543,45.58535090056538
FILUSDT,2400,2400,2.0,2.0,163.670970258792,12.0,-183.13431325236434,15.705471286782384,-198.83978453914673,-2386.0774144697607,302.5586153758367
FILUSDT,2400,2400,5.0,3.0,94.8945764530294,12.0,-207.44522937827801,14.950804083203208,-222.39603346148124,-2668.752401537775,296.7141712523774
FILUSDT,2400,2400,20.0,6.0,196.50976285490802,22.0,-51.71164123373253,14.93008122396603,-66.64172245769856,-1466.1178940693683,112.92582035513611
FILUSDT,2400,2400,60.0,17.0,73.85007984196118,42.0,-3.5435076359431625,14.141685455322442,-17.685193091265596,-742.7781098331551,67.82735246833985
FILUSDT,2400,4800,2.0,2.0,27.66580256411538,9.0,-58.081511148983594,16.032512809023896,-74.11402395800748,-667.0262156220673,282.324590629588
FILUSDT,2400,4800,5.0,2.0,-19.31034521619199,9.0,-75.24041435277161,15.026229974464886,-90.26664432723648,-812.3997989451283,276.26141607817425
FILUSDT,2400,4800,20.0,4.0,205.010326611767,15.0,83.78205596384173,15.413990361075987,68.36806560276575,1025.5209840414864,161.71189521151214
FILUSDT,2400,4800,60.0,14.0,160.2306287525252,34.0,99.0640545658315,14.075151221460986,84.98890334437051,2889.6227137085975,78.59854394417361
GALAUSDT,120,120,2.0,9.0,-14.82991486768353,73.0,-39.481934394770505,15.200707241746315,-54.68264163651683,-3991.8328394657283,40.30421837203744
GALAUSDT,120,120,5.0,21.0,-11.585568808342988,107.0,-21.01427918588619,14.923386746059363,-35.93766593194555,-3845.330254718174,29.907982467024503
GALAUSDT,120,120,20.0,67.0,-23.28552534957813,238.0,-8.163555712047565,14.61108201728654,-22.774637729334106,-5420.3637795815175,11.799998843042454
GALAUSDT,120,120,60.0,155.0,-16.601895249449697,491.0,-0.23748286363915536,14.50991446927505,-14.747397332914208,-7240.972090460876,5.873003030160522
GALAUSDT,120,300,2.0,9.0,13.291423039333987,45.0,-2.066982404306619,14.79800161554249,-16.864984019849103,-758.9242808932096,38.28796883941339
GALAUSDT,120,300,5.0,19.0,13.245357349492853,69.0,-17.155527181826844,14.820857398815061,-31.97638458064191,-2206.3705360642916,33.13453109991333
GALAUSDT,120,300,20.0,51.0,-13.519590926547187,156.0,-7.306582225138912,14.51666652564656,-21.823248750785474,-3404.426805122534,18.63894631373255
GALAUSDT,120,300,60.0,114.0,-23.0617705534095,308.0,-4.3244279421915985,14.492941432611564,-18.81736937480316,-5795.7497674393735,9.588842013322099
GALAUSDT,120,600,2.0,9.0,28.56127195730446,36.0,-25.17891182794023,14.721502907699472,-39.900414735639686,-1436.4149304830287,70.86328022138638
GALAUSDT,120,600,5.0,18.0,25.38992792026178,50.0,6.4916700606931785,14.877527659273305,-8.385857598580131,-419.2928799290065,47.31606813519055
GALAUSDT,120,600,20.0,44.0,-8.729411754324932,110.0,2.6202401235005737,14.53111844729313,-11.910878323792556,-1310.1966156171811,26.6439029077304
GALAUSDT,120,600,60.0,89.0,-10.994852572965723,213.0,-10.972184708611342,14.432100973563594,-25.404285682174937,-5411.112850303261,14.547881983645526
GALAUSDT,120,1200,2.0,9.0,28.503776306408344,25.0,-36.23942853538726,14.725699469906726,-50.96512800529399,-1274.1282001323498,76.08177114679596
GALAUSDT,120,1200,5.0,16.0,10.47544761702019,37.0,-21.36440196297749,14.739127165889865,-36.10352912886734,-1335.8305777680916,75.3339271067977
GALAUSDT,120,1200,20.0,35.0,-4.8825228059333154,76.0,47.569305382100175,14.598741332292153,32.97056404980801,2505.762867785409,37.663888259340425
GALAUSDT,120,1200,60.0,73.0,-7.360997077653486,148.0,3.8725971156161942,14.481789232794819,-10.60919211717863,-1570.1604333424373,19.966940808618688
GALAUSDT,120,2400,2.0,7.0,27.816130198287485,20.0,-46.63632734649705,14.767344639161706,-61.40367198565874,-1228.0734397131748,157.6205337194167
GALAUSDT,120,2400,5.0,13.0,-17.00633593844756,28.0,27.179083528669416,14.737725713021337,12.441357815648079,348.3580188381462,67.8949637763549
GALAUSDT,120,2400,20.0,31.0,-3.610066182939461,59.0,43.52480956292736,14.431993042106347,29.09281652082101,1716.4761747284397,48.22648395437819
GALAUSDT,120,2400,60.0,57.0,1.2954817799228353,96.0,5.765392100455398,14.528133569923172,-8.762741469467779,-841.2231810689068,34.76439418535113
GALAUSDT,120,4800,2.0,7.0,77.53207544874239,17.0,-73.51901908941434,14.815002171153337,-88.3340212605677,-1501.6783614296507,162.55383488843535
GALAUSDT,120,4800,5.0,12.0,-2.6179160133510586,24.0,60.05715616368308,14.776496002740132,45.28066016094294,1086.7358438626306,217.4798538080334
GALAUSDT,120,4800,20.0,25.0,16.90596219637797,42.0,85.41709807237768,14.426712255236483,70.99038581714122,2981.596204319931,81.22520051474783
GALAUSDT,120,4800,60.0,47.0,7.429688103557122,61.0,-11.972051157129796,14.532754072389105,-26.504805229518894,-1616.7931190006525,72.22179888110104
GALAUSDT,300,120,2.0,5.0,-24.81578387940636,53.0,-16.527738392569205,15.246021478477713,-31.773759871046924,-1684.009273165487,62.78089915005689
GALAUSDT,300,120,5.0,12.0,-7.8193121583956255,84.0,-12.42927316849834,15.004564374493507,-27.433837542991846,-2304.442353611315,39.6310728286444
GALAUSDT,300,120,20.0,50.0,-3.291487706274335,194.0,-7.747067724968118,14.528422041151087,-22.2754897661192,-4321.445014627125,15.041313317548948
GALAUSDT,300,120,60.0,113.0,-13.376592027652562,320.0,-0.7226997148793426,14.664001191915247,-15.38670090679459,-4923.744290174269,9.10017050258425
GALAUSDT,300,300,2.0,4.0,19.502608890709695,31.0,-44.02815934471387,15.075214428781853,-59.10337377349573,-1832.2045869783676,74.83769008789629
GALAUSDT,300,300,5.0,10.0,21.825982302828002,53.0,17.70918048929363,14.908977262064164,2.800203227229459,148.41077104316133,44.03100175935044
GALAUSDT,300,300,20.0,39.0,12.781414978766685,128.0,-1.172696778702353,14.556414187384096,-15.72911096608645,-2013.3262036590656,22.149626108616197
GALAUSDT,300,300,60.0,81.0,-13.303415490105332,210.0,-3.3395079151510254,14.54577252009237,-17.88528043524339,-3755.908891401112,12.468955049038794
GALAUSDT,300,600,2.0,4.0,41.60056247864812,24.0,48.993106109054224,15.468888911591923,33.5242171974623,804.5812127390952,84.22373307756192
GALAUSDT,300,600,5.0,10.0,28.890312676834334,39.0,65.61665148618764,14.789162886064796,50.82748860012285,1982.272055404791,65.8604196396812
GALAUSDT,300,600,20.0,35.0,28.65986550427105,87.0,18.603426735695372,14.487358825285728,4.116067910409652,358.0979082056397,34.87929341036699
GALAUSDT,300,600,60.0,63.0,-11.844414476138382,146.0,32.993489994452865,14.560027269906728,18.43346272454614,2691.2855577837363,22.128513922527965
GALAUSDT,300,1200,2.0,4.0,49.50145709772985,17.0,50.166987110867346,15.406619350333571,34.760367760533775,590.9262519290742,107.42158757744106
GALAUSDT,300,1200,5.0,10.0,29.388179965137816,28.0,3.4125593305870234,14.808203369938107,-11.395644039351074,-319.0780331018301,97.7709569015577
GALAUSDT,300,1200,20.0,28.0,33.07428105420758,62.0,52.264042264124605,14.421928809015135,37.84211345510946,2346.2110342167866,55.08855651973502
GALAUSDT,300,1200,60.0,50.0,-11.41400893607453,105.0,38.249835412412885,14.490525642531539,23.759309769881348,2494.7275258375416,37.49042150794036
GALAUSDT,300,2400,2.0,2.0,1.2188513207166807,14.0,-24.146729230113333,15.172844560712443,-39.319573790825764,-550.4740330715607,231.35104058271907
GALAUSDT,300,2400,5.0,8.0,9.214486813082075,22.0,95.02855745386097,14.779470163992466,80.24908728986851,1765.4799203771074,94.82789626639187
GALAUSDT,300,2400,20.0,25.0,74.6840526059818,50.0,39.19517326049349,14.380682440696084,24.814490819797403,1240.72454098987,46.41241186238206
GALAUSDT,300,2400,60.0,41.0,-3.5572688436986883,76.0,18.81788813940874,14.440842685415358,4.377045453993382,332.655454503497,37.57995899254667
GALAUSDT,300,4800,2.0,2.0,-60.272551597226396,12.0,10.36462858349037,15.282768539540863,-4.918139956050496,-59.01767947260595,244.20473062831724
GALAUSDT,300,4800,5.0,8.0,65.80026852878588,18.0,157.96593414367317,14.768488849620304,143.1974452940529,2577.554015292952,302.3599368874597
GALAUSDT,300,4800,20.0,22.0,74.62085518282218,36.0,77.19956286013014,14.409846634158164,62.78971622597199,2260.4297841349917,96.13930809120534
GALAUSDT,300,4800,60.0,33.0,23.17985864783581,50.0,9.812852749741843,14.400292791027525,-4.587440041285682,-229.37200206428412,68.06145278191865
GALAUSDT,600,120,2.0,6.0,4.304221210785718,53.0,-5.487055047378704,15.350262376518334,-20.837317423897034,-1104.3778234665428,47.0628840895483
GALAUSDT,600,120,5.0,10.0,-6.105197310444481,69.0,5.876778029377743,15.02048562694122,-9.143707597563482,-630.9158242318803,34.64895272076245
GALAUSDT,600,120,20.0,26.0,-18.158319577540755,135.0,3.9862695770625782,14.902829309890627,-10.916559732828052,-1473.735563931787,16.205029643923496
GALAUSDT,600,120,60.0,84.0,-8.387576490840146,279.0,4.966666187417349,14.5048667041307,-9.538200516713353,-2661.1579441630256,7.6127112244957065
GALAUSDT,600,300,2.0,6.0,32.73851333161783,34.0,22.58913722695652,14.983804984249309,7.605332242707213,258.58129625204526,88.123249803307
GALAUSDT,600,300,5.0,9.0,19.66828703164294,45.0,16.479561375751945,14.800511564026722,1.6790498117252173,75.55724152763477,38.33282204071394
GALAUSDT,600,300,20.0,22.0,-8.489261125632634,88.0,3.6289417730154963,14.74563151885627,-11.116689745840771,-978.2686976339879,24.962406946604638
GALAUSDT,600,300,60.0,61.0,-5.786446103289584,177.0,2.8432933165489658,14.52288630821423,-11.679592991665265,-2067.287959524752,18.091085187416116
GALAUSDT,600,600,2.0,5.0,40.18659207965314,21.0,3.720457894927607,15.3179400456798,-11.597482150752189,-243.54712516579596,106.63266329073673
GALAUSDT,600,600,5.0,8.0,19.538918077491566,31.0,22.556901372479047,14.621201827646932,7.935699544832119,246.00668588979568,77.81569161975453
GALAUSDT,600,600,20.0,19.0,4.232231013262403,58.0,12.992018848587541,14.838181024184037,-1.8461621755964974,-107.07740618459685,43.864937775964584
GALAUSDT,600,600,60.0,48.0,-2.5595662519952307,124.0,32.07052498903594,14.517081364405941,17.55344362463001,2176.627009454121,20.740259816543173
GALAUSDT,600,1200,2.0,5.0,39.29251375392262,15.0,2.953699767597179,15.241428199713846,-12.28772843211665,-184.31592648174976,197.36126208838922
GALAUSDT,600,1200,5.0,7.0,14.4481794603044,22.0,0.22314526725520328,14.75736056877293,-14.534215301517719,-319.7527366333898,130.79526165609445
GALAUSDT,600,1200,20.0,15.0,4.674729487683041,41.0,8.286366181766105,14.924104329859857,-6.637738148093754,-272.1472640718439,64.23049411804261
GALAUSDT,600,1200,60.0,41.0,-11.86910324488079,93.0,30.862896876975125,14.398854504886927,16.464042372088194,1531.1559406042022,39.258283660729084
GALAUSDT,600,2400,2.0,4.0,42.91269027413487,12.0,-55.25200436661826,15.426896778349496,-70.67890114496777,-848.1468137396132,178.02672207296266
GALAUSDT,600,2400,5.0,7.0,16.683390760159362,18.0,56.64158763399793,14.556745320750183,42.08484231324774,757.5271616384593,93.99437461376131
GALAUSDT,600,2400,20.0,14.0,-1.4994110599221706,35.0,55.520221528473456,14.996779101292805,40.52344242718064,1418.3204849513224,65.51508852421101
GALAUSDT,600,2400,60.0,33.0,8.470222068910497,69.0,10.904793160845493,14.479948515889687,-3.5751553550441937,-246.68571949804937,37.60747461659825
GALAUSDT,600,4800,2.0,4.0,106.59054359752797,10.0,-1.7209246800184985,15.614038147056737,-17.334962827075223,-173.34962827075225,254.37398008774215
GALAUSDT,600,4800,5.0,6.0,54.69328594971288,14.0,-18.024309393103163,14.562865520982655,-32.58717491408582,-456.2204487972015,196.7518191967255
GALAUSDT,600,4800,20.0,12.0,3.816557519930838,26.0,40.53500078329868,14.867558201234125,25.66744258206457,667.3535071336788,129.30033679083832
GALAUSDT,600,4800,60.0,27.0,56.14822619913595,47.0,11.956706521591853,14.448006266776828,-2.491299745184973,-117.09108802369373,96.01055857029678
GALAUSDT,1200,120,2.0,5.0,11.68223497158834,61.0,-15.29608296900487,15.05281055673508,-30.348893525739946,-1851.2825050701367,64.60950010106603
GALAUSDT,1200,120,5.0,12.0,2.495634537847041,80.0,-4.355981621364484,14.976676756480463,-19.33265837784495,-1546.612670227596,38.089680412374925
GALAUSDT,1200,120,20.0,25.0,-11.560763584951577,136.0,2.8352712334152157,14.69285112803745,-11.857579894622233,-1612.6308656686238,22.888889238682626
GALAUSDT,1200,120,60.0,77.0,-11.116545385931945,245.0,-0.9863416492431497,14.671985508663298,-15.658327157906447,-3836.2901536870795,10.080853709007782
GALAUSDT,1200,300,2.0,5.0,62.77980899621191,37.0,42.26478920943684,15.182406553109399,27.08238265632744,1002.0481582841153,39.66395873964676
GALAUSDT,1200,300,5.0,9.0,29.931315374945953,46.0,16.83837733467072,14.892547213458096,1.9458301212126237,89.50818557578069,38.149855553057606
GALAUSDT,1200,300,20.0,19.0,-0.2708184191615217,78.0,4.088322491615023,14.657053607130702,-10.56873111551568,-824.3610270102231,35.69217102971119
GALAUSDT,1200,300,60.0,53.0,-11.279251122537813,144.0,12.763565738201928,14.582812052509679,-1.8192463143077506,-261.9714692603161,16.71899127969178
GALAUSDT,1200,600,2.0,5.0,91.92755721908138,29.0,57.6729329582614,14.903969141775931,42.76896381648548,1240.2999506780789,79.642623272034
GALAUSDT,1200,600,5.0,8.0,62.62131308565209,36.0,44.87530918510483,14.868788657003595,30.00652052810124,1080.2347390116447,71.68029998779095
GALAUSDT,1200,600,20.0,17.0,5.756804291376702,57.0,38.457651698396226,14.798202778809358,23.65944891958687,1348.5885884164516,55.09594781090779
GALAUSDT,1200,600,60.0,42.0,-4.6485131372467965,108.0,9.755249381242262,14.577897753647862,-4.822648372405609,-520.8460242198057,28.91588787252337
GALAUSDT,1200,1200,2.0,5.0,70.24868596558461,19.0,100.11441221363046,14.8673698189214,85.24704239470906,1619.693805499472,113.18609432928785
GALAUSDT,1200,1200,5.0,8.0,40.50759967284007,24.0,64.10782688975408,14.960515053998572,49.14731183575551,1179.5354840581322,90.27665283036063
GALAUSDT,1200,1200,20.0,12.0,-11.214749837833038,36.0,17.883060016772404,14.777694172525148,3.1053658442472587,111.79317039290132,67.56201236348707
GALAUSDT,1200,1200,60.0,34.0,-16.91711543133702,73.0,14.880545883413792,14.58062349404382,0.29992238936997584,21.894334424008235,31.957543441174007
GALAUSDT,1200,2400,2.0,3.0,56.725778496485425,15.0,-4.7804761412100225,14.775032419269628,-19.55550856047965,-293.33262840719476,223.29673995617003
GALAUSDT,1200,2400,5.0,6.0,42.53321298963457,18.0,-39.85355897622247,15.130006912306287,-54.98356588852876,-989.7041859935176,203.61724813635885
GALAUSDT,1200,2400,20.0,10.0,-36.64072107981743,30.0,-55.538283945754614,14.845579907770617,-70.38386385352526,-2111.5159156057575,143.66006115661708
GALAUSDT,1200,2400,60.0,28.0,9.657847663562302,56.0,-10.241111602673907,14.647669095964009,-24.888780698637913,-1393.7717191237232,33.70949385551375
GALAUSDT,1200,4800,2.0,3.0,-7.314267829615332,12.0,46.27953085630465,14.815183803495195,31.464347052809455,377.57216463371344,241.47639608678517
GALAUSDT,1200,4800,5.0,5.0,41.55954812834225,14.0,-60.54323169535579,15.274892769630066,-75.81812446498587,-1061.4537425098022,205.8134242711838
GALAUSDT,1200,4800,20.0,8.0,16.946045931943928,21.0,146.17384970842645,14.668460394245802,131.50538931418063,2761.6131755977935,220.15051047097916
GALAUSDT,1200,4800,60.0,24.0,60.48816733885722,37.0,25.47826350509611,14.685004407736065,10.793259097360032,399.3505866023212,84.0263664771814
GALAUSDT,2400,120,2.0,3.0,-6.49917038858185,62.0,-11.800305142183046,14.913035205713467,-26.71334034789651,-1656.2271015695835,36.343660916218205
GALAUSDT,2400,120,5.0,5.0,-16.222690876670935,69.0,-24.454181119190466,15.017114696653868,-39.47129581584435,-2723.51941129326,40.35783780612836
GALAUSDT,2400,120,20.0,19.0,-10.654683092482442,133.0,-8.368574940910511,14.733624075876577,-23.102199016787083,-3072.592469232682,26.79187631001628
GALAUSDT,2400,120,60.0,69.0,-6.572312186566221,225.0,5.733102555038348,14.53302542466023,-8.799922869621884,-1979.982645664924,15.864504870980452
GALAUSDT,2400,300,2.0,2.0,15.915913857508151,33.0,-3.288205601946288,15.233516297779005,-18.521721899725293,-611.2168226909347,43.53534163937592
GALAUSDT,2400,300,5.0,4.0,34.39908436147461,37.0,-7.586152103584831,15.071223426966833,-22.65737553055166,-838.3228946304115,40.01224851503251
GALAUSDT,2400,300,20.0,12.0,16.93590720669333,73.0,-4.669375327337635,14.842884825778343,-19.51226015311597,-1424.394991177466,32.54479805047748
GALAUSDT,2400,300,60.0,45.0,11.776908213718349,124.0,2.76412276927199,14.636821016399226,-11.872698247127232,-1472.2145826437768,21.856753272092565
GALAUSDT,2400,600,2.0,2.0,28.843845911391465,23.0,31.6303631107459,15.467054586574402,16.163308524171494,371.75609605594434,103.66713252098016
GALAUSDT,2400,600,5.0,4.0,46.762067592289355,25.0,-17.836646021073843,15.122073740181381,-32.958719761255225,-823.9679940313806,40.474265863485826
GALAUSDT,2400,600,20.0,9.0,39.52109874953385,49.0,-40.41040459535134,14.861205856978149,-55.27161045232949,-2708.308912164145,52.1139589062109
GALAUSDT,2400,600,60.0,33.0,19.76546215108233,88.0,10.889528387745049,14.597021778235886,-3.7074933904908374,-326.2594183631937,31.70841383970179
GALAUSDT,2400,1200,2.0,2.0,12.381435082783803,18.0,81.44379915349565,15.723340578429903,65.72045857506578,1182.968254351184,130.23887303052578
GALAUSDT,2400,1200,5.0,4.0,64.93266546910226,18.0,53.559707963417765,15.078232188112363,38.481475775305405,692.6665639554973,78.31692252529365
GALAUSDT,2400,1200,20.0,8.0,18.500653893492775,35.0,7.8322814049802725,15.084955702833437,-7.252674297853166,-253.8436004248608,60.561952338955734
GALAUSDT,2400,1200,60.0,25.0,5.988801868014041,64.0,48.2696513660354,14.560143331280866,33.709508034754535,2157.4085142242902,49.50897404583194
GALAUSDT,2400,2400,2.0,1.0,-85.16627034936734,12.0,-226.23578502057373,15.551106694704009,-241.78689171527776,-2901.442700583333,295.93306403009694
GALAUSDT,2400,2400,5.0,3.0,90.36737701954554,12.0,-192.74007899128733,15.338656343780102,-208.07873533506742,-2496.944824020809,201.55549753814648
GALAUSDT,2400,2400,20.0,6.0,146.947636135005,23.0,-25.946941384802987,15.173267770710481,-41.120209155513464,-945.7648105768096,97.39655922736746
GALAUSDT,2400,2400,60.0,21.0,33.33139638540357,44.0,-4.430303845801141,14.595773941055086,-19.026077786856224,-837.1474226216739,67.97894852097446
GALAUSDT,2400,4800,2.0,1.0,-187.599048838485,9.0,-177.73706107584232,15.876678362963666,-193.613739438806,-1742.523654949254,234.67782007305007
GALAUSDT,2400,4800,5.0,2.0,48.742159716050224,9.0,-186.1623249190409,15.595835936540242,-201.75816085558114,-1815.8234477002302,217.5317139105903
GALAUSDT,2400,4800,20.0,4.0,192.85616775863318,16.0,55.999977907625976,15.48219543188209,40.517782475743886,648.2845196119022,143.47003749149528
GALAUSDT,2400,4800,60.0,17.0,94.22441509348069,36.0,126.64615055052738,14.613964084857429,112.03218646566994,4033.158712764118,137.74640841286597
INJUSDT,120,120,2.0,9.0,6.836698960355559,76.0,-30.789503539256813,15.378504484058274,-46.16800802331508,-3508.768609771946,33.73767500690865
INJUSDT,120,120,5.0,20.0,-4.178764492421723,114.0,-11.45984680027295,14.752742925741765,-26.212589726014716,-2988.2352287656777,24.600445620062686
INJUSDT,120,120,20.0,68.0,-19.014628502828025,242.0,-3.653954831417569,14.073396533558286,-17.727351364975853,-4290.019030324156,9.554367123356236
INJUSDT,120,120,60.0,155.0,-12.693496372139546,507.0,0.11342200498470535,13.628559682004429,-13.515137677019723,-6852.174802248999,7.067837238983545
INJUSDT,120,300,2.0,9.0,53.06969632158311,49.0,16.19420721818287,14.80063821922672,1.3935689989561537,68.28488094885154,39.04951901791309
INJUSDT,120,300,5.0,19.0,30.334282554813775,74.0,-6.242643335109352,14.150194300711165,-20.39283763582052,-1509.0699850507185,34.00890637265832
INJUSDT,120,300,20.0,53.0,-0.3370224924214418,161.0,8.17972219018098,13.847013243451583,-5.667291053270606,-912.4338595765676,19.136700560795422
INJUSDT,120,300,60.0,114.0,-17.490460866145547,320.0,-4.406527102839559,13.506029789818111,-17.91255689265767,-5732.018205650455,11.686568203506713
INJUSDT,120,600,2.0,9.0,87.24678072561989,38.0,-28.207661714514973,14.549760347749087,-42.75742206226407,-1624.7820383660346,78.2537315789787
INJUSDT,120,600,5.0,18.0,45.69757150496932,54.0,2.6789890768912845,13.92886374155162,-11.249874664660345,-607.4932318916586,51.36762625028202
INJUSDT,120,600,20.0,45.0,5.111995915652952,114.0,-0.9994536965558362,13.63080006900844,-14.630253765564278,-1667.8489292743277,25.284695952868525
INJUSDT,120,600,60.0,89.0,-12.804569792261312,220.0,-9.724193696223084,13.298333610221446,-23.022527306444534,-5064.956007417797,15.928229283152698
INJUSDT,120,1200,2.0,9.0,81.1647338266937,27.0,-41.30459768711435,14.884580295109222,-56.18917798222357,-1517.1078055200364,90.54758143011725
INJUSDT,120,1200,5.0,16.0,22.745546123742603,39.0,-44.50665763437066,13.761300256454797,-58.26795789082547,-2272.4503577421933,77.05577433613816
INJUSDT,120,1200,20.0,36.0,-1.9182728745321702,79.0,39.73784534357016,13.502464814960387,26.235380528609777,2072.5950617601725,47.05587053188619
INJUSDT,120,1200,60.0,73.0,5.292066891061457,153.0,12.0570050148506,13.31364664865629,-1.2566416338056956,-192.26616997227143,23.260166219901993
INJUSDT,120,2400,2.0,7.0,85.70832138724508,21.0,-13.53462410415763,14.076765586441555,-27.61138969059919,-579.839183502583,174.48083050409667
INJUSDT,120,2400,5.0,13.0,-9.757324847418513,32.0,22.246781789430347,13.737003400202914,8.509778389227431,272.3129084552778,55.94432239469944
INJUSDT,120,2400,20.0,32.0,6.4113811607260764,61.0,47.06219779504831,13.29095438873449,33.771243406313815,2060.0458477851425,44.56265010658066
INJUSDT,120,2400,60.0,59.0,-11.274271200329515,100.0,18.274285483488985,13.458217811141514,4.816067672347469,481.6067672347468,30.580512592262767
INJUSDT,120,4800,2.0,7.0,75.32213012975538,18.0,-23.491806423962466,13.782910464641603,-37.274716888604075,-670.9449039948734,165.0827932663673
INJUSDT,120,4800,5.0,12.0,-14.802976528148106,26.0,-0.12402116953825325,13.255089733619183,-13.379110903157414,-347.85688348209277,106.33200861811248
INJUSDT,120,4800,20.0,26.0,7.512917604015788,43.0,100.75414017032193,13.265408709052867,87.48873146126903,3762.0154528345684,65.96119582020195
INJUSDT,120,4800,60.0,48.0,-8.810130104441342,65.0,-11.500441878554996,13.163922862980046,-24.664364741535046,-1603.183708199778,53.619000211001904
INJUSDT,300,120,2.0,5.0,42.52861512855927,55.0,14.876307811157059,15.440480767952796,-0.5641729567957339,-31.029512623765363,78.18309071288267
INJUSDT,300,120,5.0,12.0,16.847293401663766,86.0,2.392716358238345,14.720893152290545,-12.328176794052194,-1060.2232042884887,42.63561582764977
INJUSDT,300,120,20.0,51.0,-2.0616044998551692,200.0,-9.275145969870309,14.460339566145262,-23.73548553601557,-4747.097107203114,18.193120387834657
INJUSDT,300,120,60.0,113.0,-10.313819580191218,324.0,-4.2214272638465635,13.864852431740008,-18.08627969558657,-5859.954621370048,10.412973875590097
INJUSDT,300,300,2.0,4.0,100.5832263260078,33.0,-38.80573953483611,15.837230559426677,-54.64297009426278,-1803.2180131106718,92.58660250707923
INJUSDT,300,300,5.0,10.0,52.05068921055613,55.0,16.841758470173396,14.76634338843821,2.075415081735184,114.14782949543512,44.407491619180405
INJUSDT,300,300,20.0,39.0,19.206121229190728,133.0,-10.173266037203499,13.969154559072132,-24.14242059627563,-3210.9419393046587,19.604871008267715
INJUSDT,300,300,60.0,82.0,-8.186296592805963,212.0,-8.021298097517189,13.573479578573554,-21.594777676090743,-4578.092867331237,14.158427927507995
INJUSDT,300,600,2.0,4.0,128.74229390759461,25.0,48.295169345331786,15.322814691520493,32.97235465381129,824.3088663452822,107.09463498083082
INJUSDT,300,600,5.0,10.0,61.675217672836915,40.0,62.06774115193855,14.527773687235277,47.53996746470328,1901.5986985881311,69.4492080625365
INJUSDT,300,600,20.0,35.0,27.91570764344322,91.0,22.464908871897794,13.91180474544339,8.553104126454405,778.3324755073509,28.123786299500154
INJUSDT,300,600,60.0,64.0,-1.1429750380322865,147.0,28.811265459814145,13.556722274066049,15.254543185748096,2242.41784830497,25.62508343537517
INJUSDT,300,1200,2.0,4.0,116.48421437129875,19.0,51.75987060720767,14.83644887421569,36.92342173299199,701.5450129268478,112.13760245512782
INJUSDT,300,1200,5.0,10.0,65.92142636824197,29.0,-11.16865509543693,14.592632837958412,-25.761287933395323,-747.0773500684644,99.84829363222414
INJUSDT,300,1200,20.0,28.0,28.263044602574844,65.0,54.763687191179336,13.719131962577144,41.04455522860219,2667.8960898591426,54.631099975237476
INJUSDT,300,1200,60.0,52.0,1.0003214196553973,104.0,39.564829106109116,13.39025011525506,26.174578990854055,2722.1562150488217,40.70944406825444
INJUSDT,300,2400,2.0,2.0,73.09760736569227,15.0,92.48556548689967,14.638420740370016,77.84714474652966,1167.707171197945,236.96892943673535
INJUSDT,300,2400,5.0,8.0,46.277900056998085,22.0,125.34061722104549,14.500107805992286,110.8405094150532,2438.4912071311705,83.69984928466782
INJUSDT,300,2400,20.0,25.0,74.88836571761222,52.0,25.893185172976775,13.433079276606,12.46010589637077,647.9255066112801,38.320849134081726
INJUSDT,300,2400,60.0,43.0,7.865715317880432,76.0,18.00488830114573,13.2611634267148,4.743724874430928,360.52309045675054,33.7164128598121
INJUSDT,300,4800,2.0,2.0,-129.5528140097687,12.0,12.656557572837883,14.611828423181777,-1.9552708503439125,-23.46325020412695,234.95076414661753
INJUSDT,300,4800,5.0,8.0,50.93638256389962,18.0,27.111209586903676,14.40947957579737,12.701730011106285,228.63114019991315,149.8100270062436
INJUSDT,300,4800,20.0,22.0,55.6294634982057,37.0,83.8979369157294,13.56772532185383,70.33021159387556,2602.2178289733956,73.99643991659374
INJUSDT,300,4800,60.0,34.0,51.970922826096036,49.0,32.71620065555288,13.10016470360377,19.61603595194911,961.1857616455065,76.32243888885453
INJUSDT,600,120,2.0,5.0,52.28994745768841,54.0,15.303800749625221,15.664029083791933,-0.36022833416671474,-19.452330045002597,46.32040589941206
INJUSDT,600,120,5.0,11.0,14.543216414705455,75.0,12.46275427516655,15.114873196563655,-2.652118921397098,-198.90891910478234,33.155832779312405
INJUSDT,600,120,20.0,28.0,-8.077048956633027,139.0,-1.3047558876942718,14.345196221581622,-15.649952109275892,-2175.343343189349,14.022644842910722
INJUSDT,600,120,60.0,86.0,-2.4818751637956447,288.0,1.9233507999588484,13.780239118885763,-11.856888318926913,-3414.783835850951,8.235003464211312
INJUSDT,600,300,2.0,5.0,113.15626497003136,35.0,45.52385845104886,15.332382876179253,30.191475574869603,1056.701645120436,96.44502765760105
INJUSDT,600,300,5.0,10.0,56.089152815277586,49.0,19.566748700769722,15.0079189961397,4.5588297046300275,223.38265552687136,41.826642944366604
INJUSDT,600,300,20.0,24.0,15.111932531702701,92.0,2.495582241560344,14.046956514278948,-11.551374272718604,-1062.7264330901116,24.62958652349198
INJUSDT,600,300,60.0,62.0,-0.4999967667990721,180.0,0.16404103735749864,13.649080065521174,-13.48503902816368,-2427.3070250694623,14.676532733281629
INJUSDT,600,600,2.0,5.0,96.36991727392349,22.0,16.43835478480082,14.991084057674204,1.4472707271265983,31.839955996785164,112.30361991565995
INJUSDT,600,600,5.0,9.0,97.7339178297194,35.0,43.31375242296212,14.712468146609318,28.60128427635281,1001.0449496723484,79.61198174660828
INJUSDT,600,600,20.0,22.0,42.39407912135684,61.0,21.5238201485354,14.106531088553766,7.4172890599816315,452.4546326588795,45.886804725863605
INJUSDT,600,600,60.0,49.0,16.145225466446046,126.0,26.097995023301007,13.54169102558775,12.556303997713256,1582.0943037118702,19.785983109566907
INJUSDT,600,1200,2.0,5.0,94.60474185340381,15.0,-7.077025363453925,15.567455016383347,-22.644480379837262,-339.6672056975589,206.77867539626342
INJUSDT,600,1200,5.0,8.0,103.61749522183071,24.0,-38.02565470150153,14.290184130834279,-52.31583883233581,-1255.5801319760594,123.86838576125518
INJUSDT,600,1200,20.0,17.0,46.256598651390455,43.0,2.0019862501540278,13.923646700036263,-11.921660449882232,-512.631399344936,67.43272903736796
INJUSDT,600,1200,60.0,41.0,9.007930314677557,92.0,22.680615279305673,13.21833948075313,9.462275798552536,870.5293734668334,42.14345074624494
INJUSDT,600,2400,2.0,4.0,112.95002575271698,12.0,1.6624816195525274,15.938739913117601,-14.276258293565066,-171.3150995227808,165.67832378785332
INJUSDT,600,2400,5.0,7.0,68.73964169918762,19.0,83.43386481933237,13.9383283373781,69.49553648195426,1320.415193157131,80.88117744940457
INJUSDT,600,2400,20.0,15.0,8.27631643955228,36.0,53.04021898883678,13.635581852317355,39.40463713651943,1418.5669369146997,55.98662638535145
INJUSDT,600,2400,60.0,33.0,24.38472025970939,67.0,18.27355537932161,12.982306887412925,5.291248491908689,354.5136489578822,33.92179366850396
INJUSDT,600,4800,2.0,4.0,74.50751415124228,10.0,16.362185481992306,16.177895449259967,0.18429003273235764,1.8429003273235764,248.78811671987947
INJUSDT,600,4800,5.0,6.0,87.98691287351788,15.0,28.925795641400995,13.952290134897027,14.973505506503958,224.60258259755938,183.47713574780573
INJUSDT,600,4800,20.0,12.0,24.80713291648988,27.0,26.50651357428558,13.710351129172734,12.796162445112843,345.4963860180468,107.92209348430336
INJUSDT,600,4800,60.0,27.0,74.04617940649528,46.0,-12.812835312590995,13.09010487330281,-25.90294018589381,-1191.5352485511153,69.86072055807426
INJUSDT,1200,120,2.0,6.0,51.04200299879354,62.0,-3.6151485421454432,14.935022610021033,-18.550171152166484,-1150.110611434322,60.85431112503062
INJUSDT,1200,120,5.0,12.0,15.636972160226817,84.0,-2.3512671215592382,14.68056688348073,-17.031834005039965,-1430.6740564233571,41.05817695217951
INJUSDT,1200,120,20.0,28.0,4.02165580394623,145.0,3.14578797538432,14.425678065443948,-11.279890090059627,-1635.584063058646,22.598005713064644
INJUSDT,1200,120,60.0,77.0,-9.918115008086144,247.0,1.5733647816691132,14.211709994397296,-12.638345212728186,-3121.671267543862,10.557487856699453
INJUSDT,1200,300,2.0,6.0,100.18581704330887,38.0,30.07550780978042,14.897713535133915,15.177794274646505,576.7561824365672,43.429805391505724
INJUSDT,1200,300,5.0,8.0,66.36146576191764,48.0,16.83603582255095,14.593690387524568,2.2423454350263774,107.63258088126611,38.359030091630515
INJUSDT,1200,300,20.0,21.0,17.216438178859875,85.0,7.988002844799574,14.475958384449376,-6.487955539649795,-551.4762208702326,31.646821691765386
INJUSDT,1200,300,60.0,53.0,-8.863382675261274,146.0,10.09765102551472,13.853981599349886,-3.7563305738351653,-548.4242637799341,20.346128595113033
INJUSDT,1200,600,2.0,6.0,125.51347196511249,30.0,78.7051119338809,14.982652002760538,63.722459931120355,1911.6737979336106,87.61756284542041
INJUSDT,1200,600,5.0,7.0,96.47914505470071,36.0,63.470449189811006,14.563484288745245,48.90696490106577,1760.6507364383676,79.45203110481474
INJUSDT,1200,600,20.0,19.0,35.85828311708785,63.0,46.87550161559016,14.389952469067193,32.485549146522956,2046.5895962309462,68.27241792410116
INJUSDT,1200,600,60.0,41.0,10.484762000201592,111.0,14.4626269596906,13.855097551496293,0.6075294081943013,67.43576430956745,24.137637579439737
INJUSDT,1200,1200,2.0,6.0,96.22826727529885,20.0,135.10502600908563,15.11374218049335,119.99128382859229,2399.8256765718456,105.99936342371174
INJUSDT,1200,1200,5.0,7.0,58.917346588872405,24.0,91.41267566303975,14.408465953245182,77.00420970979457,1848.1010330350696,96.51039677852658
INJUSDT,1200,1200,20.0,14.0,10.714857818747324,41.0,27.110818159636526,14.246142810820759,12.864675348815764,527.4516893014463,63.525045350051876
INJUSDT,1200,1200,60.0,33.0,-10.420444280362151,74.0,25.166023626868338,13.619251921334655,11.546771705533688,854.4611062094929,33.3529660742999
INJUSDT,1200,2400,2.0,4.0,173.48460599484065,15.0,26.391183529816214,14.50373651083718,11.887447018979014,178.31170528468522,248.074352330475
INJUSDT,1200,2400,5.0,5.0,87.81501153033967,18.0,-14.777603137452518,13.76435671115052,-28.54195984860307,-513.7552772748553,222.76537191227416
INJUSDT,1200,2400,20.0,11.0,2.304323378457167,35.0,-19.817992968207705,13.93927114978813,-33.75726411799582,-1181.5042441298535,150.77790538924035
INJUSDT,1200,2400,60.0,27.0,19.713634330539477,56.0,16.953457710118926,13.652033726914427,3.3014239832044976,184.87974305945187,48.55772878452712
INJUSDT,1200,4800,2.0,3.0,-2.5805834737680393,12.0,90.75334069536626,13.966475104794078,76.78686559057219,921.4423870868662,249.08458325353413
INJUSDT,1200,4800,5.0,4.0,31.780865484801836,14.0,-9.11238542630286,13.577618746630376,-22.690004172933236,-317.6600584210653,213.5966600620585
INJUSDT,1200,4800,20.0,8.0,27.31442322674282,25.0,48.862764254307486,14.040583330894775,34.82218092341272,870.554523085318,83.48254015713708
INJUSDT,1200,4800,60.0,23.0,101.32907764476276,37.0,-18.037084382787185,13.609747341596211,-31.646831724383386,-1170.9327738021852,75.66236245105551
INJUSDT,2400,120,2.0,3.0,35.06326028093483,63.0,-19.335702025736765,15.146573579797662,-34.482275605534426,-2172.3833631486686,48.81568891868609
INJUSDT,2400,120,5.0,5.0,13.464930378838597,67.0,-27.213753716405797,15.145162639156883,-42.35891635556267,-2838.047395822699,46.749429300809766
INJUSDT,2400,120,20.0,19.0,6.043391328528408,136.0,0.494097045332511,14.594477584450614,-14.100380539118104,-1917.6517533200622,26.999964247686314
INJUSDT,2400,120,60.0,64.0,-0.4169723858369666,219.0,7.239065212500513,14.024368146569085,-6.78530293406857,-1485.9813425610168,15.31919465993338
INJUSDT,2400,300,2.0,2.0,85.35201615710383,34.0,24.29904624791979,15.090587139885095,9.208459108034694,313.0876096731796,55.33415474721301
INJUSDT,2400,300,5.0,4.0,79.11633181093845,37.0,15.944866975237147,14.702076015779,1.2427909594581512,45.98326549995159,50.91123701943569
INJUSDT,2400,300,20.0,12.0,55.12333183815819,74.0,4.645694293235547,14.41953685196903,-9.773842558733483,-723.2643493462778,45.359454015564005
INJUSDT,2400,300,60.0,39.0,18.52901841888936,118.0,10.415421684796902,13.867631894601093,-3.4522102098041922,-407.3608047568947,24.287787335381953
INJUSDT,2400,600,2.0,2.0,111.31449292544302,24.0,103.64848403862676,15.362973309122642,88.28551072950411,2118.852257508099,161.77146368864888
INJUSDT,2400,600,5.0,4.0,110.51923167694166,25.0,26.34194150742454,14.916900320114749,11.425041187309798,285.62602968274496,65.88059806132188
INJUSDT,2400,600,20.0,9.0,77.5722987419009,49.0,-16.7982540404356,14.10190303127213,-30.900157071707735,-1514.107696513679,68.09087306244828
INJUSDT,2400,600,60.0,29.0,34.83462173592033,83.0,14.174631432246178,13.771236688620652,0.403394743625528,33.48176372091883,34.676552784408706
INJUSDT,2400,1200,2.0,2.0,100.82900249695845,18.0,154.73153350240656,15.553400141447772,139.17813336095878,2505.206400497258,195.24696814421787
INJUSDT,2400,1200,5.0,4.0,163.17228934409493,18.0,87.73985849520611,15.594413775487084,72.14544471971902,1298.6180049549425,67.8697039004438
INJUSDT,2400,1200,20.0,8.0,72.65518597828284,35.0,18.123343277187075,14.195883960914415,3.9274593162726563,137.46107606954297,72.45953617378645
INJUSDT,2400,1200,60.0,22.0,19.19289031673699,61.0,27.55314009537237,13.532313336555145,14.020826758817224,855.2704322878507,39.193653417641286
INJUSDT,2400,2400,2.0,1.0,-21.29120409906279,12.0,-208.5673780752771,15.768707660890206,-224.3360857361674,-2692.0330288340087,394.8978329532863
INJUSDT,2400,2400,5.0,3.0,156.80181395154122,12.0,-105.12653722920606,14.831631942523293,-119.95816917172932,-1439.498030060752,215.01240248446334
INJUSDT,2400,2400,20.0,6.0,228.48139562460855,23.0,37.24659612823199,14.207291237717648,23.039304890514344,529.9040124818299,98.69238199199
INJUSDT,2400,2400,60.0,18.0,68.4568427729302,40.0,18.857013546937807,13.56654817612976,5.290465370808045,211.61861483232178,69.42673856422228
INJUSDT,2400,4800,2.0,1.0,-329.81383432963383,9.0,-67.0130485293214,16.078450192395962,-83.09149872171737,-747.8234884954563,290.2683276001708
INJUSDT,2400,4800,5.0,2.0,82.73949405699292,9.0,-67.22169484249576,15.1716229813355,-82.39331782383128,-741.5398604144815,263.0026584742336
INJUSDT,2400,4800,20.0,4.0,286.8302368581852,16.0,72.52770410300126,14.328409425802732,58.19929467719854,931.1887148351766,92.73686299717838
INJUSDT,2400,4800,60.0,15.0,140.24253050288735,32.0,43.5647873518534,13.635937800402665,29.928849551450735,957.7231856464235,58.42763654133327
LINKUSDT,120,120,2.0,8.0,-2.830603364692262,76.0,-13.604488183248051,13.222397028109707,-26.826885211357755,-2038.8432760631895,26.16107096833339
LINKUSDT,120,120,5.0,21.0,-16.36180543670352,113.0,-12.343265613562599,13.07855534519317,-25.421820958755767,-2872.6657683394014,17.90406579113724
LINKUSDT,120,120,20.0,69.0,-17.15627563576288,243.0,-4.339831802404206,12.872303361139133,-17.212135163543337,-4182.548844741031,6.461425654474112
LINKUSDT,120,120,60.0,160.0,-11.314505650882376,494.0,-0.5785470969300437,12.726056826248495,-13.304603923178538,-6572.474338050198,4.266375248730216
LINKUSDT,120,300,2.0,8.0,29.282011953963597,48.0,9.993594210828102,13.032817364578685,-3.039223153750582,-145.88271138002793,26.589431523097492
LINKUSDT,120,300,5.0,19.0,7.480203494669999,72.0,-13.932391372945132,12.80080909135372,-26.733200464298854,-1924.7904334295174,25.829899785740455
LINKUSDT,120,300,20.0,53.0,-4.993658728923194,160.0,-3.347381730022144,12.773274886267263,-16.120656616289406,-2579.305058606305,14.600482246012485
LINKUSDT,120,300,60.0,118.0,-16.454474297544824,312.0,-3.875990575968805,12.624654416237622,-16.500644992206425,-5148.201237568404,7.551413001376115
LINKUSDT,120,600,2.0,8.0,55.42375455491733,37.0,2.1115311997049653,12.828916285803192,-10.717385086098234,-396.5432481856347,48.95182890335951
LINKUSDT,120,600,5.0,18.0,14.486547639819978,53.0,6.183806447542668,12.746068765289403,-6.562262317746734,-347.7999028405769,29.987807797511124
LINKUSDT,120,600,20.0,45.0,-1.2503392095810077,113.0,3.2829720735091947,12.695621193076372,-9.412649119567174,-1063.6293505110907,19.651260995175207
LINKUSDT,120,600,60.0,93.0,-3.768660078959236,218.0,-9.648854024226106,12.613915874033276,-22.262769898259382,-4853.283837820545,11.673103829317933
LINKUSDT,120,1200,2.0,8.0,59.02934244100727,27.0,-26.994741109685332,12.906736927571338,-39.90147803725667,-1077.3399070059302,51.44941541902562
LINKUSDT,120,1200,5.0,16.0,-3.3308939638849493,40.0,-39.7415042908529,12.78034295454605,-52.52184724539895,-2100.873889815958,60.80272783063784
LINKUSDT,120,1200,20.0,36.0,-7.925364101688779,77.0,33.37921270699793,12.886614091680128,20.492598615317807,1577.9300933794711,26.547874565432785
LINKUSDT,120,1200,60.0,77.0,3.592783622523296,150.0,3.535111273489994,12.662577817276857,-9.127466543786866,-1369.11998156803,13.458365496866316
LINKUSDT,120,2400,2.0,6.0,61.37877236744012,21.0,-34.61449669048081,12.843638754051137,-47.45813544453197,-996.6208443351713,113.05953655910342
LINKUSDT,120,2400,5.0,13.0,-25.760313119041484,31.0,6.414117221226278,12.738100880112254,-6.323983658885983,-196.04349342546547,47.91795068374729
LINKUSDT,120,2400,20.0,32.0,-18.95614573304843,59.0,45.405434511105945,12.710156656558782,32.69527785454717,1929.021393418283,38.567539671851726
LINKUSDT,120,2400,60.0,60.0,3.236833842105828,99.0,-5.178540627213586,12.605409745548636,-17.783950372762224,-1760.61108690346,27.040646409984824
LINKUSDT,120,4800,2.0,6.0,61.771786777083435,18.0,-58.732729408220266,12.8678635807997,-71.60059298901999,-1288.8106738023598,124.7035351472125
LINKUSDT,120,4800,5.0,12.0,-4.202780456803441,26.0,-29.58178682153137,12.75879721945407,-42.340584040985426,-1100.855185065621,90.88727192738482
LINKUSDT,120,4800,20.0,26.0,-17.778083190721944,43.0,68.12836814861026,12.75357374737536,55.37479440123491,2381.116159253101,54.90845745231593
LINKUSDT,120,4800,60.0,51.0,15.250583602091323,63.0,-1.6685622403521192,12.5923089885882,-14.260871228940319,-898.4348874232401,45.187018172103954
LINKUSDT,300,120,2.0,5.0,-9.738155238667101,54.0,-10.239076875784724,13.139458602430917,-23.37853547821564,-1262.4409158236444,37.7098367617313
LINKUSDT,300,120,5.0,12.0,-4.8106689289197,85.0,-1.971878589587852,13.211994321774961,-15.183872911362815,-1290.6291974658393,25.58322847504634
LINKUSDT,300,120,20.0,49.0,-2.3170918719612903,197.0,-6.521503819556986,12.856697158091626,-19.37820097764861,-3817.5055925967763,9.741360938970796
LINKUSDT,300,120,60.0,115.0,-7.38784142909344,323.0,-5.243346243378322,12.781794461937386,-18.025140705315707,-5822.120447816973,6.28040348210008
LINKUSDT,300,300,2.0,4.0,43.7069495292615,32.0,-19.028160394413163,13.108443081921754,-32.13660347633492,-1028.3713112427174,47.37903309759956
LINKUSDT,300,300,5.0,10.0,22.245045048116523,54.0,14.913078845400191,13.001376036111768,1.9117028092884183,103.23195170157459,26.648769151986308
LINKUSDT,300,300,20.0,39.0,8.052888408894406,131.0,-4.222929900857809,12.897116495261553,-17.120046396119367,-2242.726077891637,11.670697112119413
LINKUSDT,300,300,60.0,83.0,-3.5178175027387915,209.0,-5.325840484285726,12.716235902979996,-18.04207638726572,-3770.7939649385357,9.276337884890722
LINKUSDT,300,600,2.0,4.0,87.45077742486744,25.0,28.62413155356558,13.010516366595322,15.613615186970257,390.34037967425644,62.67302263176615
LINKUSDT,300,600,5.0,10.0,32.90667129498392,39.0,38.254127542049766,12.856746763000453,25.397380779049307,990.4978503829229,45.89844037189668
LINKUSDT,300,600,20.0,35.0,20.140506220018047,90.0,-3.120377714495829,12.732596883193658,-15.852974597689492,-1426.7677137920543,23.26636386250346
LINKUSDT,300,600,60.0,65.0,-0.827613096162148,146.0,16.972963541598975,12.74756658033864,4.225396961260335,616.907956344009,15.713913695830994
LINKUSDT,300,1200,2.0,4.0,88.04300273229052,18.0,23.71150133391792,12.970184107645588,10.74131722627234,193.34371007290213,80.32963081532507
LINKUSDT,300,1200,5.0,10.0,30.49375045384216,28.0,-18.96880648515236,12.89118981938548,-31.859996304537837,-892.0798965270594,82.26818477063756
LINKUSDT,300,1200,20.0,28.0,11.80662717030816,64.0,11.053534443181102,12.632521285344353,-1.5789868421632516,-101.0551578984481,39.63152277119884
LINKUSDT,300,1200,60.0,52.0,-4.552664321094195,103.0,29.913786398458374,12.738541250445962,17.175245148012408,1769.050250245278,29.66809843744068
LINKUSDT,300,2400,2.0,2.0,60.79794218883911,15.0,-17.216070696886913,12.981315211442723,-30.197385908329633,-452.9607886249445,169.03591889765897
LINKUSDT,300,2400,5.0,8.0,8.057526382705305,22.0,62.3675871886539,12.776607383985981,49.590979804667924,1091.0015557026943,81.46103967718231
LINKUSDT,300,2400,20.0,25.0,24.658171577740617,52.0,26.149350013751665,12.63405845077553,13.515291562976138,702.7951612747592,39.8647196271862
LINKUSDT,300,2400,60.0,43.0,-4.060608511257243,74.0,17.078182010364376,12.650722935522241,4.427459074842134,327.63197153831794,34.25394995831707
LINKUSDT,300,4800,2.0,2.0,-7.136792522209609,12.0,-50.794904496433524,13.094737998996957,-63.889642495430486,-766.6757099451659,173.45654305602008
LINKUSDT,300,4800,5.0,8.0,48.18009715360662,18.0,-16.317159045894247,12.751760455581218,-29.06891950147546,-523.2405510265583,126.03885482814032
LINKUSDT,300,4800,20.0,22.0,32.29992379496948,37.0,23.990604255758385,12.628602712770544,11.362001542987837,420.39405709055,59.81232859731879
LINKUSDT,300,4800,60.0,34.0,20.121587129486475,48.0,11.181299657679498,12.633592340890912,-1.452292683211417,-69.71004879414801,42.30634497340758
LINKUSDT,600,120,2.0,5.0,27.562423404403326,54.0,6.3993274763464285,13.311418161720027,-6.912090685373595,-373.25289701017414,27.024137750728862
LINKUSDT,600,120,5.0,10.0,-5.875076358132079,71.0,9.149541862259449,13.2265554325961,-4.0770135703366535,-289.4679634939024,19.911184998488974
LINKUSDT,600,120,20.0,28.0,-11.831162617091199,138.0,-1.9959611541990694,13.043914206693328,-15.039875360892399,-2075.502799803151,10.84935641750043
LINKUSDT,600,120,60.0,84.0,-4.264964012565808,283.0,-0.050934283966475785,12.852770455121393,-12.903704739087866,-3651.748441161866,5.921915934234403
LINKUSDT,600,300,2.0,5.0,76.76143037548391,35.0,19.300323165511585,13.029005864542407,6.271317300969184,219.49610553392142,62.79922818149926
LINKUSDT,600,300,5.0,9.0,24.08611174527944,46.0,12.73204065926625,13.248007362385097,-0.5159667031188401,-23.734468343466645,27.490152953366277
LINKUSDT,600,300,20.0,24.0,-0.33414416311065737,91.0,-2.572431467234543,12.90553306198293,-15.47796452921747,-1408.4947721587898,16.11168698442265
LINKUSDT,600,300,60.0,61.0,-4.456301719959061,178.0,-0.05029656401618186,12.806014875903214,-12.856311439919397,-2288.4234363056526,11.151457656905166
LINKUSDT,600,600,2.0,5.0,74.4362345291957,21.0,9.49668104556238,13.158286859543585,-3.6616058139811996,-76.89372209360519,83.147939252941
LINKUSDT,600,600,5.0,8.0,27.594708378277875,32.0,22.93338895399868,13.04635780879315,9.887031145205532,316.384996646577,55.36578462076124
LINKUSDT,600,600,20.0,21.0,3.6248676637895136,60.0,6.989864194829721,13.046183441015293,-6.056319246185569,-363.37915477113415,35.94349130655975
LINKUSDT,600,600,60.0,48.0,0.053647868215756254,127.0,14.224835785490594,12.79133399367393,1.4335017918166657,182.05472756071654,12.990298407893778
LINKUSDT,600,1200,2.0,5.0,64.40861368335364,15.0,-15.2054732191742,13.160124688905995,-28.365597908080204,-425.4839686212031,143.41911760328998
LINKUSDT,600,1200,5.0,7.0,9.94602763514021,23.0,-10.597114541935182,13.180230550540136,-23.777345092475315,-546.8789371269322,110.55477105954783
LINKUSDT,600,1200,20.0,17.0,-2.774388551431447,43.0,-12.46240028524625,12.877630311664916,-25.340030596911166,-1089.6213156671802,52.95144899662981
LINKUSDT,600,1200,60.0,40.0,-8.426618287528564,93.0,15.321194695604396,12.682022803775153,2.639171891829244,245.44298594011968,31.960366389421704
LINKUSDT,600,2400,2.0,4.0,71.10802083490556,12.0,-51.63369544022179,13.093260747092904,-64.72695618731471,-776.7234742477765,156.32445148217317
LINKUSDT,600,2400,5.0,7.0,0.584131273367302,18.0,25.19297119929839,13.218560962366915,11.97441023693147,215.53938426476648,81.03383620600889
LINKUSDT,600,2400,20.0,15.0,-28.452206382244388,36.0,24.63052954061968,12.8790096893436,11.751519851276075,423.0547146459387,50.11286496132032
LINKUSDT,600,2400,60.0,33.0,-13.463648370095129,68.0,15.911341555301206,12.876986848615166,3.0343547066860386,206.33612005465062,36.134900519281665
LINKUSDT,600,4800,2.0,4.0,83.16160271669546,10.0,-24.583042201230523,13.206585373935335,-37.78962757516586,-377.8962757516586,200.7429311535598
LINKUSDT,600,4800,5.0,6.0,22.959918069887948,14.0,-38.35158345083006,13.41616650694627,-51.767749957776346,-724.7484994088688,154.1711806551661
LINKUSDT,600,4800,20.0,13.0,-10.697836463155353,27.0,-0.14196686757317187,12.847986096511905,-12.989952964085075,-350.728730030297,88.84836170766683
LINKUSDT,600,4800,60.0,27.0,27.128019732422526,47.0,1.5038141305213935,12.611445718219846,-11.107631587698458,-522.0586846218275,57.09814111529637
LINKUSDT,1200,120,2.0,5.0,17.970910870200605,61.0,-8.919214816205603,13.302265526033672,-22.22148034223928,-1355.510300876596,40.95976824144772
LINKUSDT,1200,120,5.0,11.0,0.9371153969619985,83.0,-3.399121986612758,13.355646659164732,-16.754768645777485,-1390.6457975995313,26.13358734075424
LINKUSDT,1200,120,20.0,26.0,-8.796586048078211,141.0,-3.6843926901100215,12.899026013621757,-16.58341870373178,-2338.262037226181,17.648116657632368
LINKUSDT,1200,120,60.0,76.0,-10.15503401895289,239.0,-2.795012299780007,12.821865468531605,-15.616877768311614,-3732.433786626476,6.089425927072598
LINKUSDT,1200,300,2.0,5.0,74.15551421474893,37.0,24.610989968210752,13.751837612498724,10.859152355712027,401.788637161345,32.58267346806689
LINKUSDT,1200,300,5.0,8.0,35.24306337738098,48.0,7.063073653221669,13.350135662020028,-6.287062008798357,-301.77897642232114,24.451970575838498
LINKUSDT,1200,300,20.0,20.0,4.3594301457144935,82.0,3.1921962692414327,12.911012006513257,-9.718815737271823,-796.9428904562895,21.4796442427219
LINKUSDT,1200,300,60.0,54.0,-11.174987782654634,144.0,3.5128667054957194,12.779136955637368,-9.266270250141652,-1334.3429160203978,10.54857529599409
LINKUSDT,1200,600,2.0,5.0,105.88760564899698,29.0,31.17470117788934,13.580033461466414,17.59466771642292,510.24536377626464,51.40063739820655
LINKUSDT,1200,600,5.0,7.0,57.06690652703123,36.0,19.646460321782317,13.50953337034344,6.136926951438874,220.92937025179947,50.00655039825994
LINKUSDT,1200,600,20.0,17.0,14.312693441221352,59.0,19.50506641252875,13.098835467816622,6.406230944712129,377.9676257380156,39.65668109641261
LINKUSDT,1200,600,60.0,42.0,1.1365622149631587,110.0,0.5485819629914593,12.702290269082335,-12.153708306090877,-1336.9079136699966,19.56551205596465
LINKUSDT,1200,1200,2.0,5.0,79.91333027123224,19.0,64.96333185171369,13.804169344188683,51.15916250752501,972.0240876429752,75.56246189267058
LINKUSDT,1200,1200,5.0,7.0,30.398795566407024,24.0,31.043292130330798,13.989198150121842,17.054093980208958,409.29825552501495,64.9163412806783
LINKUSDT,1200,1200,20.0,13.0,-4.148073102329322,39.0,11.063868979160413,12.835326726478833,-1.7714577473184216,-69.08685214541845,47.63335845732679
LINKUSDT,1200,1200,60.0,34.0,-6.511595246658537,75.0,4.054938540477469,12.803688499724831,-8.74874995924736,-656.1562469435521,25.14086809064995
LINKUSDT,1200,2400,2.0,3.0,53.37773044797357,15.0,-0.5103683981949303,13.902052692219236,-14.412421090414162,-216.18631635621242,171.08832658373234
LINKUSDT,1200,2400,5.0,5.0,-12.596882750627433,18.0,-56.69801960165075,13.745420700360263,-70.44344030201101,-1267.9819254361983,156.88261433321003
LINKUSDT,1200,2400,20.0,11.0,-41.37020706252373,32.0,-36.84086320775533,12.773149029692284,-49.614012237447625,-1587.648391598324,105.90689159241805
LINKUSDT,1200,2400,60.0,28.0,-14.479914183572067,56.0,4.203677081368915,12.784197445838142,-8.58052036446923,-480.50914041027687,27.877368568258056
LINKUSDT,1200,4800,2.0,3.0,-11.933238759695273,12.0,15.998544623249868,13.774181824846899,2.224362798402969,26.692353580835626,188.56496047503452
LINKUSDT,1200,4800,5.0,4.0,-24.381325723049006,14.0,-61.990386079486576,13.615053742258405,-75.60543982174501,-1058.4761575044301,155.86314649009037
LINKUSDT,1200,4800,20.0,8.0,-0.30599577379802767,23.0,33.51096749840379,12.7910065038015,20.71996099460229,476.55910287585266,83.49789586487712
LINKUSDT,1200,4800,60.0,24.0,44.305321568760995,36.0,4.357562262883458,12.72980172061272,-8.372239457729258,-301.4006204782533,52.317300574925696
LINKUSDT,2400,120,2.0,3.0,12.75979588418552,62.0,-4.128534784848626,13.324494779662743,-17.45302956451137,-1082.0878329997051,27.962181955065663
LINKUSDT,2400,120,5.0,5.0,-7.611720930402745,70.0,-9.086074474593847,13.309905477811222,-22.395979952405067,-1567.7185966683546,27.06480027137063
LINKUSDT,2400,120,20.0,18.0,-12.565542713575404,135.0,-6.0906213721041835,12.87894683834367,-18.969568210447857,-2560.8917084104605,19.714463569741145
LINKUSDT,2400,120,60.0,65.0,-6.193078717871441,221.0,2.2302487944395524,12.843097185977761,-10.612848391538211,-2345.4394945299446,11.075307612012852
LINKUSDT,2400,300,2.0,2.0,60.88111456713657,33.0,4.924934523281107,13.433944302103901,-8.509009778822792,-280.79732270115215,34.685597745999054
LINKUSDT,2400,300,5.0,4.0,45.08249121081697,38.0,-1.4210078205912375,13.526180948848923,-14.947188769440162,-567.9931732387262,29.52725075843875
LINKUSDT,2400,300,20.0,11.0,12.586239555687103,74.0,-8.220302574388878,12.872789147668165,-21.093091722057043,-1560.888787432221,29.665409063703166
LINKUSDT,2400,300,60.0,41.0,5.460094661532788,123.0,4.788230723811695,12.93797897539194,-8.149748251580245,-1002.4190349443702,13.624828979865585
LINKUSDT,2400,600,2.0,2.0,91.63542140877485,23.0,31.3975832003669,13.75518575971129,17.64239744065561,405.775141135079,77.23433267897566
LINKUSDT,2400,600,5.0,4.0,62.580224834118184,26.0,-5.348128170123848,13.641615377470684,-18.989743547594536,-493.73333223745794,37.209682775778255
LINKUSDT,2400,600,20.0,8.0,24.525347744729444,49.0,-25.37070015247282,12.767887076347794,-38.13858722882062,-1868.7907742122104,42.44678556843489
LINKUSDT,2400,600,60.0,30.0,19.54763771886627,87.0,3.733557652072072,12.770031113324327,-9.036473461252255,-786.1731911289462,22.288092729198077
LINKUSDT,2400,1200,2.0,2.0,86.30805788957514,18.0,60.06994854266189,14.007555493251369,46.06239304941053,829.1230748893895,96.99081913195937
LINKUSDT,2400,1200,5.0,4.0,70.5365110309617,18.0,26.147294085631163,14.273322272395335,11.873971813235821,213.7314926382448,46.76542188804337
LINKUSDT,2400,1200,20.0,8.0,23.36625808011536,35.0,-7.358561965035439,12.811434685020574,-20.16999665005601,-705.9498827519603,49.25058482052865
LINKUSDT,2400,1200,60.0,22.0,6.9087279044088685,63.0,34.39033048135452,12.78556500239094,21.60476547896358,1361.1002251747054,32.97418255222291
LINKUSDT,2400,2400,2.0,1.0,41.29342889396242,12.0,-163.08765574785278,13.16244727754136,-176.2501030253941,-2115.0012363047294,233.85001354107249
LINKUSDT,2400,2400,5.0,3.0,67.77335791753116,12.0,-129.81946632651469,13.719164043967025,-143.53863037048174,-1722.4635644457808,142.64093898208162
LINKUSDT,2400,2400,20.0,6.0,104.55839999049813,23.0,-24.02665419780586,12.969550626483503,-36.99620482428937,-850.9127109586556,85.72836800178386
LINKUSDT,2400,2400,60.0,18.0,22.09313821855515,43.0,-5.561537705938817,12.766028105438442,-18.327565811377262,-788.0853298892223,52.67903552995886
LINKUSDT,2400,4800,2.0,1.0,-59.78031556010639,9.0,-95.19724883757284,13.251045113915911,-108.44829395148872,-976.0346455633985,191.6580405279992
LINKUSDT,2400,4800,5.0,2.0,53.32704602673687,9.0,-113.85357089604629,13.933395774722321,-127.7869666707686,-1150.0827000369175,167.5365332436836
LINKUSDT,2400,4800,20.0,4.0,127.23568045399215,16.0,15.192518045198526,13.105043333426295,2.087474711772229,33.399595388355664,104.61466895143613
LINKUSDT,2400,4800,60.0,16.0,52.31799763453141,35.0,29.660447320212544,12.692072482435366,16.968374837777173,593.8931193222011,50.06553972639135
LTCUSDT,120,120,2.0,8.0,-29.793403794329038,71.0,-11.197454260047357,13.776374775311103,-24.973829035358463,-1773.1418615104508,23.018028771936027
LTCUSDT,120,120,5.0,21.0,-19.274836368395928,112.0,-3.4135977482094986,13.484560061016131,-16.89815780922563,-1892.5936746332704,16.10216118188271
LTCUSDT,120,120,20.0,68.0,-17.63541450053552,233.0,-2.176344489157624,13.423582030662025,-15.599926519819649,-3634.782879117978,6.610021751452788
LTCUSDT,120,120,60.0,159.0,-12.426632751276415,492.0,0.9885117345322183,13.2596546395867,-12.27114290505448,-6037.402309286805,4.127640773271748
LTCUSDT,120,300,2.0,8.0,4.003047415666547,45.0,3.384954249396416,13.530009238400302,-10.145054989003883,-456.5274745051747,26.419326972072454
LTCUSDT,120,300,5.0,19.0,2.764880562956881,72.0,-10.349502385460491,13.283172557556314,-23.632674943016802,-1701.5525958972098,23.36683930464371
LTCUSDT,120,300,20.0,53.0,-9.555424272480177,151.0,-2.5001216705319975,13.286463632266834,-15.786585302798837,-2383.7743807226243,13.943507670831158
LTCUSDT,120,300,60.0,118.0,-16.56009941084328,311.0,1.835418998643034,13.241201474502368,-11.405782475859334,-3547.198349992253,7.432256075900379
LTCUSDT,120,600,2.0,8.0,19.94791978325134,35.0,-2.929665410426181,13.671663057818456,-16.601328468244628,-581.046496388562,49.535385827812696
LTCUSDT,120,600,5.0,18.0,6.782314085572755,53.0,6.281052100719748,13.440841077849658,-7.159788977129914,-379.46881578788543,29.40837547640031
LTCUSDT,120,600,20.0,45.0,-11.270040080137097,106.0,6.078917375430549,13.259173801192262,-7.18025642576171,-761.1071811307413,19.62296399512234
LTCUSDT,120,600,60.0,92.0,-9.470598954250493,216.0,-4.0510107491734635,13.195112171060167,-17.246122920233628,-3725.162550770464,10.594340558341296
LTCUSDT,120,1200,2.0,8.0,22.267415735386187,25.0,-21.77335672365319,13.795502281384342,-35.56885900503753,-889.2214751259382,48.92700683665723
LTCUSDT,120,1200,5.0,16.0,-2.6348373083483887,40.0,-33.24627378882438,13.34783799238356,-46.59411178120794,-1863.7644712483177,50.92031482752871
LTCUSDT,120,1200,20.0,36.0,-9.24199026458629,74.0,36.17754744124627,13.39898639002456,22.77856105122171,1685.6135177904066,28.494385058576444
LTCUSDT,120,1200,60.0,76.0,-3.9306299126861304,149.0,7.916656928780701,13.196910660344471,-5.280253731563771,-786.757806003002,13.993380947423997
LTCUSDT,120,2400,2.0,6.0,28.440738453699925,20.0,-35.349901122988925,13.674379922334515,-49.024281045323434,-980.4856209064687,108.15267541996074
LTCUSDT,120,2400,5.0,13.0,-8.857802996888255,31.0,-2.0668803535852605,13.387614820832162,-15.454495174417412,-479.0893504069398,47.60638067823141
LTCUSDT,120,2400,20.0,32.0,-12.028533786406582,58.0,39.01303330097209,13.228237473407697,25.784795827564402,1495.5181579987352,31.95552918736159
LTCUSDT,120,2400,60.0,59.0,-2.841171254715365,96.0,0.7441790982893135,13.226944626572928,-12.482765528283617,-1198.3454907152272,23.20801444793822
LTCUSDT,120,4800,2.0,6.0,19.6750099248558,17.0,-57.42354735467319,13.68507366634875,-71.10862102102195,-1208.846557357373,122.7523685333528
LTCUSDT,120,4800,5.0,12.0,-10.510996603051185,26.0,-31.0012115415017,13.316494607041202,-44.31770614854289,-1152.2603598621151,91.5275809073884
LTCUSDT,120,4800,20.0,26.0,-9.846009078332322,42.0,62.059955745664,13.241527075180247,48.818428670483755,2050.374004160318,54.7814489370594
LTCUSDT,120,4800,60.0,49.0,-3.6795932670196287,61.0,-12.545952906208989,13.188099203032632,-25.734052109241617,-1569.7771786637386,48.54612730559644
LTCUSDT,300,120,2.0,5.0,-37.54450178850384,52.0,-10.182328207215262,13.821655326842865,-24.00398353405813,-1248.2071437710226,40.48412071473902
LTCUSDT,300,120,5.0,12.0,-13.053798606315134,84.0,-2.909225569121677,13.618147587298992,-16.52737315642067,-1388.299345139336,25.352226666120863
LTCUSDT,300,120,20.0,48.0,-8.167147831374004,191.0,-4.936211556421478,13.371807463910487,-18.308019020331965,-3496.8316328834053,10.273133799854998
LTCUSDT,300,120,60.0,110.0,-12.62439600103952,317.0,-3.500391987790751,13.327099374868133,-16.827491362658886,-5334.314761962867,6.793261023737326
LTCUSDT,300,300,2.0,4.0,6.477145527238196,31.0,-16.592757463661084,13.454248338664739,-30.04700580232583,-931.4571798721007,38.981018040528745
LTCUSDT,300,300,5.0,10.0,11.130366963584452,53.0,8.821778078337472,13.632081954912055,-4.81030387657458,-254.94610545845273,27.53231223253354
LTCUSDT,300,300,20.0,38.0,3.2614750221941833,125.0,-2.7859877325461375,13.295337239362336,-16.081324971908476,-2010.1656214885593,11.789457847005407
LTCUSDT,300,300,60.0,79.0,-11.437927645362867,206.0,-5.866196714433509,13.246810159420875,-19.11300687385438,-3937.279416014003,9.113425580524787
LTCUSDT,300,600,2.0,4.0,26.643182263891983,24.0,28.69227092342122,13.684393154043283,15.007877769377936,360.1890664650705,55.70956949837438
LTCUSDT,300,600,5.0,10.0,15.354721012634759,39.0,39.70362464685034,13.609579615015846,26.094045031834487,1017.667756241545,39.9392008866614
LTCUSDT,300,600,20.0,34.0,7.451588992830146,85.0,-2.783588700922823,13.36903960487189,-16.152628305794714,-1372.9734059925506,23.72881566004791
LTCUSDT,300,600,60.0,63.0,-12.870550494135426,144.0,20.774406988809865,13.229214285184788,7.545192703625073,1086.5077493220106,16.753996611320222
LTCUSDT,300,1200,2.0,4.0,22.8456810703244,17.0,26.233404861197847,13.80753780785252,12.42586705334533,211.23973990687062,69.05144834792098
LTCUSDT,300,1200,5.0,10.0,20.078087378670965,28.0,2.11419961066284,13.481250669486325,-11.367051058823469,-318.27742964705715,61.38740758763435
LTCUSDT,300,1200,20.0,27.0,8.08330461613523,61.0,6.8404169344890455,13.295990703396884,-6.455573768907835,-393.789999903378,38.04187698111115
LTCUSDT,300,1200,60.0,51.0,-5.163921064767083,102.0,33.5956275627555,13.22697720248074,20.36865036027477,2077.6023367480266,30.28445321001891
LTCUSDT,300,2400,2.0,2.0,-6.982668790169985,14.0,-19.870589869076124,13.638248635757218,-33.50883850483334,-469.12373906766675,156.89362493363814
LTCUSDT,300,2400,5.0,8.0,11.090268635026016,22.0,49.55526690894294,13.4918778469531,36.06338906198983,793.3945593637764,64.71229542087708
LTCUSDT,300,2400,20.0,24.0,18.720643249034385,49.0,5.639269094752834,13.219692349480518,-7.580423254727685,-371.4407394816566,33.393526953939464
LTCUSDT,300,2400,60.0,42.0,-6.262980535196577,74.0,19.71826589208798,13.259524576584843,6.458741315503138,477.94685734723225,26.49674253986156
LTCUSDT,300,4800,2.0,2.0,-93.59575054991323,12.0,-35.281104686728604,13.601526416830252,-48.88263110355886,-586.5915732427063,150.09264696474514
LTCUSDT,300,4800,5.0,8.0,27.602590543769203,18.0,11.023554585370785,13.556678040375186,-2.5331234550044095,-45.596222190079374,119.87507339884688
LTCUSDT,300,4800,20.0,21.0,15.963247368691063,34.0,21.008905249563,13.259887126215167,7.74901812334783,263.4666161938262,61.70300952528072
LTCUSDT,300,4800,60.0,34.0,8.754668306333997,48.0,0.8295429562377876,13.225097030779798,-12.39555407454201,-594.9865955780165,41.22404261897387
LTCUSDT,600,120,2.0,5.0,0.05482499299305381,54.0,12.645848811859567,13.92596493594359,-1.2801161240840235,-69.12627070053728,28.602705232767292
LTCUSDT,600,120,5.0,10.0,-18.95569990206574,68.0,10.00238114563228,13.444469405881707,-3.442088260249424,-234.06200169696083,25.973031618421004
LTCUSDT,600,120,20.0,29.0,-21.622477954948,136.0,-1.1131456724319222,13.484987925010277,-14.598133597442201,-1985.3461692521394,10.939515030355047
LTCUSDT,600,120,60.0,84.0,-11.244956275680476,276.0,-0.3736802018463795,13.336650339281475,-13.710330541127853,-3784.0512293512875,5.59891057675003
LTCUSDT,600,300,2.0,5.0,41.345435990128216,35.0,33.48593548726774,13.753633490590438,19.73230199667729,690.6305698837051,67.26322467706774
LTCUSDT,600,300,5.0,9.0,5.975757248016941,44.0,11.780608572151333,13.469159409369242,-1.6885508372179077,-74.29623683758794,28.317816609742355
LTCUSDT,600,300,20.0,24.0,-10.070848534964767,90.0,-1.996892739641271,13.361860784435132,-15.358753524076404,-1382.2878171668763,16.32773578046289
LTCUSDT,600,300,60.0,61.0,-7.803050299103029,175.0,1.803494212018712,13.28496589061944,-11.481471678600727,-2009.2575437551272,11.84548016824923
LTCUSDT,600,600,2.0,5.0,38.7887921405459,21.0,26.132688249317365,14.10753981030373,12.025148439013627,252.52811721928617,86.00595973181375
LTCUSDT,600,600,5.0,8.0,5.986364949075564,30.0,5.355556885721201,13.503701214083813,-8.14814432836261,-244.4443298508783,50.59973410775362
LTCUSDT,600,600,20.0,21.0,-5.89839215803593,59.0,8.573248128769329,13.371658409338396,-4.798410280569068,-283.106206553575,32.68128194331483
LTCUSDT,600,600,60.0,48.0,-6.810583063446842,125.0,19.940674988260835,13.31135706213808,6.629317926122756,828.6647407653445,12.940766005838727
LTCUSDT,600,1200,2.0,5.0,25.554162871210178,15.0,2.185008608324087,14.104895555812634,-11.91988694748854,-178.79830421232808,160.76436903920288
LTCUSDT,600,1200,5.0,7.0,-2.457998651929888,21.0,-8.472456045168506,13.302538593984908,-21.77499463915342,-457.2748874222218,85.21853552699194
LTCUSDT,600,1200,20.0,16.0,0.24073228677603264,42.0,-5.219660282229195,13.229007862750896,-18.44866814498009,-774.8440620891638,45.18982302899779
LTCUSDT,600,1200,60.0,41.0,-2.409065266574854,92.0,19.749796359819833,13.241470748877854,6.50832561094198,598.7659562066622,28.415155181861447
LTCUSDT,600,2400,2.0,4.0,44.59378007597488,12.0,-14.680988726711226,14.215172342888328,-28.896161069599554,-346.75393283519463,148.05391093294142
LTCUSDT,600,2400,5.0,7.0,9.00497278687463,16.0,-4.553298493312898,13.331355776021955,-17.88465426933486,-286.15446830935775,86.74354541686878
LTCUSDT,600,2400,20.0,15.0,-2.567895134463059,36.0,20.12243796586337,13.230786776205228,6.891651189658137,248.0994428276929,47.77165667566796
LTCUSDT,600,2400,60.0,33.0,3.3248933424140534,67.0,19.798540861353686,13.240928585723085,6.557612275630606,439.3600224672506,28.302921356256142
LTCUSDT,600,4800,2.0,4.0,34.950549734780694,10.0,17.988559048403804,14.297706937289075,3.6908521111147166,36.90852111114717,184.5898563215702
LTCUSDT,600,4800,5.0,6.0,1.7103575764736902,13.0,-55.30787302687096,13.35737808362502,-68.66525111049597,-892.6482644364477,145.88446421055508
LTCUSDT,600,4800,20.0,12.0,-11.80269674151478,27.0,5.763009238519199,13.45250958323518,-7.689500344715986,-207.61650930733163,89.40537282772273
LTCUSDT,600,4800,60.0,27.0,23.381764620079753,46.0,1.0295523520407734,13.217791787871706,-12.188239435830932,-560.6590140482228,58.27457083574764
LTCUSDT,1200,120,2.0,6.0,-6.742038794939194,61.0,-3.0227232913589845,13.653342461219136,-16.67606575257812,-1017.2400109072653,37.008321431373766
LTCUSDT,1200,120,5.0,12.0,-7.983015920968039,80.0,0.07891219854690164,13.629534067336934,-13.550621868790035,-1084.0497495032027,22.136173747299793
LTCUSDT,1200,120,20.0,26.0,-16.6763806650153,139.0,0.9758353450068716,13.303100089157269,-12.327264744150394,-1713.4897994369048,14.53894447911716
LTCUSDT,1200,120,60.0,76.0,-11.028631610469192,239.0,-1.492988554123023,13.342940586179758,-14.835929140302781,-3545.7870645323646,6.1733186299984615
LTCUSDT,1200,300,2.0,6.0,28.525704951200783,37.0,21.40451654949156,13.583862362653564,7.820654186837994,289.3642049130058,27.301687749789064
LTCUSDT,1200,300,5.0,9.0,19.87858778212115,45.0,5.3309720117129045,13.593239118327155,-8.262267106614253,-371.8020197976414,24.29082960299377
LTCUSDT,1200,300,20.0,20.0,-0.2831304513725037,80.0,3.3822949259171993,13.275262095522939,-9.892967169605743,-791.4373735684594,19.298050624401892
LTCUSDT,1200,300,60.0,54.0,-9.960845646123337,145.0,9.738579172240764,13.257193996764254,-3.518614824523489,-510.1991495559059,11.087410509125228
LTCUSDT,1200,600,2.0,6.0,43.001469418110105,29.0,29.474020033019407,13.723964964725498,15.750055068293905,456.75159698052323,46.6619727005636
LTCUSDT,1200,600,5.0,8.0,35.83414084194045,36.0,18.47758169544285,13.748497768334508,4.729083927108338,170.24702137590018,42.59538530459326
LTCUSDT,1200,600,20.0,17.0,0.8771573166682199,58.0,15.836662391349979,13.563353191813558,2.273309199536425,131.85193357311266,35.55780193293251
LTCUSDT,1200,600,60.0,42.0,-5.89203015803481,110.0,1.8078191383658557,13.248611687493378,-11.44079254912752,-1258.4871804040272,19.383220854077614
LTCUSDT,1200,1200,2.0,6.0,29.59218892532706,19.0,64.86396638964641,13.98734579612153,50.876620593524876,966.6557912769726,65.92003602293828
LTCUSDT,1200,1200,5.0,8.0,19.30131586369467,24.0,32.13258360442321,13.819423574590301,18.31316002983291,439.51584071598984,49.240783420317165
LTCUSDT,1200,1200,20.0,13.0,-9.663156501903286,37.0,4.384857384906203,13.286328680317528,-8.901471295411321,-329.35443793021886,46.47159653144011
LTCUSDT,1200,1200,60.0,34.0,-7.754560256729722,75.0,5.479476884316226,13.258521193726299,-7.779044309410073,-583.4283232057555,23.198582781980114
LTCUSDT,1200,2400,2.0,4.0,29.715992604958767,15.0,2.0003476032157663,13.845927435218604,-11.845579832002837,-177.68369748004255,149.94498624499795
LTCUSDT,1200,2400,5.0,6.0,18.373027948090215,18.0,-47.220292519126865,13.741626884294552,-60.961919403421426,-1097.3145492615856,139.19611719719845
LTCUSDT,1200,2400,20.0,11.0,-22.25624780567556,31.0,-30.108234331600887,13.266065306865748,-43.374299638466624,-1344.6032887924653,99.47415205789189
LTCUSDT,1200,2400,60.0,28.0,-1.4846212979439233,56.0,5.75899959794895,13.287928613164508,-7.5289290152155575,-421.6200248520712,28.239969035725764
LTCUSDT,1200,4800,2.0,3.0,-66.30915359100548,12.0,29.906879393687415,13.772159605707763,16.13471978797966,193.6166374557559,165.166447298311
LTCUSDT,1200,4800,5.0,5.0,-11.552805706317136,14.0,-51.52518158636281,13.605128992830341,-65.13031057919316,-911.8243481087043,137.2235189873281
LTCUSDT,1200,4800,20.0,8.0,-18.318014917603747,22.0,29.79160470074178,13.294818512932203,16.496786187809565,362.9292961318105,82.95869852315835
LTCUSDT,1200,4800,60.0,24.0,22.942952678517713,36.0,3.497845171589038,13.264746417301247,-9.766901245712214,-351.6084448456397,58.52289417560286
LTCUSDT,2400,120,2.0,3.0,-35.44664700252944,62.0,-1.603105875356601,13.585388294749297,-15.1884941701059,-941.6866385465657,22.845472788420633
LTCUSDT,2400,120,5.0,5.0,-28.512189344141962,69.0,-16.229600838141387,13.507109540790896,-29.73671037893228,-2051.8330161463273,25.87550971240715
LTCUSDT,2400,120,20.0,18.0,-21.83059106903645,135.0,-4.466819139483436,13.48641320892947,-17.953232348412907,-2423.6863670357425,16.895582815342784
LTCUSDT,2400,120,60.0,63.0,-10.538943485406376,214.0,3.614680287339463,13.306789049617612,-9.692108762278146,-2074.111275127523,9.752304270383888
LTCUSDT,2400,300,2.0,2.0,-8.352228788210454,33.0,3.951776497627765,13.656003397587874,-9.70422689996011,-320.23948769868366,32.54834188366718
LTCUSDT,2400,300,5.0,4.0,7.419097121528731,38.0,-3.051269610206351,13.526297577500312,-16.577567187706663,-629.9475531328532,27.50004737622988
LTCUSDT,2400,300,20.0,11.0,-8.175937630333463,74.0,-7.579869196512431,13.39333092573196,-20.973200122244386,-1552.0168090460845,26.916764825448553
LTCUSDT,2400,300,60.0,40.0,0.9146902173269303,120.0,0.9586960505990807,13.309117439159486,-12.350421388560408,-1482.0505666272488,14.805464258375762
LTCUSDT,2400,600,2.0,2.0,10.361185583059267,23.0,21.20123084420343,14.259422686852961,6.941808157350469,159.66158761906078,68.21987331511323
LTCUSDT,2400,600,5.0,4.0,14.998189374647822,26.0,-13.699772960840214,13.601763821867369,-27.301536782707576,-709.839956350397,33.766575474615266
LTCUSDT,2400,600,20.0,8.0,-8.481728020673971,49.0,-19.749566485680358,13.247793510103294,-32.997359995783654,-1616.870639793399,36.20037123754851
LTCUSDT,2400,600,60.0,29.0,6.054822771612354,85.0,5.739637181553301,13.348633119807795,-7.608995938254494,-646.764654751632,19.97772737930042
LTCUSDT,2400,1200,2.0,2.0,19.7482494270323,18.0,65.13258362651091,14.473000402139368,50.65958322437155,911.8724980386879,83.87222153784478
LTCUSDT,2400,1200,5.0,4.0,31.36019511598971,18.0,29.116899211676127,13.768012089166131,15.348887122509995,276.2799682051799,36.13491380589116
LTCUSDT,2400,1200,20.0,8.0,-16.373176786165,35.0,4.8540837623671464,13.292261270814853,-8.438177508447707,-295.3362127956697,47.09715565143166
LTCUSDT,2400,1200,60.0,22.0,-4.3733905864883065,63.0,17.95401914331467,13.292115446946852,4.661903696367812,293.69993287117217,26.322181589332114
LTCUSDT,2400,2400,2.0,1.0,-20.608938948272595,12.0,-138.73550821119275,13.604717315908381,-152.34022552710115,-1828.0827063252138,211.23032726873606
LTCUSDT,2400,2400,5.0,3.0,33.20308797056011,12.0,-107.77140254894651,13.497274103748245,-121.26867665269475,-1455.224119832337,125.06768673780029
LTCUSDT,2400,2400,20.0,6.0,44.58286303428568,23.0,-13.857707246354254,13.296130561295271,-27.153837807649523,-624.538269575939,89.94501651868184
LTCUSDT,2400,2400,60.0,18.0,8.787973159084617,43.0,26.129781290333835,13.282387369252772,12.847393921081062,552.4379386064857,54.51983867634733
LTCUSDT,2400,4800,2.0,1.0,-121.0465600114789,9.0,-76.5381148292611,13.718142135939114,-90.25625696520021,-812.3063126868019,164.89459240262298
LTCUSDT,2400,4800,5.0,2.0,-3.2082556669138356,9.0,-93.89743563240971,13.576250892816827,-107.47368652522653,-967.2631787270387,138.08948194017123
LTCUSDT,2400,4800,20.0,4.0,46.97665539414454,16.0,22.607860334099975,13.33412767798886,9.27373265611112,148.37972249777792,105.3686414951883
LTCUSDT,2400,4800,60.0,16.0,25.528909777818228,35.0,36.05957752565953,13.290986113816082,22.768591411843442,796.9006994145204,53.49712362018039
MATICUSDT,120,120,2.0,9.0,-12.49136771308167,72.0,-16.234183696309305,13.374332223983874,-29.608515920293183,-2131.813146261109,24.37526021296512
MATICUSDT,120,120,5.0,21.0,-19.83736725820049,111.0,-10.889845510685268,13.42519961337129,-24.315045124056567,-2698.970008770279,17.079211467138506
MATICUSDT,120,120,20.0,69.0,-17.808291302449316,239.0,-5.275194324307292,13.101025650921072,-18.37621997522836,-4391.916574079578,8.09056513974347
MATICUSDT,120,120,60.0,159.0,-13.891334267322424,497.0,-1.4628538368145645,13.02787737158029,-14.490731208394857,-7201.893410572244,4.146484468040919
MATICUSDT,120,300,2.0,9.0,9.297149381270598,45.0,3.210744772093712,13.587417117140554,-10.376672345046842,-466.95025552710786,28.703280026600186
MATICUSDT,120,300,5.0,19.0,4.536516570608416,71.0,-16.735909222100386,13.096755147589688,-29.83266436969008,-2118.1191702479955,23.72732431561446
MATICUSDT,120,300,20.0,53.0,-7.673638392814372,156.0,1.3171836862535269,13.114233047824237,-11.797049361570712,-1840.3397004050312,13.715025585841648
MATICUSDT,120,300,60.0,117.0,-21.728026967997643,317.0,-1.872779158889203,12.993843810147442,-14.866622969036642,-4712.719481184616,6.132712061666157
MATICUSDT,120,600,2.0,9.0,35.095706526389115,35.0,2.1630325834121713,13.227449681958147,-11.06441709854598,-387.2545984491093,48.482792453661844
MATICUSDT,120,600,5.0,18.0,12.650750216754618,52.0,7.370951266131513,13.215859617007109,-5.844908350875598,-303.9352342455311,29.276893202862865
MATICUSDT,120,600,20.0,45.0,-8.649240954100405,110.0,9.287237367158975,13.05024045840254,-3.763003091243566,-413.93034003679224,18.5293047082706
MATICUSDT,120,600,60.0,92.0,-9.856972324472753,219.0,-5.360143365541765,12.975074704372084,-18.335218069913847,-4015.4127573111327,10.552508872544372
MATICUSDT,120,1200,2.0,9.0,48.658684215475034,25.0,-19.711663925711953,13.334663030859842,-33.04632695657179,-826.1581739142948,54.98073498156789
MATICUSDT,120,1200,5.0,16.0,9.070484588185131,39.0,-26.476257404727374,13.038527000173664,-39.51478440490102,-1541.07659179114,58.80407677191085
MATICUSDT,120,1200,20.0,36.0,-8.639881329300067,75.0,43.42002685194835,13.091754411463697,30.328272440484657,2274.6204330363494,24.545939657818508
MATICUSDT,120,1200,60.0,75.0,-8.134768112319074,151.0,6.939523360027789,12.959931841745846,-6.020408481718059,-909.0816807394269,13.461635964066316
MATICUSDT,120,2400,2.0,7.0,31.372404120006212,20.0,-30.3892035603755,13.125174265146319,-43.514377825521834,-870.2875565104366,111.898991232378
MATICUSDT,120,2400,5.0,13.0,-7.017487135513776,30.0,10.39540865585686,13.028325794004768,-2.6329171381479086,-78.98751414443726,55.44458769950799
MATICUSDT,120,2400,20.0,32.0,-5.978091699930963,59.0,53.6668648687501,13.009406630370794,40.6574582383793,2398.7900360643785,34.8032578788462
MATICUSDT,120,2400,60.0,59.0,2.7326637392961888,97.0,-3.2546883143423866,12.984765200389672,-16.239453514732062,-1575.22699092901,24.64213731103204
MATICUSDT,120,4800,2.0,7.0,102.86452962498753,17.0,-27.297649436967074,13.154749579202345,-40.45239901616942,-687.6907832748802,146.43652705314565
MATICUSDT,120,4800,5.0,12.0,23.97821305989525,25.0,-6.439828316979267,12.926093921588064,-19.365922238567336,-484.1480559641834,101.04981322846967
MATICUSDT,120,4800,20.0,26.0,2.4520486885011596,43.0,82.35787364304491,12.993808357383847,69.36406528566107,2982.6548072834257,54.12830095103096
MATICUSDT,120,4800,60.0,49.0,6.223220510769775,64.0,3.8812204084190913,12.970367922585542,-9.089147514166452,-581.7054409066529,46.19664915762995
MATICUSDT,300,120,2.0,5.0,-18.850644245919558,52.0,-11.32726687145525,13.263531853294099,-24.590798724749355,-1278.7215336869665,40.39113232488291
MATICUSDT,300,120,5.0,12.0,-8.36978735525549,86.0,-1.287904611429429,13.27678798063763,-14.56469259206706,-1252.563562917767,21.58214087397192
MATICUSDT,300,120,20.0,49.0,-4.270620551860271,195.0,-8.622629904387333,13.121993517491905,-21.744623421879236,-4240.201567266451,9.655960818763884
MATICUSDT,300,120,60.0,112.0,-9.605872888589554,323.0,-4.404069542545051,13.048196619230367,-17.45226616177542,-5637.081970253461,6.052126479435075
MATICUSDT,300,300,2.0,4.0,28.44572106540744,31.0,-20.98954549084211,13.30387420924866,-34.293419700090766,-1063.0960107028138,36.72688574639491
MATICUSDT,300,300,5.0,10.0,15.299405897970606,54.0,10.57144363210056,13.460512249645044,-2.8890686175444764,-156.00970534740173,27.46351101936403
MATICUSDT,300,300,20.0,38.0,4.337249815500658,128.0,-7.650340927088999,13.000798511535535,-20.651139438624536,-2643.3458481439407,10.984752783502579
MATICUSDT,300,300,60.0,81.0,-11.382673563770624,211.0,-4.856767333872688,13.036115945766822,-17.892883279639513,-3775.398372003937,8.149490261628346
MATICUSDT,300,600,2.0,4.0,63.145848622185085,24.0,28.891493039780034,13.241590504056374,15.649902535723655,375.5976608573677,57.191560585054006
MATICUSDT,300,600,5.0,10.0,24.506178114428984,39.0,41.878746173952436,13.247231382499312,28.63151479145312,1116.6290768666718,42.309750168918725
MATICUSDT,300,600,20.0,33.0,11.180022734859877,88.0,-1.4571944256451668,13.001893605184206,-14.45908803082937,-1272.3997467129846,25.424550093839574
MATICUSDT,300,600,60.0,63.0,-11.800241180974867,147.0,17.123491831320194,12.994851105040938,4.128640726279261,606.9101867630513,14.517126853743079
MATICUSDT,300,1200,2.0,4.0,91.56834985221273,17.0,19.676490300736333,13.252793180664654,6.423697120071673,109.20285104121845,78.55854817244845
MATICUSDT,300,1200,5.0,10.0,36.43509623211414,28.0,2.421716037408532,13.106136481187415,-10.684420443778892,-299.163772425809,75.48373093958136
MATICUSDT,300,1200,20.0,27.0,12.659678039397338,62.0,17.38139662109323,13.026618545353703,4.35477807573952,269.99624069585025,40.71297279187454
MATICUSDT,300,1200,60.0,51.0,-12.947197448334517,105.0,28.151687788481347,12.977560205939033,15.174127582542312,1593.2833961669428,26.786240915729064
MATICUSDT,300,2400,2.0,2.0,20.769413180686154,14.0,-12.091096099548748,13.015170050521325,-25.10626615007007,-351.487726100981,155.1445678809973
MATICUSDT,300,2400,5.0,8.0,6.440309160245466,22.0,65.7965455041959,13.18736244087021,52.60918306332569,1157.402027393165,73.98792557986134
MATICUSDT,300,2400,20.0,24.0,30.274795110475676,50.0,28.007476710375467,12.951015729944805,15.056460980430666,752.8230490215333,39.9441919057388
MATICUSDT,300,2400,60.0,42.0,-4.468685028386085,76.0,14.731872042981342,12.94598730779959,1.785884735181747,135.72723987381278,28.600360001027184
MATICUSDT,300,4800,2.0,2.0,-12.342367499449495,12.0,-29.36387774526631,12.937932071747108,-42.30180981701343,-507.6217178041611,173.47891250105093
MATICUSDT,300,4800,5.0,8.0,73.4719309412304,18.0,19.70143653133638,13.245986938273884,6.455449593062503,116.19809267512505,126.64018281792073
MATICUSDT,300,4800,20.0,21.0,24.81272866669088,35.0,40.83805518304448,12.957815238287512,27.880239944756955,975.8083980664934,67.21953542321197
MATICUSDT,300,4800,60.0,34.0,28.16547741592415,49.0,-0.23106853268759306,12.954494974566249,-13.185563507253846,-646.0926118554385,46.87848486020598
MATICUSDT,600,120,2.0,5.0,8.690312313466695,54.0,6.797473261201617,13.396377563668285,-6.598904302466668,-356.34083233320007,27.39648490705267
MATICUSDT,600,120,5.0,10.0,-0.4236299318898977,71.0,8.869670979059064,13.560934760544319,-4.691263781485261,-333.07972848545353,23.139941498817088
MATICUSDT,600,120,20.0,28.0,-13.01837783211422,138.0,-2.6618407988051387,13.163331793259433,-15.825172592064572,-2183.873817704911,10.21495145436942
MATICUSDT,600,120,60.0,84.0,-7.878872495111326,280.0,0.604631453634057,13.105617742245668,-12.500986288611612,-3500.2761608112514,5.55319164780513
MATICUSDT,600,300,2.0,5.0,45.556807559822246,35.0,15.353477602283618,13.693301598075612,1.6601760042079967,58.10616014727989,63.28262972138964
MATICUSDT,600,300,5.0,9.0,19.078831383190053,46.0,10.082613363604494,13.142814383988304,-3.0602010203838117,-140.76924693765534,27.768428763177024
MATICUSDT,600,300,20.0,24.0,-0.04359145634370091,91.0,-3.475238654092142,13.145160705093483,-16.620399359185626,-1512.4563416858919,14.22848171537454
MATICUSDT,600,300,60.0,61.0,-5.846149279620271,176.0,-0.8296423748876265,13.075900325140852,-13.90554270002848,-2447.3755152050126,9.609143400831035
MATICUSDT,600,600,2.0,5.0,55.715592643273496,21.0,12.777393929107705,13.366434584611918,-0.5890406555042171,-12.369853765588559,74.30241962406615
MATICUSDT,600,600,5.0,8.0,29.421949372484082,32.0,21.970788902729335,13.202393172214865,8.768395730514477,280.5886633764633,52.15955326888093
MATICUSDT,600,600,20.0,21.0,7.627454343204239,60.0,11.612079672979501,13.10589698562617,-1.4938173126466703,-89.62903875880022,32.62172775206812
MATICUSDT,600,600,60.0,48.0,-6.389354993608087,126.0,10.797857609385735,13.049122223511034,-2.2512646141252977,-283.6593413797875,13.649047062586831
MATICUSDT,600,1200,2.0,5.0,66.6272832343748,15.0,17.026642089011283,13.320984222389809,3.70565786662148,55.5848679993222,130.1411059703667
MATICUSDT,600,1200,5.0,7.0,32.896223651878444,23.0,13.646896530507135,13.071947484176716,0.5749490463304135,13.223828065599513,96.36371445992106
MATICUSDT,600,1200,20.0,16.0,20.073857691285642,43.0,-6.893569965870609,13.052056608803387,-19.945626574673998,-857.6619427109819,48.273472197987104
MATICUSDT,600,1200,60.0,41.0,-13.658133460034703,92.0,18.273503790422456,13.054215512981868,5.219288277440595,480.17452152453467,28.850129020229737
MATICUSDT,600,2400,2.0,4.0,53.915568231232285,12.0,-33.2688082324257,13.330107640645743,-46.59891587307144,-559.1869904768573,138.7633252136636
MATICUSDT,600,2400,5.0,7.0,30.49045131025133,18.0,41.79665095673543,13.160406999292581,28.636243957442844,515.4523912339712,91.83036149803577
MATICUSDT,600,2400,20.0,15.0,17.637885409894814,36.0,24.69867770465931,12.98672245964746,11.711955245011843,421.6303888204264,53.46595525336071
MATICUSDT,600,2400,60.0,33.0,1.7747662791489232,67.0,14.1957501383278,13.07782062031597,1.1179295180118294,74.90127770679257,33.30466441104481
MATICUSDT,600,4800,2.0,4.0,137.32957070261148,10.0,14.666879112940839,13.402884116768467,1.2639949961723744,12.639949961723744,199.53352008205164
MATICUSDT,600,4800,5.0,6.0,71.47153455621408,14.0,13.244942944335277,13.142491031778931,0.10245191255635026,1.4343267757889038,158.409247517682
MATICUSDT,600,4800,20.0,12.0,32.61112990551434,27.0,36.31322598200845,13.040304933645679,23.27292104836277,628.3688683057949,90.8628153902433
MATICUSDT,600,4800,60.0,27.0,42.37763608732688,46.0,-3.1721802327550805,13.01533287604338,-16.187513108798463,-744.6256030047293,60.01469905837783
MATICUSDT,1200,120,2.0,4.0,3.610418998401503,61.0,-3.152662587243705,13.45274148574519,-16.60540407298889,-1012.9296484523223,35.54897206998343
MATICUSDT,1200,120,5.0,12.0,4.188466214811076,82.0,-1.3401314558302686,13.380095272129605,-14.720226727959876,-1207.0585916927098,22.491640653151403
MATICUSDT,1200,120,20.0,26.0,-9.534127039543668,143.0,0.8109683596265495,13.115167457446256,-12.304199097819707,-1759.500470988218,15.396957786532774
MATICUSDT,1200,120,60.0,75.0,-6.809147790967201,244.0,-1.5751117966296877,13.095776522395083,-14.67088831902477,-3579.696749842044,6.08937022579198
MATICUSDT,1200,300,2.0,4.0,50.38462988626976,37.0,25.008713970737784,13.246279570748376,11.762434399989406,435.21007279960804,30.697501012207987
MATICUSDT,1200,300,5.0,9.0,24.64634681843746,47.0,9.662579347487217,13.463422153450926,-3.800842805963712,-178.63961188029447,24.51932048096076
MATICUSDT,1200,300,20.0,20.0,4.640222898973083,83.0,4.720348218066964,13.150582474051197,-8.430234255984235,-699.7094432466915,17.86568040227605
MATICUSDT,1200,300,60.0,53.0,-7.6428002076022405,147.0,3.389816670149185,13.080440428091368,-9.69062375794218,-1424.5216924175006,10.72039279833337
MATICUSDT,1200,600,2.0,4.0,83.43853017575312,29.0,35.69970670543784,13.47019623930956,22.229510466128282,644.6558035177202,49.486910270495684
MATICUSDT,1200,600,5.0,8.0,53.243363854468015,37.0,27.950078731620124,13.166255276221413,14.783823455398705,547.0014678497521,45.66269056982382
MATICUSDT,1200,600,20.0,17.0,11.071720816504165,60.0,23.57275400985063,13.064865084185294,10.507888925665334,630.4733355399201,37.45325119981154
MATICUSDT,1200,600,60.0,41.0,1.0140077925788105,110.0,4.097626556510821,13.03743025259816,-8.93980369608734,-983.3784065696075,17.8811513397576
MATICUSDT,1200,1200,2.0,4.0,108.09259498849559,19.0,70.02237384647295,13.582113380511055,56.440260465961906,1072.3649488532762,79.48033812301985
MATICUSDT,1200,1200,5.0,8.0,39.80805989950378,24.0,-15.223368734153112,12.98583123214983,-28.209199966302943,-677.0207991912706,86.60434707799283
MATICUSDT,1200,1200,20.0,13.0,2.946423153677479,39.0,15.267696457027126,13.098401710749922,2.169294746277207,84.60249510481107,47.62126962258036
MATICUSDT,1200,1200,60.0,33.0,-8.009736240394346,75.0,11.933374906468536,13.04193491886051,-1.108560012391973,-83.14200092939798,25.041957074015233
MATICUSDT,1200,2400,2.0,2.0,11.490603374044298,15.0,1.64877072469572,13.407472820528783,-11.758702095833062,-176.38053143749593,149.88115177004502
MATICUSDT,1200,2400,5.0,6.0,19.10701024811438,18.0,-7.425720281197322,12.950463740180489,-20.376184021377814,-366.77131238480064,90.92551369378022
MATICUSDT,1200,2400,20.0,11.0,-30.57903990129952,32.0,-24.939790411192156,12.985422665522393,-37.92521307671455,-1213.6068184548656,96.15079200167483
MATICUSDT,1200,2400,60.0,27.0,4.01506071405257,56.0,5.7750832043212394,13.069407170623451,-7.294323966302211,-408.48214211292384,30.40718743724351
MATICUSDT,1200,4800,2.0,2.0,-16.953191866285064,12.0,68.8714825759826,13.253677289121791,55.61780528686078,667.4136634423294,196.86001551408634
MATICUSDT,1200,4800,5.0,5.0,37.51446636718208,14.0,3.2421468575673384,12.9391856547667,-9.697038797199355,-135.75854316079096,158.18244657316137
MATICUSDT,1200,4800,20.0,8.0,46.19280075025755,23.0,33.85244216557542,13.045203793509398,20.807238372066024,478.56648255751855,85.81431634722539
MATICUSDT,1200,4800,60.0,23.0,46.872413549162545,37.0,-10.166625630593742,13.190315636569151,-23.356941267162895,-864.2068268850271,59.86684432636803
MATICUSDT,2400,120,2.0,3.0,-7.375226621807141,62.0,-11.169563265693508,13.370203598624702,-24.539766864318207,-1521.465545587729,27.737000804388636
MATICUSDT,2400,120,5.0,5.0,-14.078534442232012,69.0,-12.733155265828747,13.381302159443441,-26.114457425272192,-1801.8975623437814,23.802229529756442
MATICUSDT,2400,120,20.0,18.0,-12.930575205727013,135.0,-2.595427162937451,13.132395017348948,-15.727822180286397,-2123.2559943386636,15.200543541733998
MATICUSDT,2400,120,60.0,68.0,-4.058299441222378,224.0,1.0500829587944462,13.158746288185707,-12.10866332939126,-2712.3405857836424,9.577834634973772
MATICUSDT,2400,300,2.0,2.0,28.628242864918594,33.0,6.444064410605226,13.411819731392136,-6.96775532078691,-229.93592558596805,34.87712868590378
MATICUSDT,2400,300,5.0,4.0,41.82462033985183,38.0,1.2630757487784505,13.613782692610304,-12.350706943831847,-469.32686386561016,30.322996312765696
MATICUSDT,2400,300,20.0,11.0,0.27654692280244125,75.0,-4.293978838051722,13.10884720112267,-17.40282603917439,-1305.211952938079,27.421438745764412
MATICUSDT,2400,300,60.0,43.0,5.646968904717776,123.0,3.1908253696790063,13.128409916356683,-9.937584546677678,-1222.3228992413544,13.415576192298369
MATICUSDT,2400,600,2.0,2.0,72.8810385097871,23.0,23.428375432875153,13.476060091588288,9.952315341286855,228.90325284959766,72.58295749552599
MATICUSDT,2400,600,5.0,4.0,61.809314513387825,26.0,-8.073577667743361,13.716339385556223,-21.789917053299583,-566.5378433857892,39.54951283974172
MATICUSDT,2400,600,20.0,8.0,-2.7762332205458,50.0,-13.895852042772482,13.085623256507816,-26.9814752992803,-1349.073764964015,35.99839293615744
MATICUSDT,2400,600,60.0,33.0,17.813329808663504,87.0,6.001271678937902,13.038984789906491,-7.037713110968589,-612.2810406542673,18.915877350391998
MATICUSDT,2400,1200,2.0,2.0,96.34864655462637,18.0,54.753054157179704,13.617148102465919,41.135906054713786,740.4463089848482,86.98198595401239
MATICUSDT,2400,1200,5.0,4.0,115.00067007849928,18.0,30.78136858436868,13.721525786361928,17.059842798006752,307.0771703641215,49.489888671257795
MATICUSDT,2400,1200,20.0,8.0,10.678562429504042,36.0,4.893704940139056,12.967418213507152,-8.073713273368096,-290.65367784125146,46.91560330891454
MATICUSDT,2400,1200,60.0,26.0,6.77909927601209,63.0,35.438962869620404,13.07219837815148,22.36676449146892,1409.106162962542,33.16359025805901
MATICUSDT,2400,2400,2.0,1.0,-39.85946447918211,12.0,-150.73155952291907,13.595930619776302,-164.32749014269538,-1971.9298817123447,205.58852733738982
MATICUSDT,2400,2400,5.0,3.0,128.59257218256542,12.0,-127.67203943811559,13.67863944181368,-141.35067887992932,-1696.2081465591518,132.15423225455078
MATICUSDT,2400,2400,20.0,6.0,145.3316482749204,24.0,-16.761857966731544,12.98376290279157,-29.745620869523123,-713.8949008685549,73.62069251365794
MATICUSDT,2400,2400,60.0,21.0,34.998492192533625,43.0,-12.443814890212145,13.114001161995901,-25.55781605220805,-1098.9860902449461,46.399302934025954
MATICUSDT,2400,4800,2.0,1.0,-60.49610483413172,9.0,-92.75828207166646,13.8014416037182,-106.55972367538465,-959.0375130784619,187.11945436159934
MATICUSDT,2400,4800,5.0,2.0,160.68574580503943,9.0,-110.3898557046602,13.912533918316825,-124.30238962297705,-1118.7215066067934,168.39499165606736
MATICUSDT,2400,4800,20.0,4.0,237.3837874935191,17.0,62.83488060887215,12.995824797400651,49.8390558114715,847.2639487950156,111.47279097129119
MATICUSDT,2400,4800,60.0,18.0,84.00971256509904,35.0,67.04396374181859,13.093870014049742,53.950093727768824,1888.2532804719087,51.507448051157034
NEARUSDT,120,120,2.0,9.0,-25.3232478457346,74.0,-15.253070626573761,15.255177180688179,-30.508247807261938,-2257.6103377373834,31.697453632508708
NEARUSDT,120,120,5.0,21.0,-23.971231217299557,113.0,-12.398201268613985,14.966268725103848,-27.364469993717833,-3092.185109290115,22.112018424582736
NEARUSDT,120,120,20.0,68.0,-21.292162019095695,238.0,-6.638324516144883,14.82699747561666,-21.465321991761545,-5108.7466340392475,11.059766584229427
NEARUSDT,120,120,60.0,158.0,-13.212007141232,504.0,4.073932664852857,14.691096061681002,-10.617163396828143,-5351.050352001384,5.916966203909986
NEARUSDT,120,300,2.0,9.0,-5.99136589400719,47.0,11.535983598468668,15.154616642521741,-3.6186330440530763,-170.07575307049459,36.525737756498955
NEARUSDT,120,300,5.0,19.0,0.30232093621613837,72.0,-16.120333447306862,14.964133554306406,-31.08446700161326,-2238.0816241161547,29.50455228779403
NEARUSDT,120,300,20.0,52.0,-12.730346683622269,156.0,-0.5032132164233379,14.697624483909939,-15.200837700333281,-2371.330681251992,16.69647912812347
NEARUSDT,120,300,60.0,117.0,-20.747342563090417,320.0,-0.048262412981674,14.592939413875945,-14.641201826857616,-4685.184584594437,7.87438091620532
NEARUSDT,120,600,2.0,9.0,13.003328733905489,38.0,0.3063234334323541,15.011120957904813,-14.704797524472454,-558.7823059299533,64.80483853661273
NEARUSDT,120,600,5.0,18.0,5.020473095613994,52.0,9.05525926895982,15.085859119943969,-6.030599850984145,-313.5911922511755,42.87637817057123
NEARUSDT,120,600,20.0,45.0,-11.158183964042347,109.0,14.43252421447651,14.526190406096623,-0.0936661916201146,-10.20961488659249,23.604474168420538
NEARUSDT,120,600,60.0,91.0,-11.177711696592839,221.0,5.591107249271443,14.563977052600821,-8.972869803329376,-1983.004226535792,14.692246049125153
NEARUSDT,120,1200,2.0,9.0,4.348577032664072,27.0,-22.53663936288922,15.25767340356335,-37.794312766452556,-1020.4464446942189,68.61864395379604
NEARUSDT,120,1200,5.0,16.0,-24.15427228373641,40.0,-25.496812159665232,14.943999757949024,-40.440811917614255,-1617.63247670457,73.76380995805852
NEARUSDT,120,1200,20.0,36.0,-20.46108442982517,76.0,42.09870834722938,14.534901415423269,27.563806931806113,2094.8493268172647,33.66251927398198
NEARUSDT,120,1200,60.0,75.0,-7.001308799873403,149.0,22.91072004920556,14.51499686328687,8.395723185918692,1250.9627547018852,21.972851369882942
NEARUSDT,120,2400,2.0,7.0,3.7680939958430324,21.0,-2.8976104875029414,15.157379495911487,-18.054989983414423,-379.1547896517029,149.84531526801626
NEARUSDT,120,2400,5.0,13.0,-34.83451143508442,30.0,26.88620989018945,14.805127260657892,12.081082629531556,362.4324788859467,58.08547339789308
NEARUSDT,120,2400,20.0,32.0,-19.247442355831208,59.0,66.38901215375819,14.388179709298864,52.00083244445931,3068.0491142230994,46.012126098134786
NEARUSDT,120,2400,60.0,59.0,-8.573867433483816,96.0,-1.836805838837351,14.637004340598645,-16.473810179435993,-1581.4857772258554,35.757041398000595
NEARUSDT,120,4800,2.0,7.0,59.82802899171889,18.0,-90.98009169708881,15.28520412142724,-106.26529581851605,-1912.775324733289,167.68952744993217
NEARUSDT,120,4800,5.0,12.0,5.599632863348845,24.0,-40.81603602248018,15.015102605460262,-55.83113862794045,-1339.9473270705707,125.5712300379996
NEARUSDT,120,4800,20.0,26.0,-23.599089479173532,43.0,139.11949011038607,14.448587656750846,124.67090245363524,5360.848805506315,82.31906101930616
NEARUSDT,120,4800,60.0,49.0,-0.4813678591087099,63.0,26.22684258974823,14.498777404358986,11.728065185389235,738.8681066795218,71.47123114653208
NEARUSDT,300,120,2.0,5.0,-20.818478018270195,53.0,-1.7724495469857877,15.319174106555343,-17.091623653541138,-905.8560536376804,52.04822658423978
NEARUSDT,300,120,5.0,12.0,-14.116457661431674,87.0,1.3308902673904182,15.23811034164853,-13.90722007425811,-1209.9281464604555,31.094861293353638
NEARUSDT,300,120,20.0,49.0,-9.3972396803163,195.0,-8.386522045094852,14.82804812484754,-23.214570169942387,-4526.841183138766,13.722054182537633
NEARUSDT,300,120,60.0,115.0,-9.511480280054254,321.0,-4.266741360647077,14.722208967610888,-18.988950328257964,-6095.453055370806,9.030559635884197
NEARUSDT,300,300,2.0,4.0,15.203261810357041,32.0,-7.823492124368965,15.493797763267068,-23.317289887636026,-746.1532764043528,56.51344167324745
NEARUSDT,300,300,5.0,10.0,10.172084610324541,55.0,20.300284170426266,14.684811393428367,5.615472776997899,308.85100273488445,41.012568810829805
NEARUSDT,300,300,20.0,39.0,1.1238363636796096,128.0,3.9420519618670826,14.788545630637934,-10.846493668770849,-1388.3511896026687,15.610169561935185
NEARUSDT,300,300,60.0,83.0,-12.187688344132635,208.0,-3.105849156448543,14.652735767678207,-17.75858492412675,-3693.785664218364,11.514563855572248
NEARUSDT,300,600,2.0,4.0,42.88972037701706,25.0,81.24004566382399,15.808482451638051,65.43156321218594,1635.7890803046482,80.08139606371716
NEARUSDT,300,600,5.0,10.0,10.92529892625366,40.0,54.62612444740016,14.689481672490135,39.93664277491004,1597.4657109964016,54.262233835463256
NEARUSDT,300,600,20.0,35.0,10.58847182724488,86.0,0.559138046425961,14.706688517671118,-14.147550471245156,-1216.6893405270835,34.24452991140194
NEARUSDT,300,600,60.0,65.0,-17.16329521134005,145.0,32.9499540119694,14.808642738278072,18.141311273691333,2630.490134685243,22.944401360279656
NEARUSDT,300,1200,2.0,4.0,45.99830881924257,18.0,84.12930110473198,16.08355898766705,68.04574211706489,1224.8233581071681,116.91034207231216
NEARUSDT,300,1200,5.0,10.0,7.405181022046515,29.0,2.8955666908134683,14.632250888723469,-11.736684197909995,-340.36384173938984,89.79672519775198
NEARUSDT,300,1200,20.0,29.0,10.764865209942057,63.0,18.165564054252066,14.464918749070582,3.70064530518147,233.14065422643262,50.50270963615898
NEARUSDT,300,1200,60.0,52.0,-19.265248550806767,102.0,46.95581045631171,14.685906029170438,32.26990442714127,3291.5302515684098,41.617702490237924
NEARUSDT,300,2400,2.0,2.0,6.747402909340586,15.0,70.73818811107341,15.870615070492313,54.8675730405811,823.0135956087165,231.90593002256142
NEARUSDT,300,2400,5.0,8.0,-21.2767584418427,22.0,66.48736181923495,14.57028708021184,51.91707473902313,1142.1756442585088,91.38997895987274
NEARUSDT,300,2400,20.0,26.0,29.611398953087907,51.0,23.850875786537312,14.382464245250747,9.46841154128656,482.8889886056146,49.035937117999794
NEARUSDT,300,2400,60.0,43.0,-16.66463196698827,75.0,37.63456303380191,14.572970222978071,23.06159281082384,1729.619460811788,44.947711049947436
NEARUSDT,300,4800,2.0,2.0,-109.6454160174304,12.0,29.877653784325943,16.052844455072528,13.824809329253412,165.89771195104095,245.08630804294683
NEARUSDT,300,4800,5.0,8.0,44.630777044307486,18.0,-21.04881882144754,14.650555673013791,-35.69937449446132,-642.5887409003037,159.2698794933705
NEARUSDT,300,4800,20.0,23.0,26.856515894028604,35.0,55.875255827811145,14.372211642972252,41.50304418483889,1452.606546469361,88.7309129985065
NEARUSDT,300,4800,60.0,34.0,4.613302768449379,48.0,24.52778755815871,14.545168568289261,9.982618989869453,479.1657115137337,78.3849711004476
NEARUSDT,600,120,2.0,5.0,3.716548659462309,55.0,13.853887008454715,15.534665841102653,-1.680778832647936,-92.44283579563648,38.26162654654862
NEARUSDT,600,120,5.0,10.0,-5.429580529261919,73.0,13.660458484828379,15.317145295346153,-1.6566868105177748,-120.93813716779756,29.579143992887214
NEARUSDT,600,120,20.0,27.0,-20.36741399362843,138.0,4.916465995049757,14.90348061740716,-9.98701462235741,-1378.2080178853225,15.392817609963782
NEARUSDT,600,120,60.0,85.0,-6.053896874873393,283.0,4.0761752322963645,14.746333414921681,-10.670158182625316,-3019.654765682965,7.760138725481853
NEARUSDT,600,300,2.0,5.0,29.708873912485956,35.0,45.1153373476856,15.61834445024005,29.496992897445534,1032.3947514105937,86.76300447078447
NEARUSDT,600,300,5.0,9.0,12.658823109640855,48.0,28.760184569868017,15.120039356760211,13.6401452131078,654.7269702291744,41.31023750538405
NEARUSDT,600,300,20.0,23.0,-11.022835508107756,91.0,5.2975829421970575,14.722318533197255,-9.424735591000195,-857.6509387810178,20.15128288681889
NEARUSDT,600,300,60.0,62.0,-4.199127912922015,179.0,4.153269580709443,14.631055947158453,-10.47778636644901,-1875.5237595943727,13.011128080478766
NEARUSDT,600,600,2.0,5.0,32.58211283556873,21.0,48.997937443080936,15.647001106185055,33.350936336895884,700.3696630748135,104.46428511543125
NEARUSDT,600,600,5.0,8.0,18.02012021391095,34.0,32.1751170166854,15.142047405429814,17.033069611255584,579.1243667826899,69.54711491030581
NEARUSDT,600,600,20.0,20.0,-2.2940239546746746,60.0,24.8072744618922,14.652006701447188,10.15526776044501,609.3160656267006,42.248382066056934
NEARUSDT,600,600,60.0,49.0,-8.036916933846825,127.0,20.825997235229856,14.598554358235708,6.2274428769941474,790.8852453782567,21.101929644125416
NEARUSDT,600,1200,2.0,5.0,13.724608609930474,15.0,25.276752007885815,15.59874445840004,9.678007549485768,145.17011324228653,192.46385974767858
NEARUSDT,600,1200,5.0,7.0,-16.77702053480511,23.0,-24.319686304147226,15.274312978614306,-39.59399928276152,-910.6619835035151,126.75689717633894
NEARUSDT,600,1200,20.0,16.0,-7.1529861737160765,43.0,11.38321549304349,14.655101198405328,-3.271885705361848,-140.69108533055947,60.76269433127478
NEARUSDT,600,1200,60.0,41.0,-21.688802954685904,93.0,41.01625693741575,14.56662075185772,26.44963618555803,2459.816165256897,43.60522627386765
NEARUSDT,600,2400,2.0,4.0,7.047228778478294,12.0,8.71168691902661,15.50201407626173,-6.790327157235114,-81.48392588682137,194.01046203999834
NEARUSDT,600,2400,5.0,7.0,-20.39703891418953,18.0,84.1698301724353,15.291013823981464,68.87881634845384,1239.818694272169,105.78441274072128
NEARUSDT,600,2400,20.0,15.0,-29.965107281063492,36.0,48.555322484521184,14.70823573063307,33.847086753888114,1218.495123139972,58.62348048293892
NEARUSDT,600,2400,60.0,33.0,-22.104774912570605,68.0,24.435341204934502,14.60784881438745,9.827492390547055,668.2694825571998,45.02900847013502
NEARUSDT,600,4800,2.0,4.0,56.33679737861596,10.0,33.89486588944046,15.713471431009642,18.181394458430827,181.81394458430827,255.097264370604
NEARUSDT,600,4800,5.0,6.0,9.29164748695203,14.0,27.62584293322838,15.532435940041779,12.09340699318661,169.30769790461255,218.8644097793422
NEARUSDT,600,4800,20.0,12.0,-21.408738301598714,27.0,32.38487087668928,14.847962639196828,17.53690823749244,473.49652241229586,125.82562472189228
NEARUSDT,600,4800,60.0,27.0,22.278357435272778,47.0,-38.2747633421978,14.606362041583742,-52.88112538378155,-2485.412893037733,89.2136492910006
NEARUSDT,1200,120,2.0,4.0,1.9909750564700488,63.0,3.1652772439486285,15.557826125785525,-12.392548881836897,-780.7305795557245,49.504139304213645
NEARUSDT,1200,120,5.0,11.0,-12.547543767758889,85.0,4.441941773434187,15.102899840752396,-10.660958067318216,-906.1814357220484,28.853297819579073
NEARUSDT,1200,120,20.0,26.0,-13.396407836983363,145.0,4.121889142639295,14.93424322410774,-10.81235408146844,-1567.7913418129237,20.16808085052895
NEARUSDT,1200,120,60.0,75.0,-14.231670976605544,248.0,0.8638199852382819,14.797002909604535,-13.933182924366251,-3455.4293652428305,8.495203855816923
NEARUSDT,1200,300,2.0,4.0,42.93375223468259,38.0,44.37693873917924,15.271992567817248,29.104946171361984,1105.9879545117553,40.75432308779627
NEARUSDT,1200,300,5.0,8.0,3.781096474682272,48.0,22.335239195966665,14.837778696406778,7.497460499559885,359.8781039788745,32.95504951572726
NEARUSDT,1200,300,20.0,20.0,-5.041794045132616,83.0,22.998772465658057,14.860024516456896,8.138747949201163,675.5160797836965,18.657580766766973
NEARUSDT,1200,300,60.0,53.0,-13.624014773458608,144.0,13.06087753994804,14.724118108498374,-1.6632405685503342,-239.50664187124812,15.152859693597327
NEARUSDT,1200,600,2.0,4.0,72.59797319859179,30.0,78.51540495091685,15.35433917678347,63.161065774133355,1894.8319732240006,73.32098745561146
NEARUSDT,1200,600,5.0,7.0,23.69487829307897,37.0,54.25403923827645,15.130121968511167,39.12391726976527,1447.584938981315,61.70255952728582
NEARUSDT,1200,600,20.0,17.0,8.468628372759564,60.0,48.950688314204385,15.038717928776313,33.911970385428084,2034.718223125685,53.388663714126636
NEARUSDT,1200,600,60.0,41.0,-8.423574080376676,108.0,14.025695164341267,14.61936710656801,-0.593671942226742,-64.11656976048813,25.751993581219185
NEARUSDT,1200,1200,2.0,4.0,62.54930472328084,19.0,109.62533477641367,15.523152046630107,94.10218272978354,1787.9414718658873,105.80816178094769
NEARUSDT,1200,1200,5.0,7.0,-16.730074002404315,24.0,-6.662055433513577,14.732263672688534,-21.394319106202108,-513.4636585488506,108.37539146941617
NEARUSDT,1200,1200,20.0,13.0,-23.990237724662393,40.0,16.51948473381253,14.797266955987258,1.7222177778252814,68.88871111301125,66.93137915227021
NEARUSDT,1200,1200,60.0,33.0,-25.075352544286012,72.0,5.809004030352073,14.529086758762642,-8.720082728410572,-627.8459564455612,31.977897879594803
NEARUSDT,1200,2400,2.0,2.0,-0.6773781188417445,15.0,2.494330217246869,15.651803403590913,-13.157473186344028,-197.36209779516042,224.29289230346697
NEARUSDT,1200,2400,5.0,5.0,-39.73739521828499,18.0,26.815174934175204,14.872652985046194,11.942521949129006,214.9653950843221,110.39414406137628
NEARUSDT,1200,2400,20.0,11.0,-66.7887688098452,33.0,-34.16915556467181,14.821221499641506,-48.990377064313314,-1616.6824431223395,135.56534338720135
NEARUSDT,1200,2400,60.0,27.0,-8.141390510263163,54.0,-5.075443090679212,14.485783308967768,-19.561226399646987,-1056.3062255809373,43.08004167224176
NEARUSDT,1200,4800,2.0,2.0,-118.47100322846462,12.0,27.63900369079077,15.723701467311733,11.915302223479038,142.98362668174846,257.1446508007874
NEARUSDT,1200,4800,5.0,4.0,-69.75644781748186,14.0,-6.961137944386787,14.960909620628327,-21.922047565015127,-306.90866591021177,209.68842749393443
NEARUSDT,1200,4800,20.0,8.0,-31.50796734646712,24.0,79.17900947423243,14.93548302211754,64.24352645211489,1541.8446348507573,92.59929728240324
NEARUSDT,1200,4800,60.0,23.0,39.89850172546597,37.0,-50.17644887822146,14.474601987083252,-64.6510508653047,-2392.0888820162736,98.77240011136836
NEARUSDT,2400,120,2.0,3.0,3.5996983019039703,62.0,0.7642291617797468,15.584299162725978,-14.820070000946236,-918.8443400586666,29.785520760108678
NEARUSDT,2400,120,5.0,5.0,-25.05115255167842,71.0,-9.061920694329274,15.280390670073514,-24.342311364402796,-1728.3041068725986,35.020585254389786
NEARUSDT,2400,120,20.0,17.0,-21.64731791969189,139.0,-6.7876164332135485,14.89051250690588,-21.67812894011942,-3013.2599226765997,22.598673269667195
NEARUSDT,2400,120,60.0,66.0,-8.28219377455839,223.0,-0.782781861679095,14.731727592397865,-15.514509454076961,-3459.7356082591623,13.043672904221012
NEARUSDT,2400,300,2.0,2.0,6.436441531359536,33.0,12.720219490152417,15.425349047499907,-2.705129557347488,-89.26927539246711,39.90672509087779
NEARUSDT,2400,300,5.0,4.0,36.701648398897554,38.0,-4.225571707282168,15.087437824451447,-19.31300953173362,-733.8943622058775,35.804340844629735
NEARUSDT,2400,300,20.0,11.0,5.931295714430188,77.0,-0.5656508700853666,14.803774846544286,-15.369425716629648,-1183.4457801804829,32.255846282833986
NEARUSDT,2400,300,60.0,42.0,1.9290115323676855,125.0,-0.9742641106135355,14.580572943999641,-15.554837054613174,-1944.3546318266467,18.346640425912316
NEARUSDT,2400,600,2.0,2.0,39.15906528663089,23.0,53.032857428894786,15.563213209746005,37.4696442191488,861.8018170404224,116.46753142512352
NEARUSDT,2400,600,5.0,4.0,60.754254876152885,27.0,4.606993952168924,15.141022300300406,-10.534028348131484,-284.41876539955007,48.35731253594788
NEARUSDT,2400,600,20.0,8.0,-10.11422893712859,52.0,-18.052115963439494,14.619943222303517,-32.67205918574302,-1698.947077658637,46.75257135360975
NEARUSDT,2400,600,60.0,32.0,12.922056020169654,87.0,-6.147209224637195,14.635717707665252,-20.78292693230245,-1808.114643110313,28.9026700730245
NEARUSDT,2400,1200,2.0,2.0,33.36853222867315,18.0,115.87118623057793,15.64606204044314,100.22512419013478,1804.052235422426,140.74884672207475
NEARUSDT,2400,1200,5.0,4.0,79.04538572851766,18.0,53.59458889935584,15.83474773184877,37.75984116750707,679.6771410151273,75.98887092418472
NEARUSDT,2400,1200,20.0,8.0,-12.041554753421881,38.0,10.775852062221338,14.759987486675312,-3.984135424453975,-151.39714612925104,62.2777246219869
NEARUSDT,2400,1200,60.0,25.0,-4.815966063729814,63.0,27.535754767399478,14.544787149178767,12.99096761822071,818.4309599479047,46.37393697557879
NEARUSDT,2400,2400,2.0,1.0,-32.79928688159244,12.0,-207.11367466041494,15.221753866389614,-222.33542852680452,-2668.025142321654,321.8984725932638
NEARUSDT,2400,2400,5.0,3.0,133.72821054889747,12.0,-137.71812280349036,15.61824183523764,-153.33636463872796,-1840.0363756647355,200.62752012417883
NEARUSDT,2400,2400,20.0,6.0,111.41831344458672,25.0,-7.540123782771118,14.792382821602969,-22.332506604374075,-558.3126651093519,106.59295475879082
NEARUSDT,2400,2400,60.0,21.0,25.753122467358438,46.0,-23.743373579083794,14.451217629812188,-38.19459120889597,-1756.9511956092147,62.94770832381658
NEARUSDT,2400,4800,2.0,1.0,-178.39429505274012,9.0,-78.84814459036117,15.462125478246568,-94.31027006860776,-848.7924306174699,278.31741751450465
NEARUSDT,2400,4800,5.0,2.0,69.373570219748,9.0,-89.72439110081325,15.742053893756678,-105.46644499456994,-949.1980049511294,262.3263958397121
NEARUSDT,2400,4800,20.0,4.0,217.67966696389405,17.0,29.109389383438344,14.7134501165486,14.39593926688975,244.73096753712574,102.66739197769299
NEARUSDT,2400,4800,60.0,17.0,83.750234338609,36.0,43.77292502417057,14.399227785674128,29.373697238496447,1057.453100585872,90.42347761100557
OPUSDT,120,120,2.0,9.0,-6.392341458279256,81.0,-3.462059531574817,13.438164111116162,-16.90022364269098,-1368.9181150579695,21.98069342918672
OPUSDT,120,120,5.0,21.0,-8.750881923122577,117.0,1.1633795862561669,13.261508556688556,-12.098128970432388,-1415.4810895405894,14.46504883951966
OPUSDT,120,120,20.0,69.0,-18.20269919132093,254.0,-4.01049404274667,12.995789765837781,-17.006283808584453,-4319.596087380451,9.559187692435799
OPUSDT,120,120,60.0,157.0,-9.361514988155074,503.0,1.5623458490678337,12.720447157780683,-11.15810130871285,-5612.524958282564,5.073028057278486
OPUSDT,120,300,2.0,9.0,33.411336326996285,51.0,16.792932105579347,13.205799817931744,3.5871322876475995,182.94374667002756,41.68296595855839
OPUSDT,120,300,5.0,19.0,30.737300535635715,76.0,3.0631579219132554,12.986663364940295,-9.92350544302704,-754.186413670055,28.165745546456243
OPUSDT,120,300,20.0,54.0,0.20377297695899735,167.0,-9.577552126893448,12.826632902780863,-22.40418502967431,-3741.49889995561,11.75888754280389
OPUSDT,120,300,60.0,116.0,-18.70100387918443,320.0,-0.4688566613197905,12.69872851774014,-13.16758517905993,-4213.6272572991775,7.190294535881149
OPUSDT,120,600,2.0,9.0,55.845213385686144,41.0,5.422479959181993,13.296987914839098,-7.874507955657117,-322.8548261819418,49.07796765191178
OPUSDT,120,600,5.0,18.0,36.15370212447799,56.0,-6.029552474756019,13.304004958216222,-19.33355743297224,-1082.6792162464453,35.75202823977741
OPUSDT,120,600,20.0,46.0,-0.25625154405739453,120.0,7.238410341029752,12.809724723150834,-5.571314382121084,-668.5577258545301,15.588829691556187
OPUSDT,120,600,60.0,91.0,-6.498042565292237,224.0,5.124508910947503,12.591459845645401,-7.466950934697899,-1672.5970093723295,9.491246671671666
OPUSDT,120,1200,2.0,9.0,73.22982751018569,30.0,-0.27678822571960304,13.195070896866945,-13.471859122586535,-404.1557736775961,66.96691668647249
OPUSDT,120,1200,5.0,16.0,36.53361986571986,42.0,-15.412933165422228,12.896845529305434,-28.309778694727658,-1189.0107051785617,54.37588765548522
OPUSDT,120,1200,20.0,37.0,0.158600306327106,84.0,30.164617356592533,12.652405925642077,17.512211430950448,1471.0257601998376,33.32353077116186
OPUSDT,120,1200,60.0,75.0,-4.5458312551282445,152.0,10.270461340137137,12.644051919343054,-2.373590579205913,-360.7857680392988,18.33293830610116
OPUSDT,120,2400,2.0,7.0,42.408286377286366,23.0,30.509715878976635,12.655786156685672,17.853929722290975,410.6403836126924,109.51745194207048
OPUSDT,120,2400,5.0,13.0,7.130917940680946,33.0,19.400748845684245,12.863286216076904,6.537462629607334,215.73626677704203,49.16005191621469
OPUSDT,120,2400,20.0,33.0,-1.7063725979513955,64.0,35.94972950971605,12.65755934548396,23.292170164232097,1490.6988905108542,29.8215262346476
OPUSDT,120,2400,60.0,59.0,0.859653736770385,99.0,8.964040584139912,12.553643245444462,-3.589602661304551,-355.37066346915054,22.482365361289045
OPUSDT,120,4800,2.0,7.0,76.569099109835,20.0,56.530310288202216,12.505275530445932,44.025034757756295,880.5006951551259,109.06278145018616
OPUSDT,120,4800,5.0,12.0,46.982447159922685,27.0,47.52427967714394,12.986544781681166,34.53773489546276,932.5188421774947,69.22751251614136
OPUSDT,120,4800,20.0,27.0,11.325791264832482,44.0,32.083429482034404,12.544147432067307,19.5392820499671,859.7284101985524,52.08229299423455
OPUSDT,120,4800,60.0,49.0,14.991697268457612,64.0,-13.00684900108781,12.650927782388752,-25.657776783476564,-1642.0977141425,47.06213340238879
OPUSDT,300,120,2.0,5.0,1.6097306165528082,53.0,5.040856664634229,13.57873690053081,-8.537880235896578,-452.5076525025186,39.55853364137858
OPUSDT,300,120,5.0,12.0,-5.02426953265077,89.0,2.8182004315909865,13.315754072708522,-10.497553641117534,-934.2822740594605,27.471898102643976
OPUSDT,300,120,20.0,48.0,0.502921890414226,203.0,-0.7911174958293786,13.087466245171532,-13.878583741000906,-2817.352499423184,8.885566469288042
OPUSDT,300,120,60.0,112.0,-3.561958816947552,336.0,-0.06812269933967857,12.811393900073366,-12.879516599413044,-4327.517577402783,6.497922970933166
OPUSDT,300,300,2.0,4.0,57.470697327019664,31.0,-9.5070911420062,13.843277214782757,-23.350368356788955,-723.8614190604576,57.633265478767925
OPUSDT,300,300,5.0,10.0,17.036949382052743,55.0,25.283116941325975,13.2872894871973,11.99582745412868,659.7705099770774,40.38937887370744
OPUSDT,300,300,20.0,38.0,14.378911639958835,135.0,1.4372889949528587,12.904167071754593,-11.466878076801736,-1548.0285403682344,16.35648932630132
OPUSDT,300,300,60.0,83.0,-5.037440169351039,216.0,-4.517705288868361,12.637976162671293,-17.15568145153965,-3705.6271935325644,8.711668867281732
OPUSDT,300,600,2.0,4.0,104.0053236042173,24.0,34.86750155753199,14.060028045824216,20.807473511707776,499.37936428098664,65.34002043413584
OPUSDT,300,600,5.0,10.0,38.04019408778153,40.0,48.90642447328114,13.571247426074265,35.33517704720687,1413.407081888275,49.02320867485669
OPUSDT,300,600,20.0,34.0,24.035523210344053,92.0,4.915926505728778,12.877437065802091,-7.961510560073313,-732.4589715267448,27.85872287543549
OPUSDT,300,600,60.0,63.0,-9.328219023498006,151.0,19.30159735011115,12.718114227769018,6.583483122342141,994.1059514736633,19.46362063826345
OPUSDT,300,1200,2.0,4.0,140.15705061622828,17.0,102.83369400778251,14.368390087250308,88.46530392053218,1503.9101666490471,112.75154428023
OPUSDT,300,1200,5.0,10.0,57.41238694081669,29.0,9.606950488268255,12.920451126018868,-3.313500637750611,-96.09151849476771,88.54772179871426
OPUSDT,300,1200,20.0,27.0,28.432539048922692,67.0,19.508329710129946,12.833208554225173,6.675121155904773,447.2331174456198,41.56413462233246
OPUSDT,300,1200,60.0,51.0,-13.096510462421005,105.0,22.008951346463856,12.656562432410764,9.352388914053096,982.000835975575,33.16234964670768
OPUSDT,300,2400,2.0,2.0,148.14511713318032,14.0,48.933230621518206,13.443733321047205,35.489497300471015,496.8529622065942,194.06577329395682
OPUSDT,300,2400,5.0,8.0,26.020017820972186,22.0,88.76444929555545,13.050447009230284,75.71400228632518,1665.7080502991541,75.2175687842213
OPUSDT,300,2400,20.0,24.0,46.4856380805571,54.0,6.816224473419055,12.753655599507326,-5.937431126088269,-320.6212808087665,37.46349761359052
OPUSDT,300,2400,60.0,42.0,-11.864286837034715,76.0,16.48762444888174,12.541133547034292,3.94649090184745,299.9333085404062,26.961886205073196
OPUSDT,300,4800,2.0,2.0,105.02101753950596,12.0,60.9080715526943,13.43951165847254,47.46855989422178,569.6227187306613,170.77961066742628
OPUSDT,300,4800,5.0,8.0,102.05311980467985,18.0,87.25150890741503,13.047683941408389,74.20382496600662,1335.6688493881193,115.38347130477547
OPUSDT,300,4800,20.0,21.0,42.93000676414139,36.0,28.039711580291154,12.596807689830932,15.44290389046022,555.9445400565679,64.33269477755614
OPUSDT,300,4800,60.0,34.0,12.712668286392399,49.0,-0.3848953749219695,12.636766895552432,-13.021662270474401,-638.0614512532457,33.181499832631495
OPUSDT,600,120,2.0,5.0,25.399370390939175,54.0,-9.746962719523651,13.768173545816284,-23.51513626533993,-1269.8173583283562,33.41511486555101
OPUSDT,600,120,5.0,11.0,12.725317505441991,75.0,-3.9883668087308872,13.785709385428584,-17.774076194159466,-1333.05571456196,24.41376925829133
OPUSDT,600,120,20.0,28.0,-5.209900486997602,141.0,0.4563678614480505,13.487623458263158,-13.031255596815107,-1837.4070391509301,13.7576219892767
OPUSDT,600,120,60.0,84.0,-5.846053227951768,294.0,1.1420765144185616,12.924174999140723,-11.78209848472216,-3463.936954508315,7.019877502380468
OPUSDT,600,300,2.0,5.0,73.37544371152168,35.0,27.38334979026865,13.27022551029699,14.11312427997166,493.95934979900807,80.36449961210207
OPUSDT,600,300,5.0,10.0,48.753052234952406,49.0,22.615462705542786,13.729401209614155,8.886061495928635,435.41701330050313,49.92717319468823
OPUSDT,600,300,20.0,24.0,11.749146425122001,94.0,0.5215828982364481,13.013530777046139,-12.491947878809697,-1174.2431006081115,20.362463991688344
OPUSDT,600,300,60.0,61.0,-1.257688652502051,186.0,-6.716173103888294,12.770454321920774,-19.48662742580907,-3624.512701200487,12.415919799177084
OPUSDT,600,600,2.0,5.0,80.78085746786164,21.0,40.33658291663837,13.920212025309597,26.416370891328764,554.7437887179041,97.85499420395877
OPUSDT,600,600,5.0,9.0,60.372362791580144,34.0,27.31408835568357,14.07374241232582,13.240345943357744,450.17176207416327,53.058421699838505
OPUSDT,600,600,20.0,21.0,22.169345427896747,62.0,8.001003368163712,13.081214517699772,-5.080211149536062,-314.97309127123583,32.37720739849468
OPUSDT,600,600,60.0,48.0,0.7916101110397603,131.0,11.087195122365063,12.768179545010131,-1.6809844226450654,-220.20895936650356,14.841067554352861
OPUSDT,600,1200,2.0,5.0,94.68304816863512,15.0,56.78438196131586,14.038096043956374,42.74628591735948,641.1942887603922,164.47811309184516
OPUSDT,600,1200,5.0,8.0,54.1009558156472,23.0,17.406784742635182,13.784642666465382,3.622142076169801,83.30926775190542,123.2769349001691
OPUSDT,600,1200,20.0,17.0,25.986362694427644,44.0,-5.326577476895614,12.872877161571061,-18.19945463846667,-800.7760040925334,53.07859288981599
OPUSDT,600,1200,60.0,41.0,-5.472569596951349,94.0,2.569534507026722,12.662745722536123,-10.093211215509402,-948.7618542578838,28.498790894051254
OPUSDT,600,2400,2.0,4.0,97.52548154895511,12.0,35.95923350505763,14.06060266226841,21.898630842789213,262.78357011347055,167.83951187457677
OPUSDT,600,2400,5.0,7.0,42.89102477126721,18.0,88.02707743628632,13.659168898320148,74.36790853796616,1338.6223536833909,96.019962789013
OPUSDT,600,2400,20.0,16.0,25.05040659316316,37.0,18.598425071566382,12.678534274096041,5.919890797470342,219.03595950640263,50.25992962500593
OPUSDT,600,2400,60.0,33.0,-5.5843873579671,70.0,-3.7765826386218433,12.829634415052213,-16.606217053674055,-1162.435193757184,28.434725842435075
OPUSDT,600,4800,2.0,4.0,146.33961017398056,10.0,85.89864717790775,14.35605617961166,71.54259099829606,715.4259099829607,126.12860307279684
OPUSDT,600,4800,5.0,6.0,91.33049932025669,14.0,122.76237764753292,13.982071123543266,108.78030652398967,1522.9242913358553,148.19288307123315
OPUSDT,600,4800,20.0,13.0,49.38522762352339,27.0,41.328703622707366,12.616518562241057,28.7121850604663,775.2289966325901,65.85462809677828
OPUSDT,600,4800,60.0,27.0,30.442763739783874,50.0,1.9685111996883036,12.608791279887809,-10.64028008019951,-532.0140040099755,39.62344240064499
OPUSDT,1200,120,2.0,6.0,34.76619288081345,65.0,6.48281568558699,13.676261734606843,-7.19344604901986,-467.5739931862909,33.85463258717945
OPUSDT,1200,120,5.0,11.0,11.65405586947415,85.0,15.088489067470956,13.349591706480279,1.7388973609906777,147.8062756842076,15.315775668203464
OPUSDT,1200,120,20.0,27.0,-5.867607172850332,149.0,10.978767307453138,13.201356361060117,-2.222589053606983,-331.16576898744046,12.62543411068219
OPUSDT,1200,120,60.0,75.0,-1.82562909550695,252.0,1.044590577444414,12.885105594445003,-11.84051501700059,-2983.8097842841485,7.542470917425953
OPUSDT,1200,300,2.0,6.0,85.40985950431933,40.0,43.27706881583674,13.473856588321667,29.80321222751507,1192.1284891006028,47.98289357399672
OPUSDT,1200,300,5.0,8.0,56.25067734796271,48.0,24.573354112219846,13.097485772833371,11.475868339386482,550.8416802905512,41.012778527644535
OPUSDT,1200,300,20.0,21.0,5.050101052599388,87.0,20.83712019528255,12.934006043033804,7.903114152248741,687.5709312456405,21.325141284435002
OPUSDT,1200,300,60.0,53.0,0.08413802700674969,152.0,13.336566597230501,12.98640428838467,0.35016230884583055,53.22467094456624,14.328716499318487
OPUSDT,1200,600,2.0,6.0,117.50068422339365,32.0,65.08149436242425,13.922449568234155,51.1590447941901,1637.0894334140833,59.40196374255526
OPUSDT,1200,600,5.0,7.0,71.33400242299338,36.0,31.882721646907626,13.16224492279673,18.72047672411089,673.937162067992,47.05176064240873
OPUSDT,1200,600,20.0,18.0,17.947527333401617,63.0,35.86870714846836,13.078287323606762,22.790419824861594,1435.7964489662804,43.74567472519675
OPUSDT,1200,600,60.0,41.0,5.673978827418384,113.0,16.431680064279583,12.925417908975628,3.506262155303955,396.2076235493469,22.815836118620417
OPUSDT,1200,1200,2.0,6.0,135.16846663034573,21.0,104.46273141357794,14.0129569983894,90.44977441518854,1899.4452627189594,101.94698265459489
OPUSDT,1200,1200,5.0,7.0,49.281165417953794,24.0,78.70346242167356,13.437016001527091,65.26644642014647,1566.3947140835153,91.02996675469758
OPUSDT,1200,1200,20.0,14.0,-0.8891189593984775,42.0,39.925610943592005,12.7818123350293,27.143798608562705,1140.0395415596336,67.6329406647337
OPUSDT,1200,1200,60.0,33.0,12.588133961595844,76.0,13.56305574461733,12.877770995875217,0.6852847487421116,52.08164090440049,34.812038370722654
OPUSDT,1200,2400,2.0,4.0,157.9489834942463,16.0,49.17028665182898,13.279063953975061,35.89122269785391,574.2595631656626,179.0979724084664
OPUSDT,1200,2400,5.0,5.0,38.00665405539671,18.0,43.190088020466646,12.581753537917065,30.60833448254958,550.9500206858925,144.91771908931233
OPUSDT,1200,2400,20.0,11.0,-39.169313831499046,35.0,16.44077470033148,12.717328078121483,3.723446622210001,130.32063177735003,111.37240897942264
OPUSDT,1200,2400,60.0,28.0,17.792164863996046,56.0,11.651258525065682,12.88389877055168,-1.232640245485996,-69.02785374721577,33.27797414827875
OPUSDT,1200,4800,2.0,3.0,125.16734275644704,13.0,52.406646432459326,13.373659414423104,39.03298701803622,507.42883123447086,136.75534352204406
OPUSDT,1200,4800,5.0,4.0,75.63545452559194,14.0,68.7726251219805,12.576655606554583,56.19596951542591,786.7435732159627,150.65306440032685
OPUSDT,1200,4800,20.0,8.0,38.52296851261525,25.0,125.92767666039443,12.848687429859181,113.07898923053523,2826.9747307633806,72.99860898037835
OPUSDT,1200,4800,60.0,24.0,40.87423561129609,38.0,12.69190135237227,12.807908127687268,-0.11600677531500474,-4.40825746197018,64.51211147205615
OPUSDT,2400,120,2.0,3.0,39.43451409038961,64.0,7.749709671928568,13.575756377158577,-5.826046705230008,-372.8669891347205,21.750171596987826
OPUSDT,2400,120,5.0,5.0,-25.88933299551909,71.0,-12.283939380847027,13.558931371566416,-25.84287075241344,-1834.8438234213543,24.08997085282364
OPUSDT,2400,120,20.0,18.0,-8.89554242666852,141.0,-0.7709212178477332,13.269950422611535,-14.040871640459269,-1979.762901304757,16.00695077276736
OPUSDT,2400,120,60.0,64.0,-0.8526078394841887,232.0,0.2963877984070913,13.056368046621385,-12.759980248214294,-2960.315417585716,7.720383920744304
OPUSDT,2400,300,2.0,2.0,94.43660295310565,34.0,24.37092065716609,13.624059316408673,10.746861340757416,365.39328558575215,36.849477128399386
OPUSDT,2400,300,5.0,4.0,43.14316077079788,37.0,11.535706094090157,13.279486455908481,-1.7437803618183185,-64.51987338727778,27.46250477092927
OPUSDT,2400,300,20.0,11.0,31.6138732806028,77.0,8.253670878158568,13.18253809313298,-4.928867214974414,-379.5227755530299,24.527548016369202
OPUSDT,2400,300,60.0,40.0,19.191947094810434,125.0,-2.7235615617319557,12.996385290994066,-15.719946852726018,-1964.9933565907522,18.660693399549796
OPUSDT,2400,600,2.0,2.0,124.26719069703874,24.0,44.33767447503423,13.7960138432967,30.54166063173754,732.9998551617009,97.6184689095461
OPUSDT,2400,600,5.0,4.0,68.5368379910352,26.0,2.666525794059718,13.375565457574464,-10.709039663514746,-278.4350312513834,44.39992922308588
OPUSDT,2400,600,20.0,8.0,36.58112672878917,52.0,-11.423894034994666,12.745157078808708,-24.16905111380337,-1256.7906579177752,36.623613625829066
OPUSDT,2400,600,60.0,30.0,27.697896092354494,88.0,-6.114405444909243,12.7914312692201,-18.90583671412934,-1663.713630843382,24.478059499586386
OPUSDT,2400,1200,2.0,2.0,133.102169196742,18.0,108.820204332843,14.043757191136391,94.77644714170663,1705.9760485507193,156.28404443050894
OPUSDT,2400,1200,5.0,4.0,96.74852299497815,18.0,94.75475176896231,13.625883559140245,81.12886820982206,1460.319627776797,122.99140859067134
OPUSDT,2400,1200,20.0,7.0,23.24756015140925,38.0,27.720962036698598,12.807939967331658,14.913022069366946,566.6948386359439,51.21052735792683
OPUSDT,2400,1200,60.0,23.0,7.009957926752844,64.0,30.09621483423205,12.890953525613039,17.205261308619008,1101.1367237516165,37.47204113404977
OPUSDT,2400,2400,2.0,1.0,124.85706738449736,12.0,-109.59553219779299,13.36739599881419,-122.9629281966072,-1475.5551383592863,279.0470658275349
OPUSDT,2400,2400,5.0,3.0,115.40777222846809,12.0,-81.3984984119228,13.35992443258469,-94.75842284450745,-1137.1010741340895,227.93455803801606
OPUSDT,2400,2400,20.0,6.0,65.80400458154067,25.0,25.98333539579496,12.684325037783283,13.299010358011671,332.4752589502918,75.21409089435096
OPUSDT,2400,2400,60.0,18.0,44.52071564244354,44.0,20.51843109097224,12.85760125860427,7.660829832367966,337.0765126241905,44.73644467897568
OPUSDT,2400,4800,2.0,1.0,-13.509452949093085,9.0,6.093576303646753,13.40268730904086,-7.309111005394111,-65.781999048547,195.65030754333011
OPUSDT,2400,4800,5.0,2.0,119.02028817115414,9.0,9.08174117767089,13.529018415635932,-4.447277237965045,-40.025495141685404,169.3823158887823
OPUSDT,2400,4800,20.0,4.0,79.28045312513376,18.0,114.66844250721667,12.62531438907902,102.04312811813764,1836.7763061264775,87.14654183889583
OPUSDT,2400,4800,60.0,15.0,82.3605502108239,36.0,53.8397305107399,12.67183142207597,41.16789908866394,1482.0443671919018,52.032000811810974
SOLUSDT,120,120,2.0,9.0,-16.826901345657138,75.0,-5.579649436613318,12.790008362686692,-18.369657799300004,-1377.7243349475004,23.207302697868794
SOLUSDT,120,120,5.0,21.0,-13.449618266347837,112.0,-3.444107358360919,12.644514667368027,-16.088622025728945,-1801.9256668816417,15.188746905579805
SOLUSDT,120,120,20.0,66.0,-12.186469961712481,232.0,-2.497002456137546,12.468587509974002,-14.965589966111548,-3472.016872137879,8.006824297373274
SOLUSDT,120,120,60.0,156.0,-8.403728727467715,491.0,2.1955531837723545,12.291235695072558,-10.095682511300202,-4956.980113048399,6.062191525680188
SOLUSDT,120,300,2.0,9.0,16.261899711271806,48.0,20.440051153475753,12.996131883386589,7.443919270089168,357.30812496428007,44.327180090439164
SOLUSDT,120,300,5.0,19.0,10.159280702137073,73.0,3.1979492465562913,12.677717458247539,-9.479768211691246,-692.0230794534609,33.20729559173094
SOLUSDT,120,300,20.0,51.0,-2.6407895820249836,152.0,-5.1331779595839135,12.364978199537365,-17.49815615912128,-2659.7197361864346,14.145014232983918
SOLUSDT,120,300,60.0,114.0,-11.007902659810082,309.0,-1.367287724848413,12.262191529064403,-13.629479253912816,-4211.50908945906,7.90280349634797
SOLUSDT,120,600,2.0,9.0,22.069474183816666,37.0,-5.581056822014748,12.889100485957991,-18.470157307972745,-683.3958203949916,63.13392114044204
SOLUSDT,120,600,5.0,18.0,6.920089961394581,54.0,10.15388288270833,12.558562699438298,-2.4046798167299666,-129.8527101034182,40.5275111999905
SOLUSDT,120,600,20.0,44.0,-4.204800577630982,106.0,2.4375168103322418,12.362872298399926,-9.925355488067687,-1052.0876817351748,19.855217749069013
SOLUSDT,120,600,60.0,91.0,-4.485829102486804,215.0,-2.7855904682606196,12.237166261424868,-15.022756729685483,-3229.892696882379,11.272501402675605
SOLUSDT,120,1200,2.0,9.0,27.217402828542518,26.0,-47.91296826495339,13.097173870612885,-61.01014213556626,-1586.2636955247228,60.93128723462748
SOLUSDT,120,1200,5.0,16.0,4.349153067894376,41.0,-39.34285218638435,12.376465016787387,-51.719317203171734,-2120.492005330041,60.290201179150586
SOLUSDT,120,1200,20.0,36.0,-7.531267502154143,74.0,26.236161397589143,12.383807459019321,13.852353938569818,1025.0741914541666,33.18216945017536
SOLUSDT,120,1200,60.0,75.0,1.592538488647876,149.0,9.572816824109264,12.23159965885132,-2.6587828347420523,-396.1586423765658,17.98177043658253
SOLUSDT,120,2400,2.0,7.0,25.199614057878204,20.0,-40.94201996020009,13.31259794187066,-54.254617902070756,-1085.092358041415,134.77321255876507
SOLUSDT,120,2400,5.0,13.0,-18.493756421943434,32.0,32.920791651001934,12.419206390240882,20.501585260761054,656.0507283443537,51.060048945137574
SOLUSDT,120,2400,20.0,32.0,-4.213748256104574,57.0,43.329500891469685,12.288531424236986,31.0409694672327,1769.3352596322638,49.01087235548525
SOLUSDT,120,2400,60.0,58.0,5.344306546704632,96.0,9.004093476654456,12.171004598110512,-3.1669111214560615,-304.0234676597819,29.178802192221195
SOLUSDT,120,4800,2.0,7.0,36.876180450319715,17.0,-73.67639763891589,13.300500909563855,-86.97689854847974,-1478.6072753241556,138.49458154299177
SOLUSDT,120,4800,5.0,12.0,-19.711380945136934,26.0,-13.171762903872706,12.461326083099324,-25.633088986972034,-666.4603136612728,81.40445886157656
SOLUSDT,120,4800,20.0,26.0,-17.230148958327355,42.0,72.93366443661381,12.343892152097427,60.58977228451636,2544.770435949687,79.01445863641457
SOLUSDT,120,4800,60.0,48.0,-1.6742587732810277,62.0,12.324176795676282,12.245025011474693,0.07915178420159047,4.907410620498609,52.917701973893166
SOLUSDT,300,120,2.0,5.0,-22.786477720220333,54.0,24.338040715876787,12.706986771963741,11.631053943913049,628.0769129713046,54.154670586196566
SOLUSDT,300,120,5.0,12.0,-7.150323277256981,84.0,10.434048718072088,12.909242533295762,-2.475193815223671,-207.91628047878837,32.103025561804564
SOLUSDT,300,120,20.0,49.0,-4.0425767227746885,191.0,-3.5053967712280887,12.379335950193681,-15.88473272142177,-3033.983949791558,11.654815690452093
SOLUSDT,300,120,60.0,113.0,-5.22541102969258,317.0,-1.24682157211571,12.35218592707588,-13.59900749919159,-4310.885377243734,7.861485937274124
SOLUSDT,300,300,2.0,4.0,23.25063275229565,32.0,-14.718067445373404,12.685370006963625,-27.403437452337037,-876.9099984747852,47.7134800585378
SOLUSDT,300,300,5.0,10.0,20.404727073336847,51.0,-15.35978306029279,12.596546201145037,-27.95632926143783,-1425.7727923333293,35.797708344585494
SOLUSDT,300,300,20.0,39.0,8.321237351905516,126.0,6.885133297270703,12.372862422315778,-5.487729125045075,-691.4538697556794,14.636532078099306
SOLUSDT,300,300,60.0,81.0,-5.704559337730872,205.0,-3.465633737413313,12.282016730024308,-15.747650467437625,-3228.268345824713,10.279280981857719
SOLUSDT,300,600,2.0,4.0,35.324515310007236,25.0,57.22621207611964,12.652931789097812,44.57328028702184,1114.3320071755459,76.20968511517573
SOLUSDT,300,600,5.0,10.0,12.56991174994304,39.0,59.11507944487066,12.711141936994471,46.40393750787619,1809.7535628071716,53.223549590619804
SOLUSDT,300,600,20.0,35.0,7.521893027098049,84.0,20.19378128640453,12.247313182600573,7.94646810380396,667.5033207195327,31.256620512513255
SOLUSDT,300,600,60.0,64.0,-9.25997224121292,143.0,20.67762981368835,12.322858404209024,8.354771409479328,1194.732311555544,23.772190428071582
SOLUSDT,300,1200,2.0,4.0,49.99379267615277,18.0,23.34015811864395,12.339294703387509,11.000863415256445,198.01554147461601,84.32951135163124
SOLUSDT,300,1200,5.0,10.0,25.49809491133648,28.0,-21.53345454348719,12.644664385859782,-34.17811892934698,-956.9873300217154,88.84845390389029
SOLUSDT,300,1200,20.0,28.0,11.3481877633269,61.0,11.357024556127769,12.201185394637866,-0.844160838510095,-51.4938111491158,53.20568989228879
SOLUSDT,300,1200,60.0,52.0,-8.237932080679508,101.0,28.333615621779014,12.277379391574245,16.05623623020476,1621.679859250681,34.44713239285866
SOLUSDT,300,2400,2.0,2.0,0.4598417920438651,15.0,50.50406352712077,12.344444458180503,38.15961906894027,572.3942860341041,187.00935327012036
SOLUSDT,300,2400,5.0,8.0,0.8428270552596111,22.0,66.07753120362673,12.809695227873931,53.267835975752796,1171.8923914665615,67.26944461258032
SOLUSDT,300,2400,20.0,25.0,20.05853038149821,49.0,31.804509072168855,12.104244974337886,19.700264097830967,965.3129407937174,48.565845509541994
SOLUSDT,300,2400,60.0,43.0,-9.588326724317534,73.0,39.36492911542251,12.348890402414606,27.016038713007905,1972.170826049577,39.12680960860733
SOLUSDT,300,4800,2.0,2.0,-84.83524410301243,12.0,-22.95656966980688,12.370876265827961,-35.32744593563485,-423.92935122761816,175.8778098274357
SOLUSDT,300,4800,5.0,8.0,29.81239188407841,18.0,-5.893074495546111,12.758429306013127,-18.651503801559233,-335.7270684280662,99.94412033798457
SOLUSDT,300,4800,20.0,22.0,3.193203481002473,34.0,55.88181646298377,12.205627425849158,43.6761890371346,1484.9904272625763,85.58434254337686
SOLUSDT,300,4800,60.0,35.0,9.82455076107524,47.0,29.650406664204958,12.244703615278386,17.405703048926572,818.0680432995489,78.54917374118874
SOLUSDT,600,120,2.0,5.0,8.279355343421411,53.0,4.650935827718048,12.847956856677447,-8.197021028959401,-434.4421145348483,37.86910440597547
SOLUSDT,600,120,5.0,10.0,-0.9220808841824578,70.0,7.847069983876663,12.684999028648377,-4.837929044771711,-338.65503313401973,34.42082184121197
SOLUSDT,600,120,20.0,28.0,-15.564434442481033,137.0,-5.621237202261789,12.459861506454926,-18.081098708716716,-2477.1105230941903,12.805128961157578
SOLUSDT,600,120,60.0,84.0,-2.4943018379202804,281.0,2.5704121712910157,12.402675499392618,-9.832263328101606,-2762.865995196551,6.74066365557196
SOLUSDT,600,300,2.0,5.0,42.2211046944291,34.0,45.45716402158806,13.21455242239967,32.242611599188386,1096.2487943724052,106.86577569519699
SOLUSDT,600,300,5.0,9.0,20.425985669444145,45.0,24.663686840532772,13.078120563944767,11.585566276588008,521.3504824464603,39.85225811834326
SOLUSDT,600,300,20.0,24.0,2.341308899125886,90.0,5.742721621393945,12.362271873975367,-6.619550252581414,-595.7595227323272,17.742979457871815
SOLUSDT,600,300,60.0,61.0,1.8178503202561083,176.0,4.497227217505157,12.315834824285337,-7.818607606780182,-1376.074938793312,11.136766801232431
SOLUSDT,600,600,2.0,5.0,18.21537424128929,21.0,45.22027365810051,12.997124650590942,32.223149007509576,676.6861291577011,102.64695252646833
SOLUSDT,600,600,5.0,8.0,9.837579074767543,31.0,33.41817192377415,12.756022009055721,20.662149914718416,640.5266473562709,67.56333718669862
SOLUSDT,600,600,20.0,21.0,-0.04010051368158651,59.0,20.049341949317718,12.326464202982272,7.722877746335449,455.6497870337915,36.135679158286706
SOLUSDT,600,600,60.0,48.0,5.637894633717321,124.0,20.682611416146738,12.308319923015246,8.374291493131489,1038.4121451483047,18.302576466356022
SOLUSDT,600,1200,2.0,5.0,29.88988181842668,15.0,-25.219896104951378,13.312158606004477,-38.53205471095586,-577.9808206643379,157.82771581205634
SOLUSDT,600,1200,5.0,7.0,16.2900321398326,22.0,-32.5933889615601,12.917869565464583,-45.51125852702467,-1001.2476875945428,125.88240657465995
SOLUSDT,600,1200,20.0,16.0,15.990528542782064,42.0,-16.358677050080015,12.303918654678407,-28.662595704758413,-1203.8290195998534,55.03415545669599
SOLUSDT,600,1200,60.0,41.0,-3.8673067850181364,91.0,35.292947810641664,12.269584007402518,23.02336380323914,2095.126106094762,34.517829908300754
SOLUSDT,600,2400,2.0,4.0,11.768235081681667,12.0,-17.552490353716085,13.07223906390922,-30.624729417625314,-367.49675301150376,154.1543461483379
SOLUSDT,600,2400,5.0,7.0,0.7494694718681506,17.0,52.513994203174796,12.903865488297095,39.61012871487771,673.3721881529211,84.24875416842679
SOLUSDT,600,2400,20.0,14.0,-13.99486553831289,36.0,44.90131061815552,12.403673504808088,32.497637113347416,1169.914936080507,48.91285589369381
SOLUSDT,600,2400,60.0,33.0,4.352010598702915,68.0,24.220702019683586,12.26121749995867,11.959484519724912,813.244947341294,37.67973116397244
SOLUSDT,600,4800,2.0,4.0,17.8902678161663,10.0,-31.63180218659045,13.13911259063033,-44.77091477722078,-447.7091477722078,185.3153275044123
SOLUSDT,600,4800,5.0,6.0,-7.162608647959755,13.0,-25.08907479004068,13.03729316434337,-38.126367954384044,-495.6427834069926,146.92523195312083
SOLUSDT,600,4800,20.0,11.0,-16.12254450170036,27.0,36.48604570860688,12.197762252998807,24.28828345560806,655.7836533014176,88.10970216454628
SOLUSDT,600,4800,60.0,27.0,26.963728057403713,46.0,8.122048039980326,12.198485227896354,-4.076437187916029,-187.51611064413734,73.4738832063693
SOLUSDT,1200,120,2.0,4.0,1.9770617904412298,61.0,2.9895528811303165,12.889521014249512,-9.899968133119197,-603.898056120271,34.4869450092795
SOLUSDT,1200,120,5.0,11.0,1.023920966278836,80.0,0.32369947478140554,12.594092077724104,-12.270392602942696,-981.6314082354157,22.6159123251782
SOLUSDT,1200,120,20.0,26.0,-10.116591628809733,141.0,0.2830434574698435,12.482753546945526,-12.199710089475682,-1720.159122616071,16.81999420718916
SOLUSDT,1200,120,60.0,75.0,-5.8898197570195885,244.0,0.3287191988943013,12.366001494707517,-12.037282295813217,-2937.0968801784247,6.830142167971356
SOLUSDT,1200,300,2.0,4.0,56.590569796147925,37.0,30.307389576458707,12.728382276597156,17.57900729986155,650.4232700948774,48.87209096712424
SOLUSDT,1200,300,5.0,8.0,34.01238269080409,47.0,18.632155516532123,12.370629676211601,6.261525840320521,294.2917144950645,34.12851097533769
SOLUSDT,1200,300,20.0,20.0,6.558356595400925,82.0,6.305313180216531,12.4059680616649,-6.10065488144837,-500.25370027876636,20.06522303166616
SOLUSDT,1200,300,60.0,52.0,-0.9779170952791295,144.0,4.466817138213541,12.439106342044745,-7.9722892038312,-1148.0096453516928,15.271890693831672
SOLUSDT,1200,600,2.0,4.0,59.95970758415616,29.0,42.06705545519374,12.726198164467702,29.340857290726035,850.884861431055,57.814277710766255
SOLUSDT,1200,600,5.0,7.0,49.51734764565725,36.0,41.830247650979615,12.51302202413646,29.317225626843154,1055.4201225663535,67.270865921616
SOLUSDT,1200,600,20.0,17.0,3.498333119857791,60.0,41.52057859261412,12.531783728345667,28.98879486426844,1739.3276918561064,57.824957277140165
SOLUSDT,1200,600,60.0,40.0,1.7158074638528462,107.0,13.233318659037653,12.338221155359912,0.8950975036777429,95.77543289351848,24.854554318873667
SOLUSDT,1200,1200,2.0,4.0,60.0347298711514,19.0,94.83648686056719,12.649192929706578,82.18729393086062,1561.5585846863517,85.47398882963033
SOLUSDT,1200,1200,5.0,7.0,35.46908658158072,24.0,42.61671277855294,12.543206593513867,30.07350618503908,721.7641484409379,76.16854226721937
SOLUSDT,1200,1200,20.0,13.0,-11.647658451380293,38.0,14.813413669469421,12.412770003888605,2.4006436655808194,91.22445929207115,57.4826277524392
SOLUSDT,1200,1200,60.0,32.0,-5.3795943607675145,74.0,7.636967878314846,12.228388361531715,-4.591420483216871,-339.76511575804847,26.67874494927594
SOLUSDT,1200,2400,2.0,3.0,40.77050110032717,15.0,21.538174600278964,12.633823609382652,8.904350990896296,133.56526486344444,195.59333547848368
SOLUSDT,1200,2400,5.0,5.0,13.904541268838774,18.0,-57.621234509291654,12.431494443210479,-70.05272895250214,-1260.9491211450384,192.17207997279874
SOLUSDT,1200,2400,20.0,11.0,-42.51158148079242,32.0,-27.60198564124917,12.292928816951669,-39.89491445820083,-1276.6372626624266,135.7732151711574
SOLUSDT,1200,2400,60.0,26.0,5.55466991324512,56.0,0.5838005739749613,12.289914007909392,-11.706113433934425,-655.5423523003278,35.87786564121422
SOLUSDT,1200,4800,2.0,3.0,-4.4941119993180125,12.0,91.03483466169358,12.616091610428283,78.4187430512653,941.0249166151835,233.1956109496366
SOLUSDT,1200,4800,5.0,4.0,-9.100741434020861,14.0,-55.24732703957567,12.36459502736832,-67.611922066944,-946.566908937216,193.1713746856453
SOLUSDT,1200,4800,20.0,8.0,-22.594112853068427,23.0,15.685824179462472,12.260980941699758,3.4248432377627127,78.7713944685424,73.71368529121472
SOLUSDT,1200,4800,60.0,22.0,31.031742921661234,36.0,-47.857265262351284,12.239479173443334,-60.09674443579461,-2163.482799688606,56.72245409900497
SOLUSDT,2400,120,2.0,3.0,2.777709445917342,61.0,-8.757243041395856,12.864300123081795,-21.621543164477664,-1318.9141330331374,35.3290557238998
SOLUSDT,2400,120,5.0,5.0,-14.282191960355144,69.0,-19.074211446313264,13.016235870529995,-32.09044731684326,-2214.240864862185,34.75208895081146
SOLUSDT,2400,120,20.0,18.0,-11.996556248319129,132.0,-2.5228871862889815,12.504891905078535,-15.02777909136752,-1983.6668400605126,18.64245429217319
SOLUSDT,2400,120,60.0,65.0,0.6544616113483487,213.0,3.3729661027378612,12.461394796444937,-9.088428693707076,-1935.835311759607,9.441400224256222
SOLUSDT,2400,300,2.0,2.0,32.413404895532196,33.0,8.817653453635096,12.69158088712812,-3.8739274334930265,-127.83960530526987,39.86022092545091
SOLUSDT,2400,300,5.0,4.0,40.18722375345317,38.0,3.4980871561967297,12.568691920851066,-9.070604764654338,-344.68298105686483,34.13331349077581
SOLUSDT,2400,300,20.0,11.0,8.970208871202997,72.0,-0.7194234362499196,12.29930687802402,-13.018730314273942,-937.3485826277238,29.118725260198307
SOLUSDT,2400,300,60.0,40.0,11.81284838148593,115.0,3.4104801032492436,12.415082612730751,-9.00460250948151,-1035.5292885903737,20.049181701725217
SOLUSDT,2400,600,2.0,2.0,50.94306919944731,23.0,66.58726150310413,13.250355475376493,53.336906027727636,1226.7488386377356,131.891409770633
SOLUSDT,2400,600,5.0,4.0,51.14921627298711,26.0,12.43254743224338,12.632620017999555,-0.2000725857561747,-5.201887229660542,49.883519863716664
SOLUSDT,2400,600,20.0,8.0,-2.6298862477414224,49.0,-15.556443783395698,12.318512365661142,-27.874956149056835,-1365.872851303785,43.9354230605748
SOLUSDT,2400,600,60.0,29.0,19.395060153287062,84.0,8.434689945909131,12.487770965578367,-4.0530810196692375,-340.458805652216,24.995005294763587
SOLUSDT,2400,1200,2.0,2.0,57.49072492842629,18.0,80.74799224318541,13.22414025134838,67.52385199183705,1215.429335853067,138.40646549259097
SOLUSDT,2400,1200,5.0,4.0,77.13847318658571,18.0,57.20764058935284,12.48617992326142,44.72146066609142,804.9862919896456,79.41014696533668
SOLUSDT,2400,1200,20.0,8.0,11.498413106202491,35.0,1.980122494385108,12.296010462420178,-10.315887968035065,-361.0560788812273,51.20444377929566
SOLUSDT,2400,1200,60.0,22.0,15.143100666257702,62.0,27.6136952094238,12.44483373553439,15.16886147388941,940.4694113811433,34.30829652236686
SOLUSDT,2400,2400,2.0,1.0,-22.641624621358375,12.0,-222.41606631512673,12.718965897389872,-235.13503221251665,-2821.6203865502,313.80707912837374
SOLUSDT,2400,2400,5.0,3.0,66.23131431343838,12.0,-160.14728507489482,12.307068994834209,-172.45435406972902,-2069.4522488367484,207.9337384685623
SOLUSDT,2400,2400,20.0,6.0,97.05776220650723,23.0,-10.937770913735504,12.1776289548659,-23.115399868601408,-531.6541969778324,87.41084099214123
SOLUSDT,2400,2400,60.0,18.0,36.22459159279323,42.0,20.583454328724585,12.296212665692503,8.287241663032088,348.06414984734766,57.63347127236682
SOLUSDT,2400,4800,2.0,1.0,-68.84867889831054,9.0,-166.04946979196282,12.651981363426394,-178.70145115538924,-1608.313060398503,218.20899712864255
SOLUSDT,2400,4800,5.0,2.0,112.17012634282446,9.0,-159.78329665436144,12.29983436567321,-172.0831310200347,-1548.7481791803123,200.12087207835108
SOLUSDT,2400,4800,20.0,4.0,117.64222711965107,16.0,39.35974637189079,12.178881017252458,27.18086535463835,434.8938456742136,112.31164461494282
SOLUSDT,2400,4800,60.0,16.0,57.106350979543436,34.0,53.626601711622705,12.346991626620584,41.279610085002126,1403.5067428900722,64.00851279312916
UNIUSDT,120,120,2.0,9.0,-2.2437374763469995,72.0,-15.074004911333917,15.848670000107072,-30.92267491144098,-2226.4325936237506,30.189670875874285
UNIUSDT,120,120,5.0,20.0,-11.241987785218576,111.0,-7.047883583640515,15.22073287010267,-22.268616453743178,-2471.8164263654926,21.429608364470205
UNIUSDT,120,120,20.0,65.0,-12.863253100537008,247.0,-9.942126155542354,14.781548514836249,-24.723674670378607,-6106.747643583516,9.82790156198971
UNIUSDT,120,120,60.0,165.0,-11.557649587737446,509.0,-1.9798512410038362,14.509845181677315,-16.489696422681153,-8393.255479144707,5.728136340224871
UNIUSDT,120,300,2.0,9.0,41.52509990637587,44.0,11.323546385505479,15.248807089248077,-3.9252607037425946,-172.71147096467416,33.548976608198885
UNIUSDT,120,300,5.0,18.0,17.045959366523608,71.0,-4.454110034211157,14.966009195524402,-19.42011922973556,-1378.8284653112246,29.294491179300387
UNIUSDT,120,300,20.0,51.0,2.9316491848698067,161.0,-1.2048377667533756,14.5511657234041,-15.756003490157472,-2536.716561915353,16.471248167264672
UNIUSDT,120,300,60.0,119.0,-13.011201899228364,325.0,-4.171241417064435,14.375697684068276,-18.546939101132715,-6027.755207868132,9.047603081492245
UNIUSDT,120,600,2.0,9.0,53.77847439069298,35.0,-11.266835750961576,14.787915106715715,-26.054750857677295,-911.9162800187053,58.254106074163495
UNIUSDT,120,600,5.0,17.0,21.740155077294986,53.0,22.881061385439022,15.171041071993438,7.710020313445587,408.6310766126161,38.45541940927755
UNIUSDT,120,600,20.0,43.0,-9.341265163828085,114.0,10.44328160105936,14.404283853362896,-3.961002252303535,-451.554256762603,22.06562332090559
UNIUSDT,120,600,60.0,94.0,-1.145004536181916,224.0,-12.15507362448592,14.213471475085433,-26.36854509957135,-5906.554102303982,15.250419525106967
UNIUSDT,120,1200,2.0,9.0,41.997691690052875,26.0,-15.295967338499208,15.235352755914821,-30.53132009441403,-793.8143224547648,68.07827993939024
UNIUSDT,120,1200,5.0,15.0,2.117558630134835,39.0,-6.031363528081728,14.984619573832592,-21.015983101914316,-819.6233409746583,72.15310065000519
UNIUSDT,120,1200,20.0,34.0,-9.134448493233121,78.0,41.3579821884083,14.276975898725977,27.081006289682318,2112.3184905952207,34.888620860463114
UNIUSDT,120,1200,60.0,78.0,10.448471077662234,153.0,6.736105431328344,14.167783404162616,-7.431677972834276,-1137.0467298436442,22.492480768982738
UNIUSDT,120,2400,2.0,7.0,41.2110716953635,20.0,-13.112793482024092,15.264732186037145,-28.377525668061253,-567.5505133612251,132.88670037995993
UNIUSDT,120,2400,5.0,13.0,-14.975259515563446,30.0,19.539004019580496,14.728808806247576,4.810195213332917,144.3058563999875,73.19588872342752
UNIUSDT,120,2400,20.0,31.0,23.551526840190103,61.0,67.17686868766548,14.350374232272374,52.8264944553931,3222.416161778979,46.07855265634224
UNIUSDT,120,2400,60.0,63.0,65.53846990349551,102.0,9.739217965966537,14.148120567928466,-4.408902601961923,-449.7080654001162,32.41536210097842
UNIUSDT,120,4800,2.0,7.0,-23.674790048550584,17.0,-60.67804937960749,15.230842784075973,-75.90889216368346,-1290.4511667826189,154.639125531612
UNIUSDT,120,4800,5.0,12.0,-36.46936122967336,25.0,0.1426781353900651,14.852264510544794,-14.709586375154728,-367.7396593788682,119.08994127430738
UNIUSDT,120,4800,20.0,26.0,15.006008965414795,43.0,107.37265594360119,14.295683654744245,93.07697228885695,4002.309808420849,87.88953689757078
UNIUSDT,120,4800,60.0,51.0,135.02903609392877,65.0,3.9858679428872934,14.315404757248855,-10.329536814361564,-671.4198929335016,64.95988881650445
UNIUSDT,300,120,2.0,5.0,-2.965140113396393,54.0,3.953908387429717,16.17096831613218,-12.217059928702461,-659.7212361499329,38.89195803082322
UNIUSDT,300,120,5.0,12.0,-2.599405928398698,85.0,3.0509475680901708,15.22203707225673,-12.17108950416656,-1034.5426078541575,26.72555742865703
UNIUSDT,300,120,20.0,45.0,0.17350710378743264,194.0,0.48476630932015174,14.859152156800073,-14.374385847479921,-2788.630854411105,11.814387690969058
UNIUSDT,300,120,60.0,117.0,4.118155310408958,328.0,-0.49201124603486457,14.568920506764776,-15.06093175279964,-4939.9856149182815,7.373193912740532
UNIUSDT,300,300,2.0,4.0,34.01265991723895,32.0,4.488889729705144,15.366347444287685,-10.877457714582539,-348.07864686664124,45.17408533405779
UNIUSDT,300,300,5.0,10.0,30.671241037202652,53.0,9.040019961560967,15.434701703720956,-6.394681742159982,-338.918132334479,34.941324112937295
UNIUSDT,300,300,20.0,36.0,24.77058259666165,126.0,3.5350848012137552,14.944393764486344,-11.409308963272588,-1437.5729293723462,14.403413904596064
UNIUSDT,300,300,60.0,86.0,1.4780419589023512,213.0,1.0007093419399125,14.449643970032085,-13.448934628092173,-2864.623075783633,10.877221902683202
UNIUSDT,300,600,2.0,4.0,49.381708743742976,25.0,29.415151899245597,15.36199389594488,14.053158003300718,351.32895008251796,69.98351740181296
UNIUSDT,300,600,5.0,10.0,40.74542704347783,39.0,31.663532306254474,15.180100463776101,16.483431842478364,642.8538418566562,52.662920614449625
UNIUSDT,300,600,20.0,33.0,42.334805082305834,86.0,12.13198641783827,14.477351471701125,-2.345365053862855,-201.70139463220556,30.454359569018482
UNIUSDT,300,600,60.0,66.0,6.121605598472817,147.0,18.624706075241996,14.223238748479211,4.401467326762786,647.0156970341295,15.794974805894809
UNIUSDT,300,1200,2.0,4.0,52.01799890719044,18.0,52.09710807653022,15.457770422536843,36.63933765399338,659.5080777718808,110.74969503136965
UNIUSDT,300,1200,5.0,10.0,38.27707838256889,28.0,10.47000649530327,15.508971857775782,-5.038965362472522,-141.09103014923062,84.85603732017346
UNIUSDT,300,1200,20.0,26.0,49.32398958836222,61.0,53.8159422222754,14.45115330439001,39.36478891788539,2401.252123991009,52.509189396263
UNIUSDT,300,1200,60.0,54.0,14.195219288064347,105.0,48.848556288731146,14.117029847643558,34.73152644108759,3646.8102763141965,38.70602531439741
UNIUSDT,300,2400,2.0,2.0,19.712355986207147,15.0,-21.9708899280154,15.377583717075614,-37.348473645091005,-560.2271046763651,179.2251507964723
UNIUSDT,300,2400,5.0,8.0,25.806556038058066,22.0,84.43608455965796,15.189276034157979,69.24680852549999,1523.4297875609996,101.25679675514489
UNIUSDT,300,2400,20.0,23.0,58.09280149134563,49.0,55.214668548067586,14.268663335770952,40.94600521229664,2006.3542554025353,55.338017801798856
UNIUSDT,300,2400,60.0,45.0,27.384030956536915,75.0,38.15714866140094,14.056740311921388,24.100408349479547,1807.5306262109661,35.887179198200386
UNIUSDT,300,4800,2.0,2.0,-120.48330304778263,12.0,-29.469956007114984,15.658442337989504,-45.12839834510449,-541.5407801412539,190.8880848355264
UNIUSDT,300,4800,5.0,8.0,-15.360737770824993,18.0,55.11027211076703,15.15645558075127,39.95381653001574,719.1686975402833,156.96865606775836
UNIUSDT,300,4800,20.0,21.0,33.9328046365669,35.0,82.5962866533808,14.137626715161796,68.45865993821899,2396.0530978376646,103.26660865071807
UNIUSDT,300,4800,60.0,36.0,31.8961511370924,50.0,36.71627393930002,13.98726856149933,22.72900537780069,1136.4502688900345,69.6412269137532
UNIUSDT,600,120,2.0,4.0,18.124990643050438,54.0,3.8278492317889152,16.35944156607916,-12.531592334290245,-676.7059860516732,33.13861251055329
UNIUSDT,600,120,5.0,10.0,6.198309527523056,70.0,3.7725107812919743,15.677106630592549,-11.904595849300573,-833.3217094510402,25.755728376296595
UNIUSDT,600,120,20.0,30.0,-4.4122683172919235,140.0,1.3189297991155675,15.12325120482058,-13.804321405705013,-1932.6049967987017,12.653967095775819
UNIUSDT,600,120,60.0,90.0,6.607775323871456,302.0,4.495405907603762,14.557738907194691,-10.062332999590927,-3038.82456587646,7.437539892857573
UNIUSDT,600,300,2.0,4.0,51.844445628208426,35.0,26.283498472168677,16.06098882092696,10.222509651241719,357.78783779346014,69.85568481193584
UNIUSDT,600,300,5.0,9.0,44.96092162310928,44.0,15.041287704253408,15.578458155223547,-0.5371704509701369,-23.635499842686023,38.02614678760578
UNIUSDT,600,300,20.0,25.0,19.466955194073037,93.0,9.086456354230283,14.937773656748675,-5.851317302518387,-544.17250913421,18.83108301201976
UNIUSDT,600,300,60.0,64.0,21.736399078098113,189.0,12.393359747389422,14.291611648149173,-1.8982519007597507,-358.76960924359287,13.317848386307276
UNIUSDT,600,600,2.0,4.0,57.87869069525817,21.0,18.123527624476218,16.327430339996063,1.796097284480152,37.71804297408319,92.08101873326748
UNIUSDT,600,600,5.0,8.0,56.45763964459081,30.0,16.378037059138197,14.848968175762343,1.5290688833758659,45.872066501275974,63.74132254485431
UNIUSDT,600,600,20.0,22.0,41.379136847379655,62.0,15.634202771371964,14.83764045031069,0.7965623210612723,49.38686390579888,39.3536006698514
UNIUSDT,600,600,60.0,52.0,35.53285008770146,137.0,33.92714232570137,14.24502902754371,19.682113298157653,2696.4495218475986,21.573310904528892
UNIUSDT,600,1200,2.0,4.0,30.108556395064966,15.0,27.775225205224427,16.51969714039333,11.255528064831086,168.8329209724663,151.95741693352915
UNIUSDT,600,1200,5.0,7.0,13.491621979320541,21.0,-6.328333797667862,14.672108419388891,-21.000442217056747,-441.0092865581917,114.96102877231601
UNIUSDT,600,1200,20.0,18.0,36.321408919975546,45.0,4.383353090757775,14.978309457703485,-10.594956366945716,-476.77303651255727,58.32526680706384
UNIUSDT,600,1200,60.0,43.0,20.757712913321072,98.0,34.39062200532473,14.250890841979016,20.139731163345704,1973.6936540078789,42.60538463188499
UNIUSDT,600,2400,2.0,3.0,35.26036213104891,12.0,-26.543851203008987,17.12872489467121,-43.672576097680206,-524.0709131721625,168.0845094839441
UNIUSDT,600,2400,5.0,7.0,6.6347133432074035,16.0,-16.46495805657179,14.662517313973241,-31.12747537054501,-498.03960592872016,121.38910286447845
UNIUSDT,600,2400,20.0,15.0,-60.93682090976531,38.0,28.193297610680027,15.014023535315959,13.179274075364068,500.8124148638346,69.43842961304033
UNIUSDT,600,2400,60.0,36.0,-1.3273349063574618,70.0,41.728414452395036,14.004480935009601,27.723933517385433,1940.6753462169804,40.71650876332797
UNIUSDT,600,4800,2.0,3.0,-30.347840819314232,10.0,-54.75746370468114,17.8365529815747,-72.59401668625586,-725.9401668625586,179.6761024723926
UNIUSDT,600,4800,5.0,6.0,-71.26191124553112,13.0,-97.83835718827596,14.617684575741919,-112.4560417640179,-1461.9285429322326,162.03499758418397
UNIUSDT,600,4800,20.0,13.0,-35.17529897528287,28.0,74.19621667702701,15.112002609721582,59.08421406730544,1654.3579938845523,106.6703752269977
UNIUSDT,600,4800,60.0,30.0,3.3042682805634667,47.0,34.73367572685242,13.889730538830909,20.843945188021515,979.6654238370112,73.59074246794776
UNIUSDT,1200,120,2.0,4.0,6.786081584960151,63.0,4.233093775776083,15.830929402459235,-11.597835626683151,-730.6636444810385,41.44362769347742
UNIUSDT,1200,120,5.0,10.0,-16.405174925844275,94.0,10.2876083888407,15.709278774693885,-5.421670385853182,-509.6370162701991,24.314874351232103
UNIUSDT,1200,120,20.0,26.0,-7.4320249299949745,165.0,4.932184089904045,15.10003018390101,-10.167846093996967,-1677.6946055094995,13.610328078390985
UNIUSDT,1200,120,60.0,75.0,-15.35146424096238,260.0,2.6422426782690946,14.841230037252474,-12.198987358983379,-3171.7367133356784,9.842857030812098
UNIUSDT,1200,300,2.0,4.0,44.4892534342833,38.0,39.11851928012189,15.483900543506563,23.634618736615323,898.1155119913823,37.04721204275337
UNIUSDT,1200,300,5.0,8.0,32.155614363740256,55.0,26.63912373760428,15.567586892156411,11.071536845447874,608.9345264996331,31.05526753611652
UNIUSDT,1200,300,20.0,21.0,23.336501499371103,101.0,19.35732573825835,15.052482710031194,4.304843028227147,434.7891458509418,21.78624724594092
UNIUSDT,1200,300,60.0,54.0,-10.004646089424376,157.0,19.42507294540635,14.731978284032405,4.693094661373949,736.8158618357099,15.833584269669796
UNIUSDT,1200,600,2.0,4.0,62.698725254706176,30.0,46.99812657210316,15.620549732024395,31.37757684007876,941.3273052023628,62.94616139528753
UNIUSDT,1200,600,5.0,7.0,43.60982357703939,42.0,34.22004296693762,15.709461986630842,18.510580980306784,777.4444011728849,59.13230164670824
UNIUSDT,1200,600,20.0,17.0,60.68447967397072,75.0,27.151188021152684,15.00787696179927,12.143311059353417,910.7483294515063,38.67827564159731
UNIUSDT,1200,600,60.0,43.0,28.88026460401834,117.0,15.067379051903757,14.65917333505311,0.4082057168506455,47.760068871525526,23.49752569941784
UNIUSDT,1200,1200,2.0,4.0,55.56908593228489,19.0,88.229471273168,15.76186777207136,72.46760350109665,1376.8844665208362,96.27968171575336
UNIUSDT,1200,1200,5.0,7.0,14.51685129503646,26.0,11.072301009725996,15.679787850026191,-4.6074868403001865,-119.79465784780484,96.30991096304183
UNIUSDT,1200,1200,20.0,14.0,42.41264710761872,49.0,21.32747111568509,14.737487269253315,6.589983846431772,322.90920847515684,52.08066523234029
UNIUSDT,1200,1200,60.0,35.0,12.070843713106079,80.0,23.001956675526113,14.563090786971088,8.438865888555021,675.1092710844017,41.692615878426174
UNIUSDT,1200,2400,2.0,2.0,8.698265228917682,15.0,-24.95903303215215,15.875437845255608,-40.83447087740775,-612.5170631611163,186.08266776276335
UNIUSDT,1200,2400,5.0,5.0,-36.96377589781381,20.0,2.9441076317396884,15.385003484290461,-12.440895852550772,-248.81791705101546,105.7546925728474
UNIUSDT,1200,2400,20.0,12.0,22.020229578363658,41.0,-7.346298895850211,14.6588716130488,-22.00517050889901,-902.2119908648593,56.51227979019646
UNIUSDT,1200,2400,60.0,29.0,28.139964456219833,57.0,19.195451498136855,14.490003288211236,4.705448209925611,268.2105479657598,40.772764177808945
UNIUSDT,1200,4800,2.0,2.0,-126.97398552620844,12.0,-83.5035714421074,16.286414255322935,-99.78998569743034,-1197.4798283691641,171.82726824242923
UNIUSDT,1200,4800,5.0,5.0,-100.54367833777573,16.0,-14.593411048396813,15.4014228745371,-29.994833922933918,-479.9173427669427,141.59732025372938
UNIUSDT,1200,4800,20.0,9.0,13.878279731780493,32.0,98.41952909905837,14.70022960150435,83.719299497554,2679.017583921728,82.04149361072733
UNIUSDT,1200,4800,60.0,25.0,-10.707304609746584,38.0,32.24434147423625,14.388676566712267,17.85566490752396,678.5152664859105,92.28660012747586
UNIUSDT,2400,120,2.0,3.0,9.421768264245905,60.0,-4.149029365611346,16.162579763099124,-20.311609128710465,-1218.6965477226279,30.770524871686867
UNIUSDT,2400,120,5.0,3.0,-23.647228235681496,70.0,-20.60697298163381,15.355484341374307,-35.96245732300811,-2517.3720126105677,34.24117091252303
UNIUSDT,2400,120,20.0,23.0,-26.46641544944013,169.0,1.9861215904472391,14.843809580734488,-12.857687990287246,-2172.9492703585447,15.099003801423105
UNIUSDT,2400,120,60.0,77.0,-5.982895082120146,251.0,6.289588914313208,14.847057841002144,-8.557468926688935,-2147.9247005989228,9.799836552242004
UNIUSDT,2400,300,2.0,2.0,31.335492172644063,33.0,-2.3058078273723237,15.909185673792983,-18.214993501165306,-601.0947855384551,40.23994943374849
UNIUSDT,2400,300,5.0,2.0,27.99728234610678,38.0,-22.709188567053697,15.045276154283362,-37.75446472133705,-1434.669659410808,32.594235355525335
UNIUSDT,2400,300,20.0,16.0,-30.269481500850965,97.0,-0.956601409647648,14.578605256491931,-15.535206666139572,-1506.9150466155386,23.778697976945907
UNIUSDT,2400,300,60.0,50.0,-2.6131098464854294,134.0,7.795779385755628,14.52946748756951,-6.733688101813877,-902.3142056430595,16.959026786822907
UNIUSDT,2400,600,2.0,2.0,45.696549065300715,23.0,8.091098677539206,16.004343148994376,-7.913244471455177,-182.00462284346906,79.36340343357124
UNIUSDT,2400,600,5.0,2.0,41.65625577783506,27.0,-12.873417042740746,14.851180855875803,-27.724597898616548,-748.5641432626468,53.01846013081805
UNIUSDT,2400,600,20.0,14.0,-5.429768833504874,67.0,2.0118128269089874,14.467868601340559,-12.456055774431576,-834.5557368869156,37.163347800995965
UNIUSDT,2400,600,60.0,38.0,10.10408251493676,89.0,11.941456170254211,14.741048103688083,-2.7995919334338724,-249.16368207561464,24.29673002064561
UNIUSDT,2400,1200,2.0,2.0,19.00777182151667,18.0,46.155275103616994,15.650957880216291,30.5043172234007,549.0777100212126,111.95258759532835
UNIUSDT,2400,1200,5.0,2.0,6.990216445985198,18.0,-14.575728450812395,15.545088591988819,-30.120817042801214,-542.1747067704218,58.060929601925885
UNIUSDT,2400,1200,20.0,12.0,-26.3723835967583,49.0,-0.18981940508409104,14.395497340902777,-14.58531674598687,-714.6805205533566,42.44254463716021
UNIUSDT,2400,1200,60.0,29.0,-1.4576255686695707,65.0,26.428432985299015,14.682580926343572,11.745852058955442,763.4803838321037,40.62112854845532
UNIUSDT,2400,2400,2.0,1.0,-18.000400026667645,12.0,-201.38785758983295,15.723418852376085,-217.11127644220903,-2605.3353173065084,218.45650622780371
UNIUSDT,2400,2400,5.0,1.0,-66.51765175187862,12.0,-169.88034357692,14.565102756620533,-184.44544633354053,-2213.3453560024864,146.8624810884624
UNIUSDT,2400,2400,20.0,10.0,19.4668283737357,33.0,0.7805492758035905,14.496587652179928,-13.716038376376343,-452.6292664204193,75.99522847637301
UNIUSDT,2400,2400,60.0,22.0,17.874769453424786,46.0,-1.7354205084987044,14.710161026178735,-16.445581534677444,-756.4967505951624,51.47661520684403
UNIUSDT,2400,4800,2.0,1.0,-236.68164544302766,9.0,-113.79162598723968,16.16835312104541,-129.95997910828513,-1169.639811974566,227.74124965843524
UNIUSDT,2400,4800,5.0,1.0,-261.31852935310303,9.0,-140.51019592517534,14.474147512216803,-154.98434343739214,-1394.8590909365294,203.93331063240518
UNIUSDT,2400,4800,20.0,8.0,46.624292417196095,25.0,98.85932782711065,14.409445564487443,84.44988226262322,2111.2470565655804,118.96556551069747
UNIUSDT,2400,4800,60.0,19.0,57.10889268745572,35.0,66.86228154810563,14.652101609973505,52.21017993813212,1827.3562978346242,78.36058387717723
VETUSDT,120,120,2.0,9.0,-9.286100869171312,76.0,-22.34936451028518,16.295757254870573,-38.64512176515576,-2937.0292541518374,28.088974344242047
VETUSDT,120,120,5.0,21.0,-13.418978306162934,115.0,-13.84664165555775,16.225912528860178,-30.072554184417935,-3458.3437312080628,20.365179024432642
VETUSDT,120,120,20.0,68.0,-18.32182386004276,242.0,-6.071511227444662,15.881257802825797,-21.952769030270456,-5312.570105325451,7.705897880295971
VETUSDT,120,120,60.0,158.0,-16.181180449382705,497.0,-1.9671358337432656,15.51264357490149,-17.479779408644752,-8687.450366096442,4.822553067608662
VETUSDT,120,300,2.0,9.0,29.308672742895137,48.0,12.257976171038962,15.949742385370689,-3.691766214331725,-177.2047782879228,32.78886150824154
VETUSDT,120,300,5.0,19.0,20.3098735381495,74.0,-18.736339782571743,16.201153211503772,-34.937492994075505,-2585.3744815615873,25.692482382931804
VETUSDT,120,300,20.0,54.0,-4.696933227157648,158.0,0.757730676328134,15.631609626672477,-14.873878950344338,-2350.0728741544053,16.539300878027827
VETUSDT,120,300,60.0,118.0,-18.708317447616796,318.0,-1.223428498286784,15.333023878256004,-16.556452376542786,-5264.951855740606,6.979004917385546
VETUSDT,120,600,2.0,9.0,34.075439555026705,38.0,-0.8915516734404957,16.078304861883197,-16.969856535323693,-644.8545483423003,58.878521613262436
VETUSDT,120,600,5.0,18.0,14.078807231181187,55.0,6.260154128598926,16.156726825605972,-9.896572697007048,-544.3114983353877,33.033074946311224
VETUSDT,120,600,20.0,46.0,-5.033003186972147,112.0,10.152173038454992,15.39004701204641,-5.237873973591419,-586.6418850422389,21.37111887613442
VETUSDT,120,600,60.0,92.0,-9.274087833985138,217.0,-2.97773911109752,15.429883550133047,-18.40762266123057,-3994.4541174870333,13.209176925320657
VETUSDT,120,1200,2.0,9.0,34.69071565497391,27.0,-18.103731600265935,16.264681322034306,-34.36841292230026,-927.947148902107,62.14990589643043
VETUSDT,120,1200,5.0,16.0,7.067675378181964,41.0,-35.73097965656551,15.955898436601663,-51.686878093167174,-2119.162001819854,63.25963574647325
VETUSDT,120,1200,20.0,37.0,-17.699593884878716,76.0,50.13736346335752,15.316071053166716,34.82129241019081,2646.4182231745012,30.21072334328155
VETUSDT,120,1200,60.0,76.0,-4.3370174015524325,151.0,13.668420898846193,15.235624626779822,-1.5672037279336206,-236.6477629179767,13.434055763893502
VETUSDT,120,2400,2.0,7.0,37.74764599045717,22.0,-32.52800078105279,15.710089475794398,-48.23809025684718,-1061.237985650638,123.37725088421885
VETUSDT,120,2400,5.0,13.0,-17.579598632303156,32.0,-3.6315344101964264,15.997327912851814,-19.62886232304824,-628.1235943375436,57.90578731173891
VETUSDT,120,2400,20.0,33.0,-8.972292759420169,58.0,49.34799603485776,15.46720982119288,33.88078621366488,1965.085600392563,39.49167140474209
VETUSDT,120,2400,60.0,60.0,3.3504051396026386,98.0,5.336712396369755,15.140158643502769,-9.803446247133012,-960.7377322190353,26.314086453020433
VETUSDT,120,4800,2.0,7.0,40.735655372561595,19.0,-44.68771577088705,15.814965991502797,-60.502681762389834,-1149.5509534854068,128.5478580145763
VETUSDT,120,4800,5.0,12.0,-24.29068930807331,27.0,-44.982189739773716,16.088034809577,-61.07022454935074,-1648.89606283247,102.45261025406232
VETUSDT,120,4800,20.0,27.0,-7.697777718985764,42.0,71.1914522166561,15.374827937454771,55.81662427920134,2344.2982197264564,65.2683012363601
VETUSDT,120,4800,60.0,50.0,-7.057451961687386,63.0,9.516426182168773,15.165739812054614,-5.649313629885843,-355.9067586828081,55.16157476756908
VETUSDT,300,120,2.0,5.0,-15.762633892518386,54.0,-3.0301023430711154,16.75938482605533,-19.789487169126446,-1068.6323071328281,43.534593178743506
VETUSDT,300,120,5.0,12.0,-3.94609882420434,86.0,-3.460904002641593,15.959940838831535,-19.42084484147313,-1670.192656366689,27.337877403306564
VETUSDT,300,120,20.0,47.0,-7.015717077976557,192.0,-5.889826101171537,15.7820392072643,-21.671865308435837,-4160.9981392196805,11.469295413822742
VETUSDT,300,120,60.0,113.0,-9.830363797268028,317.0,-4.143933589148985,15.547415971106846,-19.69134956025583,-6242.157810601098,6.869158131036866
VETUSDT,300,300,2.0,4.0,32.159184142355606,32.0,-19.461141457460528,16.617830313625053,-36.078971771085584,-1154.5270966747387,55.60584968969616
VETUSDT,300,300,5.0,10.0,28.99742807810133,54.0,13.23629034414695,15.93486846118345,-2.6985781170365053,-145.7232183199713,34.10489844410646
VETUSDT,300,300,20.0,37.0,2.97881575053387,127.0,0.05788757289823888,15.721469443824232,-15.663581870925988,-1989.2748976076005,12.508271830813673
VETUSDT,300,300,60.0,82.0,-9.34220128109441,207.0,-1.4817943774452298,15.384520158415299,-16.866314535860532,-3491.32710892313,9.817335916208
VETUSDT,300,600,2.0,4.0,42.444055830570946,25.0,28.98562690000595,16.620420084315988,12.365206815689954,309.13017039224883,72.61617914493682
VETUSDT,300,600,5.0,10.0,18.8311268103588,39.0,53.72563015122618,16.20235072185552,37.52327942937065,1463.4078977454556,54.42908718095966
VETUSDT,300,600,20.0,33.0,4.035435190051863,86.0,10.983029046780878,15.463143906701822,-4.480114859920942,-385.28987795320097,28.413041286170714
VETUSDT,300,600,60.0,65.0,-10.508763315306224,143.0,27.295178803492597,15.531837349213585,11.763341454279011,1682.1578279618986,18.066788736602906
VETUSDT,300,1200,2.0,4.0,41.31372771089699,18.0,36.46107540880641,16.687295968518523,19.77377944028788,355.9280299251818,86.21682226094963
VETUSDT,300,1200,5.0,10.0,14.227601119787916,28.0,-14.600222935249159,16.16749463472008,-30.767717569969243,-861.4960919591388,81.68886917594206
VETUSDT,300,1200,20.0,27.0,0.045488224272855544,62.0,14.15452712939335,15.28886757836855,-1.1343404489752003,-70.32910783646241,44.43497612155306
VETUSDT,300,1200,60.0,52.0,-4.157904263907717,101.0,40.56770275235624,15.484696052835313,25.08300669952093,2533.3836766516138,32.731934741902805
VETUSDT,300,2400,2.0,2.0,-22.792081854450313,15.0,-27.2256123424263,17.00529833978677,-44.23091068221307,-663.463660233196,181.87190882989398
VETUSDT,300,2400,5.0,8.0,-19.113519750321622,22.0,38.264642397834855,15.997583234890136,22.267059162944708,489.8753015847836,82.10579760443218
VETUSDT,300,2400,20.0,24.0,31.549228890843555,50.0,12.893678810179908,15.417470499224263,-2.5237916890443604,-126.18958445221801,42.68941613925422
VETUSDT,300,2400,60.0,43.0,8.6149450349865,74.0,33.048254594139124,15.285846819063016,17.762407775076117,1314.4181753556327,32.848850181004934
VETUSDT,300,4800,2.0,2.0,-92.46798721531508,12.0,-41.98156668259937,16.560042431780662,-58.541609114380044,-702.4993093725606,182.19179759370869
VETUSDT,300,4800,5.0,8.0,31.820905638466442,18.0,-18.32503973311314,15.913465264134787,-34.238504997247915,-616.2930899504624,134.45567590169975
VETUSDT,300,4800,20.0,21.0,6.961779412688846,36.0,23.72228410980923,15.193849876144977,8.528434233664253,307.0236324119131,69.42285129731361
VETUSDT,300,4800,60.0,35.0,13.443757981097844,47.0,2.717555390863724,15.322902129831196,-12.60534673896747,-592.4512967314711,47.47669531168721
VETUSDT,600,120,2.0,4.0,-9.563538868311928,54.0,0.059625813901759375,17.228554930804034,-17.16892911690227,-927.1221723127226,32.33579265205918
VETUSDT,600,120,5.0,10.0,-15.382190413983972,70.0,9.081921476371853,16.67262889976497,-7.5907074233931215,-531.3495196375185,32.31108342563872
VETUSDT,600,120,20.0,24.0,-18.026882527183528,136.0,-1.151708807837223,16.332520652487,-17.484229460324226,-2377.8552066040947,13.27084307619526
VETUSDT,600,120,60.0,84.0,-9.2441019012389,277.0,1.7571265250069255,15.808399131516257,-14.05127260650933,-3892.202512003085,6.799698576553927
VETUSDT,600,300,2.0,4.0,50.026665584529866,35.0,25.133477831836583,17.051095936595758,8.082381895240825,282.8833663334289,77.38658359080344
VETUSDT,600,300,5.0,9.0,14.349381546034863,45.0,18.101584207568223,16.174577402796334,1.9270068047718938,86.71530621473522,36.58904276931029
VETUSDT,600,300,20.0,20.0,1.5979783856937047,90.0,4.16543454743987,15.785086662522167,-11.619652115082294,-1045.7686903574065,18.227740437348785
VETUSDT,600,300,60.0,60.0,-3.867828461770165,175.0,7.404739030982211,15.414869555764447,-8.010130524782234,-1401.772841836891,11.501014126788943
VETUSDT,600,600,2.0,4.0,38.518001090498615,21.0,11.648065455017097,16.88776489401072,-5.239699438993625,-110.03368821886613,93.86086298125865
VETUSDT,600,600,5.0,8.0,10.363174521277156,31.0,25.95263204505921,16.041886990788544,9.910745054270667,307.2330966823907,68.63863200257074
VETUSDT,600,600,20.0,18.0,15.373839793603622,59.0,18.74131414414818,16.03512800726658,2.7061861368816005,159.66498207601444,43.21032449232833
VETUSDT,600,600,60.0,47.0,-3.5749387410687135,124.0,27.280752643645123,15.484248637073367,11.796504006571755,1462.7664968148977,16.163718198317607
VETUSDT,600,1200,2.0,4.0,48.68721247326338,15.0,-11.40189346149885,17.224739134468663,-28.62663259596753,-429.39948893951293,141.23659761458217
VETUSDT,600,1200,5.0,7.0,-18.467092501564558,22.0,-3.3389326976606695,16.37028054700028,-19.709213244660962,-433.60269138254114,110.21837868693416
VETUSDT,600,1200,20.0,14.0,-8.450707778524087,42.0,-3.2773302574368484,16.122352397261913,-19.399682654698758,-814.7866714973478,54.37096267826816
VETUSDT,600,1200,60.0,39.0,-9.311283228895329,92.0,20.105835143537686,15.194839514640838,4.910995628896841,451.81159785850934,36.55614614499298
VETUSDT,600,2400,2.0,3.0,20.00013999632293,12.0,-89.4649333632593,17.640633307331488,-107.1055666705908,-1285.2668000470896,159.85638645886704
VETUSDT,600,2400,5.0,7.0,0.6373826517703266,17.0,4.248467091792,16.134275211510456,-11.885808119718455,-202.05873803521374,110.65120869249893
VETUSDT,600,2400,20.0,13.0,-7.268975205322671,36.0,29.47019711529121,16.070781947383253,13.399415167907962,482.37894604468664,60.07085754352008
VETUSDT,600,2400,60.0,32.0,22.24616056518123,69.0,24.03635156695365,15.160361835801664,8.87598973115198,612.4432914494867,36.38551244841973
VETUSDT,600,4800,2.0,3.0,7.337509537527069,10.0,-32.241453477821274,17.63603268898857,-49.87748616680986,-498.7748616680986,201.4732125061378
VETUSDT,600,4800,5.0,6.0,-21.663726147082354,13.0,-57.26890142505218,16.186001718568104,-73.45490314362029,-954.9137408670638,167.98333925240593
VETUSDT,600,4800,20.0,11.0,-3.8599857610773913,27.0,14.169778171197775,15.766625521408105,-1.5968473502103333,-43.114878455679,99.74341205076895
VETUSDT,600,4800,60.0,27.0,57.86185908540196,47.0,6.913212932456093,15.275169176452563,-8.361956243996474,-393.01194346783427,65.47727377388851
VETUSDT,1200,120,2.0,5.0,8.209995096771683,61.0,-3.2142152565218596,16.476077647962992,-19.690292904484853,-1201.107867173576,42.47841167002817
VETUSDT,1200,120,5.0,12.0,2.155226681414102,82.0,-1.7067469774535786,16.295495008892676,-18.002241986346252,-1476.1838428803928,26.979917217997848
VETUSDT,1200,120,20.0,26.0,-10.019531296247106,140.0,4.05124332866572,15.848892877771771,-11.797649549106051,-1651.6709368748473,16.85188370877303
VETUSDT,1200,120,60.0,74.0,-13.455362783760005,241.0,-1.6448225497299747,15.749922767817761,-17.394745317547738,-4192.133621529005,7.678660599947807
VETUSDT,1200,300,2.0,5.0,61.01914038792601,37.0,26.1794026956184,16.183519572918478,9.995883122699926,369.84767553989724,39.22452379050189
VETUSDT,1200,300,5.0,8.0,33.011729091323154,46.0,1.3257665815735726,15.887518147953966,-14.561751566380394,-669.8405720534981,29.15576993595181
VETUSDT,1200,300,20.0,20.0,6.747864771901632,81.0,5.440314948339985,15.766767851111954,-10.326452902771972,-836.4426851245297,22.655639884569087
VETUSDT,1200,300,60.0,50.0,-10.42878417672876,143.0,8.654535365200585,15.740196854636814,-7.085661489436224,-1013.2495929893801,13.386631157501656
VETUSDT,1200,600,2.0,5.0,79.31198137086237,29.0,38.35545397670399,16.36430669846619,21.991147278237804,637.7432710688963,63.044622625414576
VETUSDT,1200,600,5.0,7.0,50.43751528757237,36.0,31.40243853815055,16.04775815048615,15.354680387664404,552.7684939559185,57.764457377455734
VETUSDT,1200,600,20.0,17.0,12.449954296230386,59.0,29.32184440393975,15.576450066710384,13.745394337229369,810.9782658965328,43.20761780147662
VETUSDT,1200,600,60.0,39.0,-5.16246244635374,108.0,10.402993445608509,15.587361384770462,-5.184367939161957,-559.9117374294914,21.750764757579173
VETUSDT,1200,1200,2.0,5.0,59.90656450437715,19.0,73.08094768994597,16.249372306778927,56.831575383167056,1079.799932280174,91.78803890278243
VETUSDT,1200,1200,5.0,7.0,29.764821760505335,24.0,43.7764614222277,16.34712985784054,27.429331564387155,658.3039575452917,73.25706029660725
VETUSDT,1200,1200,20.0,13.0,-5.188360871116483,38.0,15.461376743665479,15.415806575897626,0.04557016776785579,1.73166637517852,52.61683171279842
VETUSDT,1200,1200,60.0,31.0,-16.2637867230376,73.0,11.285139120614385,15.381542248901704,-4.096403128287317,-299.0374283649742,25.055597248060284
VETUSDT,1200,2400,2.0,3.0,33.126812082586554,15.0,-23.32114873688206,16.11063475584624,-39.4317834927283,-591.4767523909245,182.39313980076466
VETUSDT,1200,2400,5.0,5.0,17.84592426737137,18.0,-70.78886106399943,16.1562091015787,-86.94507016557814,-1565.0112629804066,169.49096978956123
VETUSDT,1200,2400,20.0,11.0,-24.404173933033068,32.0,-32.46002024720401,15.433988275566877,-47.89400852277089,-1532.6082727286685,110.52220439999091
VETUSDT,1200,2400,60.0,25.0,12.226170079084191,55.0,20.088517779485876,15.374240497484333,4.714277282001546,259.285250510085,29.04491960833219
VETUSDT,1200,4800,2.0,3.0,-32.91034723078325,12.0,39.34162402438417,16.021516286680555,23.320107737703605,279.84129285244325,200.5455422121761
VETUSDT,1200,4800,5.0,4.0,-25.565964127551943,14.0,-48.14292580396784,16.2325864906302,-64.37551229459802,-901.2571721243723,164.82766092579908
VETUSDT,1200,4800,20.0,8.0,2.0634076929546703,23.0,45.19019076097429,15.380561096803586,29.80962966417071,685.6214822759264,92.58214839232697
VETUSDT,1200,4800,60.0,21.0,51.61302414724022,35.0,23.14782702934441,15.458927968191077,7.688899061153324,269.11146714036636,68.72411187175798
VETUSDT,2400,120,2.0,4.0,-4.464286123746606,62.0,-14.697720999459118,16.525793172570005,-31.223514172029116,-1935.8578786658052,34.79576624123505
VETUSDT,2400,120,5.0,5.0,-19.544393122341624,70.0,-16.525092647760573,17.041559609051806,-33.566652256812375,-2349.6656579768664,31.060728069072354
VETUSDT,2400,120,20.0,19.0,-5.510959067324607,138.0,-1.3661392303875926,16.26399046638803,-17.63012969677563,-2432.9578981550367,20.707762050660453
VETUSDT,2400,120,60.0,67.0,-5.834368123493896,223.0,3.2069847813835426,15.85124870551409,-12.644263924130547,-2819.6708550811118,11.127737672358442
VETUSDT,2400,300,2.0,3.0,29.295998107303276,33.0,2.4496482297734206,16.784938288031075,-14.335290058257653,-473.0645719225026,35.60707468829885
VETUSDT,2400,300,5.0,4.0,31.082122342515408,38.0,1.6057267276200022,16.862271757270875,-15.256545029650866,-579.7487111267329,30.911537372175616
VETUSDT,2400,300,20.0,12.0,28.15038494682692,77.0,1.028559427365211,16.10410489388204,-15.075545466516823,-1160.8170009217954,30.190643055788858
VETUSDT,2400,300,60.0,43.0,3.6590324975084596,122.0,1.3028177347634482,15.865745366420358,-14.562927631656903,-1776.6771710621422,17.100097564049
VETUSDT,2400,600,2.0,3.0,55.81157981728152,23.0,30.624206286325624,16.356457613519474,14.267748672806146,328.15821947454134,78.25641209153139
VETUSDT,2400,600,5.0,4.0,52.86241265221126,26.0,2.9929259051579242,16.893948887044967,-13.901022981887044,-361.42659752906314,40.41655261743645
VETUSDT,2400,600,20.0,9.0,45.69298031446265,51.0,-8.804722632549149,15.74071795701534,-24.545440589564496,-1251.8174700677894,42.717580032045824
VETUSDT,2400,600,60.0,30.0,22.28836220168832,86.0,12.356935018490109,15.63033294645579,-3.2733979279656804,-281.5122218050485,24.068281695566235
VETUSDT,2400,1200,2.0,3.0,57.22768224173452,18.0,61.90102753790073,16.709668628383117,45.191358909517625,813.4444603713173,101.69504820389925
VETUSDT,2400,1200,5.0,4.0,59.990651660299434,18.0,39.773238658131206,17.20981650598604,22.563422152145165,406.14159873861297,59.96830134954369
VETUSDT,2400,1200,20.0,8.0,42.312094758297434,37.0,6.216450516718524,15.612452573721178,-9.396002057002649,-347.652076109098,51.3475050804301
VETUSDT,2400,1200,60.0,23.0,-1.2824269262452472,62.0,38.62035508755893,15.685179166172723,22.93517592138622,1421.9809071259458,38.46563405375688
VETUSDT,2400,2400,2.0,2.0,-11.124022232466125,12.0,-182.90913626031985,16.851273248016057,-199.76040950833593,-2397.124914100031,236.71845779470559
VETUSDT,2400,2400,5.0,3.0,34.59809616782619,12.0,-154.97407863397,17.209970525737017,-172.18404915970703,-2066.2085899164845,162.11179379461558
VETUSDT,2400,2400,20.0,6.0,169.18896195976015,25.0,-11.938889544511257,15.974123042737052,-27.913012587248307,-697.8253146812077,81.98351267844825
VETUSDT,2400,2400,60.0,19.0,29.541061987456608,42.0,3.2837600909688236,15.754266305541023,-12.4705062145722,-523.7612610120324,53.18517691488994
VETUSDT,2400,4800,2.0,2.0,27.390954809691095,9.0,-107.95648892770159,17.231489779954472,-125.18797870765603,-1126.6918083689043,192.94359036328524
VETUSDT,2400,4800,5.0,2.0,3.797148057074793,9.0,-123.43269181234528,17.45295351082528,-140.88564532317056,-1267.970807908535,168.43982817885617
VETUSDT,2400,4800,20.0,4.0,184.08143402920956,18.0,19.31274046708151,15.864452885653565,3.4482875814279432,62.06917646570298,94.39567704260972
VETUSDT,2400,4800,60.0,17.0,59.00242623906563,34.0,71.57103698844516,15.749694564855425,55.82134242358974,1897.9256424020512,58.29295510323274
XRPUSDT,120,120,2.0,9.0,-16.161786157667912,74.0,-13.246832249364784,13.86505166308851,-27.111883912453298,-2006.279409521544,29.57182807515649
XRPUSDT,120,120,5.0,21.0,-16.52957377748811,112.0,-4.081366756836852,13.961283411484455,-18.042650168321305,-2020.7768188519863,19.488607398945504
XRPUSDT,120,120,20.0,68.0,-17.69901722577713,238.0,-3.233648103346619,13.773459979033733,-17.007108082380345,-4047.691723606522,6.403993716750959
XRPUSDT,120,120,60.0,158.0,-13.140858900194722,490.0,0.7408389949207248,13.927130921347665,-13.186291926426938,-6461.283043949199,3.963944564879301
XRPUSDT,120,300,2.0,9.0,7.74566408417508,47.0,13.973646424243366,13.968141704946373,0.005504719296994606,0.25872180695874647,26.001886245097833
XRPUSDT,120,300,5.0,19.0,2.8613882823694197,72.0,-5.652402115524369,13.726104829918782,-19.37850694544315,-1395.2525000719068,24.155327183343296
XRPUSDT,120,300,20.0,52.0,-8.653407639536713,156.0,0.06488156929280492,13.689158842272386,-13.624277272979588,-2125.3872545848158,15.455058428827954
XRPUSDT,120,300,60.0,119.0,-16.054597886326142,312.0,-0.13096952665516418,13.660043106889676,-13.791012633544842,-4302.7959416659905,6.182904505393233
XRPUSDT,120,600,2.0,9.0,14.717444176726929,36.0,6.778881155335769,13.8368042384506,-7.057923083114835,-254.08523099213406,51.106900389193186
XRPUSDT,120,600,5.0,18.0,4.157381201801765,53.0,16.55695657198249,13.81983510335904,2.7371214686234437,145.06743783704252,26.68929447291549
XRPUSDT,120,600,20.0,44.0,-13.0870693971913,110.0,0.37446697397921735,13.641532471349544,-13.267065497370327,-1459.377204710736,18.3602061401799
XRPUSDT,120,600,60.0,93.0,-12.61946060050205,215.0,-6.883317735489803,13.671588261382563,-20.554905996872368,-4419.304789327559,11.686582152346826
XRPUSDT,120,1200,2.0,9.0,16.81880315839777,26.0,-16.180251245967494,13.840957771043618,-30.021209017011117,-780.5514344422891,52.22491092163887
XRPUSDT,120,1200,5.0,16.0,-4.04654001246976,40.0,-24.366644441399387,13.777161476883908,-38.143805918283284,-1525.7522367313313,57.59708242037633
XRPUSDT,120,1200,20.0,35.0,-13.693293953545432,76.0,30.951276841765434,13.639589304227618,17.31168753753781,1315.6882528528736,23.539975064316334
XRPUSDT,120,1200,60.0,77.0,-9.590428799117676,149.0,11.947079846101262,13.674254756070146,-1.727174909968882,-257.3490615853634,12.157724528553715
XRPUSDT,120,2400,2.0,7.0,27.641833102848476,20.0,-22.528044583257362,13.709518520586252,-36.2375631038436,-724.751262076872,102.67495623390032
XRPUSDT,120,2400,5.0,13.0,-5.721328162601765,31.0,9.781570366160716,13.753592855891958,-3.9720224897312466,-123.13269718166865,48.554677502811316
XRPUSDT,120,2400,20.0,31.0,-11.56220683658073,59.0,39.07253298339834,13.641094259411792,25.431438723986542,1500.454884715206,34.110720676407375
XRPUSDT,120,2400,60.0,60.0,-6.215340544090922,99.0,-0.6296072683548095,13.643105600454138,-14.272712868808947,-1412.9985740120858,23.14564613486339
XRPUSDT,120,4800,2.0,7.0,26.29690174200326,17.0,-18.920022636951177,13.715818334075665,-32.635840971026845,-554.8092965074563,122.3947340228698
XRPUSDT,120,4800,5.0,12.0,-3.2379553428201273,26.0,-3.5526326773846657,13.764175224660097,-17.316807902044772,-450.23700545316404,91.47559872855727
XRPUSDT,120,4800,20.0,25.0,-13.08960989820456,42.0,63.62818868587423,13.6385310351789,49.989657650695314,2099.565621329203,57.61174489591318
XRPUSDT,120,4800,60.0,50.0,0.2127386954155668,62.0,0.23985726840326885,13.642316100213367,-13.402458831810096,-830.9524475722259,43.87416099392348
XRPUSDT,300,120,2.0,5.0,-27.141379255065743,52.0,-7.577512729418581,13.988579787915338,-21.566092517333914,-1121.4368109013635,48.16429838894176
XRPUSDT,300,120,5.0,12.0,-10.04935593681858,86.0,8.24687590914379,13.846973589795853,-5.600097680652066,-481.6084005360777,24.729908123828462
XRPUSDT,300,120,20.0,49.0,-6.760422917168049,191.0,-4.370161288325369,13.71762812956706,-18.08778941789243,-3454.767778817454,11.181411699700194
XRPUSDT,300,120,60.0,113.0,-10.126815380940181,317.0,-1.8932059368279,13.747800402007702,-15.641006338835606,-4958.199009410887,6.308440137245497
XRPUSDT,300,300,2.0,4.0,-1.1930277571569565,31.0,-12.072752244158394,13.833169114554277,-25.905921358712675,-803.0835621200929,35.22840045159608
XRPUSDT,300,300,5.0,10.0,8.140057730734352,54.0,12.72259237033469,13.69301141938213,-0.9704190490474358,-52.40262864856153,28.61183605912675
XRPUSDT,300,300,20.0,39.0,2.086595062398055,126.0,4.824543266926164,13.828584728608108,-9.004041461681943,-1134.5092241719249,13.148560542270765
XRPUSDT,300,300,60.0,81.0,-8.440913460262657,206.0,-3.5430741829925267,13.654603602615667,-17.197677785608196,-3542.7216238352885,8.203905161165796
XRPUSDT,300,600,2.0,4.0,10.462494741070085,24.0,25.246575642424162,13.953380138782487,11.293195503641677,271.03669208740024,59.598025159658036
XRPUSDT,300,600,5.0,10.0,7.32673737794899,39.0,37.379372172544244,13.833647105222541,23.545725067321705,918.2832776255465,43.1683958418501
XRPUSDT,300,600,20.0,35.0,4.527716856061755,85.0,-3.1425769956693665,13.728846856190023,-16.871423851859387,-1434.071027408048,29.378427814031014
XRPUSDT,300,600,60.0,64.0,-8.382439719397933,142.0,18.39125510856548,13.688155983737888,4.703099124827597,667.8400757255188,13.111768705188286
XRPUSDT,300,1200,2.0,4.0,17.066712445688633,17.0,17.306223890307727,14.065917586756518,3.240306303551215,55.08520716037066,78.6683981227145
XRPUSDT,300,1200,5.0,10.0,13.78333127943111,28.0,-10.230089916664474,13.70883134970668,-23.938921266371153,-670.2897954583923,70.38071539363384
XRPUSDT,300,1200,20.0,28.0,6.789871037684642,61.0,7.437287453436787,13.703284944511143,-6.265997491074358,-382.2258469555358,43.760380006339155
XRPUSDT,300,1200,60.0,52.0,-6.30745714315643,101.0,37.04833498320872,13.703005041960672,23.345329941248043,2357.8783240660523,26.706487834999674
XRPUSDT,300,2400,2.0,2.0,23.071469578238663,14.0,-39.16099310423874,13.879952653082098,-53.04094575732084,-742.5732406024918,144.55772328305312
XRPUSDT,300,2400,5.0,8.0,14.894166075948348,22.0,39.978045432826455,13.712408333706845,26.265637099119605,577.8440161806313,65.44567407844185
XRPUSDT,300,2400,20.0,25.0,24.90672877978589,49.0,14.215768052614035,13.688138635976753,0.5276294166372816,25.853841415226796,37.12030806544429
XRPUSDT,300,2400,60.0,43.0,1.3396654430918156,74.0,25.34808613254813,13.65011064506848,11.697975487479649,865.6501860734941,27.02873394622031
XRPUSDT,300,4800,2.0,2.0,-83.95725709385951,12.0,-33.847560086443984,13.913239525887343,-47.76079961233133,-573.129595347976,139.101337173068
XRPUSDT,300,4800,5.0,8.0,38.336136484386685,18.0,21.823279298963538,13.720724038620588,8.102555260342957,145.8459946861732,123.10511394742188
XRPUSDT,300,4800,20.0,22.0,29.80672753354725,35.0,21.9421986593254,13.646540703607963,8.29565795571744,290.3480284501104,64.55147498906571
XRPUSDT,300,4800,60.0,34.0,33.792148748538715,48.0,1.2081219152942946,13.65124350721266,-12.44312159191837,-597.2698364120818,41.95127410628827
XRPUSDT,600,120,2.0,4.0,-20.174822123546498,53.0,7.888176947056929,14.030091122271,-6.141914175214069,-325.52145128634567,29.680121908383654
XRPUSDT,600,120,5.0,10.0,-12.38378646676746,71.0,11.70751513333332,13.958372464770544,-2.250857331437229,-159.81087053204328,23.793522242108068
XRPUSDT,600,120,20.0,27.0,-19.288723113226187,136.0,-1.6206681030586472,14.792554751744593,-16.41322285480324,-2232.1983082532406,12.423366042698524
XRPUSDT,600,120,60.0,85.0,-9.214158627686093,280.0,1.043943138991349,13.682528675121748,-12.6385855361304,-3538.8039501165117,5.602427705598069
XRPUSDT,600,300,2.0,4.0,14.34428013511401,34.0,19.60246385052058,14.01556153855247,5.586902311968102,189.95467860691548,58.514719506612536
XRPUSDT,600,300,5.0,9.0,3.590758614711992,45.0,17.679973819438842,14.14835771809027,3.5316161013485714,158.9227245606857,29.08650962332804
XRPUSDT,600,300,20.0,23.0,-9.593589352773513,90.0,5.334038159938531,15.096949162953155,-9.762911003014624,-878.6619902713162,15.034157517341015
XRPUSDT,600,300,60.0,62.0,-9.129259254938463,175.0,4.981569757485595,13.657465273061254,-8.67589551557566,-1518.2817152257403,9.375703948295115
XRPUSDT,600,600,2.0,4.0,7.172361535452689,21.0,-3.4118536122610785,14.732550499326592,-18.14440411158768,-381.03248634334125,77.47213476657394
XRPUSDT,600,600,5.0,8.0,-0.7160865609565246,31.0,15.986779107866774,13.9906990501106,1.9960800577561728,61.878481790441356,55.3516133489714
XRPUSDT,600,600,20.0,20.0,-6.909349671118001,59.0,12.648560022342592,15.775227815930185,-3.126667793587601,-184.47339982166844,37.51695964354142
XRPUSDT,600,600,60.0,49.0,-4.365353320212657,126.0,16.623389048717886,13.649757986582513,2.973631062135366,374.6775138290561,14.234769086120679
XRPUSDT,600,1200,2.0,4.0,24.86445284574811,15.0,6.958462538631341,14.414459553190031,-7.455997014558685,-111.83995521838027,131.69905401005238
XRPUSDT,600,1200,5.0,7.0,-2.580426580159252,22.0,4.014088592516663,13.950462198857327,-9.936373606340661,-218.60021933949454,96.3669855974436
XRPUSDT,600,1200,20.0,16.0,-6.228659766288671,42.0,-1.85981730322952,16.631143298655722,-18.490960601885238,-776.62034527918,47.304520292230784
XRPUSDT,600,1200,60.0,42.0,-7.009365048647019,92.0,21.835866803217016,13.663864522042257,8.172002281174764,751.8242098680782,32.731592940959985
XRPUSDT,600,2400,2.0,3.0,47.85099856132408,12.0,-47.252710902713204,14.462022335664116,-61.71473323837733,-740.5767988605279,136.44989894009728
XRPUSDT,600,2400,5.0,7.0,6.562502364253016,17.0,10.24803049123766,14.032206680739979,-3.7841761895023107,-64.33099522153928,81.78604716746207
XRPUSDT,600,2400,20.0,15.0,2.0710787768512784,36.0,18.324305427266534,17.12332041104163,1.2009850162249012,43.235460584096444,42.56656888823137
XRPUSDT,600,2400,60.0,34.0,6.891495145313652,67.0,20.49148361222721,13.646414011340074,6.845069600887136,458.61966325943814,31.109972242073873
XRPUSDT,600,4800,2.0,3.0,-2.5936439326826624,10.0,15.563701973458915,14.619769473068876,0.943932500390045,9.43932500390045,171.6924272531773
XRPUSDT,600,4800,5.0,6.0,9.846841990193193,13.0,-21.54878724180417,14.01200366840091,-35.56079091020508,-462.29028183266604,139.83340520047057
XRPUSDT,600,4800,20.0,13.0,16.411812301123184,27.0,14.72398342100232,18.212079170640774,-3.4880957496384526,-94.17858524023822,79.68022704544663
XRPUSDT,600,4800,60.0,28.0,46.821318840249724,47.0,4.38866807470822,13.645393485471555,-9.256725410763334,-435.06609430587673,57.24445461557871
XRPUSDT,1200,120,2.0,5.0,-6.4911357104380425,61.0,-2.8125218780812,15.824000091283716,-18.636521969364917,-1136.82784013126,39.82468197260536
XRPUSDT,1200,120,5.0,12.0,-4.784315864317457,79.0,-0.07680898007133642,15.396789270830382,-15.47359825090172,-1222.4142618212359,28.234635966833245
XRPUSDT,1200,120,20.0,26.0,-11.660855334252535,140.0,2.2141233672828906,14.702547791459446,-12.488424424176554,-1748.3794193847175,18.297081295959362
XRPUSDT,1200,120,60.0,77.0,-11.38113334270236,241.0,0.5926067013066365,13.763402720101308,-13.170796018794672,-3174.1618405295158,6.392125407951407
XRPUSDT,1200,300,2.0,5.0,18.52631000007896,37.0,26.977354782123868,16.96636402501671,10.010990757107157,370.40665801296484,27.83470337145659
XRPUSDT,1200,300,5.0,9.0,15.85786043812709,45.0,11.62703641035812,16.528670566288945,-4.901634155930827,-220.57353701688723,26.139992390677303
XRPUSDT,1200,300,20.0,20.0,-2.3607601789011006,80.0,9.503560192974478,15.235230707248206,-5.731670514273726,-458.5336411418981,18.410693736152254
XRPUSDT,1200,300,60.0,54.0,-11.190133038792816,146.0,9.746616488785756,13.729169538233457,-3.9825530494477013,-581.4527452193644,10.722376498889444
XRPUSDT,1200,600,2.0,5.0,27.43225389374546,29.0,34.09598476972194,17.99205649272651,16.103928276995426,467.0139200328673,47.17006062262574
XRPUSDT,1200,600,5.0,8.0,25.42529580471794,36.0,27.61558999575179,17.041936270874672,10.573653724877115,380.65153409557615,42.08559038269242
XRPUSDT,1200,600,20.0,17.0,1.4607909329596338,58.0,26.036384561395533,15.896991119649714,10.139393441745817,588.0848196212573,37.20493863498596
XRPUSDT,1200,600,60.0,42.0,-8.141414388563389,109.0,5.170219877956504,13.804101299928465,-8.633881421971958,-941.0930749949434,17.598319151730227
XRPUSDT,1200,1200,2.0,5.0,21.75011392478064,19.0,59.63254305986355,20.262389662165877,39.370153397697685,748.032914556256,74.05579354372854
XRPUSDT,1200,1200,5.0,8.0,12.854957588556948,24.0,39.519659665637754,18.730330409851238,20.789329255786516,498.9439021388764,56.45539967466836
XRPUSDT,1200,1200,20.0,13.0,-10.383905568154397,37.0,13.476062045471716,17.01746981587731,-3.5414077704055926,-131.03208750500693,48.990206975930775
XRPUSDT,1200,1200,60.0,34.0,-15.103886840246806,74.0,7.956858872086063,13.795840049265891,-5.838981177179825,-432.08460711130704,24.875437109120078
XRPUSDT,1200,2400,2.0,3.0,22.07599669949177,15.0,-7.317536513501196,21.77719162398201,-29.094728137483212,-436.42092206224817,135.9429204635655
XRPUSDT,1200,2400,5.0,6.0,25.89752120631015,18.0,-40.02747414940474,20.420999398488146,-60.448473547892895,-1088.072523862072,125.40607531419678
XRPUSDT,1200,2400,20.0,11.0,-14.072349955583418,31.0,-37.14111110514634,17.66870817695257,-54.8098192820989,-1699.1043977450659,97.15447715954899
XRPUSDT,1200,2400,60.0,28.0,-2.2162725780201575,55.0,11.56288857911065,13.85320162344389,-2.290313044333247,-125.9672174383286,27.659643598359146
XRPUSDT,1200,4800,2.0,3.0,-45.08073713263928,12.0,48.82672544872273,23.790731865093903,25.035993583628827,300.43192300354593,153.50651837988568
XRPUSDT,1200,4800,5.0,5.0,1.7086876115974547,14.0,-11.861058889760136,22.33446994916689,-34.195528838927025,-478.73740374497834,125.87937260735309
XRPUSDT,1200,4800,20.0,8.0,5.105695810114099,22.0,24.839952040914373,19.31155059956061,5.5284014413537665,121.62483170978287,81.5119411490433
XRPUSDT,1200,4800,60.0,24.0,40.78146699506564,36.0,0.8425127087160398,13.780683210995253,-12.938170502279219,-465.7741380820519,63.22187239667688
XRPUSDT,2400,120,2.0,3.0,-23.860388381668404,62.0,-4.100542212517629,14.057798615299138,-18.15834082781676,-1125.8171313246391,29.413169650779455
XRPUSDT,2400,120,5.0,5.0,-30.908265469235182,69.0,-13.938907071731418,13.97410719400303,-27.913014265734446,-1925.9979843356768,30.312439225112637
XRPUSDT,2400,120,20.0,19.0,-17.65375167925177,136.0,-0.3205729209385511,14.78195376422724,-15.102526685165788,-2053.9436291825473,18.112887760645982
XRPUSDT,2400,120,60.0,64.0,-9.794805451806784,222.0,2.2226012711544296,13.759467200139227,-11.536865928984797,-2561.184236234625,11.276689057462175
XRPUSDT,2400,300,2.0,2.0,-27.61967088106154,33.0,13.190168122968032,14.163479987338937,-0.9733118643709039,-32.11929152423983,39.62670686822412
XRPUSDT,2400,300,5.0,4.0,-0.17066054294843447,38.0,1.5054945879411064,13.913094466891188,-12.407599878950077,-471.4887954001029,31.200132115326756
XRPUSDT,2400,300,20.0,11.0,-4.975665450322791,75.0,-5.113070180593023,15.508601566402865,-20.621671746995883,-1546.6253810246913,32.09331760009516
XRPUSDT,2400,300,60.0,40.0,-2.103257744890097,120.0,3.6315023963565105,13.741851229689534,-10.110348833333024,-1213.2418599999628,13.77084934951682
XRPUSDT,2400,600,2.0,2.0,-14.389182872154182,23.0,31.813013562327022,14.216228172304493,17.59678539002253,404.72606397051817,72.71866053952678
XRPUSDT,2400,600,5.0,4.0,4.385924373051649,26.0,-1.0273349518440624,14.010551675691833,-15.037886627535899,-390.9850523159334,38.98154758197309
XRPUSDT,2400,600,20.0,8.0,-8.354607869656245,50.0,-10.805359581638488,16.2211313276798,-27.026490909318287,-1351.3245454659143,35.74646399273068
XRPUSDT,2400,600,60.0,29.0,8.452990952869722,86.0,9.270921366230837,13.745686706603193,-4.474765340372353,-384.82981927202235,18.51654954479788
XRPUSDT,2400,1200,2.0,2.0,-14.463650909725565,18.0,65.32476005091554,14.358056273236937,50.9667037776786,917.4006679982149,92.38141269242132
XRPUSDT,2400,1200,5.0,4.0,15.545468935064385,18.0,30.59125148092497,13.85948433208767,16.731767148837307,301.1718086790715,46.21170693722688
XRPUSDT,2400,1200,20.0,8.0,-2.5378947098616758,36.0,9.651085878265508,17.21184188895781,-7.5607560106922955,-272.18721638492264,45.46570754668115
XRPUSDT,2400,1200,60.0,21.0,0.018893272782800556,64.0,11.056318349567142,13.67514425955429,-2.6188259099871463,-167.60485823917736,24.251506687226264
XRPUSDT,2400,2400,2.0,1.0,-11.999999999998998,12.0,-135.22560718825136,14.357592962151578,-149.58320015040297,-1794.9984018048356,214.93003618392743
XRPUSDT,2400,2400,5.0,3.0,38.04637103252295,12.0,-94.73007853814867,13.938170492866954,-108.66824903101563,-1304.0189883721876,118.10610261872775
XRPUSDT,2400,2400,20.0,6.0,60.95555757944442,24.0,-19.23239942184777,18.993689085708628,-38.2260885075564,-917.4261241813535,70.03661461062133
XRPUSDT,2400,2400,60.0,17.0,15.155825798009914,43.0,14.151886394701824,13.686504559820333,0.4653818348814934,20.011418899904214,43.66765702251737
XRPUSDT,2400,4800,2.0,1.0,-155.96161023726992,9.0,-65.24880261083467,14.575508533947433,-79.82431114478211,-718.418800303039,158.928684446429
XRPUSDT,2400,4800,5.0,2.0,6.473493857386572,9.0,-73.82498104113142,14.017461047127647,-87.84244208825905,-790.5819787943315,140.6947689347625
XRPUSDT,2400,4800,20.0,4.0,97.33779766233863,17.0,36.301956146994996,21.18799590259115,15.11396024440385,256.93732415486545,87.8589832219477
XRPUSDT,2400,4800,60.0,15.0,29.43008907594717,35.0,43.921276280330524,13.688187100437716,30.2330891798928,1058.158121296248,53.97367071194456
