strategy,symbol,time,position,soft_limit,hard_limit,mid
S1,BICOUSDT,2024-02-26 00:01,0,,,0.37555
S1,BICOUSDT,2024-02-26 00:06,0,,,0.37445
S1,BICOUSDT,2024-02-26 00:11,0,,,0.37465
S1,BICOUSDT,2024-02-26 00:16,51.8,313.8,366.1,0.3732
S1,BICOUSDT,2024-02-26 00:21,51.8,313.8,366.1,0.3744
S1,BICOUSDT,2024-02-26 00:26,51.8,313.8,366.1,0.3741
S1,BICOUSDT,2024-02-26 00:31,51.8,313.8,366.1,0.37395
S1,BICOUSDT,2024-02-26 00:36,51.8,313.8,366.1,0.37435
S1,BICOUSDT,2024-02-26 00:41,51.8,313.8,366.1,0.37445
S1,BICOUSDT,2024-02-26 00:46,51.8,313.8,366.1,0.3739
S1,BICOUSDT,2024-02-26 00:51,51.8,313.8,366.1,0.37435
S1,BICOUSDT,2024-02-26 00:56,51.8,313.8,366.1,0.37385
S1,BICOUSDT,2024-02-26 01:01,51.8,313.8,366.1,0.37335
S1,BICOUSDT,2024-02-26 01:06,51.8,313.8,366.1,0.3725
S1,BICOUSDT,2024-02-26 01:11,105.6,323.4,377.3,0.37115
S1,BICOUSDT,2024-02-26 01:16,105.6,323.4,377.3,0.37155
S1,BICOUSDT,2024-02-26 01:21,105.6,323.4,377.3,0.37135
S1,BICOUSDT,2024-02-26 01:26,105.6,323.4,377.3,0.37125
S1,BICOUSDT,2024-02-26 01:31,105.6,323.4,377.3,0.37145
S1,BICOUSDT,2024-02-26 01:36,159.6,324,378,0.3695
S1,BICOUSDT,2024-02-26 01:41,213.8,325.2,379.4,0.3693
S1,BICOUSDT,2024-02-26 01:46,268.1,325.8,380.1,0.36805
S1,BICOUSDT,2024-02-26 01:51,268.1,325.8,380.1,0.36795
S1,BICOUSDT,2024-02-26 01:56,216.2,311.4,363.3,0.36815
S1,BICOUSDT,2024-02-26 02:01,165.2,306,357,0.3682
S1,BICOUSDT,2024-02-26 02:06,165.2,306,357,0.36825
S1,BICOUSDT,2024-02-26 02:11,165.2,306,357,0.3669
S1,BICOUSDT,2024-02-26 02:16,165.2,306,357,0.3685
S1,BICOUSDT,2024-02-26 02:21,165.2,306,357,0.3679
S1,BICOUSDT,2024-02-26 02:26,253.1,270,315,0.36515
S1,BICOUSDT,2024-02-26 02:31,169.2,247.2,288.4,0.3645
S1,BICOUSDT,2024-02-26 02:36,129.3,239.4,279.3,0.36415
S1,BICOUSDT,2024-02-26 02:41,161,235.2,274.4,0.36465
S1,BICOUSDT,2024-02-26 02:46,161,235.2,274.4,0.36535
S1,BICOUSDT,2024-02-26 02:51,197.7,220.2,256.9,0.3653
S1,BICOUSDT,2024-02-26 02:56,197.7,220.2,256.9,0.36155
S1,BICOUSDT,2024-02-26 03:01,162.2,213,248.5,0.3593
S1,BICOUSDT,2024-02-26 03:06,162.2,213,248.5,0.3606
S1,BICOUSDT,2024-02-26 03:11,134.1,168.6,196.7,0.3621
S1,BICOUSDT,2024-02-26 03:16,134.1,168.6,196.7,0.36305
S1,BICOUSDT,2024-02-26 03:21,75.8,174.6,203.7,0.3648
S1,BICOUSDT,2024-02-26 03:26,75.8,174.6,203.7,0.36445
S1,BICOUSDT,2024-02-26 03:31,75.8,174.6,203.7,0.3654
S1,BICOUSDT,2024-02-26 03:36,100.9,150.6,175.7,0.3653
S1,BICOUSDT,2024-02-26 03:41,100.9,150.6,175.7,0.3654
S1,BICOUSDT,2024-02-26 03:46,66.4,207.6,242.2,0.3668
S1,BICOUSDT,2024-02-26 03:51,31.3,210.6,245.7,0.368
S1,BICOUSDT,2024-02-26 03:56,30.5,202.8,236.6,0.37015
S1,BICOUSDT,2024-02-26 04:01,-32.8,212.4,247.8,0.37215
S1,BICOUSDT,2024-02-26 04:06,-32.8,212.4,247.8,0.37105
S1,BICOUSDT,2024-02-26 04:11,-32.8,212.4,247.8,0.36975
S1,BICOUSDT,2024-02-26 04:16,-32.8,212.4,247.8,0.37145
S1,BICOUSDT,2024-02-26 04:21,-32.8,212.4,247.8,0.37095
S1,BICOUSDT,2024-02-26 04:26,-32.8,212.4,247.8,0.3711
S1,BICOUSDT,2024-02-26 04:31,-32.8,212.4,247.8,0.3713
S1,BICOUSDT,2024-02-26 04:36,-72.3,237,276.5,0.37035
S1,BICOUSDT,2024-02-26 04:41,-72.3,237,276.5,0.36975
S1,BICOUSDT,2024-02-26 04:46,-34.9,224.4,261.8,0.3698
S1,BICOUSDT,2024-02-26 04:51,-34.9,224.4,261.8,0.37095
S1,BICOUSDT,2024-02-26 04:56,-73.3,231,269.5,0.3718
S1,BICOUSDT,2024-02-26 05:01,-35.6,226.2,263.9,0.3703
S1,BICOUSDT,2024-02-26 05:06,-35.6,226.2,263.9,0.37095
S1,BICOUSDT,2024-02-26 05:11,-35.6,226.2,263.9,0.3725
S1,BICOUSDT,2024-02-26 05:16,-35.6,226.2,263.9,0.3722
S1,BICOUSDT,2024-02-26 05:21,-35.6,226.2,263.9,0.37235
S1,BICOUSDT,2024-02-26 05:26,-35.6,226.2,263.9,0.3724
S1,BICOUSDT,2024-02-26 05:31,7.4,258,301,0.37355
S1,BICOUSDT,2024-02-26 05:36,43.8,218.4,254.8,0.37305
S1,BICOUSDT,2024-02-26 05:41,43.8,218.4,254.8,0.37305
S1,BICOUSDT,2024-02-26 05:46,43.8,218.4,254.8,0.37405
S1,BICOUSDT,2024-02-26 05:51,42.9,175.2,204.4,0.3747
S1,BICOUSDT,2024-02-26 05:56,16.5,158.4,184.8,0.37545
S1,BICOUSDT,2024-02-26 06:01,16.5,158.4,184.8,0.3751
S1,BICOUSDT,2024-02-26 06:06,-33.9,154.8,180.6,0.3765
S1,BICOUSDT,2024-02-26 06:11,-86.1,154.8,180.6,0.3762
S1,BICOUSDT,2024-02-26 06:16,-34.8,154.2,179.9,0.3756
S1,BICOUSDT,2024-02-26 06:21,-8.9,155.4,181.3,0.3753
S1,BICOUSDT,2024-02-26 06:26,-8.9,155.4,181.3,0.37555
S1,BICOUSDT,2024-02-26 06:31,-8.9,155.4,181.3,0.37475
S1,BICOUSDT,2024-02-26 06:36,-8.9,155.4,181.3,0.37515
S1,BICOUSDT,2024-02-26 06:41,-8.9,155.4,181.3,0.37595
S1,BICOUSDT,2024-02-26 06:46,-8.9,155.4,181.3,0.3759
S1,BICOUSDT,2024-02-26 06:51,-8.9,155.4,181.3,0.37655
S1,BICOUSDT,2024-02-26 06:56,83.8,279,325.5,0.3723
S1,BICOUSDT,2024-02-26 07:01,83.8,279,325.5,0.37285
S1,BICOUSDT,2024-02-26 07:06,83.8,300,350,0.3718
S1,BICOUSDT,2024-02-26 07:11,83.8,300,350,0.37095
S1,BICOUSDT,2024-02-26 07:16,83.8,300,350,0.3708
S1,BICOUSDT,2024-02-26 07:21,83.8,300,350,0.37265
S1,BICOUSDT,2024-02-26 07:26,30,322.8,376.6,0.37255
S1,BICOUSDT,2024-02-26 07:31,30,322.8,376.6,0.3717
S1,BICOUSDT,2024-02-26 07:36,30,322.8,376.6,0.3713
S1,BICOUSDT,2024-02-26 07:41,181.7,301.2,351.4,0.3693
S1,BICOUSDT,2024-02-26 07:46,227.2,273,318.5,0.3681
S1,BICOUSDT,2024-02-26 07:51,227.2,273,318.5,0.3679
S1,BICOUSDT,2024-02-26 07:56,227.2,273,318.5,0.3665
S1,BICOUSDT,2024-02-26 08:01,147.2,240.6,280.7,0.36745
S1,BICOUSDT,2024-02-26 08:06,107.6,239.4,279.3,0.36955
S1,BICOUSDT,2024-02-26 08:11,107.6,239.4,279.3,0.3692
S1,BICOUSDT,2024-02-26 08:16,107.6,210.6,245.7,0.3677
S1,BICOUSDT,2024-02-26 08:21,107.6,210.6,245.7,0.3696
S1,BICOUSDT,2024-02-26 08:26,76.5,186.6,217.7,0.36995
S1,BICOUSDT,2024-02-26 08:31,76.5,186.6,217.7,0.3699
S1,BICOUSDT,2024-02-26 08:36,76.5,186.6,217.7,0.3694
S1,BICOUSDT,2024-02-26 08:41,76.5,186.6,217.7,0.369
S1,BICOUSDT,2024-02-26 08:46,76.5,186.6,217.7,0.36815
S1,BICOUSDT,2024-02-26 08:51,76.5,186.6,217.7,0.3685
S1,BICOUSDT,2024-02-26 08:56,76.5,186.6,217.7,0.3684
S1,BICOUSDT,2024-02-26 09:01,126,297,346.5,0.36655
S1,BICOUSDT,2024-02-26 09:06,126,297,346.5,0.3667
S1,BICOUSDT,2024-02-26 09:11,126,297,346.5,0.36815
S1,BICOUSDT,2024-02-26 09:16,126,297,346.5,0.36775
S1,BICOUSDT,2024-02-26 09:21,177.3,307.8,359.1,0.3641
S1,BICOUSDT,2024-02-26 09:26,177.3,307.8,359.1,0.36455
S1,BICOUSDT,2024-02-26 09:31,230,316.8,369.6,0.36415
S1,BICOUSDT,2024-02-26 09:36,178.8,307.2,358.4,0.36255
S1,BICOUSDT,2024-02-26 09:41,130.7,288.6,336.7,0.3617
S1,BICOUSDT,2024-02-26 09:46,85.8,269.4,314.3,0.3614
S1,BICOUSDT,2024-02-26 09:51,85.8,269.4,314.3,0.36205
S1,BICOUSDT,2024-02-26 09:56,85.8,269.4,314.3,0.361
S1,BICOUSDT,2024-02-26 10:01,85.8,269.4,314.3,0.3612
S1,BICOUSDT,2024-02-26 10:06,-9.3,187.8,219.1,0.36455
S1,BICOUSDT,2024-02-26 10:11,18.3,165.6,193.2,0.36645
S1,BICOUSDT,2024-02-26 10:16,18.3,165.6,193.2,0.36575
S1,BICOUSDT,2024-02-26 10:21,18.3,165.6,193.2,0.36675
S1,BICOUSDT,2024-02-26 10:26,18.3,165.6,193.2,0.36765
S1,BICOUSDT,2024-02-26 10:31,18.3,165.6,193.2,0.3666
S1,BICOUSDT,2024-02-26 10:36,44.8,159,185.5,0.36545
S1,BICOUSDT,2024-02-26 10:41,44.8,159,185.5,0.36635
S1,BICOUSDT,2024-02-26 10:46,-13.8,178.8,208.6,0.3664
S1,BICOUSDT,2024-02-26 10:51,18.5,193.8,226.1,0.3657
S1,BICOUSDT,2024-02-26 10:56,18.5,193.8,226.1,0.3646
S1,BICOUSDT,2024-02-26 11:01,55,219,255.5,0.3645
S1,BICOUSDT,2024-02-26 11:06,91.8,220.8,257.6,0.36315
S1,BICOUSDT,2024-02-26 11:11,91.8,220.8,257.6,0.3647
S1,BICOUSDT,2024-02-26 11:16,91.8,220.8,257.6,0.36635
S1,BICOUSDT,2024-02-26 11:21,56.9287,221.4,258.3,0.36555
S1,BICOUSDT,2024-02-26 11:26,56.9287,221.4,258.3,0.3665
S1,BICOUSDT,2024-02-26 11:31,56.9287,221.4,258.3,0.36605
S1,BICOUSDT,2024-02-26 11:36,56.9287,221.4,258.3,0.36585
S1,BICOUSDT,2024-02-26 11:41,56.9287,221.4,258.3,0.3658
S1,BICOUSDT,2024-02-26 11:46,56.9287,221.4,258.3,0.366
S1,BICOUSDT,2024-02-26 11:51,95.8287,233.4,272.3,0.36525
S1,BICOUSDT,2024-02-26 11:56,95.8287,233.4,272.3,0.36695
S1,BICOUSDT,2024-02-26 12:01,95.8287,233.4,272.3,0.36655
S1,BICOUSDT,2024-02-26 12:06,95.8287,233.4,272.3,0.36445
S1,BICOUSDT,2024-02-26 12:11,95.8287,233.4,272.3,0.36445
S1,BICOUSDT,2024-02-26 12:16,95.8287,233.4,272.3,0.3644
S1,BICOUSDT,2024-02-26 12:21,96.3287,247.2,288.4,0.36255
S1,BICOUSDT,2024-02-26 12:26,96.3287,247.2,288.4,0.36415
S1,BICOUSDT,2024-02-26 12:31,96.3287,247.2,288.4,0.365
S1,BICOUSDT,2024-02-26 12:36,96.3287,247.2,288.4,0.3662
S1,BICOUSDT,2024-02-26 12:41,96.3287,247.2,288.4,0.3666
S1,BICOUSDT,2024-02-26 12:46,11.6287,171,199.5,0.36775
S1,BICOUSDT,2024-02-26 12:51,11.6287,171,199.5,0.3674
S1,BICOUSDT,2024-02-26 12:56,11.6287,171,199.5,0.3674
S1,BICOUSDT,2024-02-26 13:01,11.6287,171,199.5,0.36705
S1,BICOUSDT,2024-02-26 13:06,11.6287,171,199.5,0.3666
S1,BICOUSDT,2024-02-26 13:11,11.6287,171,199.5,0.367
S1,BICOUSDT,2024-02-26 13:16,11.6287,171,199.5,0.36755
S1,BICOUSDT,2024-02-26 13:21,11.6287,171,199.5,0.3672
S1,BICOUSDT,2024-02-26 13:26,11.6287,171,199.5,0.3682
S1,BICOUSDT,2024-02-26 13:31,11.6287,171,199.5,0.3671
S1,BICOUSDT,2024-02-26 13:36,-42.7713,327,381.5,0.368
S1,BICOUSDT,2024-02-26 13:41,-43.0713,324.6,378.7,0.36915
S1,BICOUSDT,2024-02-26 13:46,11.3287,326.4,380.8,0.36805
S1,BICOUSDT,2024-02-26 13:51,11.3287,326.4,380.8,0.366
S1,BICOUSDT,2024-02-26 13:56,11.3287,326.4,380.8,0.36745
S1,BICOUSDT,2024-02-26 14:01,11.3287,326.4,380.8,0.3667
S1,BICOUSDT,2024-02-26 14:06,12.7287,313.8,366.1,0.3681
S1,BICOUSDT,2024-02-26 14:11,12.7287,313.8,366.1,0.3679
S1,BICOUSDT,2024-02-26 14:16,12.7287,313.8,366.1,0.3676
S1,BICOUSDT,2024-02-26 14:21,12.7287,313.8,366.1,0.36865
S1,BICOUSDT,2024-02-26 14:26,12.7287,313.8,366.1,0.3685
S1,BICOUSDT,2024-02-26 14:31,-107.771,324.6,378.7,0.37015
S1,BICOUSDT,2024-02-26 14:36,-107.771,324.6,378.7,0.3701
S1,BICOUSDT,2024-02-26 14:41,-161.871,324.6,378.7,0.3695
S1,BICOUSDT,2024-02-26 14:46,-161.871,324.6,378.7,0.3704
S1,BICOUSDT,2024-02-26 14:51,-161.871,324.6,378.7,0.37055
S1,BICOUSDT,2024-02-26 14:56,-161.871,324.6,378.7,0.3707
S1,BICOUSDT,2024-02-26 15:01,-215.971,324.6,378.7,0.37035
S1,BICOUSDT,2024-02-26 15:06,-215.971,324.6,378.7,0.3706
S1,BICOUSDT,2024-02-26 15:11,-269.971,324,378,0.3721
S1,BICOUSDT,2024-02-26 15:16,-269.971,324,378,0.37305
S1,BICOUSDT,2024-02-26 15:21,-269.971,324,378,0.37325
S1,BICOUSDT,2024-02-26 15:26,-216.371,321.6,375.2,0.374
S1,BICOUSDT,2024-02-26 15:31,-268.071,295.2,344.4,0.3747
S1,BICOUSDT,2024-02-26 15:36,-177.671,273,318.5,0.3736
S1,BICOUSDT,2024-02-26 15:41,-177.671,265.2,309.4,0.37315
S1,BICOUSDT,2024-02-26 15:46,-177.671,265.2,309.4,0.3734
S1,BICOUSDT,2024-02-26 15:51,-177.671,265.2,309.4,0.37185
S1,BICOUSDT,2024-02-26 15:56,-177.471,240,280,0.3752
S1,BICOUSDT,2024-02-26 16:01,-177.471,240,280,0.3747
S1,BICOUSDT,2024-02-26 16:06,-140.971,219,255.5,0.37515
S1,BICOUSDT,2024-02-26 16:11,-176.671,214.2,249.9,0.37545
S1,BICOUSDT,2024-02-26 16:16,-216,216,252,0.3767
S1,BICOUSDT,2024-02-26 16:21,-86.2,192.6,224.7,0.37445
S1,BICOUSDT,2024-02-26 16:26,-24.9,183,213.5,0.3752
S1,BICOUSDT,2024-02-26 16:31,-24.9,183,213.5,0.37545
S1,BICOUSDT,2024-02-26 16:36,-24.6,177.6,207.2,0.37635
S1,BICOUSDT,2024-02-26 16:41,-24.6,177.6,207.2,0.37795
S1,BICOUSDT,2024-02-26 16:46,-24.6,177.6,207.2,0.37815
S1,BICOUSDT,2024-02-26 16:51,-24.9,175.8,205.1,0.3781
S1,BICOUSDT,2024-02-26 16:56,-24.9,175.8,205.1,0.3805
S1,BICOUSDT,2024-02-26 17:01,-54.2,175.8,205.1,0.37885
S1,BICOUSDT,2024-02-26 17:06,-25.5,172.2,200.9,0.3784
S1,BICOUSDT,2024-02-26 17:11,-25.5,172.2,200.9,0.37915
S1,BICOUSDT,2024-02-26 17:16,3,171,199.5,0.37815
S1,BICOUSDT,2024-02-26 17:21,3,171,199.5,0.37895
S1,BICOUSDT,2024-02-26 17:26,3,171,199.5,0.37815
S1,BICOUSDT,2024-02-26 17:31,-32.7,214.2,249.9,0.3783
S1,BICOUSDT,2024-02-26 17:36,-32.7,214.2,249.9,0.37875
S1,BICOUSDT,2024-02-26 17:41,-28.8,219.6,256.2,0.3783
S1,BICOUSDT,2024-02-26 17:46,11.9,244.8,285.6,0.37765
S1,BICOUSDT,2024-02-26 17:51,11.9,244.8,285.6,0.37725
S1,BICOUSDT,2024-02-26 17:56,53.7,251.4,293.3,0.37745
S1,BICOUSDT,2024-02-26 18:01,53.7,251.4,293.3,0.3774
S1,BICOUSDT,2024-02-26 18:06,53.7,251.4,293.3,0.37775
S1,BICOUSDT,2024-02-26 18:11,6.1,285.6,333.2,0.37865
S1,BICOUSDT,2024-02-26 18:16,6.1,285.6,333.2,0.37745
S1,BICOUSDT,2024-02-26 18:21,6.1,285.6,333.2,0.3775
S1,BICOUSDT,2024-02-26 18:26,6.1,285.6,333.2,0.3769
S1,BICOUSDT,2024-02-26 18:31,53.9,286.8,334.6,0.3756
S1,BICOUSDT,2024-02-26 18:36,53.9,286.8,334.6,0.37535
S1,BICOUSDT,2024-02-26 18:41,53.9,286.8,334.6,0.3754
S1,BICOUSDT,2024-02-26 18:46,53.9,286.8,334.6,0.37595
S1,BICOUSDT,2024-02-26 18:51,53.9,286.8,334.6,0.3758
S1,BICOUSDT,2024-02-26 18:56,53.9,286.8,334.6,0.37555
S1,BICOUSDT,2024-02-26 19:01,9.6,265.8,310.1,0.376
S1,BICOUSDT,2024-02-26 19:06,9.6,265.8,310.1,0.3741
S1,BICOUSDT,2024-02-26 19:11,9.6,265.8,310.1,0.3754
S1,BICOUSDT,2024-02-26 19:16,-34.3,263.4,307.3,0.3771
S1,BICOUSDT,2024-02-26 19:21,-34.3,263.4,307.3,0.37845
S1,BICOUSDT,2024-02-26 19:26,-34.3,263.4,307.3,0.37835
S1,BICOUSDT,2024-02-26 19:31,-34.3,263.4,307.3,0.3786
S1,BICOUSDT,2024-02-26 19:36,-3.3,186,217,0.37845
S1,BICOUSDT,2024-02-26 19:41,-3.3,186,217,0.3781
S1,BICOUSDT,2024-02-26 19:46,-3.3,186,217,0.37845
S1,BICOUSDT,2024-02-26 19:51,-3.3,186,217,0.37945
S1,BICOUSDT,2024-02-26 19:56,-60.9,173.4,202.3,0.38085
S1,BICOUSDT,2024-02-26 20:01,-88.5,165.6,193.2,0.38105
S1,BICOUSDT,2024-02-26 20:06,-8.4,157.8,184.1,0.38105
S1,BICOUSDT,2024-02-26 20:11,16.5,150,175,0.3798
S1,BICOUSDT,2024-02-26 20:16,16.5,150,175,0.3794
S1,BICOUSDT,2024-02-26 20:21,16.5,150,175,0.37935
S1,BICOUSDT,2024-02-26 20:26,45.4,174.6,203.7,0.37905
S1,BICOUSDT,2024-02-26 20:31,45.4,174.6,203.7,0.37985
S1,BICOUSDT,2024-02-26 20:36,45.4,174.6,203.7,0.3802
S1,BICOUSDT,2024-02-26 20:41,45.4,174.6,203.7,0.37975
S1,BICOUSDT,2024-02-26 20:46,7.2,229.8,268.1,0.3817
S1,BICOUSDT,2024-02-26 20:51,7.2,229.8,268.1,0.381
S1,BICOUSDT,2024-02-26 20:56,7.2,229.8,268.1,0.3803
S1,BICOUSDT,2024-02-26 21:01,7.2,229.8,268.1,0.38125
S1,BICOUSDT,2024-02-26 21:06,7.2,229.8,268.1,0.3819
S1,BICOUSDT,2024-02-26 21:11,-61.9032,256.2,298.9,0.3827
S1,BICOUSDT,2024-02-26 21:16,-104.203,255,297.5,0.38375
S1,BICOUSDT,2024-02-26 21:21,-104.203,255,297.5,0.3828
S1,BICOUSDT,2024-02-26 21:26,-104.203,255,297.5,0.38325
S1,BICOUSDT,2024-02-26 21:31,-104.203,255,297.5,0.38305
S1,BICOUSDT,2024-02-26 21:36,-12.7032,274.8,320.6,0.3823
S1,BICOUSDT,2024-02-26 21:41,-12.7032,274.8,320.6,0.3822
S1,BICOUSDT,2024-02-26 21:46,-12.7032,274.8,320.6,0.38215
S1,BICOUSDT,2024-02-26 21:51,-12.7032,274.8,320.6,0.3821
S1,BICOUSDT,2024-02-26 21:56,-12.7032,274.8,320.6,0.3832
S1,BICOUSDT,2024-02-26 22:01,39.4968,313.2,365.4,0.3833
S1,BICOUSDT,2024-02-26 22:06,-65.2032,313.2,365.4,0.38375
S1,BICOUSDT,2024-02-26 22:11,-117.303,312.6,364.7,0.38325
S1,BICOUSDT,2024-02-26 22:16,-117.303,312.6,364.7,0.38225
S1,BICOUSDT,2024-02-26 22:21,-70.0032,283.8,331.1,0.3818
S1,BICOUSDT,2024-02-26 22:26,-24.8032,271.2,316.4,0.3804
S1,BICOUSDT,2024-02-26 22:31,-24.8032,271.2,316.4,0.3813
S1,BICOUSDT,2024-02-26 22:36,-24.8032,271.2,316.4,0.37955
S1,BICOUSDT,2024-02-26 22:41,13.5968,230.4,268.8,0.38065
S1,BICOUSDT,2024-02-26 22:46,-21.0032,207.6,242.2,0.38105
S1,BICOUSDT,2024-02-26 22:51,-21.0032,207.6,242.2,0.3818
S1,BICOUSDT,2024-02-26 22:56,-21.0032,207.6,242.2,0.38175
S1,BICOUSDT,2024-02-26 23:01,-21.0032,207.6,242.2,0.3818
S1,BICOUSDT,2024-02-26 23:06,2.79681,142.8,166.6,0.3807
S1,BICOUSDT,2024-02-26 23:11,2.79681,142.8,166.6,0.3813
S1,BICOUSDT,2024-02-26 23:16,2.79681,142.8,166.6,0.38115
S1,BICOUSDT,2024-02-26 23:21,2.79681,142.8,166.6,0.38085
S1,BICOUSDT,2024-02-26 23:26,2.79681,142.8,166.6,0.38105
S1,BICOUSDT,2024-02-26 23:31,2.79681,142.8,166.6,0.3813
S1,BICOUSDT,2024-02-26 23:36,2.79681,142.8,166.6,0.38135
S1,BICOUSDT,2024-02-26 23:41,2.79681,142.8,166.6,0.3822
S1,BICOUSDT,2024-02-26 23:46,2.79681,142.8,166.6,0.38225
S1,BICOUSDT,2024-02-26 23:51,2.79681,142.8,166.6,0.3815
S1,BICOUSDT,2024-02-26 23:56,2.79681,142.8,166.6,0.38185
S1,BICOUSDT,2024-02-27 00:01,0,314.4,366.8,0.382
S1,BICOUSDT,2024-02-27 00:06,0,314.4,366.8,0.38085
S1,BICOUSDT,2024-02-27 00:11,0,314.4,366.8,0.381
S1,BICOUSDT,2024-02-27 00:16,0,314.4,366.8,0.38105
S1,BICOUSDT,2024-02-27 00:21,52.7,316.2,368.9,0.37825
S1,BICOUSDT,2024-02-27 00:26,52.7,316.2,368.9,0.379
S1,BICOUSDT,2024-02-27 00:31,52.7,316.2,368.9,0.37835
S1,BICOUSDT,2024-02-27 00:36,52.7,316.2,368.9,0.3778
S1,BICOUSDT,2024-02-27 00:41,52.7,316.2,368.9,0.37765
S1,BICOUSDT,2024-02-27 00:46,52.7,316.2,368.9,0.3784
S1,BICOUSDT,2024-02-27 00:51,52.7,316.2,368.9,0.37905
S1,BICOUSDT,2024-02-27 00:56,6.8,275.4,321.3,0.3796
S1,BICOUSDT,2024-02-27 01:01,6.8,275.4,321.3,0.3796
S1,BICOUSDT,2024-02-27 01:06,6.8,275.4,321.3,0.37995
S1,BICOUSDT,2024-02-27 01:11,-37.8,267.6,312.2,0.3842
S1,BICOUSDT,2024-02-27 01:16,-37.8,267.6,312.2,0.38465
S1,BICOUSDT,2024-02-27 01:21,-37.8,267.6,312.2,0.3851
S1,BICOUSDT,2024-02-27 01:26,-37.8,267.6,312.2,0.3843
S1,BICOUSDT,2024-02-27 01:31,5.3,258.6,301.7,0.38395
S1,BICOUSDT,2024-02-27 01:36,5.3,258.6,301.7,0.3845
S1,BICOUSDT,2024-02-27 01:41,-33.8,234.6,273.7,0.38685
S1,BICOUSDT,2024-02-27 01:46,-71.2,224.4,261.8,0.38675
S1,BICOUSDT,2024-02-27 01:51,-42.7,165.6,193.2,0.387
S1,BICOUSDT,2024-02-27 01:56,9.2,155.4,181.3,0.3881
S1,BICOUSDT,2024-02-27 02:01,33,142.8,166.6,0.3885
S1,BICOUSDT,2024-02-27 02:06,32.6,126,147,0.39055
S1,BICOUSDT,2024-02-27 02:11,74.6,126,147,0.38905
S1,BICOUSDT,2024-02-27 02:16,113.6,117,136.5,0.38815
S1,BICOUSDT,2024-02-27 02:21,94.3,108,126,0.389
S1,BICOUSDT,2024-02-27 02:26,94.3,108,126,0.38765
S1,BICOUSDT,2024-02-27 02:31,94.3,108,126,0.38915
S1,BICOUSDT,2024-02-27 02:36,76,110.4,128.8,0.39005
S1,BICOUSDT,2024-02-27 02:41,57.9,108.6,126.7,0.39085
S1,BICOUSDT,2024-02-27 02:46,39.8,108.6,126.7,0.39305
S1,BICOUSDT,2024-02-27 02:51,39.8,108.6,126.7,0.39235
S1,BICOUSDT,2024-02-27 02:56,56.8,102,119,0.3908
S1,BICOUSDT,2024-02-27 03:01,56.8,102,119,0.3934
S1,BICOUSDT,2024-02-27 03:06,56.8,102,119,0.39245
S1,BICOUSDT,2024-02-27 03:11,39.7,102.6,119.7,0.39255
S1,BICOUSDT,2024-02-27 03:16,39.7,102.6,119.7,0.39315
S1,BICOUSDT,2024-02-27 03:21,39.7,102.6,119.7,0.3936
S1,BICOUSDT,2024-02-27 03:26,39.7,102.6,119.7,0.3939
S1,BICOUSDT,2024-02-27 03:31,74.7,210,245,0.39465
S1,BICOUSDT,2024-02-27 03:36,74.7,210,245,0.3943
S1,BICOUSDT,2024-02-27 03:41,116.1,248.4,289.8,0.3912
S1,BICOUSDT,2024-02-27 03:46,156.6,243,283.5,0.3895
S1,BICOUSDT,2024-02-27 03:51,197.3,244.2,284.9,0.38825
S1,BICOUSDT,2024-02-27 03:56,197.3,249,290.5,0.38685
S1,BICOUSDT,2024-02-27 04:01,197.3,249,290.5,0.3866
S1,BICOUSDT,2024-02-27 04:06,240.03,249,290.5,0.3891
S1,BICOUSDT,2024-02-27 04:11,158.23,245.4,286.3,0.39015
S1,BICOUSDT,2024-02-27 04:16,158.23,245.4,286.3,0.38885
S1,BICOUSDT,2024-02-27 04:21,158.23,245.4,286.3,0.3887
S1,BICOUSDT,2024-02-27 04:26,193.83,213.6,249.2,0.3883
S1,BICOUSDT,2024-02-27 04:31,193.83,213.6,249.2,0.38805
S1,BICOUSDT,2024-02-27 04:36,170.13,142.8,166.6,0.3876
S1,BICOUSDT,2024-02-27 04:41,170.13,142.8,166.6,0.3874
S1,BICOUSDT,2024-02-27 04:46,143.63,159,185.5,0.38575
S1,BICOUSDT,2024-02-27 04:51,143.63,159,185.5,0.387
S1,BICOUSDT,2024-02-27 04:56,108.63,210,245,0.3871
S1,BICOUSDT,2024-02-27 05:01,108.63,210,245,0.38675
S1,BICOUSDT,2024-02-27 05:06,150.03,248.4,289.8,0.38605
S1,BICOUSDT,2024-02-27 05:11,107.93,252.6,294.7,0.38725
S1,BICOUSDT,2024-02-27 05:16,107.93,252.6,294.7,0.38585
S1,BICOUSDT,2024-02-27 05:21,66.03,251.4,293.3,0.3868
S1,BICOUSDT,2024-02-27 05:26,66.03,251.4,293.3,0.3881
S1,BICOUSDT,2024-02-27 05:31,109.03,258.6,301.7,0.387
S1,BICOUSDT,2024-02-27 05:36,65.63,260.4,303.8,0.38835
S1,BICOUSDT,2024-02-27 05:41,23.03,255.6,298.2,0.3901
S1,BICOUSDT,2024-02-27 05:46,23.03,255.6,298.2,0.39005
S1,BICOUSDT,2024-02-27 05:51,23.03,255.6,298.2,0.38915
S1,BICOUSDT,2024-02-27 05:56,23.03,255.6,298.2,0.3892
S1,BICOUSDT,2024-02-27 06:01,23.03,255.6,298.2,0.3902
S1,BICOUSDT,2024-02-27 06:06,23.03,255.6,298.2,0.3886
S1,BICOUSDT,2024-02-27 06:11,23.03,255.6,298.2,0.38865
S1,BICOUSDT,2024-02-27 06:16,23.03,255.6,298.2,0.388
S1,BICOUSDT,2024-02-27 06:21,23.03,255.6,298.2,0.38815
S1,BICOUSDT,2024-02-27 06:26,71.53,291,339.5,0.3883
S1,BICOUSDT,2024-02-27 06:31,71.53,291,339.5,0.3881
S1,BICOUSDT,2024-02-27 06:36,71.53,291,339.5,0.3868
S1,BICOUSDT,2024-02-27 06:41,123.13,309.6,361.2,0.3878
S1,BICOUSDT,2024-02-27 06:46,123.13,309.6,361.2,0.38765
S1,BICOUSDT,2024-02-27 06:51,123.13,309.6,361.2,0.3877
S1,BICOUSDT,2024-02-27 06:56,123.13,309.6,361.2,0.3878
S1,BICOUSDT,2024-02-27 07:01,123.13,309.6,361.2,0.38825
S1,BICOUSDT,2024-02-27 07:06,123.13,309.6,361.2,0.38875
S1,BICOUSDT,2024-02-27 07:11,123.13,309.6,361.2,0.38765
S1,BICOUSDT,2024-02-27 07:16,71.43,310.2,361.9,0.3873
S1,BICOUSDT,2024-02-27 07:21,71.43,310.2,361.9,0.38795
S1,BICOUSDT,2024-02-27 07:26,123.03,309.6,361.2,0.387
S1,BICOUSDT,2024-02-27 07:31,123.03,309.6,361.2,0.3869
S1,BICOUSDT,2024-02-27 07:36,123.03,309.6,361.2,0.38655
S1,BICOUSDT,2024-02-27 07:41,123.03,309.6,361.2,0.38845
S1,BICOUSDT,2024-02-27 07:46,123.03,309.6,361.2,0.38845
S1,BICOUSDT,2024-02-27 07:51,123.03,309.6,361.2,0.38865
S1,BICOUSDT,2024-02-27 07:56,123.03,309.6,361.2,0.38725
S1,BICOUSDT,2024-02-27 08:01,123.03,309.6,361.2,0.3883
S1,BICOUSDT,2024-02-27 08:06,123.03,309.6,361.2,0.3888
S1,BICOUSDT,2024-02-27 08:11,79.43,261.6,305.2,0.39
S1,BICOUSDT,2024-02-27 08:16,79.43,261.6,305.2,0.38965
S1,BICOUSDT,2024-02-27 08:21,38.43,246,287,0.39085
S1,BICOUSDT,2024-02-27 08:26,38.43,246,287,0.39055
S1,BICOUSDT,2024-02-27 08:31,38.43,246,287,0.38875
S1,BICOUSDT,2024-02-27 08:36,38.43,246,287,0.3891
S1,BICOUSDT,2024-02-27 08:41,38.43,246,287,0.38865
S1,BICOUSDT,2024-02-27 08:46,78.83,243,283.5,0.3891
S1,BICOUSDT,2024-02-27 08:51,78.83,243,283.5,0.3888
S1,BICOUSDT,2024-02-27 08:56,78.83,243,283.5,0.3894
S1,BICOUSDT,2024-02-27 09:01,78.83,243,283.5,0.3898
S1,BICOUSDT,2024-02-27 09:06,78.83,243,283.5,0.3888
S1,BICOUSDT,2024-02-27 09:11,30.83,288,336,0.3914
S1,BICOUSDT,2024-02-27 09:16,30.83,288,336,0.39085
S1,BICOUSDT,2024-02-27 09:21,30.83,288,336,0.3908
S1,BICOUSDT,2024-02-27 09:26,30.83,288,336,0.39115
S1,BICOUSDT,2024-02-27 09:31,30.83,288,336,0.3914
S1,BICOUSDT,2024-02-27 09:36,30.83,288,336,0.39035
S1,BICOUSDT,2024-02-27 09:41,30.83,288,336,0.3906
S1,BICOUSDT,2024-02-27 09:46,30.83,288,336,0.3906
S1,BICOUSDT,2024-02-27 09:51,77.83,282,329,0.39065
S1,BICOUSDT,2024-02-27 09:56,125.13,283.8,331.1,0.39035
S1,BICOUSDT,2024-02-27 10:01,77.13,288.6,336.7,0.3891
S1,BICOUSDT,2024-02-27 10:06,77.13,288.6,336.7,0.38915
S1,BICOUSDT,2024-02-27 10:11,77.13,288.6,336.7,0.38855
S1,BICOUSDT,2024-02-27 10:16,77.13,288.6,336.7,0.3887
S1,BICOUSDT,2024-02-27 10:21,77.13,288.6,336.7,0.3895
S1,BICOUSDT,2024-02-27 10:26,77.13,288.6,336.7,0.3896
S1,BICOUSDT,2024-02-27 10:31,77.13,288.6,336.7,0.3899
S1,BICOUSDT,2024-02-27 10:36,77.13,288.6,336.7,0.3912
S1,BICOUSDT,2024-02-27 10:41,77.13,288.6,336.7,0.39005
S1,BICOUSDT,2024-02-27 10:46,77.13,277.2,323.4,0.3912
S1,BICOUSDT,2024-02-27 10:51,77.13,277.2,323.4,0.39155
S1,BICOUSDT,2024-02-27 10:56,77.13,277.2,323.4,0.39135
S1,BICOUSDT,2024-02-27 11:01,77.13,277.2,323.4,0.3918
S1,BICOUSDT,2024-02-27 11:06,77.13,277.2,323.4,0.39235
S1,BICOUSDT,2024-02-27 11:11,77.13,277.2,323.4,0.3927
S1,BICOUSDT,2024-02-27 11:16,-56.97,268.8,313.6,0.3956
S1,BICOUSDT,2024-02-27 11:21,31.73,262.8,306.6,0.39325
S1,BICOUSDT,2024-02-27 11:26,31.73,259.2,302.4,0.3927
S1,BICOUSDT,2024-02-27 11:31,31.73,259.2,302.4,0.39395
S1,BICOUSDT,2024-02-27 11:36,31.73,259.2,302.4,0.39375
S1,BICOUSDT,2024-02-27 11:41,31.73,259.2,302.4,0.3926
S1,BICOUSDT,2024-02-27 11:46,31.73,259.2,302.4,0.3914
S1,BICOUSDT,2024-02-27 11:51,31.73,259.2,302.4,0.39305
S1,BICOUSDT,2024-02-27 11:56,70.23,231,269.5,0.3933
S1,BICOUSDT,2024-02-27 12:01,70.23,231,269.5,0.3935
S1,BICOUSDT,2024-02-27 12:06,70.23,231,269.5,0.3923
S1,BICOUSDT,2024-02-27 12:11,70.23,231,269.5,0.3924
S1,BICOUSDT,2024-02-27 12:16,70.23,231,269.5,0.3924
S1,BICOUSDT,2024-02-27 12:21,70.23,231,269.5,0.3926
S1,BICOUSDT,2024-02-27 12:26,70.23,231,269.5,0.3929
S1,BICOUSDT,2024-02-27 12:31,70.23,231,269.5,0.39095
S1,BICOUSDT,2024-02-27 12:36,-20.57,272.4,317.8,0.3946
S1,BICOUSDT,2024-02-27 12:41,-21.47,259.2,302.4,0.3942
S1,BICOUSDT,2024-02-27 12:46,-21.47,262.8,306.6,0.39425
S1,BICOUSDT,2024-02-27 12:51,72.43,284.4,331.8,0.3916
S1,BICOUSDT,2024-02-27 12:56,25.03,284.4,331.8,0.39285
S1,BICOUSDT,2024-02-27 13:01,25.03,284.4,331.8,0.39185
S1,BICOUSDT,2024-02-27 13:06,25.03,284.4,331.8,0.391
S1,BICOUSDT,2024-02-27 13:11,-56.87,246,287,0.3937
S1,BICOUSDT,2024-02-27 13:16,-56.87,246,287,0.39265
S1,BICOUSDT,2024-02-27 13:21,-56.87,246,287,0.3924
S1,BICOUSDT,2024-02-27 13:26,26.33,162.6,189.7,0.38885
S1,BICOUSDT,2024-02-27 13:31,73.53,135,157.5,0.3885
S1,BICOUSDT,2024-02-27 13:36,51.33,133.2,155.4,0.39015
S1,BICOUSDT,2024-02-27 13:41,29.63,130.2,151.9,0.39065
S1,BICOUSDT,2024-02-27 13:46,29.63,130.2,151.9,0.3905
S1,BICOUSDT,2024-02-27 13:51,29.63,130.2,151.9,0.3923
S1,BICOUSDT,2024-02-27 13:56,29.63,130.2,151.9,0.3919
S1,BICOUSDT,2024-02-27 14:01,29.63,130.2,151.9,0.39225
S1,BICOUSDT,2024-02-27 14:06,0.930018,172.8,201.6,0.39105
S1,BICOUSDT,2024-02-27 14:11,0.930018,172.8,201.6,0.3917
S1,BICOUSDT,2024-02-27 14:16,0.930018,172.8,201.6,0.39235
S1,BICOUSDT,2024-02-27 14:21,0.930018,172.8,201.6,0.39215
S1,BICOUSDT,2024-02-27 14:26,0.930018,172.8,201.6,0.3897
S1,BICOUSDT,2024-02-27 14:31,0.930018,172.8,201.6,0.39085
S1,BICOUSDT,2024-02-27 14:36,-43.27,265.2,309.4,0.3935
S1,BICOUSDT,2024-02-27 14:41,-43.27,265.2,309.4,0.3931
S1,BICOUSDT,2024-02-27 14:46,-43.27,265.2,309.4,0.3906
S1,BICOUSDT,2024-02-27 14:51,-43.27,265.2,309.4,0.3904
S1,BICOUSDT,2024-02-27 14:56,2.43002,274.8,320.6,0.39005
S1,BICOUSDT,2024-02-27 15:01,-42.37,268.8,313.6,0.39185
S1,BICOUSDT,2024-02-27 15:06,-42.37,268.8,313.6,0.39205
S1,BICOUSDT,2024-02-27 15:11,-127.67,256.2,298.9,0.3928
S1,BICOUSDT,2024-02-27 15:16,-86.97,244.2,284.9,0.39295
S1,BICOUSDT,2024-02-27 15:21,-48.57,230.4,268.8,0.39145
S1,BICOUSDT,2024-02-27 15:26,-85.07,222,259,0.3924
S1,BICOUSDT,2024-02-27 15:31,21.43,210,245,0.3912
S1,BICOUSDT,2024-02-27 15:36,21.43,210,245,0.391
S1,BICOUSDT,2024-02-27 15:41,21.43,210,245,0.39085
S1,BICOUSDT,2024-02-27 15:46,21.43,210,245,0.39065
S1,BICOUSDT,2024-02-27 15:51,21.43,210,245,0.39055
S1,BICOUSDT,2024-02-27 15:56,21.43,210,245,0.3867
S1,BICOUSDT,2024-02-27 16:01,91.23,208.8,243.6,0.3875
S1,BICOUSDT,2024-02-27 16:06,91.23,208.8,243.6,0.3877
S1,BICOUSDT,2024-02-27 16:11,91.23,208.8,243.6,0.3823
S1,BICOUSDT,2024-02-27 16:16,91.23,208.8,243.6,0.3856
S1,BICOUSDT,2024-02-27 16:21,91.23,208.8,243.6,0.38705
S1,BICOUSDT,2024-02-27 16:26,91.23,208.8,243.6,0.38885
S1,BICOUSDT,2024-02-27 16:31,91.23,208.8,243.6,0.3885
S1,BICOUSDT,2024-02-27 16:36,91.23,208.8,243.6,0.3876
S1,BICOUSDT,2024-02-27 16:41,91.23,208.8,243.6,0.3874
S1,BICOUSDT,2024-02-27 16:46,91.23,208.8,243.6,0.3877
S1,BICOUSDT,2024-02-27 16:51,70.03,127.2,148.4,0.38615
S1,BICOUSDT,2024-02-27 16:56,70.03,127.2,148.4,0.3865
S1,BICOUSDT,2024-02-27 17:01,70.03,127.2,148.4,0.38665
S1,BICOUSDT,2024-02-27 17:06,70.03,127.2,148.4,0.3874
S1,BICOUSDT,2024-02-27 17:11,70.03,127.2,148.4,0.3876
S1,BICOUSDT,2024-02-27 17:16,70.03,127.2,148.4,0.38695
S1,BICOUSDT,2024-02-27 17:21,112.23,254.4,296.8,0.3863
S1,BICOUSDT,2024-02-27 17:26,112.23,254.4,296.8,0.3862
S1,BICOUSDT,2024-02-27 17:31,112.23,254.4,296.8,0.3867
S1,BICOUSDT,2024-02-27 17:36,112.23,254.4,296.8,0.3854
S1,BICOUSDT,2024-02-27 17:41,112.23,254.4,296.8,0.38555
S1,BICOUSDT,2024-02-27 17:46,112.23,254.4,296.8,0.38665
S1,BICOUSDT,2024-02-27 17:51,112.23,254.4,296.8,0.3867
S1,BICOUSDT,2024-02-27 17:56,156.93,268.2,312.9,0.38535
S1,BICOUSDT,2024-02-27 18:01,156.93,268.2,312.9,0.38645
S1,BICOUSDT,2024-02-27 18:06,156.93,268.2,312.9,0.38855
S1,BICOUSDT,2024-02-27 18:11,156.93,268.2,312.9,0.3912
S1,BICOUSDT,2024-02-27 18:16,156.73,168.6,196.7,0.3919
S1,BICOUSDT,2024-02-27 18:21,156.73,168.6,196.7,0.39085
S1,BICOUSDT,2024-02-27 18:26,115.13,124.8,145.6,0.3903
S1,BICOUSDT,2024-02-27 18:31,115.13,124.8,145.6,0.39015
S1,BICOUSDT,2024-02-27 18:36,115.13,124.8,145.6,0.3908
S1,BICOUSDT,2024-02-27 18:41,115.13,124.8,145.6,0.3897
S1,BICOUSDT,2024-02-27 18:46,115.13,124.8,145.6,0.39
S1,BICOUSDT,2024-02-27 18:51,115.13,124.8,145.6,0.39055
S1,BICOUSDT,2024-02-27 18:56,115.13,124.8,145.6,0.39065
S1,BICOUSDT,2024-02-27 19:01,115.13,124.8,145.6,0.39125
S1,BICOUSDT,2024-02-27 19:06,115.13,124.8,145.6,0.3924
S1,BICOUSDT,2024-02-27 19:11,115.13,124.8,145.6,0.3937
S1,BICOUSDT,2024-02-27 19:16,115.13,124.8,145.6,0.39445
S1,BICOUSDT,2024-02-27 19:21,115.13,124.8,145.6,0.39435
S1,BICOUSDT,2024-02-27 19:26,72.23,257.4,300.3,0.3939
S1,BICOUSDT,2024-02-27 19:31,116.23,264.6,308.7,0.39185
S1,BICOUSDT,2024-02-27 19:36,73.53,256.8,299.6,0.39105
S1,BICOUSDT,2024-02-27 19:41,73.53,256.8,299.6,0.3898
S1,BICOUSDT,2024-02-27 19:46,73.53,256.8,299.6,0.39065
S1,BICOUSDT,2024-02-27 19:51,112.93,236.4,275.8,0.39065
S1,BICOUSDT,2024-02-27 19:56,112.93,236.4,275.8,0.3908
S1,BICOUSDT,2024-02-27 20:01,112.93,236.4,275.8,0.3918
S1,BICOUSDT,2024-02-27 20:06,112.93,236.4,275.8,0.39155
S1,BICOUSDT,2024-02-27 20:11,85.23,210,245,0.39245
S1,BICOUSDT,2024-02-27 20:16,46.93,232.8,271.6,0.39185
S1,BICOUSDT,2024-02-27 20:21,46.93,232.8,271.6,0.39065
S1,BICOUSDT,2024-02-27 20:26,46.93,232.8,271.6,0.3906
S1,BICOUSDT,2024-02-27 20:31,46.93,232.8,271.6,0.3912
S1,BICOUSDT,2024-02-27 20:36,46.93,232.8,271.6,0.38865
S1,BICOUSDT,2024-02-27 20:41,46.93,232.8,271.6,0.38935
S1,BICOUSDT,2024-02-27 20:46,46.93,232.8,271.6,0.39125
S1,BICOUSDT,2024-02-27 20:51,-1.06998,288,336,0.39295
S1,BICOUSDT,2024-02-27 20:56,-1.06998,288,336,0.39275
S1,BICOUSDT,2024-02-27 21:01,-1.06998,288,336,0.3943
S1,BICOUSDT,2024-02-27 21:06,44.83,275.4,321.3,0.39195
S1,BICOUSDT,2024-02-27 21:11,44.83,275.4,321.3,0.3928
S1,BICOUSDT,2024-02-27 21:16,44.83,275.4,321.3,0.39245
S1,BICOUSDT,2024-02-27 21:21,44.83,275.4,321.3,0.39385
S1,BICOUSDT,2024-02-27 21:26,44.83,275.4,321.3,0.3936
S1,BICOUSDT,2024-02-27 21:31,44.83,275.4,321.3,0.39295
S1,BICOUSDT,2024-02-27 21:36,44.83,275.4,321.3,0.39355
S1,BICOUSDT,2024-02-27 21:41,44.83,275.4,321.3,0.39405
S1,BICOUSDT,2024-02-27 21:46,44.83,275.4,321.3,0.39475
S1,BICOUSDT,2024-02-27 21:51,44.83,275.4,321.3,0.3937
S1,BICOUSDT,2024-02-27 21:56,44.83,275.4,321.3,0.39405
S1,BICOUSDT,2024-02-27 22:01,44.83,275.4,321.3,0.39465
S1,BICOUSDT,2024-02-27 22:06,44.83,275.4,321.3,0.39525
S1,BICOUSDT,2024-02-27 22:11,44.83,275.4,321.3,0.39535
S1,BICOUSDT,2024-02-27 22:16,44.83,275.4,321.3,0.39525
S1,BICOUSDT,2024-02-27 22:21,44.83,275.4,321.3,0.3957
S1,BICOUSDT,2024-02-27 22:26,-5.76998,303.6,354.2,0.39525
S1,BICOUSDT,2024-02-27 22:31,44.93,304.2,354.9,0.3949
S1,BICOUSDT,2024-02-27 22:36,53.63,304.2,354.9,0.39465
S1,BICOUSDT,2024-02-27 22:41,53.63,304.2,354.9,0.3946
S1,BICOUSDT,2024-02-27 22:46,139.03,258.6,301.7,0.39445
S1,BICOUSDT,2024-02-27 22:51,146.93,271.8,317.1,0.3939
S1,BICOUSDT,2024-02-27 22:56,65.33,244.8,285.6,0.3947
S1,BICOUSDT,2024-02-27 23:01,65.33,244.8,285.6,0.39515
S1,BICOUSDT,2024-02-27 23:06,45.93,116.4,135.8,0.3953
S1,BICOUSDT,2024-02-27 23:11,45.93,116.4,135.8,0.39515
S1,BICOUSDT,2024-02-27 23:16,45.93,116.4,135.8,0.39495
S1,BICOUSDT,2024-02-27 23:21,32.03,83.4,97.3,0.3954
S1,BICOUSDT,2024-02-27 23:26,46.03,84,98,0.395
S1,BICOUSDT,2024-02-27 23:31,46.03,84,98,0.39505
S1,BICOUSDT,2024-02-27 23:36,46.03,84,98,0.39535
S1,BICOUSDT,2024-02-27 23:41,46.03,84,98,0.39525
S1,BICOUSDT,2024-02-27 23:46,46.33,237.6,277.2,0.39475
S1,BICOUSDT,2024-02-27 23:51,46.33,237.6,277.2,0.3939
S1,BICOUSDT,2024-02-27 23:56,46.33,237.6,277.2,0.3942
S1,BICOUSDT,2024-02-28 00:01,0,249,290.5,0.3944
S1,BICOUSDT,2024-02-28 00:06,0,249,290.5,0.3947
S1,BICOUSDT,2024-02-28 00:11,0,249,290.5,0.3935
S1,BICOUSDT,2024-02-28 00:16,0,249,290.5,0.39285
S1,BICOUSDT,2024-02-28 00:21,-43,258,301,0.3936
S1,BICOUSDT,2024-02-28 00:26,-85.2,255.6,298.2,0.3957
S1,BICOUSDT,2024-02-28 00:31,-85.2,255.6,298.2,0.3958
S1,BICOUSDT,2024-02-28 00:36,-85.2,255.6,298.2,0.3961
S1,BICOUSDT,2024-02-28 00:41,-43.8,248.4,289.8,0.3989
S1,BICOUSDT,2024-02-28 00:46,-43.8,248.4,289.8,0.39985
S1,BICOUSDT,2024-02-28 00:51,-81.9,228.6,266.7,0.3999
S1,BICOUSDT,2024-02-28 00:56,-45.2,220.2,256.9,0.39905
S1,BICOUSDT,2024-02-28 01:01,-12.1,198.6,231.7,0.39905
S1,BICOUSDT,2024-02-28 01:06,-12.1,198.6,231.7,0.39815
S1,BICOUSDT,2024-02-28 01:11,15.8,167.4,195.3,0.3969
S1,BICOUSDT,2024-02-28 01:16,-8.9,148.2,172.9,0.397
S1,BICOUSDT,2024-02-28 01:21,7.7934,141.6,165.2,0.3979
S1,BICOUSDT,2024-02-28 01:26,7.7934,141.6,165.2,0.3972
S1,BICOUSDT,2024-02-28 01:31,7.7934,141.6,165.2,0.39675
S1,BICOUSDT,2024-02-28 01:36,7.7934,141.6,165.2,0.39575
S1,BICOUSDT,2024-02-28 01:41,7.3934,120,140,0.3974
S1,BICOUSDT,2024-02-28 01:46,7.3934,120,140,0.39905
S1,BICOUSDT,2024-02-28 01:51,7.3934,120,140,0.3989
S1,BICOUSDT,2024-02-28 01:56,7.3934,120,140,0.39935
S1,BICOUSDT,2024-02-28 02:01,7.3934,120,140,0.399
S1,BICOUSDT,2024-02-28 02:06,7.3934,120,140,0.3983
S1,BICOUSDT,2024-02-28 02:11,7.3934,120,140,0.39975
S1,BICOUSDT,2024-02-28 02:16,7.3934,120,140,0.39965
S1,BICOUSDT,2024-02-28 02:21,7.3934,120,140,0.4002
S1,BICOUSDT,2024-02-28 02:26,7.3934,120,140,0.40065
S1,BICOUSDT,2024-02-28 02:31,7.3934,120,140,0.40185
S1,BICOUSDT,2024-02-28 02:36,7.3934,120,140,0.4007
S1,BICOUSDT,2024-02-28 02:41,7.3934,120,140,0.4005
S1,BICOUSDT,2024-02-28 02:46,7.3934,120,140,0.4005
S1,BICOUSDT,2024-02-28 02:51,7.3934,120,140,0.40175
S1,BICOUSDT,2024-02-28 02:56,7.3934,120,140,0.4024
S1,BICOUSDT,2024-02-28 03:01,-29.3066,220.2,256.9,0.4029
S1,BICOUSDT,2024-02-28 03:06,-29.3066,220.2,256.9,0.4016
S1,BICOUSDT,2024-02-28 03:11,-29.3066,220.2,256.9,0.4016
S1,BICOUSDT,2024-02-28 03:16,-29.3066,220.2,256.9,0.40065
S1,BICOUSDT,2024-02-28 03:21,44.4934,222,259,0.40135
S1,BICOUSDT,2024-02-28 03:26,44.4934,222,259,0.40315
S1,BICOUSDT,2024-02-28 03:31,85.3934,202.2,235.9,0.4018
S1,BICOUSDT,2024-02-28 03:36,110.693,152.4,177.8,0.39785
S1,BICOUSDT,2024-02-28 03:41,110.693,152.4,177.8,0.39885
S1,BICOUSDT,2024-02-28 03:46,70.2934,121.2,141.4,0.4001
S1,BICOUSDT,2024-02-28 03:51,70.2934,121.2,141.4,0.4003
S1,BICOUSDT,2024-02-28 03:56,50.6934,118.2,137.9,0.4005
S1,BICOUSDT,2024-02-28 04:01,70.8934,123.6,144.2,0.39715
S1,BICOUSDT,2024-02-28 04:06,70.8934,123.6,144.2,0.40015
S1,BICOUSDT,2024-02-28 04:11,70.8934,123.6,144.2,0.40135
S1,BICOUSDT,2024-02-28 04:16,11.0934,117,136.5,0.4025
S1,BICOUSDT,2024-02-28 04:21,-8.5066,118.2,137.9,0.40295
S1,BICOUSDT,2024-02-28 04:26,-8.5066,118.2,137.9,0.40215
S1,BICOUSDT,2024-02-28 04:31,9.6934,109.2,127.4,0.4003
S1,BICOUSDT,2024-02-28 04:36,9.4934,109.2,127.4,0.401
S1,BICOUSDT,2024-02-28 04:41,27.2934,106.8,124.6,0.40075
S1,BICOUSDT,2024-02-28 04:46,27.2934,106.8,124.6,0.4012
S1,BICOUSDT,2024-02-28 04:51,27.2934,106.8,124.6,0.40215
S1,BICOUSDT,2024-02-28 04:56,27.2934,106.8,124.6,0.40095
S1,BICOUSDT,2024-02-28 05:01,27.2934,106.8,124.6,0.4007
S1,BICOUSDT,2024-02-28 05:06,-6.2066,202.2,235.9,0.4019
S1,BICOUSDT,2024-02-28 05:11,29.5934,214.8,250.6,0.4019
S1,BICOUSDT,2024-02-28 05:16,29.5934,214.8,250.6,0.40145
S1,BICOUSDT,2024-02-28 05:21,-8.8066,231,269.5,0.4026
S1,BICOUSDT,2024-02-28 05:26,-8.8066,231,269.5,0.4022
S1,BICOUSDT,2024-02-28 05:31,-88.4066,238.8,278.6,0.4064
S1,BICOUSDT,2024-02-28 05:36,-88.4066,238.8,278.6,0.4055
S1,BICOUSDT,2024-02-28 05:41,-52.6066,214.8,250.6,0.40375
S1,BICOUSDT,2024-02-28 05:46,-19.4066,199.2,232.4,0.4019
S1,BICOUSDT,2024-02-28 05:51,4.4934,143.4,167.3,0.4006
S1,BICOUSDT,2024-02-28 05:56,25.1934,124.2,144.9,0.4
S1,BICOUSDT,2024-02-28 06:01,6.1934,114,133,0.4006
S1,BICOUSDT,2024-02-28 06:06,-12.6066,112.8,131.6,0.4001
S1,BICOUSDT,2024-02-28 06:11,-12.6066,112.8,131.6,0.39865
S1,BICOUSDT,2024-02-28 06:16,-10.9066,109.8,128.1,0.39625
S1,BICOUSDT,2024-02-28 06:21,-10.9066,109.8,128.1,0.39655
S1,BICOUSDT,2024-02-28 06:26,-10.9066,109.8,128.1,0.397
S1,BICOUSDT,2024-02-28 06:31,-10.9066,109.8,128.1,0.3979
S1,BICOUSDT,2024-02-28 06:36,8.7934,118.2,137.9,0.3976
S1,BICOUSDT,2024-02-28 06:41,8.7934,118.2,137.9,0.3973
S1,BICOUSDT,2024-02-28 06:46,8.7934,118.2,137.9,0.396
S1,BICOUSDT,2024-02-28 06:51,8.7934,118.2,137.9,0.39535
S1,BICOUSDT,2024-02-28 06:56,121.793,226.2,263.9,0.3936
S1,BICOUSDT,2024-02-28 07:01,121.793,226.2,263.9,0.39445
S1,BICOUSDT,2024-02-28 07:06,121.793,226.2,263.9,0.3931
S1,BICOUSDT,2024-02-28 07:11,121.793,226.2,263.9,0.3951
S1,BICOUSDT,2024-02-28 07:16,85.1934,223.8,261.1,0.3967
S1,BICOUSDT,2024-02-28 07:21,85.1934,223.8,261.1,0.3968
S1,BICOUSDT,2024-02-28 07:26,85.1934,223.8,261.1,0.39685
S1,BICOUSDT,2024-02-28 07:31,85.1934,223.8,261.1,0.39625
S1,BICOUSDT,2024-02-28 07:36,85.1934,223.8,261.1,0.39575
S1,BICOUSDT,2024-02-28 07:41,85.1934,223.8,261.1,0.3953
S1,BICOUSDT,2024-02-28 07:46,85.1934,223.8,261.1,0.3968
S1,BICOUSDT,2024-02-28 07:51,62.8721,202.8,236.6,0.3982
S1,BICOUSDT,2024-02-28 07:56,63.0721,195.6,228.2,0.39915
S1,BICOUSDT,2024-02-28 08:01,84.5721,129,150.5,0.3978
S1,BICOUSDT,2024-02-28 08:06,84.5721,129,150.5,0.39835
S1,BICOUSDT,2024-02-28 08:11,84.5721,129,150.5,0.397
S1,BICOUSDT,2024-02-28 08:16,10.5721,148.2,172.9,0.3957
S1,BICOUSDT,2024-02-28 08:21,10.5721,148.2,172.9,0.39415
S1,BICOUSDT,2024-02-28 08:26,9.27212,135.6,158.2,0.3943
S1,BICOUSDT,2024-02-28 08:31,27.6721,110.4,128.8,0.39245
S1,BICOUSDT,2024-02-28 08:36,63.8721,108.6,126.7,0.3916
S1,BICOUSDT,2024-02-28 08:41,63.8721,108.6,126.7,0.39055
S1,BICOUSDT,2024-02-28 08:46,63.8721,108.6,126.7,0.3919
S1,BICOUSDT,2024-02-28 08:51,63.8721,108.6,126.7,0.39025
S1,BICOUSDT,2024-02-28 08:56,63.8721,108.6,126.7,0.391
S1,BICOUSDT,2024-02-28 09:01,63.8721,108.6,126.7,0.3891
S1,BICOUSDT,2024-02-28 09:06,134.072,140.4,163.8,0.38565
S1,BICOUSDT,2024-02-28 09:11,111.172,137.4,160.3,0.38505
S1,BICOUSDT,2024-02-28 09:16,66.0721,136.8,159.6,0.38785
S1,BICOUSDT,2024-02-28 09:21,42.1721,143.4,167.3,0.3869
S1,BICOUSDT,2024-02-28 09:26,42.1721,143.4,167.3,0.3894
S1,BICOUSDT,2024-02-28 09:31,42.1721,143.4,167.3,0.3897
S1,BICOUSDT,2024-02-28 09:36,13.1721,179.4,209.3,0.39115
S1,BICOUSDT,2024-02-28 09:41,13.1721,179.4,209.3,0.39175
S1,BICOUSDT,2024-02-28 09:46,13.1721,179.4,209.3,0.3934
S1,BICOUSDT,2024-02-28 09:51,13.1721,179.4,209.3,0.39305
S1,BICOUSDT,2024-02-28 09:56,13.1721,179.4,209.3,0.3934
S1,BICOUSDT,2024-02-28 10:01,13.1721,179.4,209.3,0.3948
S1,BICOUSDT,2024-02-28 10:06,13.1721,179.4,209.3,0.3937
S1,BICOUSDT,2024-02-28 10:11,13.1721,179.4,209.3,0.39365
S1,BICOUSDT,2024-02-28 10:16,13.1721,179.4,209.3,0.39515
S1,BICOUSDT,2024-02-28 10:21,13.1721,179.4,209.3,0.39465
S1,BICOUSDT,2024-02-28 10:26,13.1721,179.4,209.3,0.3957
S1,BICOUSDT,2024-02-28 10:31,13.1721,179.4,209.3,0.3952
S1,BICOUSDT,2024-02-28 10:36,13.1721,179.4,209.3,0.3958
S1,BICOUSDT,2024-02-28 10:41,13.1721,179.4,209.3,0.39495
S1,BICOUSDT,2024-02-28 10:46,13.1721,179.4,209.3,0.39395
S1,BICOUSDT,2024-02-28 10:51,11.4721,283.8,331.1,0.3963
S1,BICOUSDT,2024-02-28 10:56,11.4721,283.8,331.1,0.39725
S1,BICOUSDT,2024-02-28 11:01,11.4721,283.8,331.1,0.3985
S1,BICOUSDT,2024-02-28 11:06,11.4721,283.8,331.1,0.39895
S1,BICOUSDT,2024-02-28 11:11,54.1721,256.2,298.9,0.39905
S1,BICOUSDT,2024-02-28 11:16,54.1721,256.2,298.9,0.39835
S1,BICOUSDT,2024-02-28 11:21,54.1721,256.2,298.9,0.4006
S1,BICOUSDT,2024-02-28 11:26,54.1721,256.2,298.9,0.40075
S1,BICOUSDT,2024-02-28 11:31,54.1721,256.2,298.9,0.40125
S1,BICOUSDT,2024-02-28 11:36,94.9721,244.8,285.6,0.3991
S1,BICOUSDT,2024-02-28 11:41,176.472,243.6,284.2,0.39655
S1,BICOUSDT,2024-02-28 11:46,137.672,232.8,271.6,0.3952
S1,BICOUSDT,2024-02-28 11:51,169.872,195,227.5,0.39225
S1,BICOUSDT,2024-02-28 11:56,169.872,195,227.5,0.39205
S1,BICOUSDT,2024-02-28 12:01,139.872,180,210,0.39245
S1,BICOUSDT,2024-02-28 12:06,139.872,180,210,0.39615
S1,BICOUSDT,2024-02-28 12:11,139.872,180,210,0.3933
S1,BICOUSDT,2024-02-28 12:16,118.372,129,150.5,0.39475
S1,BICOUSDT,2024-02-28 12:21,73.6721,133.8,156.1,0.39225
S1,BICOUSDT,2024-02-28 12:26,56.9721,136.8,159.6,0.39085
S1,BICOUSDT,2024-02-28 12:31,56.9721,136.8,159.6,0.39175
S1,BICOUSDT,2024-02-28 12:36,56.9721,136.8,159.6,0.39235
S1,BICOUSDT,2024-02-28 12:41,56.9721,136.8,159.6,0.39185
S1,BICOUSDT,2024-02-28 12:46,24.4721,195,227.5,0.39285
S1,BICOUSDT,2024-02-28 12:51,24.4721,195,227.5,0.39435
S1,BICOUSDT,2024-02-28 12:56,24.4721,195,227.5,0.39265
S1,BICOUSDT,2024-02-28 13:01,24.4721,195,227.5,0.3932
S1,BICOUSDT,2024-02-28 13:06,24.4721,195,227.5,0.39465
S1,BICOUSDT,2024-02-28 13:11,24.4721,195,227.5,0.3943
S1,BICOUSDT,2024-02-28 13:16,-20.8279,271.8,317.1,0.3912
S1,BICOUSDT,2024-02-28 13:21,22.8721,262.2,305.9,0.3911
S1,BICOUSDT,2024-02-28 13:26,22.8721,262.2,305.9,0.3937
S1,BICOUSDT,2024-02-28 13:31,22.8721,262.2,305.9,0.393
S1,BICOUSDT,2024-02-28 13:36,22.8721,262.2,305.9,0.39485
S1,BICOUSDT,2024-02-28 13:41,56.9721,204.6,238.7,0.39405
S1,BICOUSDT,2024-02-28 13:46,56.9721,204.6,238.7,0.39465
S1,BICOUSDT,2024-02-28 13:51,33.3721,141.6,165.2,0.39615
S1,BICOUSDT,2024-02-28 13:56,14.4721,113.4,132.3,0.3971
S1,BICOUSDT,2024-02-28 14:01,14.4721,113.4,132.3,0.3988
S1,BICOUSDT,2024-02-28 14:06,14.4721,113.4,132.3,0.3978
S1,BICOUSDT,2024-02-28 14:11,14.4721,113.4,132.3,0.39905
S1,BICOUSDT,2024-02-28 14:16,28.9721,87,101.5,0.39745
S1,BICOUSDT,2024-02-28 14:21,28.9721,87,101.5,0.3993
S1,BICOUSDT,2024-02-28 14:26,14.5721,86.4,100.8,0.3967
S1,BICOUSDT,2024-02-28 14:31,14.5721,86.4,100.8,0.39685
S1,BICOUSDT,2024-02-28 14:36,14.5721,86.4,100.8,0.397
S1,BICOUSDT,2024-02-28 14:41,14.5721,86.4,100.8,0.3979
S1,BICOUSDT,2024-02-28 14:46,14.5721,86.4,100.8,0.3986
S1,BICOUSDT,2024-02-28 14:51,14.5721,86.4,100.8,0.3982
S1,BICOUSDT,2024-02-28 14:56,14.5721,86.4,100.8,0.39865
S1,BICOUSDT,2024-02-28 15:01,14.5721,86.4,100.8,0.3986
S1,BICOUSDT,2024-02-28 15:06,50.3721,214.8,250.6,0.3972
S1,BICOUSDT,2024-02-28 15:11,50.3721,214.8,250.6,0.3984
S1,BICOUSDT,2024-02-28 15:16,50.3721,214.8,250.6,0.4001
S1,BICOUSDT,2024-02-28 15:21,50.3721,214.8,250.6,0.39855
S1,BICOUSDT,2024-02-28 15:26,50.3721,214.8,250.6,0.4011
S1,BICOUSDT,2024-02-28 15:31,100.472,300.6,350.7,0.3993
S1,BICOUSDT,2024-02-28 15:36,100.472,300.6,350.7,0.39775
S1,BICOUSDT,2024-02-28 15:41,100.472,300.6,350.7,0.3991
S1,BICOUSDT,2024-02-28 15:46,100.472,300.6,350.7,0.3981
S1,BICOUSDT,2024-02-28 15:51,50.2721,301.2,351.4,0.4004
S1,BICOUSDT,2024-02-28 15:56,50.2721,301.2,351.4,0.40045
S1,BICOUSDT,2024-02-28 16:01,50.2721,301.2,351.4,0.40105
S1,BICOUSDT,2024-02-28 16:06,6.47212,262.8,306.6,0.40275
S1,BICOUSDT,2024-02-28 16:11,-35.3279,250.8,292.6,0.40485
S1,BICOUSDT,2024-02-28 16:16,-35.3279,250.8,292.6,0.4038
S1,BICOUSDT,2024-02-28 16:21,2.47212,227.4,265.3,0.40455
S1,BICOUSDT,2024-02-28 16:26,-35.3279,226.8,264.6,0.40575
S1,BICOUSDT,2024-02-28 16:31,-35.3279,226.8,264.6,0.40705
S1,BICOUSDT,2024-02-28 16:36,-35.3279,226.8,264.6,0.4057
S1,BICOUSDT,2024-02-28 16:41,-35.3279,226.8,264.6,0.40655
S1,BICOUSDT,2024-02-28 16:46,-35.3279,226.8,264.6,0.4082
S1,BICOUSDT,2024-02-28 16:51,-18.9279,98.4,114.8,0.40535
S1,BICOUSDT,2024-02-28 16:56,-18.9279,98.4,114.8,0.4083
S1,BICOUSDT,2024-02-28 17:01,9.07212,82.8,96.6,0.4059
S1,BICOUSDT,2024-02-28 17:06,9.07212,82.8,96.6,0.407
S1,BICOUSDT,2024-02-28 17:11,22.6721,81.6,95.2,0.40535
S1,BICOUSDT,2024-02-28 17:16,36.5721,83.4,97.3,0.4081
S1,BICOUSDT,2024-02-28 17:21,8.37212,84.6,98.7,0.40385
S1,BICOUSDT,2024-02-28 17:26,1.43826,79.8,93.1,0.39635
S1,BICOUSDT,2024-02-28 17:31,14.8383,80.4,93.8,0.3904
S1,BICOUSDT,2024-02-28 17:36,41.4383,81,94.5,0.37125
S1,BICOUSDT,2024-02-28 17:41,28.1383,79.8,93.1,0.3722
S1,BICOUSDT,2024-02-28 17:46,28.1383,79.8,93.1,0.37505
S1,BICOUSDT,2024-02-28 17:51,1.43826,81,94.5,0.3796
S1,BICOUSDT,2024-02-28 17:56,1.43826,81,94.5,0.37755
S1,BICOUSDT,2024-02-28 18:01,-12.4617,84,98,0.37655
S1,BICOUSDT,2024-02-28 18:06,15.7383,84.6,98.7,0.3695
S1,BICOUSDT,2024-02-28 18:11,15.8383,91.8,107.1,0.3693
S1,BICOUSDT,2024-02-28 18:16,15.8383,91.8,107.1,0.37205
S1,BICOUSDT,2024-02-28 18:21,15.8383,98.4,114.8,0.3655
S1,BICOUSDT,2024-02-28 18:26,15.8383,98.4,114.8,0.3593
S1,BICOUSDT,2024-02-28 18:31,15.8383,98.4,114.8,0.36675
S1,BICOUSDT,2024-02-28 18:36,-19.4617,108,126,0.37105
S1,BICOUSDT,2024-02-28 18:41,-19.4617,108,126,0.36945
S1,BICOUSDT,2024-02-28 18:46,-19.4617,108,126,0.37055
S1,BICOUSDT,2024-02-28 18:51,-19.4617,108,126,0.37065
S1,BICOUSDT,2024-02-28 18:56,-19.4617,108,126,0.3716
S1,BICOUSDT,2024-02-28 19:01,-40.0617,123.6,144.2,0.3726
S1,BICOUSDT,2024-02-28 19:06,-40.0617,123.6,144.2,0.37085
S1,BICOUSDT,2024-02-28 19:11,-40.0617,123.6,144.2,0.3683
S1,BICOUSDT,2024-02-28 19:16,-40.0617,123.6,144.2,0.36935
S1,BICOUSDT,2024-02-28 19:21,-40.0617,123.6,144.2,0.36965
S1,BICOUSDT,2024-02-28 19:26,-40.0617,123.6,144.2,0.3703
S1,BICOUSDT,2024-02-28 19:31,-22.9617,102.6,119.7,0.37025
S1,BICOUSDT,2024-02-28 19:36,-22.8617,102.6,119.7,0.37045
S1,BICOUSDT,2024-02-28 19:41,-22.8617,102.6,119.7,0.3704
S1,BICOUSDT,2024-02-28 19:46,-22.8617,102.6,119.7,0.37
S1,BICOUSDT,2024-02-28 19:51,-22.8617,102.6,119.7,0.37115
S1,BICOUSDT,2024-02-28 19:56,-22.8617,102.6,119.7,0.372
S1,BICOUSDT,2024-02-28 20:01,-22.8617,102.6,119.7,0.3722
S1,BICOUSDT,2024-02-28 20:06,-58.2617,106.2,123.9,0.3734
S1,BICOUSDT,2024-02-28 20:11,-58.2617,106.2,123.9,0.37265
S1,BICOUSDT,2024-02-28 20:16,-58.2617,106.2,123.9,0.3722
S1,BICOUSDT,2024-02-28 20:21,-58.2617,106.2,123.9,0.37355
S1,BICOUSDT,2024-02-28 20:26,-58.2617,106.2,123.9,0.3737
S1,BICOUSDT,2024-02-28 20:31,-58.2617,106.2,123.9,0.3741
S1,BICOUSDT,2024-02-28 20:36,-58.2617,106.2,123.9,0.37525
S1,BICOUSDT,2024-02-28 20:41,-58.2617,106.2,123.9,0.3763
S1,BICOUSDT,2024-02-28 20:46,-58.2617,106.2,123.9,0.3761
S1,BICOUSDT,2024-02-28 20:51,-58.2617,106.2,123.9,0.37695
S1,BICOUSDT,2024-02-28 20:56,-58.2617,106.2,123.9,0.3781
S1,BICOUSDT,2024-02-28 21:01,-58.2617,106.2,123.9,0.3775
S1,BICOUSDT,2024-02-28 21:06,-58.2617,106.2,123.9,0.37745
S1,BICOUSDT,2024-02-28 21:11,-58.2617,106.2,123.9,0.3763
S1,BICOUSDT,2024-02-28 21:16,-58.2617,106.2,123.9,0.37935
S1,BICOUSDT,2024-02-28 21:21,-58.2617,106.2,123.9,0.37965
S1,BICOUSDT,2024-02-28 21:26,-99.8617,250.2,291.9,0.3807
S1,BICOUSDT,2024-02-28 21:31,-124.962,250.8,292.6,0.38105
S1,BICOUSDT,2024-02-28 21:36,-124.962,250.8,292.6,0.3817
S1,BICOUSDT,2024-02-28 21:41,-124.962,250.8,292.6,0.38305
S1,BICOUSDT,2024-02-28 21:46,-124.962,250.8,292.6,0.3835
S1,BICOUSDT,2024-02-28 21:51,-124.962,250.8,292.6,0.38395
S1,BICOUSDT,2024-02-28 21:56,-124.962,250.8,292.6,0.3845
S1,BICOUSDT,2024-02-28 22:01,-124.962,250.8,292.6,0.38465
S1,BICOUSDT,2024-02-28 22:06,-169.462,267,311.5,0.38605
S1,BICOUSDT,2024-02-28 22:11,-169.462,267,311.5,0.38755
S1,BICOUSDT,2024-02-28 22:16,-169.462,267,311.5,0.38835
S1,BICOUSDT,2024-02-28 22:21,-169.462,267,311.5,0.3876
S1,BICOUSDT,2024-02-28 22:26,-169.462,267,311.5,0.38745
S1,BICOUSDT,2024-02-28 22:31,-212.862,260.4,303.8,0.3863
S1,BICOUSDT,2024-02-28 22:36,-170.962,251.4,293.3,0.3854
S1,BICOUSDT,2024-02-28 22:41,-132.062,233.4,272.3,0.3858
S1,BICOUSDT,2024-02-28 22:46,-132.062,233.4,272.3,0.38555
S1,BICOUSDT,2024-02-28 22:51,-132.062,233.4,272.3,0.3861
S1,BICOUSDT,2024-02-28 22:56,-161.862,178.8,208.6,0.38735
S1,BICOUSDT,2024-02-28 23:01,-92.2617,140.4,163.8,0.3871
S1,BICOUSDT,2024-02-28 23:06,-92.2617,140.4,163.8,0.3874
S1,BICOUSDT,2024-02-28 23:11,-92.2617,140.4,163.8,0.38615
S1,BICOUSDT,2024-02-28 23:16,-92.2617,140.4,163.8,0.38675
S1,BICOUSDT,2024-02-28 23:21,-92.2617,140.4,163.8,0.38695
S1,BICOUSDT,2024-02-28 23:26,-92.2617,140.4,163.8,0.38755
S1,BICOUSDT,2024-02-28 23:31,-92.2617,140.4,163.8,0.3887
S1,BICOUSDT,2024-02-28 23:36,-60.8617,194.4,226.8,0.38845
S1,BICOUSDT,2024-02-28 23:41,-60.8617,194.4,226.8,0.38995
S1,BICOUSDT,2024-02-28 23:46,-60.8617,194.4,226.8,0.39075
S1,BICOUSDT,2024-02-28 23:51,-60.8617,194.4,226.8,0.39165
S1,BICOUSDT,2024-02-28 23:56,-60.8617,194.4,226.8,0.3911
S1,BICOUSDT,2024-02-29 00:01,0,253.8,296.1,0.39115
S1,BICOUSDT,2024-02-29 00:06,0,253.8,296.1,0.39035
S1,BICOUSDT,2024-02-29 00:11,0,253.8,296.1,0.39025
S1,BICOUSDT,2024-02-29 00:16,0,253.8,296.1,0.3893
S1,BICOUSDT,2024-02-29 00:21,0,253.8,296.1,0.38825
S1,BICOUSDT,2024-02-29 00:26,45.5,273,318.5,0.39095
S1,BICOUSDT,2024-02-29 00:31,3.5,252,294,0.39145
S1,BICOUSDT,2024-02-29 00:36,3.5,252,294,0.39465
S1,BICOUSDT,2024-02-29 00:41,3.5,252,294,0.3965
S1,BICOUSDT,2024-02-29 00:46,3.5,252,294,0.3963
S1,BICOUSDT,2024-02-29 00:51,3.5,252,294,0.3963
S1,BICOUSDT,2024-02-29 00:56,3.5,252,294,0.39665
S1,BICOUSDT,2024-02-29 01:01,-38.5,252,294,0.3977
S1,BICOUSDT,2024-02-29 01:06,-38.5,252,294,0.39865
S1,BICOUSDT,2024-02-29 01:11,2.3,244.8,285.6,0.39925
S1,BICOUSDT,2024-02-29 01:16,2.3,244.8,285.6,0.39865
S1,BICOUSDT,2024-02-29 01:21,2.3,244.8,285.6,0.4004
S1,BICOUSDT,2024-02-29 01:26,77.5,225.6,263.2,0.39875
S1,BICOUSDT,2024-02-29 01:31,77.5,225.6,263.2,0.3993
S1,BICOUSDT,2024-02-29 01:36,77.5,225.6,263.2,0.4002
S1,BICOUSDT,2024-02-29 01:41,77.5,225.6,263.2,0.40045
S1,BICOUSDT,2024-02-29 01:46,39.3,230.4,268.8,0.40145
S1,BICOUSDT,2024-02-29 01:51,39.3,230.4,268.8,0.4002
S1,BICOUSDT,2024-02-29 01:56,39.3,230.4,268.8,0.4015
S1,BICOUSDT,2024-02-29 02:01,39.3,230.4,268.8,0.4008
S1,BICOUSDT,2024-02-29 02:06,39.3,230.4,268.8,0.4013
S1,BICOUSDT,2024-02-29 02:11,-1.6,245.4,286.3,0.4021
S1,BICOUSDT,2024-02-29 02:16,-1.6,245.4,286.3,0.401
S1,BICOUSDT,2024-02-29 02:21,-1.6,245.4,286.3,0.40065
S1,BICOUSDT,2024-02-29 02:26,-51.7,300.6,350.7,0.40105
S1,BICOUSDT,2024-02-29 02:31,-51.7,300.6,350.7,0.4016
S1,BICOUSDT,2024-02-29 02:36,-51.7,300.6,350.7,0.40245
S1,BICOUSDT,2024-02-29 02:41,-58.1944,298.8,348.6,0.40275
S1,BICOUSDT,2024-02-29 02:46,-58.1944,298.8,348.6,0.40135
S1,BICOUSDT,2024-02-29 02:51,-58.1944,298.8,348.6,0.4011
S1,BICOUSDT,2024-02-29 02:56,-58.1944,298.8,348.6,0.40205
S1,BICOUSDT,2024-02-29 03:01,-58.1944,298.8,348.6,0.401
S1,BICOUSDT,2024-02-29 03:06,-58.1944,298.8,348.6,0.40095
S1,BICOUSDT,2024-02-29 03:11,-107.894,298.2,347.9,0.40345
S1,BICOUSDT,2024-02-29 03:16,-107.894,298.2,347.9,0.4038
S1,BICOUSDT,2024-02-29 03:21,-107.894,298.2,347.9,0.4015
S1,BICOUSDT,2024-02-29 03:26,-107.894,298.2,347.9,0.39965
S1,BICOUSDT,2024-02-29 03:31,-107.894,298.2,347.9,0.39825
S1,BICOUSDT,2024-02-29 03:36,-107.894,298.2,347.9,0.39965
S1,BICOUSDT,2024-02-29 03:41,-107.894,298.2,347.9,0.4
S1,BICOUSDT,2024-02-29 03:46,-107.894,298.2,347.9,0.4006
S1,BICOUSDT,2024-02-29 03:51,-107.894,298.2,347.9,0.40245
S1,BICOUSDT,2024-02-29 03:56,-107.894,298.2,347.9,0.4024
S1,BICOUSDT,2024-02-29 04:01,-107.894,298.2,347.9,0.40145
S1,BICOUSDT,2024-02-29 04:06,-107.894,298.2,347.9,0.40195
S1,BICOUSDT,2024-02-29 04:11,-107.894,298.2,347.9,0.4034
S1,BICOUSDT,2024-02-29 04:16,-131.094,229.8,268.1,0.40395
S1,BICOUSDT,2024-02-29 04:21,-131.094,229.8,268.1,0.40285
S1,BICOUSDT,2024-02-29 04:26,-168.894,227.4,265.3,0.402
S1,BICOUSDT,2024-02-29 04:31,-168.894,227.4,265.3,0.40225
S1,BICOUSDT,2024-02-29 04:36,-168.894,227.4,265.3,0.4008
S1,BICOUSDT,2024-02-29 04:41,-162.594,266.4,310.8,0.40185
S1,BICOUSDT,2024-02-29 04:46,-162.594,266.4,310.8,0.40015
S1,BICOUSDT,2024-02-29 04:51,-162.594,266.4,310.8,0.40075
S1,BICOUSDT,2024-02-29 04:56,-162.594,266.4,310.8,0.40205
S1,BICOUSDT,2024-02-29 05:01,-112.894,298.2,347.9,0.40255
S1,BICOUSDT,2024-02-29 05:06,-112.694,298.2,347.9,0.40305
S1,BICOUSDT,2024-02-29 05:11,-62.9944,298.2,347.9,0.4028
S1,BICOUSDT,2024-02-29 05:16,-62.9944,298.2,347.9,0.4033
S1,BICOUSDT,2024-02-29 05:21,-62.9944,298.2,347.9,0.40355
S1,BICOUSDT,2024-02-29 05:26,-155.894,279,325.5,0.40575
S1,BICOUSDT,2024-02-29 05:31,-155.894,279,325.5,0.4064
S1,BICOUSDT,2024-02-29 05:36,-155.894,279,325.5,0.4074
S1,BICOUSDT,2024-02-29 05:41,-115.694,241.2,281.4,0.4072
S1,BICOUSDT,2024-02-29 05:46,-80.0944,213.6,249.2,0.4076
S1,BICOUSDT,2024-02-29 05:51,-80.0944,213.6,249.2,0.4064
S1,BICOUSDT,2024-02-29 05:56,-81.4944,203.4,237.3,0.4081
S1,BICOUSDT,2024-02-29 06:01,-81.4944,203.4,237.3,0.409
S1,BICOUSDT,2024-02-29 06:06,-81.4944,203.4,237.3,0.40985
S1,BICOUSDT,2024-02-29 06:11,-104.594,138.6,161.7,0.4113
S1,BICOUSDT,2024-02-29 06:16,-85.9944,111.6,130.2,0.41115
S1,BICOUSDT,2024-02-29 06:21,-66.2944,118.2,137.9,0.4098
S1,BICOUSDT,2024-02-29 06:26,-47.9944,109.8,128.1,0.40905
S1,BICOUSDT,2024-02-29 06:31,-47.9944,109.8,128.1,0.408
S1,BICOUSDT,2024-02-29 06:36,-95.7944,148.2,172.9,0.4103
S1,BICOUSDT,2024-02-29 06:41,-95.7944,148.2,172.9,0.41175
S1,BICOUSDT,2024-02-29 06:46,-95.7944,148.2,172.9,0.41185
S1,BICOUSDT,2024-02-29 06:51,-68.7944,162,189,0.40965
S1,BICOUSDT,2024-02-29 06:56,-67.3944,169.2,197.4,0.41595
S1,BICOUSDT,2024-02-29 07:01,-67.3944,169.2,197.4,0.4165
S1,BICOUSDT,2024-02-29 07:06,-159.294,171,199.5,0.41755
S1,BICOUSDT,2024-02-29 07:11,-106.294,156,182,0.41735
S1,BICOUSDT,2024-02-29 07:16,-81.0944,150.6,175.7,0.41675
S1,BICOUSDT,2024-02-29 07:21,-81.0944,150.6,175.7,0.41575
S1,BICOUSDT,2024-02-29 07:26,-81.0944,150.6,175.7,0.41875
S1,BICOUSDT,2024-02-29 07:31,-9.59437,135,157.5,0.4179
S1,BICOUSDT,2024-02-29 07:36,-30.8944,127.8,149.1,0.4191
S1,BICOUSDT,2024-02-29 07:41,-10.4944,123.6,144.2,0.42085
S1,BICOUSDT,2024-02-29 07:46,11.1056,130.2,151.9,0.41925
S1,BICOUSDT,2024-02-29 07:51,32.6056,129,150.5,0.4199
S1,BICOUSDT,2024-02-29 07:56,32.6056,129,150.5,0.4205
S1,BICOUSDT,2024-02-29 08:01,12.9056,118.2,137.9,0.42025
S1,BICOUSDT,2024-02-29 08:06,16.9056,117,136.5,0.41735
S1,BICOUSDT,2024-02-29 08:11,16.9056,117,136.5,0.41585
S1,BICOUSDT,2024-02-29 08:16,37.7056,125.4,146.3,0.4172
S1,BICOUSDT,2024-02-29 08:21,16.4056,127.8,149.1,0.41865
S1,BICOUSDT,2024-02-29 08:26,37.3056,126,147,0.41765
S1,BICOUSDT,2024-02-29 08:31,34.2056,145.2,169.4,0.4195
S1,BICOUSDT,2024-02-29 08:36,34.2056,145.2,169.4,0.42025
S1,BICOUSDT,2024-02-29 08:41,34.2056,145.2,169.4,0.42255
S1,BICOUSDT,2024-02-29 08:46,34.2056,145.2,169.4,0.421
S1,BICOUSDT,2024-02-29 08:51,34.2056,145.2,169.4,0.4219
S1,BICOUSDT,2024-02-29 08:56,34.2056,101.4,118.3,0.42055
S1,BICOUSDT,2024-02-29 09:01,16.8056,106.8,124.6,0.42185
S1,BICOUSDT,2024-02-29 09:06,35.4056,111.6,130.2,0.42135
S1,BICOUSDT,2024-02-29 09:11,35.4056,111.6,130.2,0.42145
S1,BICOUSDT,2024-02-29 09:16,18.4056,102,119,0.4212
S1,BICOUSDT,2024-02-29 09:21,18.4056,102,119,0.42225
S1,BICOUSDT,2024-02-29 09:26,18.4056,102,119,0.4216
S1,BICOUSDT,2024-02-29 09:31,18.4056,102,119,0.41905
S1,BICOUSDT,2024-02-29 09:36,18.4056,102,119,0.42035
S1,BICOUSDT,2024-02-29 09:41,18.4056,102,119,0.42075
S1,BICOUSDT,2024-02-29 09:46,18.4056,102,119,0.41965
S1,BICOUSDT,2024-02-29 09:51,18.4056,102,119,0.41965
S1,BICOUSDT,2024-02-29 09:56,18.4056,102,119,0.4198
S1,BICOUSDT,2024-02-29 10:01,-3.89437,133.8,156.1,0.41845
S1,BICOUSDT,2024-02-29 10:06,-24.0944,121.8,142.1,0.4164
S1,BICOUSDT,2024-02-29 10:11,-0.594368,141,164.5,0.41655
S1,BICOUSDT,2024-02-29 10:16,23.6056,145.2,169.4,0.41605
S1,BICOUSDT,2024-02-29 10:21,-2.59437,155.4,181.3,0.4198
S1,BICOUSDT,2024-02-29 10:26,-2.59437,155.4,181.3,0.41995
S1,BICOUSDT,2024-02-29 10:31,-2.59437,155.4,181.3,0.4177
S1,BICOUSDT,2024-02-29 10:36,-2.59437,155.4,181.3,0.41755
S1,BICOUSDT,2024-02-29 10:41,-2.59437,155.4,181.3,0.4192
S1,BICOUSDT,2024-02-29 10:46,-21.5944,114,133,0.41985
S1,BICOUSDT,2024-02-29 10:51,-39.5944,108,126,0.41965
S1,BICOUSDT,2024-02-29 10:56,-39.5944,108,126,0.4185
S1,BICOUSDT,2024-02-29 11:01,-20.4944,114.6,133.7,0.41715
S1,BICOUSDT,2024-02-29 11:06,-20.4944,114.6,133.7,0.41615
S1,BICOUSDT,2024-02-29 11:11,21.0056,124.8,145.6,0.41585
S1,BICOUSDT,2024-02-29 11:16,0.405632,123.6,144.2,0.4167
S1,BICOUSDT,2024-02-29 11:21,0.405632,123.6,144.2,0.4168
S1,BICOUSDT,2024-02-29 11:26,-18.5944,114,133,0.4172
S1,BICOUSDT,2024-02-29 11:31,-18.5944,114,133,0.41725
S1,BICOUSDT,2024-02-29 11:36,-18.5944,114,133,0.4175
S1,BICOUSDT,2024-02-29 11:41,-18.5944,114,133,0.41635
S1,BICOUSDT,2024-02-29 11:46,-18.5944,114,133,0.4156
S1,BICOUSDT,2024-02-29 11:51,14.1056,196.2,228.9,0.4156
S1,BICOUSDT,2024-02-29 11:56,14.1056,196.2,228.9,0.41545
S1,BICOUSDT,2024-02-29 12:01,14.1056,196.2,228.9,0.41555
S1,BICOUSDT,2024-02-29 12:06,14.1056,196.2,228.9,0.41385
S1,BICOUSDT,2024-02-29 12:11,14.1056,196.2,228.9,0.41515
S1,BICOUSDT,2024-02-29 12:16,-104.494,232.8,271.6,0.4176
S1,BICOUSDT,2024-02-29 12:21,-143.294,232.8,271.6,0.4185
S1,BICOUSDT,2024-02-29 12:26,-143.294,232.8,271.6,0.41845
S1,BICOUSDT,2024-02-29 12:31,-102.394,245.4,286.3,0.4161
S1,BICOUSDT,2024-02-29 12:36,-26.4944,216.6,252.7,0.4155
S1,BICOUSDT,2024-02-29 12:41,-26.4944,216.6,252.7,0.41725
S1,BICOUSDT,2024-02-29 12:46,-26.4944,216.6,252.7,0.4178
S1,BICOUSDT,2024-02-29 12:51,-52.3944,150.6,175.7,0.41935
S1,BICOUSDT,2024-02-29 12:56,-52.3944,150.6,175.7,0.41985
S1,BICOUSDT,2024-02-29 13:01,-52.6944,145.8,170.1,0.41985
S1,BICOUSDT,2024-02-29 13:06,-2.89437,150.6,175.7,0.4198
S1,BICOUSDT,2024-02-29 13:11,-2.89437,150.6,175.7,0.4194
S1,BICOUSDT,2024-02-29 13:16,-32.4944,177.6,207.2,0.4629
S1,BICOUSDT,2024-02-29 13:21,-32.4944,177.6,207.2,0.44125
S1,BICOUSDT,2024-02-29 13:26,-32.4944,177.6,207.2,0.4442
S1,BICOUSDT,2024-02-29 13:31,-32.4944,142.8,166.6,0.43765
S1,BICOUSDT,2024-02-29 13:36,-32.4944,142.8,166.6,0.44395
S1,BICOUSDT,2024-02-29 13:41,-32.4944,142.8,166.6,0.44635
S1,BICOUSDT,2024-02-29 13:46,-32.4944,142.8,166.6,0.4402
S1,BICOUSDT,2024-02-29 13:51,-5.79437,160.2,186.9,0.44225
S1,BICOUSDT,2024-02-29 13:56,-5.79437,160.2,186.9,0.4423
S1,BICOUSDT,2024-02-29 14:01,-30.4944,148.2,172.9,0.4394
S1,BICOUSDT,2024-02-29 14:06,-6.09437,144,168,0.43815
S1,BICOUSDT,2024-02-29 14:11,40.0056,136.8,159.6,0.4327
S1,BICOUSDT,2024-02-29 14:16,17.3056,136.2,158.9,0.43765
S1,BICOUSDT,2024-02-29 14:21,39.7056,134.4,156.8,0.4333
S1,BICOUSDT,2024-02-29 14:26,-50.9944,135.6,158.2,0.43415
S1,BICOUSDT,2024-02-29 14:31,-50.9944,135.6,158.2,0.4366
S1,BICOUSDT,2024-02-29 14:36,-29.5944,128.4,149.8,0.43495
S1,BICOUSDT,2024-02-29 14:41,-9.59437,120,140,0.4305
S1,BICOUSDT,2024-02-29 14:46,49.2056,117.6,137.2,0.43285
S1,BICOUSDT,2024-02-29 14:51,49.2056,116.4,135.8,0.4323
S1,BICOUSDT,2024-02-29 14:56,30.2056,114,133,0.43475
S1,BICOUSDT,2024-02-29 15:01,-7.09437,110.4,128.8,0.43385
S1,BICOUSDT,2024-02-29 15:06,-42.2944,105.6,123.2,0.42965
S1,BICOUSDT,2024-02-29 15:11,-42.2944,105.6,123.2,0.42775
S1,BICOUSDT,2024-02-29 15:16,-25.1944,102.6,119.7,0.42795
S1,BICOUSDT,2024-02-29 15:21,-25.1944,102.6,119.7,0.4255
S1,BICOUSDT,2024-02-29 15:26,8.40563,102.6,119.7,0.4247
S1,BICOUSDT,2024-02-29 15:31,-9.09437,105,122.5,0.42535
S1,BICOUSDT,2024-02-29 15:36,8.90563,108,126,0.4242
S1,BICOUSDT,2024-02-29 15:41,9.00563,109.2,127.4,0.4263
S1,BICOUSDT,2024-02-29 15:46,-9.19437,109.2,127.4,0.42665
S1,BICOUSDT,2024-02-29 15:51,-9.19437,109.2,127.4,0.42625
S1,BICOUSDT,2024-02-29 15:56,-9.19437,109.2,127.4,0.4273
S1,BICOUSDT,2024-02-29 16:01,-28.9944,118.8,138.6,0.4282
S1,BICOUSDT,2024-02-29 16:06,-28.9944,118.8,138.6,0.4259
S1,BICOUSDT,2024-02-29 16:11,-69.5944,123.6,144.2,0.42775
S1,BICOUSDT,2024-02-29 16:16,-48.9944,123.6,144.2,0.4245
S1,BICOUSDT,2024-02-29 16:21,-27.8944,126.6,147.7,0.41955
S1,BICOUSDT,2024-02-29 16:26,-27.8944,126.6,147.7,0.41775
S1,BICOUSDT,2024-02-29 16:31,-27.3944,117.6,137.2,0.41985
S1,BICOUSDT,2024-02-29 16:36,-45.9944,111.6,130.2,0.42175
S1,BICOUSDT,2024-02-29 16:41,-45.8944,110.4,128.8,0.41625
S1,BICOUSDT,2024-02-29 16:46,-27.4944,110.4,128.8,0.41825
S1,BICOUSDT,2024-02-29 16:51,-45.6944,109.2,127.4,0.4195
S1,BICOUSDT,2024-02-29 16:56,-45.6944,109.2,127.4,0.42065
S1,BICOUSDT,2024-02-29 17:01,-63.5944,107.4,125.3,0.4198
S1,BICOUSDT,2024-02-29 17:06,-63.5944,107.4,125.3,0.41735
S1,BICOUSDT,2024-02-29 17:11,-26.9944,114,133,0.41545
S1,BICOUSDT,2024-02-29 17:16,-7.89437,114.6,133.7,0.41675
S1,BICOUSDT,2024-02-29 17:21,-7.89437,114.6,133.7,0.4159
S1,BICOUSDT,2024-02-29 17:26,11.2056,114.6,133.7,0.41405
S1,BICOUSDT,2024-02-29 17:31,30.2056,114,133,0.4133
S1,BICOUSDT,2024-02-29 17:36,30.2056,114,133,0.41525
S1,BICOUSDT,2024-02-29 17:41,30.2056,114,133,0.4147
S1,BICOUSDT,2024-02-29 17:46,10.8056,116.4,135.8,0.41465
S1,BICOUSDT,2024-02-29 17:51,10.8056,116.4,135.8,0.41195
S1,BICOUSDT,2024-02-29 17:56,10.8056,116.4,135.8,0.41215
S1,BICOUSDT,2024-02-29 18:01,11.0056,116.4,135.8,0.4137
S1,BICOUSDT,2024-02-29 18:06,-8.39437,116.4,135.8,0.4153
S1,BICOUSDT,2024-02-29 18:11,-46.3944,114,133,0.4169
S1,BICOUSDT,2024-02-29 18:16,-46.3944,114,133,0.4183
S1,BICOUSDT,2024-02-29 18:21,-46.3944,114,133,0.41895
S1,BICOUSDT,2024-02-29 18:26,-46.3944,114,133,0.41765
S1,BICOUSDT,2024-02-29 18:31,-46.3944,114,133,0.41725
S1,BICOUSDT,2024-02-29 18:36,-46.3944,114,133,0.4135
S1,BICOUSDT,2024-02-29 18:41,-46.3944,114,133,0.4152
S1,BICOUSDT,2024-02-29 18:46,-46.3944,114,133,0.4146
S1,BICOUSDT,2024-02-29 18:51,-46.3944,114,133,0.4144
S1,BICOUSDT,2024-02-29 18:56,-64.6944,109.8,128.1,0.41565
S1,BICOUSDT,2024-02-29 19:01,-28.0944,109.8,128.1,0.4152
S1,BICOUSDT,2024-02-29 19:06,-28.0944,109.8,128.1,0.4147
S1,BICOUSDT,2024-02-29 19:11,-28.0944,109.8,128.1,0.4155
S1,BICOUSDT,2024-02-29 19:16,-28.0944,109.8,128.1,0.4182
S1,BICOUSDT,2024-02-29 19:21,-28.0944,109.8,128.1,0.41895
S1,BICOUSDT,2024-02-29 19:26,-27.7944,100.8,117.6,0.41875
S1,BICOUSDT,2024-02-29 19:31,-10.2944,105,122.5,0.4204
S1,BICOUSDT,2024-02-29 19:36,-27.3944,102.6,119.7,0.423
S1,BICOUSDT,2024-02-29 19:41,-44.6944,103.8,121.1,0.42135
S1,BICOUSDT,2024-02-29 19:46,-44.6944,103.8,121.1,0.4201
S1,BICOUSDT,2024-02-29 19:51,-44.6944,103.8,121.1,0.42065
S1,BICOUSDT,2024-02-29 19:56,-64.1944,117,136.5,0.42255
S1,BICOUSDT,2024-02-29 20:01,-83.5944,116.4,135.8,0.4219
S1,BICOUSDT,2024-02-29 20:06,-83.5944,116.4,135.8,0.4224
S1,BICOUSDT,2024-02-29 20:11,-63.0944,123,143.5,0.4232
S1,BICOUSDT,2024-02-29 20:16,1.90563,135.6,158.2,0.4221
S1,BICOUSDT,2024-02-29 20:21,1.90563,135.6,158.2,0.42225
S1,BICOUSDT,2024-02-29 20:26,1.90563,135.6,158.2,0.4237
S1,BICOUSDT,2024-02-29 20:31,1.90563,135.6,158.2,0.42395
S1,BICOUSDT,2024-02-29 20:36,1.90563,135.6,158.2,0.42265
S1,BICOUSDT,2024-02-29 20:41,0.805632,186,217,0.42255
S1,BICOUSDT,2024-02-29 20:46,0.805632,186,217,0.42215
S1,BICOUSDT,2024-02-29 20:51,0.805632,186,217,0.42155
S1,BICOUSDT,2024-02-29 20:56,0.805632,186,217,0.42145
S1,BICOUSDT,2024-02-29 21:01,0.805632,186,217,0.4194
S1,BICOUSDT,2024-02-29 21:06,-35.6944,219,255.5,0.4186
S1,BICOUSDT,2024-02-29 21:11,37.1056,218.4,254.8,0.41495
S1,BICOUSDT,2024-02-29 21:16,37.1056,218.4,254.8,0.41835
S1,BICOUSDT,2024-02-29 21:21,37.1056,218.4,254.8,0.41775
S1,BICOUSDT,2024-02-29 21:26,109.706,143.4,167.3,0.4126
S1,BICOUSDT,2024-02-29 21:31,109.706,143.4,167.3,0.4119
S1,BICOUSDT,2024-02-29 21:36,86.5056,139.2,162.4,0.4111
S1,BICOUSDT,2024-02-29 21:41,86.5056,139.2,162.4,0.41175
S1,BICOUSDT,2024-02-29 21:46,86.5056,139.2,162.4,0.4098
S1,BICOUSDT,2024-02-29 21:51,86.5056,142.2,165.9,0.40985
S1,BICOUSDT,2024-02-29 21:56,86.5056,142.2,165.9,0.4122
S1,BICOUSDT,2024-02-29 22:01,44.7056,123,143.5,0.4117
S1,BICOUSDT,2024-02-29 22:06,44.7056,123,143.5,0.4097
S1,BICOUSDT,2024-02-29 22:11,44.7056,123,143.5,0.41025
S1,BICOUSDT,2024-02-29 22:16,44.7056,123,143.5,0.4111
S1,BICOUSDT,2024-02-29 22:21,86.9056,127.2,148.4,0.4057
S1,BICOUSDT,2024-02-29 22:26,86.9056,127.2,148.4,0.407
S1,BICOUSDT,2024-02-29 22:31,107.906,126.6,147.7,0.4032
S1,BICOUSDT,2024-02-29 22:36,65.5056,127.2,148.4,0.40225
S1,BICOUSDT,2024-02-29 22:41,86.2056,124.2,144.9,0.39645
S1,BICOUSDT,2024-02-29 22:46,42.6056,130.8,152.6,0.39865
S1,BICOUSDT,2024-02-29 22:51,65.0056,134.4,156.8,0.3992
S1,BICOUSDT,2024-02-29 22:56,18.0432,137.4,160.3,0.40235
S1,BICOUSDT,2024-02-29 23:01,62.4432,132.6,154.7,0.40145
S1,BICOUSDT,2024-02-29 23:06,72.5432,132.6,154.7,0.404
S1,BICOUSDT,2024-02-29 23:11,84.5432,130.8,152.6,0.4043
S1,BICOUSDT,2024-02-29 23:16,21.5432,126,147,0.4074
S1,BICOUSDT,2024-02-29 23:21,21.5432,126,147,0.4084
S1,BICOUSDT,2024-02-29 23:26,7.89907,124.2,144.9,0.4104
S1,BICOUSDT,2024-02-29 23:31,-11.9009,118.8,138.6,0.41205
S1,BICOUSDT,2024-02-29 23:36,-11.9009,118.8,138.6,0.4108
S1,BICOUSDT,2024-02-29 23:41,-11.9009,118.8,138.6,0.412
S1,BICOUSDT,2024-02-29 23:46,-11.9009,118.8,138.6,0.4099
S1,BICOUSDT,2024-02-29 23:51,19.6991,94.8,110.6,0.4092
S1,BICOUSDT,2024-02-29 23:56,19.6991,94.8,110.6,0.40775
S1,BICOUSDT,2024-03-01 00:01,0,93,108.5,0.409
S1,BICOUSDT,2024-03-01 00:06,0,93,108.5,0.41065
S1,BICOUSDT,2024-03-01 00:11,0,93,108.5,0.41375
S1,BICOUSDT,2024-03-01 00:16,-38.5,115.8,135.1,0.41235
S1,BICOUSDT,2024-03-01 00:21,-38.5,115.8,135.1,0.41255
S1,BICOUSDT,2024-03-01 00:26,-58.2,118.2,137.9,0.41255
S1,BICOUSDT,2024-03-01 00:31,-58.2,118.2,137.9,0.41135
S1,BICOUSDT,2024-03-01 00:36,-58.2,118.2,137.9,0.41205
S1,BICOUSDT,2024-03-01 00:41,-58.2,118.2,137.9,0.4118
S1,BICOUSDT,2024-03-01 00:46,-58.2,118.2,137.9,0.41435
S1,BICOUSDT,2024-03-01 00:51,-58.2,118.2,137.9,0.4149
S1,BICOUSDT,2024-03-01 00:56,-58.2,118.2,137.9,0.41625
S1,BICOUSDT,2024-03-01 01:01,-75.6,104.4,121.8,0.41685
S1,BICOUSDT,2024-03-01 01:06,-75.6,104.4,121.8,0.4187
S1,BICOUSDT,2024-03-01 01:11,-59,99.6,116.2,0.41915
S1,BICOUSDT,2024-03-01 01:16,-59,99.6,116.2,0.41885
S1,BICOUSDT,2024-03-01 01:21,-59,99.6,116.2,0.4198
S1,BICOUSDT,2024-03-01 01:26,-73.8,88.8,103.6,0.4211
S1,BICOUSDT,2024-03-01 01:31,-73.8,88.8,103.6,0.42085
S1,BICOUSDT,2024-03-01 01:36,-59,88.8,103.6,0.4196
S1,BICOUSDT,2024-03-01 01:41,-15.4,87.6,102.2,0.4186
S1,BICOUSDT,2024-03-01 01:46,-15.4,87.6,102.2,0.42105
S1,BICOUSDT,2024-03-01 01:51,-30.1,88.2,102.9,0.42
S1,BICOUSDT,2024-03-01 01:56,-30.1,88.2,102.9,0.41835
S1,BICOUSDT,2024-03-01 02:01,-44.3,85.2,99.4,0.41885
S1,BICOUSDT,2024-03-01 02:06,-44.3,85.2,99.4,0.41765
S1,BICOUSDT,2024-03-01 02:11,-44.3,85.2,99.4,0.41725
S1,BICOUSDT,2024-03-01 02:16,-12.2,96.6,112.7,0.41535
S1,BICOUSDT,2024-03-01 02:21,-12.2,96.6,112.7,0.415
S1,BICOUSDT,2024-03-01 02:26,-12.2,96.6,112.7,0.41665
S1,BICOUSDT,2024-03-01 02:31,-28.6,98.4,114.8,0.42055
S1,BICOUSDT,2024-03-01 02:36,-11.4,103.2,120.4,0.41835
S1,BICOUSDT,2024-03-01 02:41,-11.4,103.2,120.4,0.4165
S1,BICOUSDT,2024-03-01 02:46,-11.4,103.2,120.4,0.4171
S1,BICOUSDT,2024-03-01 02:51,22.2,100.8,117.6,0.41645
S1,BICOUSDT,2024-03-01 02:56,5.4,100.8,117.6,0.4162
S1,BICOUSDT,2024-03-01 03:01,5.4,100.8,117.6,0.4158
S1,BICOUSDT,2024-03-01 03:06,5.4,100.8,117.6,0.418
S1,BICOUSDT,2024-03-01 03:11,19.6,85.2,99.4,0.4175
S1,BICOUSDT,2024-03-01 03:16,19.6,85.2,99.4,0.416
S1,BICOUSDT,2024-03-01 03:21,19.6,85.2,99.4,0.4167
S1,BICOUSDT,2024-03-01 03:26,19.6,85.2,99.4,0.41385
S1,BICOUSDT,2024-03-01 03:31,19.6,85.2,99.4,0.4145
S1,BICOUSDT,2024-03-01 03:36,7.2,74.4,86.8,0.4146
S1,BICOUSDT,2024-03-01 03:41,7.2,74.4,86.8,0.41425
S1,BICOUSDT,2024-03-01 03:46,7.2,74.4,86.8,0.41495
S1,BICOUSDT,2024-03-01 03:51,7.2,74.4,86.8,0.41565
S1,BICOUSDT,2024-03-01 03:56,7.2,74.4,86.8,0.41505
S1,BICOUSDT,2024-03-01 04:01,7.2,74.4,86.8,0.41475
S1,BICOUSDT,2024-03-01 04:06,7.2,74.4,86.8,0.41465
S1,BICOUSDT,2024-03-01 04:11,7.2,74.4,86.8,0.4149
S1,BICOUSDT,2024-03-01 04:16,7.2,74.4,86.8,0.4154
S1,BICOUSDT,2024-03-01 04:21,7.2,74.4,86.8,0.41695
S1,BICOUSDT,2024-03-01 04:26,7.2,74.4,86.8,0.41685
S1,BICOUSDT,2024-03-01 04:31,7.2,74.4,86.8,0.41635
S1,BICOUSDT,2024-03-01 04:36,7.2,74.4,86.8,0.41585
S1,BICOUSDT,2024-03-01 04:41,7.2,74.4,86.8,0.4166
S1,BICOUSDT,2024-03-01 04:46,7.2,74.4,86.8,0.4171
S1,BICOUSDT,2024-03-01 04:51,7.2,74.4,86.8,0.4202
S1,BICOUSDT,2024-03-01 04:56,-50.6,171,199.5,0.4206
S1,BICOUSDT,2024-03-01 05:01,-50.6,171,199.5,0.42015
S1,BICOUSDT,2024-03-01 05:06,-21.3,175.8,205.1,0.41925
S1,BICOUSDT,2024-03-01 05:11,-45,142.2,165.9,0.42105
S1,BICOUSDT,2024-03-01 05:16,-45,142.2,165.9,0.4195
S1,BICOUSDT,2024-03-01 05:21,-45,142.2,165.9,0.4201
S1,BICOUSDT,2024-03-01 05:26,-45,142.2,165.9,0.41885
S1,BICOUSDT,2024-03-01 05:31,-45,142.2,165.9,0.4181
S1,BICOUSDT,2024-03-01 05:36,-45,142.2,165.9,0.4189
S1,BICOUSDT,2024-03-01 05:41,-45,142.2,165.9,0.41985
S1,BICOUSDT,2024-03-01 05:46,-27.4,105.6,123.2,0.4207
S1,BICOUSDT,2024-03-01 05:51,-27.4,105.6,123.2,0.42035
S1,BICOUSDT,2024-03-01 05:56,-27.4,105.6,123.2,0.4206
S1,BICOUSDT,2024-03-01 06:01,-48.6,127.2,148.4,0.4218
S1,BICOUSDT,2024-03-01 06:06,-29.6,115.8,135.1,0.4209
S1,BICOUSDT,2024-03-01 06:11,31.1,121.8,142.1,0.4179
S1,BICOUSDT,2024-03-01 06:16,31.1,121.8,142.1,0.41795
S1,BICOUSDT,2024-03-01 06:21,52.3,127.8,149.1,0.418
S1,BICOUSDT,2024-03-01 06:26,52.3,127.8,149.1,0.4176
S1,BICOUSDT,2024-03-01 06:31,30.7,129.6,151.2,0.41585
S1,BICOUSDT,2024-03-01 06:36,30.7,129.6,151.2,0.41425
S1,BICOUSDT,2024-03-01 06:41,48.7,108,126,0.414
S1,BICOUSDT,2024-03-01 06:46,48.7,108,126,0.41525
S1,BICOUSDT,2024-03-01 06:51,48.7,90,105,0.41405
S1,BICOUSDT,2024-03-01 06:56,33.5,91.2,106.4,0.4154
S1,BICOUSDT,2024-03-01 07:01,33.5,91.2,106.4,0.4158
S1,BICOUSDT,2024-03-01 07:06,33.5,91.2,106.4,0.4167
S1,BICOUSDT,2024-03-01 07:11,62.4,87,101.5,0.4179
S1,BICOUSDT,2024-03-01 07:16,76.8,86.4,100.8,0.41685
S1,BICOUSDT,2024-03-01 07:21,61.9,89.4,104.3,0.41705
S1,BICOUSDT,2024-03-01 07:26,61.9,89.4,104.3,0.41625
S1,BICOUSDT,2024-03-01 07:31,77.8,95.4,111.3,0.41505
S1,BICOUSDT,2024-03-01 07:36,77.8,95.4,111.3,0.4162
S1,BICOUSDT,2024-03-01 07:41,77.8,95.4,111.3,0.4159
S1,BICOUSDT,2024-03-01 07:46,96.8,114.6,133.7,0.4144
S1,BICOUSDT,2024-03-01 07:51,77.4,116.4,135.8,0.4153
S1,BICOUSDT,2024-03-01 07:56,77.4,116.4,135.8,0.41505
S1,BICOUSDT,2024-03-01 08:01,60.7,100.2,116.9,0.41445
S1,BICOUSDT,2024-03-01 08:06,60.7,100.2,116.9,0.41485
S1,BICOUSDT,2024-03-01 08:11,60.7,100.2,116.9,0.4172
S1,BICOUSDT,2024-03-01 08:16,60.7,100.2,116.9,0.4168
S1,BICOUSDT,2024-03-01 08:21,42.4,109.8,128.1,0.41765
S1,BICOUSDT,2024-03-01 08:26,42.4,109.8,128.1,0.41845
S1,BICOUSDT,2024-03-01 08:31,58.8,99.6,116.2,0.4169
S1,BICOUSDT,2024-03-01 08:36,41.4,104.4,121.8,0.41785
S1,BICOUSDT,2024-03-01 08:41,-12.4,108.6,126.7,0.4236
S1,BICOUSDT,2024-03-01 08:46,-30.3,107.4,125.3,0.42335
S1,BICOUSDT,2024-03-01 08:51,5.1,106.2,123.9,0.4211
S1,BICOUSDT,2024-03-01 08:56,5.1,106.2,123.9,0.42015
S1,BICOUSDT,2024-03-01 09:01,5.1,106.2,123.9,0.42035
S1,BICOUSDT,2024-03-01 09:06,5.1,106.2,123.9,0.4213
S1,BICOUSDT,2024-03-01 09:11,5.1,106.2,123.9,0.42305
S1,BICOUSDT,2024-03-01 09:16,5.1,106.2,123.9,0.42185
S1,BICOUSDT,2024-03-01 09:21,5.1,106.2,123.9,0.4222
S1,BICOUSDT,2024-03-01 09:26,5.1,106.2,123.9,0.4219
S1,BICOUSDT,2024-03-01 09:31,5.1,106.2,123.9,0.42235
S1,BICOUSDT,2024-03-01 09:36,5.1,106.2,123.9,0.422
S1,BICOUSDT,2024-03-01 09:41,-23.6,83.4,97.3,0.4224
S1,BICOUSDT,2024-03-01 09:46,-64.5,82.8,96.6,0.43655
S1,BICOUSDT,2024-03-01 09:51,-64.5,82.8,96.6,0.4315
S1,BICOUSDT,2024-03-01 09:56,-47.1,104.4,121.8,0.4297
S1,BICOUSDT,2024-03-01 10:01,-28.3,112.8,131.6,0.4268
S1,BICOUSDT,2024-03-01 10:06,11.7,120.6,140.7,0.4264
S1,BICOUSDT,2024-03-01 10:11,11.7,120.6,140.7,0.42695
S1,BICOUSDT,2024-03-01 10:16,42.5,184.8,215.6,0.42415
S1,BICOUSDT,2024-03-01 10:21,74.1,190.8,222.6,0.42515
S1,BICOUSDT,2024-03-01 10:26,74.1,190.8,222.6,0.42465
S1,BICOUSDT,2024-03-01 10:31,74.1,195,227.5,0.424
S1,BICOUSDT,2024-03-01 10:36,74.1,195,227.5,0.42225
S1,BICOUSDT,2024-03-01 10:41,74.1,195,227.5,0.42125
S1,BICOUSDT,2024-03-01 10:46,74.1,195,227.5,0.4223
S1,BICOUSDT,2024-03-01 10:51,74.1,195,227.5,0.4222
S1,BICOUSDT,2024-03-01 10:56,42.1,192,224,0.423
S1,BICOUSDT,2024-03-01 11:01,10.2,191.4,223.3,0.42355
S1,BICOUSDT,2024-03-01 11:06,-18.4,171.6,200.2,0.4262
S1,BICOUSDT,2024-03-01 11:11,-19.3,141.6,165.2,0.42585
S1,BICOUSDT,2024-03-01 11:16,-41.3,132,154,0.42815
S1,BICOUSDT,2024-03-01 11:21,-41.3,132,154,0.42775
S1,BICOUSDT,2024-03-01 11:26,-101.1,118.8,138.6,0.47635
S1,BICOUSDT,2024-03-01 11:31,-101.1,118.8,138.6,0.4737
S1,BICOUSDT,2024-03-01 11:36,-101.1,118.8,138.6,0.48895
S1,BICOUSDT,2024-03-01 11:41,-101.1,118.8,138.6,0.4811
S1,BICOUSDT,2024-03-01 11:46,-80.3,124.8,145.6,0.49405
S1,BICOUSDT,2024-03-01 11:51,-80.3,124.8,145.6,0.5023
S1,BICOUSDT,2024-03-01 11:56,-80.3,124.8,145.6,0.50045
S1,BICOUSDT,2024-03-01 12:01,-80.3,124.8,145.6,0.4825
S1,BICOUSDT,2024-03-01 12:06,-80.3,124.8,145.6,0.4853
S1,BICOUSDT,2024-03-01 12:11,-80.3,124.8,145.6,0.49355
S1,BICOUSDT,2024-03-01 12:16,-80.3,124.8,145.6,0.50445
S1,BICOUSDT,2024-03-01 12:21,-80.3,124.8,145.6,0.5033
S1,BICOUSDT,2024-03-01 12:26,-80.3,124.8,145.6,0.50205
S1,BICOUSDT,2024-03-01 12:31,-80.3,124.8,145.6,0.5006
S1,BICOUSDT,2024-03-01 12:36,-80.3,124.8,145.6,0.49795
S1,BICOUSDT,2024-03-01 12:41,-80.3,124.8,145.6,0.50215
S1,BICOUSDT,2024-03-01 12:46,-80.3,124.8,145.6,0.5011
S1,BICOUSDT,2024-03-01 12:51,-80.3,124.8,145.6,0.50585
S1,BICOUSDT,2024-03-01 12:56,-80.3,124.8,145.6,0.5186
S1,BICOUSDT,2024-03-01 13:01,-80.3,124.8,145.6,0.51455
S1,BICOUSDT,2024-03-01 13:06,-80.3,124.8,145.6,0.50325
S1,BICOUSDT,2024-03-01 13:11,-80.3,124.8,145.6,0.50085
S1,BICOUSDT,2024-03-01 13:16,-80.3,124.8,145.6,0.50385
S1,BICOUSDT,2024-03-01 13:21,-80.3,124.8,145.6,0.51085
S1,BICOUSDT,2024-03-01 13:26,-52,169.8,198.1,0.50825
S1,BICOUSDT,2024-03-01 13:31,-24,168,196,0.50695
S1,BICOUSDT,2024-03-01 13:36,-24,168,196,0.50545
S1,BICOUSDT,2024-03-01 13:41,4.2,169.2,197.4,0.5179
S1,BICOUSDT,2024-03-01 13:46,-24,169.2,197.4,0.51325
S1,BICOUSDT,2024-03-01 13:51,-24,169.2,197.4,0.5107
S1,BICOUSDT,2024-03-01 13:56,-24,169.2,197.4,0.5073
S1,BICOUSDT,2024-03-01 14:01,-24,169.2,197.4,0.51015
S1,BICOUSDT,2024-03-01 14:06,26.3,150,175,0.50155
S1,BICOUSDT,2024-03-01 14:11,26.3,150,175,0.49855
S1,BICOUSDT,2024-03-01 14:16,52.2,155.4,181.3,0.49445
S1,BICOUSDT,2024-03-01 14:21,52.2,155.4,181.3,0.4937
S1,BICOUSDT,2024-03-01 14:26,52.2,155.4,181.3,0.4922
S1,BICOUSDT,2024-03-01 14:31,52.2,155.4,181.3,0.49045
S1,BICOUSDT,2024-03-01 14:36,84.3,192.6,224.7,0.4918
S1,BICOUSDT,2024-03-01 14:41,84.3,192.6,224.7,0.4919
S1,BICOUSDT,2024-03-01 14:46,49.5,208.8,243.6,0.49575
S1,BICOUSDT,2024-03-01 14:51,14.6,209.4,244.3,0.49315
S1,BICOUSDT,2024-03-01 14:56,14.6,209.4,244.3,0.4934
S1,BICOUSDT,2024-03-01 15:01,14.6,209.4,244.3,0.49045
S1,BICOUSDT,2024-03-01 15:06,50,212.4,247.8,0.4846
S1,BICOUSDT,2024-03-01 15:11,15.1,209.4,244.3,0.48485
S1,BICOUSDT,2024-03-01 15:16,21.2,204,238,0.48675
S1,BICOUSDT,2024-03-01 15:21,21.2,204,238,0.48855
S1,BICOUSDT,2024-03-01 15:26,21.2,204,238,0.48895
S1,BICOUSDT,2024-03-01 15:31,-10.1,187.8,219.1,0.48945
S1,BICOUSDT,2024-03-01 15:36,-10.1,187.8,219.1,0.4888
S1,BICOUSDT,2024-03-01 15:41,18,168.6,196.7,0.4902
S1,BICOUSDT,2024-03-01 15:46,18,168.6,196.7,0.4909
S1,BICOUSDT,2024-03-01 15:51,-10.8,172.8,201.6,0.49065
S1,BICOUSDT,2024-03-01 15:56,-10.8,172.8,201.6,0.49115
S1,BICOUSDT,2024-03-01 16:01,-10.8,172.8,201.6,0.50145
S1,BICOUSDT,2024-03-01 16:06,20.5,187.8,219.1,0.49225
S1,BICOUSDT,2024-03-01 16:11,20.5,187.8,219.1,0.4951
S1,BICOUSDT,2024-03-01 16:16,20.2,196.8,229.6,0.4979
S1,BICOUSDT,2024-03-01 16:21,-13.3,201,234.5,0.49835
S1,BICOUSDT,2024-03-01 16:26,-46.4,198.6,231.7,0.49855
S1,BICOUSDT,2024-03-01 16:31,-13.7,196.2,228.9,0.49875
S1,BICOUSDT,2024-03-01 16:36,-13.7,196.2,228.9,0.4965
S1,BICOUSDT,2024-03-01 16:41,-45.8,192.6,224.7,0.49985
S1,BICOUSDT,2024-03-01 16:46,-45.8,192.6,224.7,0.49945
S1,BICOUSDT,2024-03-01 16:51,-45.8,192.6,224.7,0.503
S1,BICOUSDT,2024-03-01 16:56,-45.8,192.6,224.7,0.5087
S1,BICOUSDT,2024-03-01 17:01,-45.8,192.6,224.7,0.50955
S1,BICOUSDT,2024-03-01 17:06,14.7,181.2,211.4,0.50405
S1,BICOUSDT,2024-03-01 17:11,14.7,181.2,211.4,0.51175
S1,BICOUSDT,2024-03-01 17:16,14.7,181.2,211.4,0.51145
S1,BICOUSDT,2024-03-01 17:21,14.7,181.2,211.4,0.5059
S1,BICOUSDT,2024-03-01 17:26,44.3,177.6,207.2,0.5042
S1,BICOUSDT,2024-03-01 17:31,13.6,184.2,214.9,0.5069
S1,BICOUSDT,2024-03-01 17:36,10.8,185.4,216.3,0.5055
S1,BICOUSDT,2024-03-01 17:41,43.5,196.2,228.9,0.49725
S1,BICOUSDT,2024-03-01 17:46,9.2,205.8,240.1,0.49725
S1,BICOUSDT,2024-03-01 17:51,9.2,205.8,240.1,0.49825
S1,BICOUSDT,2024-03-01 17:56,42,196.8,229.6,0.4948
S1,BICOUSDT,2024-03-01 18:01,42,196.8,229.6,0.4957
S1,BICOUSDT,2024-03-01 18:06,42,196.8,229.6,0.49375
S1,BICOUSDT,2024-03-01 18:11,74.6,195.6,228.2,0.49175
S1,BICOUSDT,2024-03-01 18:16,74.5,194.4,226.8,0.48735
S1,BICOUSDT,2024-03-01 18:21,74.5,194.4,226.8,0.4866
S1,BICOUSDT,2024-03-01 18:26,43,189,220.5,0.48735
S1,BICOUSDT,2024-03-01 18:31,11.2,191.4,223.3,0.48975
S1,BICOUSDT,2024-03-01 18:36,11.2,191.4,223.3,0.494
S1,BICOUSDT,2024-03-01 18:41,43.7,195.6,228.2,0.49255
S1,BICOUSDT,2024-03-01 18:46,9.6,204.6,238.7,0.49085
S1,BICOUSDT,2024-03-01 18:51,9.6,204.6,238.7,0.48945
S1,BICOUSDT,2024-03-01 18:56,9.6,204.6,238.7,0.48905
S1,BICOUSDT,2024-03-01 19:01,9.6,204.6,238.7,0.489
S1,BICOUSDT,2024-03-01 19:06,47.5,227.4,265.3,0.48725
S1,BICOUSDT,2024-03-01 19:11,-33.1,242.4,282.8,0.48955
S1,BICOUSDT,2024-03-01 19:16,-33.1,242.4,282.8,0.4882
S1,BICOUSDT,2024-03-01 19:21,-33.1,242.4,282.8,0.4874
S1,BICOUSDT,2024-03-01 19:26,-33.1,242.4,282.8,0.4902
S1,BICOUSDT,2024-03-01 19:31,-33.1,242.4,282.8,0.4873
S1,BICOUSDT,2024-03-01 19:36,-33.1,242.4,282.8,0.48855
S1,BICOUSDT,2024-03-01 19:41,-33.1,242.4,282.8,0.4883
S1,BICOUSDT,2024-03-01 19:46,-33.4,217.2,253.4,0.4863
S1,BICOUSDT,2024-03-01 19:51,-33.4,217.2,253.4,0.4896
S1,BICOUSDT,2024-03-01 19:56,-68.5,210.6,245.7,0.4877
S1,BICOUSDT,2024-03-01 20:01,-102.4,203.4,237.3,0.4884
S1,BICOUSDT,2024-03-01 20:06,-68.9,201,234.5,0.48565
S1,BICOUSDT,2024-03-01 20:11,-34.8,204.6,238.7,0.48825
S1,BICOUSDT,2024-03-01 20:16,-107.9,219.6,256.2,0.48995
S1,BICOUSDT,2024-03-01 20:21,-107.9,219.6,256.2,0.4911
S1,BICOUSDT,2024-03-01 20:26,-107.9,219.6,256.2,0.49585
S1,BICOUSDT,2024-03-01 20:31,-107.9,219.6,256.2,0.49605
S1,BICOUSDT,2024-03-01 20:36,-148.1,241.2,281.4,0.4975
S1,BICOUSDT,2024-03-01 20:41,-107.7,242.4,282.8,0.4957
S1,BICOUSDT,2024-03-01 20:46,-107.7,242.4,282.8,0.49585
S1,BICOUSDT,2024-03-01 20:51,-107.7,242.4,282.8,0.49825
S1,BICOUSDT,2024-03-01 20:56,-107.7,242.4,282.8,0.49675
S1,BICOUSDT,2024-03-01 21:01,-27.1,241.8,282.1,0.49605
S1,BICOUSDT,2024-03-01 21:06,-67.3,241.2,281.4,0.5003
S1,BICOUSDT,2024-03-01 21:11,-67.3,241.2,281.4,0.5058
S1,BICOUSDT,2024-03-01 21:16,-67.3,241.2,281.4,0.50455
S1,BICOUSDT,2024-03-01 21:21,-31,217.8,254.1,0.50975
S1,BICOUSDT,2024-03-01 21:26,-31,217.8,254.1,0.50655
S1,BICOUSDT,2024-03-01 21:31,-31,217.8,254.1,0.5089
S1,BICOUSDT,2024-03-01 21:36,-31,217.8,254.1,0.50905
S1,BICOUSDT,2024-03-01 21:41,8.5,237,276.5,0.5063
S1,BICOUSDT,2024-03-01 21:46,87,234.6,273.7,0.50505
S1,BICOUSDT,2024-03-01 21:51,87,234.6,273.7,0.50455
S1,BICOUSDT,2024-03-01 21:56,49.4,225.6,263.2,0.50655
S1,BICOUSDT,2024-03-01 22:01,87.2,226.8,264.6,0.50325
S1,BICOUSDT,2024-03-01 22:06,87.8,232.8,271.6,0.5018
S1,BICOUSDT,2024-03-01 22:11,123.8,216,252,0.4992
S1,BICOUSDT,2024-03-01 22:16,123.8,216,252,0.4988
S1,BICOUSDT,2024-03-01 22:21,123.8,216,252,0.49825
S1,BICOUSDT,2024-03-01 22:26,123.8,216,252,0.4983
S1,BICOUSDT,2024-03-01 22:31,154.8,186,217,0.49585
S1,BICOUSDT,2024-03-01 22:36,154.8,186,217,0.49625
S1,BICOUSDT,2024-03-01 22:41,126.2,172.2,200.9,0.49315
S1,BICOUSDT,2024-03-01 22:46,126.5,165,192.5,0.48985
S1,BICOUSDT,2024-03-01 22:51,126.5,165,192.5,0.49165
S1,BICOUSDT,2024-03-01 22:56,156.8,182.4,212.8,0.49095
S1,BICOUSDT,2024-03-01 23:01,156.8,182.4,212.8,0.491
S1,BICOUSDT,2024-03-01 23:06,128.1,172.2,200.9,0.49275
S1,BICOUSDT,2024-03-01 23:11,128.1,172.2,200.9,0.49305
S1,BICOUSDT,2024-03-01 23:16,22,156.6,182.7,0.494
S1,BICOUSDT,2024-03-01 23:21,-3.5,153,178.5,0.49465
S1,BICOUSDT,2024-03-01 23:26,-30.5,162,189,0.49675
S1,BICOUSDT,2024-03-01 23:31,-30.5,162,189,0.4975
S1,BICOUSDT,2024-03-01 23:36,-55.9,152.4,177.8,0.50145
S1,BICOUSDT,2024-03-01 23:41,-55.5,149.4,174.3,0.50175
S1,BICOUSDT,2024-03-01 23:46,-55.5,149.4,174.3,0.4999
S1,BICOUSDT,2024-03-01 23:51,-55.6,127.2,148.4,0.49955
S1,BICOUSDT,2024-03-01 23:56,-74.8,115.2,134.4,0.504
S1,BICOUSDT,2024-03-02 00:01,0,108.6,126.7,0.5007
S1,BICOUSDT,2024-03-02 00:06,0,108.6,126.7,0.5051
S1,BICOUSDT,2024-03-02 00:11,0,108.6,126.7,0.5017
S1,BICOUSDT,2024-03-02 00:16,15.9,95.4,111.3,0.4989
S1,BICOUSDT,2024-03-02 00:21,15.9,95.4,111.3,0.5039
S1,BICOUSDT,2024-03-02 00:26,31.5,93.6,109.2,0.5019
S1,BICOUSDT,2024-03-02 00:31,31.5,93.6,109.2,0.49945
S1,BICOUSDT,2024-03-02 00:36,31.5,93.6,109.2,0.4956
S1,BICOUSDT,2024-03-02 00:41,44.7,79.2,92.4,0.49535
S1,BICOUSDT,2024-03-02 00:46,47.5,81,94.5,0.49485
S1,BICOUSDT,2024-03-02 00:51,47.5,81,94.5,0.49435
S1,BICOUSDT,2024-03-02 00:56,47.5,81,94.5,0.4947
S1,BICOUSDT,2024-03-02 01:01,34.4,79.2,92.4,0.4943
S1,BICOUSDT,2024-03-02 01:06,21.4,78,91,0.4951
S1,BICOUSDT,2024-03-02 01:11,21.4,78,91,0.49175
S1,BICOUSDT,2024-03-02 01:16,21.4,78,91,0.4931
S1,BICOUSDT,2024-03-02 01:21,21.4,78,91,0.49705
S1,BICOUSDT,2024-03-02 01:26,21.7,81.6,95.2,0.494
S1,BICOUSDT,2024-03-02 01:31,21.7,81.6,95.2,0.5137
S1,BICOUSDT,2024-03-02 01:36,21.7,81.6,95.2,0.5181
S1,BICOUSDT,2024-03-02 01:41,21.7,81.6,95.2,0.52805
S1,BICOUSDT,2024-03-02 01:46,21.7,81.6,95.2,0.52815
S1,BICOUSDT,2024-03-02 01:51,21.7,81.6,95.2,0.5157
S1,BICOUSDT,2024-03-02 01:56,5.8,95.4,111.3,0.5131
S1,BICOUSDT,2024-03-02 02:01,5.8,95.4,111.3,0.52065
S1,BICOUSDT,2024-03-02 02:06,5.8,95.4,111.3,0.5168
S1,BICOUSDT,2024-03-02 02:11,5.8,95.4,111.3,0.5174
S1,BICOUSDT,2024-03-02 02:16,-33,124.2,144.9,0.52275
S1,BICOUSDT,2024-03-02 02:21,-33,124.2,144.9,0.5348
S1,BICOUSDT,2024-03-02 02:26,-33,124.2,144.9,0.53665
S1,BICOUSDT,2024-03-02 02:31,-33,124.2,144.9,0.5392
S1,BICOUSDT,2024-03-02 02:36,-33,124.2,144.9,0.5306
S1,BICOUSDT,2024-03-02 02:41,-33,124.2,144.9,0.532
S1,BICOUSDT,2024-03-02 02:46,-33,124.2,144.9,0.5302
S1,BICOUSDT,2024-03-02 02:51,-11,132,154,0.5276
S1,BICOUSDT,2024-03-02 02:56,-11.1,137.4,160.3,0.5287
S1,BICOUSDT,2024-03-02 03:01,-34.3,139.2,162.4,0.52715
S1,BICOUSDT,2024-03-02 03:06,12.6,141,164.5,0.51735
S1,BICOUSDT,2024-03-02 03:11,12.6,141,164.5,0.5142
S1,BICOUSDT,2024-03-02 03:16,62,150,175,0.51265
S1,BICOUSDT,2024-03-02 03:21,9.5,157.8,184.1,0.51085
S1,BICOUSDT,2024-03-02 03:26,36.1,159.6,186.2,0.5094
S1,BICOUSDT,2024-03-02 03:31,-18.3,162,189,0.5113
S1,BICOUSDT,2024-03-02 03:36,-18.3,162,189,0.51725
S1,BICOUSDT,2024-03-02 03:41,-45.5,163.2,190.4,0.5169
S1,BICOUSDT,2024-03-02 03:46,-72.3,160.8,187.6,0.518
S1,BICOUSDT,2024-03-02 03:51,-45.4,161.4,188.3,0.51825
S1,BICOUSDT,2024-03-02 03:56,8.7,162,189,0.5134
S1,BICOUSDT,2024-03-02 04:01,36.4,162,189,0.51055
S1,BICOUSDT,2024-03-02 04:06,63.3,159,185.5,0.5053
S1,BICOUSDT,2024-03-02 04:11,90.3,162,189,0.50215
S1,BICOUSDT,2024-03-02 04:16,63.8,159,185.5,0.5025
S1,BICOUSDT,2024-03-02 04:21,63.8,159,185.5,0.5024
S1,BICOUSDT,2024-03-02 04:26,88.3,147,171.5,0.49855
S1,BICOUSDT,2024-03-02 04:31,17.7,141.6,165.2,0.50155
S1,BICOUSDT,2024-03-02 04:36,-6,142.2,165.9,0.50465
S1,BICOUSDT,2024-03-02 04:41,-29.9,143.4,167.3,0.50415
S1,BICOUSDT,2024-03-02 04:46,-29.9,143.4,167.3,0.5038
S1,BICOUSDT,2024-03-02 04:51,-29.9,143.4,167.3,0.5036
S1,BICOUSDT,2024-03-02 04:56,-6,143.4,167.3,0.5021
S1,BICOUSDT,2024-03-02 05:01,-6,143.4,167.3,0.50215
S1,BICOUSDT,2024-03-02 05:06,15.2,127.8,149.1,0.5023
S1,BICOUSDT,2024-03-02 05:11,15.2,127.8,149.1,0.50585
S1,BICOUSDT,2024-03-02 05:16,35,118.8,138.6,0.5015
S1,BICOUSDT,2024-03-02 05:21,35,118.8,138.6,0.5028
S1,BICOUSDT,2024-03-02 05:26,-2.7,113.4,132.3,0.51105
S1,BICOUSDT,2024-03-02 05:31,-21.8,114.6,133.7,0.5127
S1,BICOUSDT,2024-03-02 05:36,-21.8,114.6,133.7,0.50945
S1,BICOUSDT,2024-03-02 05:41,-39.8,108,126,0.509
S1,BICOUSDT,2024-03-02 05:46,-39.8,108,126,0.5098
S1,BICOUSDT,2024-03-02 05:51,-39.1,116.4,135.8,0.5082
S1,BICOUSDT,2024-03-02 05:56,-39.1,116.4,135.8,0.5083
S1,BICOUSDT,2024-03-02 06:01,-39.1,116.4,135.8,0.513
S1,BICOUSDT,2024-03-02 06:06,-59.2,120.6,140.7,0.51115
S1,BICOUSDT,2024-03-02 06:11,-59.2,120.6,140.7,0.5097
S1,BICOUSDT,2024-03-02 06:16,-38,127.2,148.4,0.51625
S1,BICOUSDT,2024-03-02 06:21,-38,127.2,148.4,0.5162
S1,BICOUSDT,2024-03-02 06:26,3.6,123.6,144.2,0.51335
S1,BICOUSDT,2024-03-02 06:31,3.6,123.6,144.2,0.52165
S1,BICOUSDT,2024-03-02 06:36,3.6,123.6,144.2,0.5254
S1,BICOUSDT,2024-03-02 06:41,-16.9,123,143.5,0.5305
S1,BICOUSDT,2024-03-02 06:46,-16.9,123,143.5,0.52835
S1,BICOUSDT,2024-03-02 06:51,-36.2,116.4,135.8,0.52225
S1,BICOUSDT,2024-03-02 06:56,-36.2,116.4,135.8,0.5253
S1,BICOUSDT,2024-03-02 07:01,-36.2,116.4,135.8,0.52295
S1,BICOUSDT,2024-03-02 07:06,2.84215,115.2,134.4,0.5162
S1,BICOUSDT,2024-03-02 07:11,2.84215,115.2,134.4,0.5203
S1,BICOUSDT,2024-03-02 07:16,2.84215,115.2,134.4,0.52285
S1,BICOUSDT,2024-03-02 07:21,2.84215,115.2,134.4,0.52615
S1,BICOUSDT,2024-03-02 07:26,-15.5579,110.4,128.8,0.53885
S1,BICOUSDT,2024-03-02 07:31,-15.5579,110.4,128.8,0.5258
S1,BICOUSDT,2024-03-02 07:36,2.04215,105.6,123.2,0.5248
S1,BICOUSDT,2024-03-02 07:41,2.04215,105.6,123.2,0.52375
S1,BICOUSDT,2024-03-02 07:46,32.5421,91.8,107.1,0.51775
S1,BICOUSDT,2024-03-02 07:51,46.7421,85.2,99.4,0.5172
S1,BICOUSDT,2024-03-02 07:56,32.6421,84.6,98.7,0.51755
S1,BICOUSDT,2024-03-02 08:01,28.6421,84,98,0.51405
S1,BICOUSDT,2024-03-02 08:06,42.6421,84,98,0.51205
S1,BICOUSDT,2024-03-02 08:11,-12.5579,82.8,96.6,0.511
S1,BICOUSDT,2024-03-02 08:16,1.24215,82.8,96.6,0.5124
S1,BICOUSDT,2024-03-02 08:21,15.0421,82.8,96.6,0.5095
S1,BICOUSDT,2024-03-02 08:26,29.1421,85.2,99.4,0.50615
S1,BICOUSDT,2024-03-02 08:31,43.7421,87.6,102.2,0.5072
S1,BICOUSDT,2024-03-02 08:36,28.9421,88.2,102.9,0.5068
S1,BICOUSDT,2024-03-02 08:41,28.9421,88.2,102.9,0.5051
S1,BICOUSDT,2024-03-02 08:46,-18.0579,94.2,109.9,0.5089
S1,BICOUSDT,2024-03-02 08:51,-18.0579,94.2,109.9,0.50825
S1,BICOUSDT,2024-03-02 08:56,14.6421,98.4,114.8,0.50755
S1,BICOUSDT,2024-03-02 09:01,48.2421,100.8,117.6,0.5042
S1,BICOUSDT,2024-03-02 09:06,48.2421,100.8,117.6,0.5009
S1,BICOUSDT,2024-03-02 09:11,30.6421,105.6,123.2,0.50435
S1,BICOUSDT,2024-03-02 09:16,66.8421,109.2,127.4,0.5037
S1,BICOUSDT,2024-03-02 09:21,30.4421,109.2,127.4,0.50515
S1,BICOUSDT,2024-03-02 09:26,30.4421,109.2,127.4,0.5042
S1,BICOUSDT,2024-03-02 09:31,-5.55785,108,126,0.5033
S1,BICOUSDT,2024-03-02 09:36,-5.55785,108,126,0.504
S1,BICOUSDT,2024-03-02 09:41,-5.55785,108,126,0.50445
S1,BICOUSDT,2024-03-02 09:46,-5.55785,108,126,0.50755
S1,BICOUSDT,2024-03-02 09:51,-5.55785,108,126,0.50695
S1,BICOUSDT,2024-03-02 09:56,-5.55785,108,126,0.5067
S1,BICOUSDT,2024-03-02 10:01,-5.55785,108,126,0.50575
S1,BICOUSDT,2024-03-02 10:06,-5.55785,108,126,0.5053
S1,BICOUSDT,2024-03-02 10:11,-5.55785,108,126,0.5051
S1,BICOUSDT,2024-03-02 10:16,13.1421,112.2,130.9,0.50315
S1,BICOUSDT,2024-03-02 10:21,13.1421,112.2,130.9,0.5039
S1,BICOUSDT,2024-03-02 10:26,30.1421,101.4,118.3,0.50475
S1,BICOUSDT,2024-03-02 10:31,30.1421,101.4,118.3,0.50515
S1,BICOUSDT,2024-03-02 10:36,30.1421,101.4,118.3,0.5033
S1,BICOUSDT,2024-03-02 10:41,29.9421,105,122.5,0.5039
S1,BICOUSDT,2024-03-02 10:46,29.9421,105,122.5,0.5014
S1,BICOUSDT,2024-03-02 10:51,29.9421,105,122.5,0.50195
S1,BICOUSDT,2024-03-02 10:56,29.8421,106.8,124.6,0.50175
S1,BICOUSDT,2024-03-02 11:01,29.8421,106.8,124.6,0.5026
S1,BICOUSDT,2024-03-02 11:06,30.2421,111.6,130.2,0.5046
S1,BICOUSDT,2024-03-02 11:11,48.8421,111.6,130.2,0.5039
S1,BICOUSDT,2024-03-02 11:16,48.8421,111.6,130.2,0.5061
S1,BICOUSDT,2024-03-02 11:21,48.8421,111.6,130.2,0.5064
S1,BICOUSDT,2024-03-02 11:26,29.4421,116.4,135.8,0.5058
S1,BICOUSDT,2024-03-02 11:31,46.8421,104.4,121.8,0.50485
S1,BICOUSDT,2024-03-02 11:36,46.1421,93.6,109.2,0.50515
S1,BICOUSDT,2024-03-02 11:41,46.1421,93.6,109.2,0.50525
S1,BICOUSDT,2024-03-02 11:46,63.5421,104.4,121.8,0.50595
S1,BICOUSDT,2024-03-02 11:51,63.5421,104.4,121.8,0.50505
S1,BICOUSDT,2024-03-02 11:56,63.5421,104.4,121.8,0.5057
S1,BICOUSDT,2024-03-02 12:01,63.6421,120.6,140.7,0.50415
S1,BICOUSDT,2024-03-02 12:06,62.6421,121.2,141.4,0.50565
S1,BICOUSDT,2024-03-02 12:11,83.0421,122.4,142.8,0.5072
S1,BICOUSDT,2024-03-02 12:16,83.0421,122.4,142.8,0.50665
S1,BICOUSDT,2024-03-02 12:21,83.0421,122.4,142.8,0.5079
S1,BICOUSDT,2024-03-02 12:26,43.7421,118.8,138.6,0.5119
S1,BICOUSDT,2024-03-02 12:31,23.3421,122.4,142.8,0.51225
S1,BICOUSDT,2024-03-02 12:36,23.3421,122.4,142.8,0.5114
S1,BICOUSDT,2024-03-02 12:41,3.04215,121.8,142.1,0.51315
S1,BICOUSDT,2024-03-02 12:46,3.04215,121.8,142.1,0.5116
S1,BICOUSDT,2024-03-02 12:51,61.7421,117,136.5,0.5074
S1,BICOUSDT,2024-03-02 12:56,61.7421,117,136.5,0.5093
S1,BICOUSDT,2024-03-02 13:01,79.9421,109.2,127.4,0.50875
S1,BICOUSDT,2024-03-02 13:06,79.9421,109.2,127.4,0.50565
S1,BICOUSDT,2024-03-02 13:11,96.0421,96.6,112.7,0.5029
S1,BICOUSDT,2024-03-02 13:16,62.7421,100.8,117.6,0.50235
S1,BICOUSDT,2024-03-02 13:21,46.5421,97.2,113.4,0.5034
S1,BICOUSDT,2024-03-02 13:26,47.0421,93.6,109.2,0.50485
S1,BICOUSDT,2024-03-02 13:31,29.4421,93.6,109.2,0.505
S1,BICOUSDT,2024-03-02 13:36,29.4421,93.6,109.2,0.5077
S1,BICOUSDT,2024-03-02 13:41,29.4421,93.6,109.2,0.50885
S1,BICOUSDT,2024-03-02 13:46,-29.1579,87,101.5,0.51295
S1,BICOUSDT,2024-03-02 13:51,-58.3579,87.6,102.2,0.548
S1,BICOUSDT,2024-03-02 13:56,-58.3579,87.6,102.2,0.58885
S1,BICOUSDT,2024-03-02 14:01,-58.3579,87.6,102.2,0.5821
S1,BICOUSDT,2024-03-02 14:06,-58.3579,87.6,102.2,0.5694
S1,BICOUSDT,2024-03-02 14:11,-58.3579,87.6,102.2,0.58075
S1,BICOUSDT,2024-03-02 14:16,-58.3579,87.6,102.2,0.5703
S1,BICOUSDT,2024-03-02 14:21,-58.3579,87.6,102.2,0.57355
S1,BICOUSDT,2024-03-02 14:26,-58.3579,87.6,102.2,0.5484
S1,BICOUSDT,2024-03-02 14:31,-58.3579,87.6,102.2,0.54115
S1,BICOUSDT,2024-03-02 14:36,-58.3579,87.6,102.2,0.53795
S1,BICOUSDT,2024-03-02 14:41,-58.3579,87.6,102.2,0.53035
S1,BICOUSDT,2024-03-02 14:46,-58.3579,87.6,102.2,0.53825
S1,BICOUSDT,2024-03-02 14:51,-40.3579,108,126,0.535
S1,BICOUSDT,2024-03-02 14:56,-40.3579,108,126,0.54135
S1,BICOUSDT,2024-03-02 15:01,-40.3579,108,126,0.5426
S1,BICOUSDT,2024-03-02 15:06,-40.3579,108,126,0.5411
S1,BICOUSDT,2024-03-02 15:11,18.0421,117,136.5,0.54095
S1,BICOUSDT,2024-03-02 15:16,-1.55785,117.6,137.2,0.54885
S1,BICOUSDT,2024-03-02 15:21,-1.55785,117.6,137.2,0.54095
S1,BICOUSDT,2024-03-02 15:26,-1.55785,117.6,137.2,0.53685
S1,BICOUSDT,2024-03-02 15:31,-1.55785,117.6,137.2,0.53695
S1,BICOUSDT,2024-03-02 15:36,40.5421,126,147,0.53165
S1,BICOUSDT,2024-03-02 15:41,40.5421,126,147,0.5282
S1,BICOUSDT,2024-03-02 15:46,40.3421,121.8,142.1,0.5287
S1,BICOUSDT,2024-03-02 15:51,40.3421,121.8,142.1,0.52845
S1,BICOUSDT,2024-03-02 15:56,30.3421,115.2,134.4,0.52795
S1,BICOUSDT,2024-03-02 16:01,30.3421,115.2,134.4,0.52695
S1,BICOUSDT,2024-03-02 16:06,48.7421,110.4,128.8,0.5247
S1,BICOUSDT,2024-03-02 16:11,-9.75785,118.8,138.6,0.5294
S1,BICOUSDT,2024-03-02 16:16,-9.75785,118.8,138.6,0.52955
S1,BICOUSDT,2024-03-02 16:21,-9.75785,118.8,138.6,0.5279
S1,BICOUSDT,2024-03-02 16:26,-9.75785,118.8,138.6,0.52605
S1,BICOUSDT,2024-03-02 16:31,8.24215,108,126,0.5271
S1,BICOUSDT,2024-03-02 16:36,8.24215,108,126,0.5234
S1,BICOUSDT,2024-03-02 16:41,-8.75785,102,119,0.522
S1,BICOUSDT,2024-03-02 16:46,-8.75785,102,119,0.523
S1,BICOUSDT,2024-03-02 16:51,-8.75785,102,119,0.525
S1,BICOUSDT,2024-03-02 16:56,6.74215,93,108.5,0.52395
S1,BICOUSDT,2024-03-02 17:01,-23.8579,91.8,107.1,0.52635
S1,BICOUSDT,2024-03-02 17:06,-37.4579,82.8,96.6,0.5365
S1,BICOUSDT,2024-03-02 17:11,-37.4579,82.8,96.6,0.5485
S1,BICOUSDT,2024-03-02 17:16,-36.4579,78.6,91.7,0.54075
S1,BICOUSDT,2024-03-02 17:21,-23.5579,77.4,90.3,0.5382
S1,BICOUSDT,2024-03-02 17:26,-23.5579,77.4,90.3,0.5403
S1,BICOUSDT,2024-03-02 17:31,-36.1579,75.6,88.2,0.5388
S1,BICOUSDT,2024-03-02 17:36,-36.1579,75.6,88.2,0.54185
S1,BICOUSDT,2024-03-02 17:41,-49.3579,79.2,92.4,0.5444
S1,BICOUSDT,2024-03-02 17:46,-35.8579,81,94.5,0.5406
S1,BICOUSDT,2024-03-02 17:51,-35.8579,81,94.5,0.54015
S1,BICOUSDT,2024-03-02 17:56,-8.35785,84,98,0.5378
S1,BICOUSDT,2024-03-02 18:01,20.5421,88.2,102.9,0.5347
S1,BICOUSDT,2024-03-02 18:06,5.64215,89.4,104.3,0.53725
S1,BICOUSDT,2024-03-02 18:11,20.7421,90.6,105.7,0.53395
S1,BICOUSDT,2024-03-02 18:16,20.7421,90.6,105.7,0.53465
S1,BICOUSDT,2024-03-02 18:21,20.7421,99,115.5,0.53775
S1,BICOUSDT,2024-03-02 18:26,20.7421,99,115.5,0.5355
S1,BICOUSDT,2024-03-02 18:31,3.74215,102,119,0.53435
S1,BICOUSDT,2024-03-02 18:36,3.74215,102,119,0.53645
S1,BICOUSDT,2024-03-02 18:41,3.74215,102,119,0.53615
S1,BICOUSDT,2024-03-02 18:46,3.74215,102,119,0.5367
S1,BICOUSDT,2024-03-02 18:51,3.74215,102,119,0.5356
S1,BICOUSDT,2024-03-02 18:56,3.74215,102,119,0.536
S1,BICOUSDT,2024-03-02 19:01,3.74215,102,119,0.5365
S1,BICOUSDT,2024-03-02 19:06,-39.0579,128.4,149.8,0.5403
S1,BICOUSDT,2024-03-02 19:11,-39.0579,128.4,149.8,0.5445
S1,BICOUSDT,2024-03-02 19:16,-39.0579,128.4,149.8,0.54195
S1,BICOUSDT,2024-03-02 19:21,-39.0579,128.4,149.8,0.54115
S1,BICOUSDT,2024-03-02 19:26,-39.0579,128.4,149.8,0.54065
S1,BICOUSDT,2024-03-02 19:31,-39.0579,128.4,149.8,0.54045
S1,BICOUSDT,2024-03-02 19:36,-39.0579,128.4,149.8,0.53995
S1,BICOUSDT,2024-03-02 19:41,-39.0579,128.4,149.8,0.5418
S1,BICOUSDT,2024-03-02 19:46,-39.0579,128.4,149.8,0.53915
S1,BICOUSDT,2024-03-02 19:51,-25.4579,81.6,95.2,0.54015
S1,BICOUSDT,2024-03-02 19:56,-24.3579,75,87.5,0.5426
S1,BICOUSDT,2024-03-02 20:01,-24.3579,75,87.5,0.5402
S1,BICOUSDT,2024-03-02 20:06,10.5421,70.2,81.9,0.5515
S1,BICOUSDT,2024-03-02 20:11,10.5421,70.2,81.9,0.5523
S1,BICOUSDT,2024-03-02 20:16,-8.81033,78.6,91.7,0.55735
S1,BICOUSDT,2024-03-02 20:21,-8.81033,78.6,91.7,0.5529
S1,BICOUSDT,2024-03-02 20:26,-23.2103,86.4,100.8,0.55595
S1,BICOUSDT,2024-03-02 20:31,-23.2103,86.4,100.8,0.5541
S1,BICOUSDT,2024-03-02 20:36,-23.2103,86.4,100.8,0.55155
S1,BICOUSDT,2024-03-02 20:41,-23.2103,86.4,100.8,0.5494
S1,BICOUSDT,2024-03-02 20:46,13.3897,109.8,128.1,0.54515
S1,BICOUSDT,2024-03-02 20:51,13.3897,109.8,128.1,0.5461
S1,BICOUSDT,2024-03-02 20:56,-24.3103,112.8,131.6,0.55015
S1,BICOUSDT,2024-03-02 21:01,-24.3103,112.8,131.6,0.55025
S1,BICOUSDT,2024-03-02 21:06,-4.51033,118.8,138.6,0.54885
S1,BICOUSDT,2024-03-02 21:11,-4.51033,118.8,138.6,0.54585
S1,BICOUSDT,2024-03-02 21:16,-4.51033,118.8,138.6,0.54745
S1,BICOUSDT,2024-03-02 21:21,-4.51033,118.8,138.6,0.5466
S1,BICOUSDT,2024-03-02 21:26,-4.51033,118.8,138.6,0.5466
S1,BICOUSDT,2024-03-02 21:31,-4.51033,118.8,138.6,0.54625
S1,BICOUSDT,2024-03-02 21:36,-4.51033,118.8,138.6,0.54695
S1,BICOUSDT,2024-03-02 21:41,-4.51033,118.8,138.6,0.54515
S1,BICOUSDT,2024-03-02 21:46,-4.51033,118.8,138.6,0.54585
S1,BICOUSDT,2024-03-02 21:51,-4.51033,118.8,138.6,0.545
S1,BICOUSDT,2024-03-02 21:56,-4.51033,118.8,138.6,0.5465
S1,BICOUSDT,2024-03-02 22:01,11.7897,97.8,114.1,0.54625
S1,BICOUSDT,2024-03-02 22:06,11.7897,97.8,114.1,0.5438
S1,BICOUSDT,2024-03-02 22:11,11.7897,97.8,114.1,0.5434
S1,BICOUSDT,2024-03-02 22:16,-5.51033,104.4,121.8,0.54475
S1,BICOUSDT,2024-03-02 22:21,-5.51033,104.4,121.8,0.542
S1,BICOUSDT,2024-03-02 22:26,48.6897,108.6,126.7,0.54095
S1,BICOUSDT,2024-03-02 22:31,66.1897,105,122.5,0.5428
S1,BICOUSDT,2024-03-02 22:36,29.3897,115.8,135.1,0.54255
S1,BICOUSDT,2024-03-02 22:41,9.38967,120,140,0.5454
S1,BICOUSDT,2024-03-02 22:46,-11.1103,124.2,144.9,0.54305
S1,BICOUSDT,2024-03-02 22:51,11.1897,133.8,156.1,0.54625
S1,BICOUSDT,2024-03-02 22:56,11.1897,133.8,156.1,0.54525
S1,BICOUSDT,2024-03-02 23:01,11.7897,147,171.5,0.54485
S1,BICOUSDT,2024-03-02 23:06,11.7897,147,171.5,0.54465
S1,BICOUSDT,2024-03-02 23:11,11.7897,147,171.5,0.54405
S1,BICOUSDT,2024-03-02 23:16,11.7897,147,171.5,0.5443
S1,BICOUSDT,2024-03-02 23:21,11.7897,147,171.5,0.54515
S1,BICOUSDT,2024-03-02 23:26,-16.3547,141,164.5,0.548
S1,BICOUSDT,2024-03-02 23:31,-16.3547,141,164.5,0.5462
S1,BICOUSDT,2024-03-02 23:36,-38.9547,135.6,158.2,0.54235
S1,BICOUSDT,2024-03-02 23:41,-38.9547,135.6,158.2,0.54345
S1,BICOUSDT,2024-03-02 23:46,-58.9547,120,140,0.5433
S1,BICOUSDT,2024-03-02 23:51,-18.5547,121.2,141.4,0.54275
S1,BICOUSDT,2024-03-02 23:56,-18.5547,121.2,141.4,0.54115
S1,BICOUSDT,2024-03-03 00:01,0,112.2,130.9,0.54135
S1,BICOUSDT,2024-03-03 00:06,0,112.2,130.9,0.54
S1,BICOUSDT,2024-03-03 00:11,0,112.2,130.9,0.53885
S1,BICOUSDT,2024-03-03 00:16,26.1,78.6,91.7,0.53915
S1,BICOUSDT,2024-03-03 00:21,26.1,78.6,91.7,0.54125
S1,BICOUSDT,2024-03-03 00:26,54.3,84.6,98.7,0.5401
S1,BICOUSDT,2024-03-03 00:31,39.8,87,101.5,0.5412
S1,BICOUSDT,2024-03-03 00:36,39.8,87,101.5,0.5425
S1,BICOUSDT,2024-03-03 00:41,25.3,87,101.5,0.54525
S1,BICOUSDT,2024-03-03 00:46,25.3,87,101.5,0.54325
S1,BICOUSDT,2024-03-03 00:51,25.2,93,108.5,0.53985
S1,BICOUSDT,2024-03-03 00:56,25.2,93,108.5,0.5422
S1,BICOUSDT,2024-03-03 01:01,25.2,93,108.5,0.53965
S1,BICOUSDT,2024-03-03 01:06,25.2,93,108.5,0.5395
S1,BICOUSDT,2024-03-03 01:11,25.2,93,108.5,0.5398
S1,BICOUSDT,2024-03-03 01:16,38.9,82.2,95.9,0.53815
S1,BICOUSDT,2024-03-03 01:21,23.7,91.2,106.4,0.5382
S1,BICOUSDT,2024-03-03 01:26,40.6,101.4,118.3,0.5372
S1,BICOUSDT,2024-03-03 01:31,59.3,112.2,130.9,0.5358
S1,BICOUSDT,2024-03-03 01:36,78.1,112.8,131.6,0.5348
S1,BICOUSDT,2024-03-03 01:41,78.1,112.8,131.6,0.53675
S1,BICOUSDT,2024-03-03 01:46,78.1,112.8,131.6,0.5371
S1,BICOUSDT,2024-03-03 01:51,78.1,112.8,131.6,0.5405
S1,BICOUSDT,2024-03-03 01:56,78.1,112.8,131.6,0.53985
S1,BICOUSDT,2024-03-03 02:01,78.1,112.8,131.6,0.53795
S1,BICOUSDT,2024-03-03 02:06,77.4,122.4,142.8,0.5375
S1,BICOUSDT,2024-03-03 02:11,77.4,122.4,142.8,0.53625
S1,BICOUSDT,2024-03-03 02:16,77.4,122.4,142.8,0.5349
S1,BICOUSDT,2024-03-03 02:21,77.4,122.4,142.8,0.5367
S1,BICOUSDT,2024-03-03 02:26,77.4,122.4,142.8,0.5378
S1,BICOUSDT,2024-03-03 02:31,65,75,87.5,0.5341
S1,BICOUSDT,2024-03-03 02:36,52.6,74.4,86.8,0.5317
S1,BICOUSDT,2024-03-03 02:41,52.6,74.4,86.8,0.53585
S1,BICOUSDT,2024-03-03 02:46,52.6,74.4,86.8,0.53575
S1,BICOUSDT,2024-03-03 02:51,52.6,74.4,86.8,0.53525
S1,BICOUSDT,2024-03-03 02:56,52.6,74.4,86.8,0.5358
S1,BICOUSDT,2024-03-03 03:01,52.6,74.4,86.8,0.5374
S1,BICOUSDT,2024-03-03 03:06,52.6,74.4,86.8,0.53725
S1,BICOUSDT,2024-03-03 03:11,25.3,81.6,95.2,0.537
S1,BICOUSDT,2024-03-03 03:16,25.3,81.6,95.2,0.53885
S1,BICOUSDT,2024-03-03 03:21,25.3,81.6,95.2,0.5396
S1,BICOUSDT,2024-03-03 03:26,25.3,81.6,95.2,0.5379
S1,BICOUSDT,2024-03-03 03:31,25.3,81.6,95.2,0.5399
S1,BICOUSDT,2024-03-03 03:36,25.3,81.6,95.2,0.5391
S1,BICOUSDT,2024-03-03 03:41,25.3,81.6,95.2,0.53715
S1,BICOUSDT,2024-03-03 03:46,25.3,81.6,95.2,0.5373
S1,BICOUSDT,2024-03-03 03:51,25.3,81.6,95.2,0.53795
S1,BICOUSDT,2024-03-03 03:56,25.3,81.6,95.2,0.53635
S1,BICOUSDT,2024-03-03 04:01,25.3,81.6,95.2,0.5366
S1,BICOUSDT,2024-03-03 04:06,25.3,81.6,95.2,0.53645
S1,BICOUSDT,2024-03-03 04:11,25.3,81.6,95.2,0.5391
S1,BICOUSDT,2024-03-03 04:16,25.3,81.6,95.2,0.5382
S1,BICOUSDT,2024-03-03 04:21,25.3,81.6,95.2,0.53785
S1,BICOUSDT,2024-03-03 04:26,25.3,81.6,95.2,0.5378
S1,BICOUSDT,2024-03-03 04:31,25.3,81.6,95.2,0.5398
S1,BICOUSDT,2024-03-03 04:36,25.3,81.6,95.2,0.53925
S1,BICOUSDT,2024-03-03 04:41,25.3,81.6,95.2,0.53995
S1,BICOUSDT,2024-03-03 04:46,25.3,81.6,95.2,0.54
S1,BICOUSDT,2024-03-03 04:51,37.5,73.2,85.4,0.54035
S1,BICOUSDT,2024-03-03 04:56,12.9,74.4,86.8,0.543
S1,BICOUSDT,2024-03-03 05:01,0.5,74.4,86.8,0.54655
S1,BICOUSDT,2024-03-03 05:06,0.4,80.4,93.8,0.5433
S1,BICOUSDT,2024-03-03 05:11,0.4,80.4,93.8,0.5425
S1,BICOUSDT,2024-03-03 05:16,0.4,80.4,93.8,0.54325
S1,BICOUSDT,2024-03-03 05:21,0.4,80.4,93.8,0.54245
S1,BICOUSDT,2024-03-03 05:26,13.6,80.4,93.8,0.54005
S1,BICOUSDT,2024-03-03 05:31,13.6,80.4,93.8,0.54145
S1,BICOUSDT,2024-03-03 05:36,26,74.4,86.8,0.5407
S1,BICOUSDT,2024-03-03 05:41,26,74.4,86.8,0.5387
S1,BICOUSDT,2024-03-03 05:46,26,74.4,86.8,0.5386
S1,BICOUSDT,2024-03-03 05:51,26,74.4,86.8,0.53955
S1,BICOUSDT,2024-03-03 05:56,39.6,81.6,95.2,0.535
S1,BICOUSDT,2024-03-03 06:01,66.4,80.4,93.8,0.53335
S1,BICOUSDT,2024-03-03 06:06,66.4,80.4,93.8,0.5311
S1,BICOUSDT,2024-03-03 06:11,66.4,80.4,93.8,0.52845
S1,BICOUSDT,2024-03-03 06:16,66.4,80.4,93.8,0.5302
S1,BICOUSDT,2024-03-03 06:21,66.4,80.4,93.8,0.53035
S1,BICOUSDT,2024-03-03 06:26,66.4,80.4,93.8,0.5308
S1,BICOUSDT,2024-03-03 06:31,66.4,80.4,93.8,0.5313
S1,BICOUSDT,2024-03-03 06:36,66.4,80.4,93.8,0.5279
S1,BICOUSDT,2024-03-03 06:41,52.2,85.2,99.4,0.5246
S1,BICOUSDT,2024-03-03 06:46,52.2,83.4,97.3,0.52495
S1,BICOUSDT,2024-03-03 06:51,52.2,83.4,97.3,0.5268
S1,BICOUSDT,2024-03-03 06:56,52.2,83.4,97.3,0.5236
S1,BICOUSDT,2024-03-03 07:01,52.2,83.4,97.3,0.52335
S1,BICOUSDT,2024-03-03 07:06,52.2,83.4,97.3,0.52225
S1,BICOUSDT,2024-03-03 07:11,37.3,89.4,104.3,0.5207
S1,BICOUSDT,2024-03-03 07:16,22.2,90.6,105.7,0.51925
S1,BICOUSDT,2024-03-03 07:21,37.8,93.6,109.2,0.51535
S1,BICOUSDT,2024-03-03 07:26,37.8,93.6,109.2,0.50525
S1,BICOUSDT,2024-03-03 07:31,35.5,111,129.5,0.49955
S1,BICOUSDT,2024-03-03 07:36,49.4,124.2,144.9,0.5
S1,BICOUSDT,2024-03-03 07:41,49.4,124.2,144.9,0.50305
S1,BICOUSDT,2024-03-03 07:46,28.6,139.2,162.4,0.50185
S1,BICOUSDT,2024-03-03 07:51,5.6,138,161,0.5055
S1,BICOUSDT,2024-03-03 07:56,-16.5,132,154,0.50675
S1,BICOUSDT,2024-03-03 08:01,-37.8,127.8,149.1,0.5098
S1,BICOUSDT,2024-03-03 08:06,-37.8,120.6,140.7,0.5044
S1,BICOUSDT,2024-03-03 08:11,-18.1,118.2,137.9,0.50145
S1,BICOUSDT,2024-03-03 08:16,-37.4,115.8,135.1,0.50815
S1,BICOUSDT,2024-03-03 08:21,-37.4,115.8,135.1,0.5077
S1,BICOUSDT,2024-03-03 08:26,-37.4,115.8,135.1,0.51075
S1,BICOUSDT,2024-03-03 08:31,-22.3,90.6,105.7,0.51245
S1,BICOUSDT,2024-03-03 08:36,-22.3,90.6,105.7,0.51665
S1,BICOUSDT,2024-03-03 08:41,-22.3,90.6,105.7,0.51715
S1,BICOUSDT,2024-03-03 08:46,-22.3,90.6,105.7,0.51915
S1,BICOUSDT,2024-03-03 08:51,-22.3,90.6,105.7,0.52045
S1,BICOUSDT,2024-03-03 08:56,-22.3,90.6,105.7,0.52055
S1,BICOUSDT,2024-03-03 09:01,-22.2,76.2,88.9,0.5202
S1,BICOUSDT,2024-03-03 09:06,-47.6,76.2,88.9,0.5259
S1,BICOUSDT,2024-03-03 09:11,-25.9,75,87.5,0.52805
S1,BICOUSDT,2024-03-03 09:16,-25.9,73.8,86.1,0.5261
S1,BICOUSDT,2024-03-03 09:21,-1.2,74.4,86.8,0.52125
S1,BICOUSDT,2024-03-03 09:26,-13.5,73.8,86.1,0.52
S1,BICOUSDT,2024-03-03 09:31,-13.5,73.8,86.1,0.51855
S1,BICOUSDT,2024-03-03 09:36,-26.2,76.2,88.9,0.5226
S1,BICOUSDT,2024-03-03 09:41,-26.2,76.2,88.9,0.5204
S1,BICOUSDT,2024-03-03 09:46,-26.2,76.2,88.9,0.52025
S1,BICOUSDT,2024-03-03 09:51,-26.2,76.2,88.9,0.5235
S1,BICOUSDT,2024-03-03 09:56,-26.2,76.2,88.9,0.52225
S1,BICOUSDT,2024-03-03 10:01,-13.3,77.4,90.3,0.52215
S1,BICOUSDT,2024-03-03 10:06,-13.3,77.4,90.3,0.52015
S1,BICOUSDT,2024-03-03 10:11,-13.3,77.4,90.3,0.5207
S1,BICOUSDT,2024-03-03 10:16,-13.3,77.4,90.3,0.52465
S1,BICOUSDT,2024-03-03 10:21,12.7,78,91,0.5222
S1,BICOUSDT,2024-03-03 10:26,12.7,78,91,0.5265
S1,BICOUSDT,2024-03-03 10:31,-0.6,79.8,93.1,0.5249
S1,BICOUSDT,2024-03-03 10:36,-0.6,79.8,93.1,0.52495
S1,BICOUSDT,2024-03-03 10:41,-0.6,79.8,93.1,0.5257
S1,BICOUSDT,2024-03-03 10:46,-0.6,79.8,93.1,0.5237
S1,BICOUSDT,2024-03-03 10:51,-0.6,79.8,93.1,0.52135
S1,BICOUSDT,2024-03-03 10:56,12.4,78,91,0.5223
S1,BICOUSDT,2024-03-03 11:01,-15.2,83.4,97.3,0.52325
S1,BICOUSDT,2024-03-03 11:06,-15.2,83.4,97.3,0.52045
S1,BICOUSDT,2024-03-03 11:11,-15.2,83.4,97.3,0.52115
S1,BICOUSDT,2024-03-03 11:16,-15.2,83.4,97.3,0.523
S1,BICOUSDT,2024-03-03 11:21,-15.2,83.4,97.3,0.52485
S1,BICOUSDT,2024-03-03 11:26,-15.6,78,91,0.5236
S1,BICOUSDT,2024-03-03 11:31,-15.6,78,91,0.52095
S1,BICOUSDT,2024-03-03 11:36,-15.6,78,91,0.52335
S1,BICOUSDT,2024-03-03 11:41,-15.6,78,91,0.52195
S1,BICOUSDT,2024-03-03 11:46,-3.6,72,84,0.5202
S1,BICOUSDT,2024-03-03 11:51,-3.6,72,84,0.5192
S1,BICOUSDT,2024-03-03 11:56,-14.9,67.8,79.1,0.51905
S1,BICOUSDT,2024-03-03 12:01,-4,65.4,76.3,0.5183
S1,BICOUSDT,2024-03-03 12:06,-4,65.4,76.3,0.51795
S1,BICOUSDT,2024-03-03 12:11,-3.9,64.2,74.9,0.52145
S1,BICOUSDT,2024-03-03 12:16,-3.9,64.2,74.9,0.5208
S1,BICOUSDT,2024-03-03 12:21,-3.9,64.2,74.9,0.5187
S1,BICOUSDT,2024-03-03 12:26,-15.7,70.8,82.6,0.5184
S1,BICOUSDT,2024-03-03 12:31,-3.5,73.2,85.4,0.51645
S1,BICOUSDT,2024-03-03 12:36,31.9,70.8,82.6,0.51495
S1,BICOUSDT,2024-03-03 12:41,31.9,70.8,82.6,0.51635
S1,BICOUSDT,2024-03-03 12:46,20.4,69,80.5,0.5154
S1,BICOUSDT,2024-03-03 12:51,8.8,69.6,81.2,0.51575
S1,BICOUSDT,2024-03-03 12:56,20.3,69,80.5,0.5167
S1,BICOUSDT,2024-03-03 13:01,20.3,69,80.5,0.518
S1,BICOUSDT,2024-03-03 13:06,20.3,65.4,76.3,0.51735
S1,BICOUSDT,2024-03-03 13:11,20.3,65.4,76.3,0.51575
S1,BICOUSDT,2024-03-03 13:16,20.3,65.4,76.3,0.51525
S1,BICOUSDT,2024-03-03 13:21,20.3,65.4,76.3,0.5157
S1,BICOUSDT,2024-03-03 13:26,20.3,65.4,76.3,0.5169
S1,BICOUSDT,2024-03-03 13:31,10.3,60,70,0.5201
S1,BICOUSDT,2024-03-03 13:36,10.3,60,70,0.51815
S1,BICOUSDT,2024-03-03 13:41,0.3,60,70,0.52
S1,BICOUSDT,2024-03-03 13:46,0.3,60,70,0.51995
S1,BICOUSDT,2024-03-03 13:51,0.3,60,70,0.52025
S1,BICOUSDT,2024-03-03 13:56,0.3,60,70,0.5209
S1,BICOUSDT,2024-03-03 14:01,0.3,61.2,71.4,0.52155
S1,BICOUSDT,2024-03-03 14:06,20.9,61.8,72.1,0.52035
S1,BICOUSDT,2024-03-03 14:11,20.9,61.8,72.1,0.52005
S1,BICOUSDT,2024-03-03 14:16,20.9,61.8,72.1,0.5201
S1,BICOUSDT,2024-03-03 14:21,31.7,64.8,75.6,0.5206
S1,BICOUSDT,2024-03-03 14:26,21,67.2,78.4,0.5257
S1,BICOUSDT,2024-03-03 14:31,9.4,69.6,81.2,0.5257
S1,BICOUSDT,2024-03-03 14:36,9.4,69.6,81.2,0.5219
S1,BICOUSDT,2024-03-03 14:41,9.4,69.6,81.2,0.5246
S1,BICOUSDT,2024-03-03 14:46,9.4,69.6,81.2,0.52275
S1,BICOUSDT,2024-03-03 14:51,9.4,69.6,81.2,0.52155
S1,BICOUSDT,2024-03-03 14:56,9.4,69.6,81.2,0.5192
S1,BICOUSDT,2024-03-03 15:01,9.4,69.6,81.2,0.5212
S1,BICOUSDT,2024-03-03 15:06,9.4,69.6,81.2,0.52135
S1,BICOUSDT,2024-03-03 15:11,9.4,69.6,81.2,0.52055
S1,BICOUSDT,2024-03-03 15:16,9.4,69.6,81.2,0.52125
S1,BICOUSDT,2024-03-03 15:21,9.4,69.6,81.2,0.52065
S1,BICOUSDT,2024-03-03 15:26,9.4,69.6,81.2,0.52195
S1,BICOUSDT,2024-03-03 15:31,9.4,69.6,81.2,0.5201
S1,BICOUSDT,2024-03-03 15:36,9.4,69.6,81.2,0.52045
S1,BICOUSDT,2024-03-03 15:41,9.4,69.6,81.2,0.52165
S1,BICOUSDT,2024-03-03 15:46,9.4,69.6,81.2,0.5204
S1,BICOUSDT,2024-03-03 15:51,0.3,54.6,63.7,0.51855
S1,BICOUSDT,2024-03-03 15:56,0.3,54.6,63.7,0.51685
S1,BICOUSDT,2024-03-03 16:01,0.3,54.6,63.7,0.51795
S1,BICOUSDT,2024-03-03 16:06,10.7,62.4,72.8,0.51415
S1,BICOUSDT,2024-03-03 16:11,10.7,62.4,72.8,0.5143
S1,BICOUSDT,2024-03-03 16:16,10.7,62.4,72.8,0.5156
S1,BICOUSDT,2024-03-03 16:21,10.7,62.4,72.8,0.51485
S1,BICOUSDT,2024-03-03 16:26,10.7,62.4,72.8,0.5177
S1,BICOUSDT,2024-03-03 16:31,-3.6,85.8,100.1,0.5173
S1,BICOUSDT,2024-03-03 16:36,-3.6,85.8,100.1,0.5153
S1,BICOUSDT,2024-03-03 16:41,-3.6,85.8,100.1,0.5155
S1,BICOUSDT,2024-03-03 16:46,-20.1,99,115.5,0.51655
S1,BICOUSDT,2024-03-03 16:51,-20.1,99,115.5,0.51775
S1,BICOUSDT,2024-03-03 16:56,-20.1,99,115.5,0.51895
S1,BICOUSDT,2024-03-03 17:01,-20.1,99,115.5,0.5187
S1,BICOUSDT,2024-03-03 17:06,-20.1,99,115.5,0.5196
S1,BICOUSDT,2024-03-03 17:11,-20.1,99,115.5,0.52045
S1,BICOUSDT,2024-03-03 17:16,-6,84.6,98.7,0.52005
S1,BICOUSDT,2024-03-03 17:21,-6,84.6,98.7,0.52045
S1,BICOUSDT,2024-03-03 17:26,-6,84.6,98.7,0.52135
S1,BICOUSDT,2024-03-03 17:31,-6,84.6,98.7,0.52125
S1,BICOUSDT,2024-03-03 17:36,-6,84.6,98.7,0.52125
S1,BICOUSDT,2024-03-03 17:41,-6,84.6,98.7,0.5216
S1,BICOUSDT,2024-03-03 17:46,-6,84.6,98.7,0.52115
S1,BICOUSDT,2024-03-03 17:51,4.5,63,73.5,0.51855
S1,BICOUSDT,2024-03-03 17:56,4.5,63,73.5,0.51915
S1,BICOUSDT,2024-03-03 18:01,4.5,63,73.5,0.52
S1,BICOUSDT,2024-03-03 18:06,4.5,63,73.5,0.51895
S1,BICOUSDT,2024-03-03 18:11,4.5,63,73.5,0.51935
S1,BICOUSDT,2024-03-03 18:16,-4.3,52.8,61.6,0.5203
S1,BICOUSDT,2024-03-03 18:21,-4.3,52.8,61.6,0.52065
S1,BICOUSDT,2024-03-03 18:26,-4.3,52.8,61.6,0.51935
S1,BICOUSDT,2024-03-03 18:31,-4.3,52.8,61.6,0.51915
S1,BICOUSDT,2024-03-03 18:36,4.5,52.8,61.6,0.5124
S1,BICOUSDT,2024-03-03 18:41,4.5,52.8,61.6,0.51305
S1,BICOUSDT,2024-03-03 18:46,4.5,52.8,61.6,0.51285
S1,BICOUSDT,2024-03-03 18:51,4.5,52.8,61.6,0.51225
S1,BICOUSDT,2024-03-03 18:56,4.5,52.8,61.6,0.513
S1,BICOUSDT,2024-03-03 19:01,4.5,52.8,61.6,0.51435
S1,BICOUSDT,2024-03-03 19:06,4.5,52.8,61.6,0.51655
S1,BICOUSDT,2024-03-03 19:11,-5.6,60.6,70.7,0.5151
S1,BICOUSDT,2024-03-03 19:16,-5.6,60.6,70.7,0.51585
S1,BICOUSDT,2024-03-03 19:21,-5.6,60.6,70.7,0.5169
S1,BICOUSDT,2024-03-03 19:26,-5.6,60.6,70.7,0.51655
S1,BICOUSDT,2024-03-03 19:31,-5.6,60.6,70.7,0.51985
S1,BICOUSDT,2024-03-03 19:36,15.6,63,73.5,0.51725
S1,BICOUSDT,2024-03-03 19:41,22.5,60.6,70.7,0.51925
S1,BICOUSDT,2024-03-03 19:46,12.5,60,70,0.5197
S1,BICOUSDT,2024-03-03 19:51,12.5,60,70,0.5187
S1,BICOUSDT,2024-03-03 19:56,12.5,60,70,0.51865
S1,BICOUSDT,2024-03-03 20:01,12.5,60,70,0.52105
S1,BICOUSDT,2024-03-03 20:06,2.4,60.6,70.7,0.51845
S1,BICOUSDT,2024-03-03 20:11,2.4,60.6,70.7,0.51905
S1,BICOUSDT,2024-03-03 20:16,2.4,60.6,70.7,0.5194
S1,BICOUSDT,2024-03-03 20:21,2.4,60.6,70.7,0.52065
S1,BICOUSDT,2024-03-03 20:26,2.4,60.6,70.7,0.52205
S1,BICOUSDT,2024-03-03 20:31,2.4,60.6,70.7,0.52035
S1,BICOUSDT,2024-03-03 20:36,2.4,60.6,70.7,0.5188
S1,BICOUSDT,2024-03-03 20:41,2.4,60.6,70.7,0.51895
S1,BICOUSDT,2024-03-03 20:46,13.4,66,77,0.51815
S1,BICOUSDT,2024-03-03 20:51,13.4,66,77,0.5178
S1,BICOUSDT,2024-03-03 20:56,13.4,66,77,0.5179
S1,BICOUSDT,2024-03-03 21:01,13.4,66,77,0.5187
S1,BICOUSDT,2024-03-03 21:06,13.4,66,77,0.51965
S1,BICOUSDT,2024-03-03 21:11,13.4,66,77,0.5186
S1,BICOUSDT,2024-03-03 21:16,13.4,66,77,0.52005
S1,BICOUSDT,2024-03-03 21:21,13.4,66,77,0.52045
S1,BICOUSDT,2024-03-03 21:26,13.4,66,77,0.52005
S1,BICOUSDT,2024-03-03 21:31,13.4,66,77,0.51965
S1,BICOUSDT,2024-03-03 21:36,13.4,66,77,0.519
S1,BICOUSDT,2024-03-03 21:41,13.4,66,77,0.51935
S1,BICOUSDT,2024-03-03 21:46,13.4,66,77,0.51805
S1,BICOUSDT,2024-03-03 21:51,13.4,66,77,0.51935
S1,BICOUSDT,2024-03-03 21:56,13.4,66,77,0.51905
S1,BICOUSDT,2024-03-03 22:01,-0.9,85.8,100.1,0.51945
S1,BICOUSDT,2024-03-03 22:06,-0.9,85.8,100.1,0.51895
S1,BICOUSDT,2024-03-03 22:11,-0.9,85.8,100.1,0.51925
S1,BICOUSDT,2024-03-03 22:16,-16.6,94.2,109.9,0.51955
S1,BICOUSDT,2024-03-03 22:21,35.1,105,122.5,0.51855
S1,BICOUSDT,2024-03-03 22:26,35.1,105,122.5,0.51825
S1,BICOUSDT,2024-03-03 22:31,51.4,95.4,111.3,0.5177
S1,BICOUSDT,2024-03-03 22:36,51.4,95.4,111.3,0.5185
S1,BICOUSDT,2024-03-03 22:41,36.7,88.2,102.9,0.51865
S1,BICOUSDT,2024-03-03 22:46,36.7,88.2,102.9,0.51635
S1,BICOUSDT,2024-03-03 22:51,65.8,88.2,102.9,0.5142
S1,BICOUSDT,2024-03-03 22:56,81.1,92.4,107.8,0.51545
S1,BICOUSDT,2024-03-03 23:01,64.3,100.8,117.6,0.5176
S1,BICOUSDT,2024-03-03 23:06,64.3,100.8,117.6,0.51825
S1,BICOUSDT,2024-03-03 23:11,47.3,102,119,0.52165
S1,BICOUSDT,2024-03-03 23:16,13.9,100.2,116.9,0.52325
S1,BICOUSDT,2024-03-03 23:21,13.9,100.2,116.9,0.5228
S1,BICOUSDT,2024-03-03 23:26,13.9,100.2,116.9,0.5226
S1,BICOUSDT,2024-03-03 23:31,-1,89.4,104.3,0.522
S1,BICOUSDT,2024-03-03 23:36,-46.7,91.8,107.1,0.52155
S1,BICOUSDT,2024-03-03 23:41,-61.6,89.4,104.3,0.52105
S1,BICOUSDT,2024-03-03 23:46,-46.4,91.2,106.4,0.5221
S1,BICOUSDT,2024-03-03 23:51,-46.4,91.2,106.4,0.5213
S1,BICOUSDT,2024-03-03 23:56,-46.4,91.2,106.4,0.5216
S1,BICOUSDT,2024-03-04 00:01,0,76.2,88.9,0.5235
S1,BICOUSDT,2024-03-04 00:06,0,76.2,88.9,0.5217
S1,BICOUSDT,2024-03-04 00:11,0,76.2,88.9,0.5234
S1,BICOUSDT,2024-03-04 00:16,0,76.2,88.9,0.52005
S1,BICOUSDT,2024-03-04 00:21,0,76.2,88.9,0.52115
S1,BICOUSDT,2024-03-04 00:26,0,76.2,88.9,0.52295
S1,BICOUSDT,2024-03-04 00:31,0,76.2,88.9,0.52345
S1,BICOUSDT,2024-03-04 00:36,0,76.2,88.9,0.5236
S1,BICOUSDT,2024-03-04 00:41,0,76.2,88.9,0.52445
S1,BICOUSDT,2024-03-04 00:46,0,76.2,88.9,0.5232
S1,BICOUSDT,2024-03-04 00:51,0,145.2,169.4,0.51215
S1,BICOUSDT,2024-03-04 00:56,23.9,132,154,0.5255
S1,BICOUSDT,2024-03-04 01:01,23.9,132,154,0.52215
S1,BICOUSDT,2024-03-04 01:06,23.9,132,154,0.52095
S1,BICOUSDT,2024-03-04 01:11,23.9,132,154,0.51995
S1,BICOUSDT,2024-03-04 01:16,23.9,132,154,0.5196
S1,BICOUSDT,2024-03-04 01:21,8.3,93.6,109.2,0.52315
S1,BICOUSDT,2024-03-04 01:26,8.3,93.6,109.2,0.52435
S1,BICOUSDT,2024-03-04 01:31,8.3,93.6,109.2,0.5265
S1,BICOUSDT,2024-03-04 01:36,8.3,93.6,109.2,0.52255
S1,BICOUSDT,2024-03-04 01:41,8.3,93.6,109.2,0.52535
S1,BICOUSDT,2024-03-04 01:46,8.3,93.6,109.2,0.52465
S1,BICOUSDT,2024-03-04 01:51,-2.7,66,77,0.5219
S1,BICOUSDT,2024-03-04 01:56,-2.7,66,77,0.52065
S1,BICOUSDT,2024-03-04 02:01,-2.7,66,77,0.51935
S1,BICOUSDT,2024-03-04 02:06,-2.7,66,77,0.51955
S1,BICOUSDT,2024-03-04 02:11,7,58.2,67.9,0.51445
S1,BICOUSDT,2024-03-04 02:16,7,58.2,67.9,0.5154
S1,BICOUSDT,2024-03-04 02:21,7,58.2,67.9,0.5161
S1,BICOUSDT,2024-03-04 02:26,7,58.2,67.9,0.51725
S1,BICOUSDT,2024-03-04 02:31,-2.5,57,66.5,0.51875
S1,BICOUSDT,2024-03-04 02:36,-2.5,57,66.5,0.51995
S1,BICOUSDT,2024-03-04 02:41,-2.5,57,66.5,0.5194
S1,BICOUSDT,2024-03-04 02:46,-13.1,63.6,74.2,0.52085
S1,BICOUSDT,2024-03-04 02:51,-13.1,63.6,74.2,0.5204
S1,BICOUSDT,2024-03-04 02:56,-13.1,63.6,74.2,0.51965
S1,BICOUSDT,2024-03-04 03:01,-13.1,63.6,74.2,0.5185
S1,BICOUSDT,2024-03-04 03:06,-13.1,63.6,74.2,0.51825
S1,BICOUSDT,2024-03-04 03:11,-13.1,69,80.5,0.51825
S1,BICOUSDT,2024-03-04 03:16,-1.2,71.4,83.3,0.51955
S1,BICOUSDT,2024-03-04 03:21,-1.2,71.4,83.3,0.518
S1,BICOUSDT,2024-03-04 03:26,-0.9,67.8,79.1,0.5183
S1,BICOUSDT,2024-03-04 03:31,-0.9,67.8,79.1,0.51835
S1,BICOUSDT,2024-03-04 03:36,9.7,63.6,74.2,0.5147
S1,BICOUSDT,2024-03-04 03:41,9.7,63.6,74.2,0.5149
S1,BICOUSDT,2024-03-04 03:46,20.9,67.2,78.4,0.5153
S1,BICOUSDT,2024-03-04 03:51,20.9,67.2,78.4,0.51545
S1,BICOUSDT,2024-03-04 03:56,20.9,67.2,78.4,0.515
S1,BICOUSDT,2024-03-04 04:01,20.9,67.2,78.4,0.51555
S1,BICOUSDT,2024-03-04 04:06,32.1,67.2,78.4,0.51455
S1,BICOUSDT,2024-03-04 04:11,32.1,67.2,78.4,0.5147
S1,BICOUSDT,2024-03-04 04:16,32.1,67.2,78.4,0.5164
S1,BICOUSDT,2024-03-04 04:21,20.7,68.4,79.8,0.51645
S1,BICOUSDT,2024-03-04 04:26,20.7,68.4,79.8,0.5199
S1,BICOUSDT,2024-03-04 04:31,8.7,72,84,0.5233
S1,BICOUSDT,2024-03-04 04:36,-4.1,76.8,89.6,0.52165
S1,BICOUSDT,2024-03-04 04:41,-4.1,76.8,89.6,0.5221
S1,BICOUSDT,2024-03-04 04:46,-15.6,69,80.5,0.52345
S1,BICOUSDT,2024-03-04 04:51,-4.4,67.2,78.4,0.52375
S1,BICOUSDT,2024-03-04 04:56,-4.4,67.2,78.4,0.52445
S1,BICOUSDT,2024-03-04 05:01,-4.4,67.2,78.4,0.5247
S1,BICOUSDT,2024-03-04 05:06,-15.2,64.8,75.6,0.52995
S1,BICOUSDT,2024-03-04 05:11,-5.1,60.6,70.7,0.52665
S1,BICOUSDT,2024-03-04 05:16,-5.1,60.6,70.7,0.5237
S1,BICOUSDT,2024-03-04 05:21,4.9,60,70,0.5224
S1,BICOUSDT,2024-03-04 05:26,14.8,59.4,69.3,0.52335
S1,BICOUSDT,2024-03-04 05:31,14.8,59.4,69.3,0.52405
S1,BICOUSDT,2024-03-04 05:36,24,55.2,64.4,0.51595
S1,BICOUSDT,2024-03-04 05:41,24,55.2,64.4,0.5144
S1,BICOUSDT,2024-03-04 05:46,14.7,55.8,65.1,0.5147
S1,BICOUSDT,2024-03-04 05:51,14.7,55.8,65.1,0.51365
S1,BICOUSDT,2024-03-04 05:56,14.7,55.8,65.1,0.51305
S1,BICOUSDT,2024-03-04 06:01,14.7,55.2,64.4,0.5133
S1,BICOUSDT,2024-03-04 06:06,14.7,55.8,65.1,0.5135
S1,BICOUSDT,2024-03-04 06:11,14.7,55.8,65.1,0.5133
S1,BICOUSDT,2024-03-04 06:16,14.7,55.8,65.1,0.51485
S1,BICOUSDT,2024-03-04 06:21,14.7,55.8,65.1,0.51375
S1,BICOUSDT,2024-03-04 06:26,25.1,62.4,72.8,0.51265
S1,BICOUSDT,2024-03-04 06:31,35.7,63.6,74.2,0.51055
S1,BICOUSDT,2024-03-04 06:36,46.3,63.6,74.2,0.50795
S1,BICOUSDT,2024-03-04 06:41,56.8,63,73.5,0.50655
S1,BICOUSDT,2024-03-04 06:46,56.8,63,73.5,0.50645
S1,BICOUSDT,2024-03-04 06:51,35.4,64.2,74.9,0.5091
S1,BICOUSDT,2024-03-04 06:56,14.3,63,73.5,0.51055
S1,BICOUSDT,2024-03-04 07:01,14.3,63,73.5,0.5103
S1,BICOUSDT,2024-03-04 07:06,14.3,58.2,67.9,0.51225
S1,BICOUSDT,2024-03-04 07:11,14.3,58.2,67.9,0.51285
S1,BICOUSDT,2024-03-04 07:16,14.3,58.2,67.9,0.51345
S1,BICOUSDT,2024-03-04 07:21,14.3,58.2,67.9,0.51195
S1,BICOUSDT,2024-03-04 07:26,14.3,58.2,67.9,0.5124
S1,BICOUSDT,2024-03-04 07:31,14.3,58.2,67.9,0.51175
S1,BICOUSDT,2024-03-04 07:36,23.4,54.6,63.7,0.5122
S1,BICOUSDT,2024-03-04 07:41,23.4,54.6,63.7,0.5119
S1,BICOUSDT,2024-03-04 07:46,23.4,54.6,63.7,0.51065
S1,BICOUSDT,2024-03-04 07:51,39.8,49.2,57.4,0.51035
S1,BICOUSDT,2024-03-04 07:56,39.8,49.2,57.4,0.5083
S1,BICOUSDT,2024-03-04 08:01,39.8,49.2,57.4,0.50875
S1,BICOUSDT,2024-03-04 08:06,28.7,66.6,77.7,0.51105
S1,BICOUSDT,2024-03-04 08:11,28.7,66.6,77.7,0.5147
S1,BICOUSDT,2024-03-04 08:16,28.7,66.6,77.7,0.5132
S1,BICOUSDT,2024-03-04 08:21,17,70.2,81.9,0.51325
S1,BICOUSDT,2024-03-04 08:26,17,70.2,81.9,0.51415
S1,BICOUSDT,2024-03-04 08:31,17,70.2,81.9,0.5135
S1,BICOUSDT,2024-03-04 08:36,17,70.2,81.9,0.5148
S1,BICOUSDT,2024-03-04 08:41,17,70.2,81.9,0.51815
S1,BICOUSDT,2024-03-04 08:46,0.1,77.4,90.3,0.5165
S1,BICOUSDT,2024-03-04 08:51,12,71.4,83.3,0.51265
S1,BICOUSDT,2024-03-04 08:56,12,71.4,83.3,0.51375
S1,BICOUSDT,2024-03-04 09:01,12,71.4,83.3,0.51235
S1,BICOUSDT,2024-03-04 09:06,22.4,62.4,72.8,0.5071
S1,BICOUSDT,2024-03-04 09:11,1.5,62.4,72.8,0.50625
S1,BICOUSDT,2024-03-04 09:16,1.4,61.2,71.4,0.5086
S1,BICOUSDT,2024-03-04 09:21,1.4,61.2,71.4,0.50715
S1,BICOUSDT,2024-03-04 09:26,1.4,61.2,71.4,0.508
S1,BICOUSDT,2024-03-04 09:31,1.4,61.2,71.4,0.50755
S1,BICOUSDT,2024-03-04 09:36,1.4,61.2,71.4,0.5066
S1,BICOUSDT,2024-03-04 09:41,21.1,58.8,68.6,0.50335
S1,BICOUSDT,2024-03-04 09:46,21.1,60,70,0.50875
S1,BICOUSDT,2024-03-04 09:51,1,60.6,70.7,0.51125
S1,BICOUSDT,2024-03-04 09:56,1,60.6,70.7,0.5107
S1,BICOUSDT,2024-03-04 10:01,1,61.2,71.4,0.50935
S1,BICOUSDT,2024-03-04 10:06,-9.3,62.4,72.8,0.5088
S1,BICOUSDT,2024-03-04 10:11,-9.3,62.4,72.8,0.5069
S1,BICOUSDT,2024-03-04 10:16,-9.3,62.4,72.8,0.50925
S1,BICOUSDT,2024-03-04 10:21,-9.3,62.4,72.8,0.50785
S1,BICOUSDT,2024-03-04 10:26,-9.3,62.4,72.8,0.5084
S1,BICOUSDT,2024-03-04 10:31,-9.5,60.6,70.7,0.5076
S1,BICOUSDT,2024-03-04 10:36,-9.5,60.6,70.7,0.50685
S1,BICOUSDT,2024-03-04 10:41,0.6,61.2,71.4,0.5049
S1,BICOUSDT,2024-03-04 10:46,-9.5,60.6,70.7,0.5055
S1,BICOUSDT,2024-03-04 10:51,-9.5,60.6,70.7,0.5077
S1,BICOUSDT,2024-03-04 10:56,0.2,58.2,67.9,0.50345
S1,BICOUSDT,2024-03-04 11:01,0.2,58.2,67.9,0.5059
S1,BICOUSDT,2024-03-04 11:06,0.2,58.2,67.9,0.5036
S1,BICOUSDT,2024-03-04 11:11,0.2,58.2,67.9,0.50375
S1,BICOUSDT,2024-03-04 11:16,0.2,58.2,67.9,0.50425
S1,BICOUSDT,2024-03-04 11:21,-10.7,65.4,76.3,0.5068
S1,BICOUSDT,2024-03-04 11:26,-21.9,67.8,79.1,0.50615
S1,BICOUSDT,2024-03-04 11:31,1.2,70.2,81.9,0.5027
S1,BICOUSDT,2024-03-04 11:36,1.2,70.2,81.9,0.5059
S1,BICOUSDT,2024-03-04 11:41,1.2,70.2,81.9,0.5062
S1,BICOUSDT,2024-03-04 11:46,1.2,70.2,81.9,0.5053
S1,BICOUSDT,2024-03-04 11:51,1.2,70.2,81.9,0.50565
S1,BICOUSDT,2024-03-04 11:56,-11.5,76.2,88.9,0.5079
S1,BICOUSDT,2024-03-04 12:01,-11.5,76.2,88.9,0.50745
S1,BICOUSDT,2024-03-04 12:06,-11.5,76.2,88.9,0.5055
S1,BICOUSDT,2024-03-04 12:11,-11.5,76.2,88.9,0.50445
S1,BICOUSDT,2024-03-04 12:16,-11.5,76.2,88.9,0.50545
S1,BICOUSDT,2024-03-04 12:21,-11.5,76.2,88.9,0.50585
S1,BICOUSDT,2024-03-04 12:26,-11.5,76.2,88.9,0.5073
S1,BICOUSDT,2024-03-04 12:31,-11.5,76.2,88.9,0.50855
S1,BICOUSDT,2024-03-04 12:36,-11.5,76.2,88.9,0.50915
S1,BICOUSDT,2024-03-04 12:41,-11.5,76.2,88.9,0.50855
S1,BICOUSDT,2024-03-04 12:46,-25.5,84,98,0.50685
S1,BICOUSDT,2024-03-04 12:51,-25.5,84,98,0.50855
S1,BICOUSDT,2024-03-04 12:56,-39,81,94.5,0.5112
S1,BICOUSDT,2024-03-04 13:01,-39,81,94.5,0.5097
S1,BICOUSDT,2024-03-04 13:06,-52.4,80.4,93.8,0.5112
S1,BICOUSDT,2024-03-04 13:11,-38.7,82.2,95.9,0.5115
S1,BICOUSDT,2024-03-04 13:16,-25,82.2,95.9,0.51075
S1,BICOUSDT,2024-03-04 13:21,-25,82.2,95.9,0.51135
S1,BICOUSDT,2024-03-04 13:26,-8.7,97.8,114.1,0.50905
S1,BICOUSDT,2024-03-04 13:31,-8.7,97.8,114.1,0.50725
S1,BICOUSDT,2024-03-04 13:36,-8.7,97.8,114.1,0.50845
S1,BICOUSDT,2024-03-04 13:41,-9.3,85.2,99.4,0.50815
S1,BICOUSDT,2024-03-04 13:46,-9.3,85.2,99.4,0.507
S1,BICOUSDT,2024-03-04 13:51,-9.3,85.2,99.4,0.5037
S1,BICOUSDT,2024-03-04 13:56,-9.3,85.2,99.4,0.5024
S1,BICOUSDT,2024-03-04 14:01,-9.3,85.2,99.4,0.50225
S1,BICOUSDT,2024-03-04 14:06,-9.3,85.2,99.4,0.4999
S1,BICOUSDT,2024-03-04 14:11,-9.3,85.2,99.4,0.5046
S1,BICOUSDT,2024-03-04 14:16,-9.3,85.2,99.4,0.50415
S1,BICOUSDT,2024-03-04 14:21,-9.3,85.2,99.4,0.5032
S1,BICOUSDT,2024-03-04 14:26,-24.2,89.4,104.3,0.50375
S1,BICOUSDT,2024-03-04 14:31,-38.7,87,101.5,0.50545
S1,BICOUSDT,2024-03-04 14:36,-38.7,87,101.5,0.50565
S1,BICOUSDT,2024-03-04 14:41,-38.7,87,101.5,0.507
S1,BICOUSDT,2024-03-04 14:46,-38.7,87,101.5,0.50535
S1,BICOUSDT,2024-03-04 14:51,-38.7,87,101.5,0.5036
S1,BICOUSDT,2024-03-04 14:56,-38.7,87,101.5,0.50385
S1,BICOUSDT,2024-03-04 15:01,-38.7,87,101.5,0.505
S1,BICOUSDT,2024-03-04 15:06,-38.7,87,101.5,0.50555
S1,BICOUSDT,2024-03-04 15:11,-38.7,87,101.5,0.5087
S1,BICOUSDT,2024-03-04 15:16,-38.7,87,101.5,0.50755
S1,BICOUSDT,2024-03-04 15:21,-38.7,87,101.5,0.5065
S1,BICOUSDT,2024-03-04 15:26,-38.7,87,101.5,0.5072
S1,BICOUSDT,2024-03-04 15:31,-38.8,147,171.5,0.50605
S1,BICOUSDT,2024-03-04 15:36,-38.8,147,171.5,0.5059
S1,BICOUSDT,2024-03-04 15:41,-38.8,147,171.5,0.50585
S1,BICOUSDT,2024-03-04 15:46,-38.8,147,171.5,0.5064
S1,BICOUSDT,2024-03-04 15:51,-38.8,147,171.5,0.50515
S1,BICOUSDT,2024-03-04 15:56,-38.8,147,171.5,0.50515
S1,BICOUSDT,2024-03-04 16:01,-38.8,147,171.5,0.50585
S1,BICOUSDT,2024-03-04 16:06,-38.8,147,171.5,0.50545
S1,BICOUSDT,2024-03-04 16:11,-26,76.8,89.6,0.50395
S1,BICOUSDT,2024-03-04 16:16,-13.3,76.2,88.9,0.50195
S1,BICOUSDT,2024-03-04 16:21,-13.3,76.2,88.9,0.5018
S1,BICOUSDT,2024-03-04 16:26,-13.3,76.2,88.9,0.5029
S1,BICOUSDT,2024-03-04 16:31,-13.3,76.2,88.9,0.5025
S1,BICOUSDT,2024-03-04 16:36,-13.3,76.2,88.9,0.502
S1,BICOUSDT,2024-03-04 16:41,-13.3,76.2,88.9,0.5029
S1,BICOUSDT,2024-03-04 16:46,-13.3,80.4,93.8,0.4995
S1,BICOUSDT,2024-03-04 16:51,-13.3,80.4,93.8,0.4976
S1,BICOUSDT,2024-03-04 16:56,-13.3,80.4,93.8,0.4953
S1,BICOUSDT,2024-03-04 17:01,-13.3,80.4,93.8,0.49625
S1,BICOUSDT,2024-03-04 17:06,2.4,94.2,109.9,0.4949
S1,BICOUSDT,2024-03-04 17:11,18.2,94.8,110.6,0.4905
S1,BICOUSDT,2024-03-04 17:16,2.8,92.4,107.8,0.49255
S1,BICOUSDT,2024-03-04 17:21,2.8,92.4,107.8,0.4951
S1,BICOUSDT,2024-03-04 17:26,2.8,92.4,107.8,0.49515
S1,BICOUSDT,2024-03-04 17:31,17.1,85.8,100.1,0.4946
S1,BICOUSDT,2024-03-04 17:36,31.1,84,98,0.4923
S1,BICOUSDT,2024-03-04 17:41,31.1,84,98,0.4878
S1,BICOUSDT,2024-03-04 17:46,31.1,84,98,0.48805
S1,BICOUSDT,2024-03-04 17:51,31.1,84,98,0.48265
S1,BICOUSDT,2024-03-04 17:56,31.1,84,98,0.48465
S1,BICOUSDT,2024-03-04 18:01,46.7,93.6,109.2,0.4829
S1,BICOUSDT,2024-03-04 18:06,30.2,99,115.5,0.48855
S1,BICOUSDT,2024-03-04 18:11,30.2,99,115.5,0.48525
S1,BICOUSDT,2024-03-04 18:16,30.2,99,115.5,0.4875
S1,BICOUSDT,2024-03-04 18:21,30.2,99,115.5,0.48595
S1,BICOUSDT,2024-03-04 18:26,30.2,99,115.5,0.48105
S1,BICOUSDT,2024-03-04 18:31,8.9,127.8,149.1,0.48265
S1,BICOUSDT,2024-03-04 18:36,8.9,127.8,149.1,0.4863
S1,BICOUSDT,2024-03-04 18:41,8.9,127.8,149.1,0.48725
S1,BICOUSDT,2024-03-04 18:46,-11.8,124.2,144.9,0.48925
S1,BICOUSDT,2024-03-04 18:51,-11.8,124.2,144.9,0.49005
S1,BICOUSDT,2024-03-04 18:56,-11.8,124.2,144.9,0.4919
S1,BICOUSDT,2024-03-04 19:01,-51.8,120,140,0.4954
S1,BICOUSDT,2024-03-04 19:06,-32,118.8,138.6,0.4935
S1,BICOUSDT,2024-03-04 19:11,-32,118.8,138.6,0.4917
S1,BICOUSDT,2024-03-04 19:16,-32,118.8,138.6,0.49385
S1,BICOUSDT,2024-03-04 19:21,-32,118.8,138.6,0.49415
S1,BICOUSDT,2024-03-04 19:26,-32,118.8,138.6,0.49685
S1,BICOUSDT,2024-03-04 19:31,-32,118.8,138.6,0.49535
S1,BICOUSDT,2024-03-04 19:36,-32,118.8,138.6,0.49625
S1,BICOUSDT,2024-03-04 19:41,-32,118.8,138.6,0.49635
S1,BICOUSDT,2024-03-04 19:46,-55.6,141.6,165.2,0.4985
S1,BICOUSDT,2024-03-04 19:51,-55.6,141.6,165.2,0.49865
S1,BICOUSDT,2024-03-04 19:56,-55.6,141.6,165.2,0.4999
S1,BICOUSDT,2024-03-04 20:01,-113.3,174,203,0.50655
S1,BICOUSDT,2024-03-04 20:06,-113.3,174,203,0.50105
S1,BICOUSDT,2024-03-04 20:11,-113.3,174,203,0.50135
S1,BICOUSDT,2024-03-04 20:16,-142.3,174.6,203.7,0.5024
S1,BICOUSDT,2024-03-04 20:21,-113.3,174,203,0.49985
S1,BICOUSDT,2024-03-04 20:26,-113.3,174,203,0.4997
S1,BICOUSDT,2024-03-04 20:31,-113.3,174,203,0.5014
S1,BICOUSDT,2024-03-04 20:36,-113.3,174,203,0.49825
S1,BICOUSDT,2024-03-04 20:41,-113.3,174,203,0.50045
S1,BICOUSDT,2024-03-04 20:46,-81,193.8,226.1,0.4976
S1,BICOUSDT,2024-03-04 20:51,-81,193.8,226.1,0.4996
S1,BICOUSDT,2024-03-04 20:56,-81,193.8,226.1,0.4991
S1,BICOUSDT,2024-03-04 21:01,-81,193.8,226.1,0.49915
S1,BICOUSDT,2024-03-04 21:06,-53.1,167.4,195.3,0.4963
S1,BICOUSDT,2024-03-04 21:11,-53.1,167.4,195.3,0.4997
S1,BICOUSDT,2024-03-04 21:16,-53.1,167.4,195.3,0.5001
S1,BICOUSDT,2024-03-04 21:21,-53.1,167.4,195.3,0.50045
S1,BICOUSDT,2024-03-04 21:26,-53.1,167.4,195.3,0.501
S1,BICOUSDT,2024-03-04 21:31,-53.1,167.4,195.3,0.5016
S1,BICOUSDT,2024-03-04 21:36,-53.1,167.4,195.3,0.5022
S1,BICOUSDT,2024-03-04 21:41,-53.1,167.4,195.3,0.50245
S1,BICOUSDT,2024-03-04 21:46,-53.1,167.4,195.3,0.50035
S1,BICOUSDT,2024-03-04 21:51,-53.1,167.4,195.3,0.50075
S1,BICOUSDT,2024-03-04 21:56,-53.1,167.4,195.3,0.5004
S1,BICOUSDT,2024-03-04 22:01,-53.1,167.4,195.3,0.5
S1,BICOUSDT,2024-03-04 22:06,-53.1,167.4,195.3,0.50175
S1,BICOUSDT,2024-03-04 22:11,-53.1,167.4,195.3,0.5009
S1,BICOUSDT,2024-03-04 22:16,-53.1,167.4,195.3,0.5002
S1,BICOUSDT,2024-03-04 22:21,-53.1,167.4,195.3,0.5012
S1,BICOUSDT,2024-03-04 22:26,-53.1,167.4,195.3,0.50025
S1,BICOUSDT,2024-03-04 22:31,-81.6,240,280,0.50105
S1,BICOUSDT,2024-03-04 22:36,-121.6,240,280,0.50125
S1,BICOUSDT,2024-03-04 22:41,-121.6,240,280,0.50225
S1,BICOUSDT,2024-03-04 22:46,-121.6,240,280,0.5024
S1,BICOUSDT,2024-03-04 22:51,-161.4,238.8,278.6,0.50255
S1,BICOUSDT,2024-03-04 22:56,-161.4,238.8,278.6,0.50275
S1,BICOUSDT,2024-03-04 23:01,-105.8,238.8,278.6,0.5029
S1,BICOUSDT,2024-03-04 23:06,-105.8,238.8,278.6,0.504
S1,BICOUSDT,2024-03-04 23:11,-105.8,238.8,278.6,0.50445
S1,BICOUSDT,2024-03-04 23:16,-105.8,238.8,278.6,0.5015
S1,BICOUSDT,2024-03-04 23:21,-105.8,238.8,278.6,0.49915
S1,BICOUSDT,2024-03-04 23:26,-105.8,238.8,278.6,0.49945
S1,BICOUSDT,2024-03-04 23:31,-65.8,240.6,280.7,0.4984
S1,BICOUSDT,2024-03-04 23:36,-25.8,240,280,0.49795
S1,BICOUSDT,2024-03-04 23:41,-25.8,240,280,0.50015
S1,BICOUSDT,2024-03-04 23:46,-25.8,240,280,0.50165
S1,BICOUSDT,2024-03-04 23:51,-25.8,240,280,0.5022
S1,BICOUSDT,2024-03-04 23:56,-25.8,240,280,0.5002
S1,BICOUSDT,2024-03-05 00:01,0,225,262.5,0.5014
S1,BICOUSDT,2024-03-05 00:06,0,225,262.5,0.50095
S1,BICOUSDT,2024-03-05 00:11,0,225,262.5,0.5018
S1,BICOUSDT,2024-03-05 00:16,0,225,262.5,0.50505
S1,BICOUSDT,2024-03-05 00:21,0,225,262.5,0.50465
S1,BICOUSDT,2024-03-05 00:26,0,225,262.5,0.5042
S1,BICOUSDT,2024-03-05 00:31,0,225,262.5,0.50385
S1,BICOUSDT,2024-03-05 00:36,0,225,262.5,0.5028
S1,BICOUSDT,2024-03-05 00:41,0,225,262.5,0.5048
S1,BICOUSDT,2024-03-05 00:46,0,225,262.5,0.5053
S1,BICOUSDT,2024-03-05 00:51,0,225,262.5,0.5037
S1,BICOUSDT,2024-03-05 00:56,0,225,262.5,0.50275
S1,BICOUSDT,2024-03-05 01:01,0,225,262.5,0.5035
S1,BICOUSDT,2024-03-05 01:06,0,225,262.5,0.50175
S1,BICOUSDT,2024-03-05 01:11,50.4,151.2,176.4,0.50105
S1,BICOUSDT,2024-03-05 01:16,75.4,150,175,0.4995
S1,BICOUSDT,2024-03-05 01:21,75.4,150,175,0.49985
S1,BICOUSDT,2024-03-05 01:26,75.4,150,175,0.501
S1,BICOUSDT,2024-03-05 01:31,75.4,150,175,0.5007
S1,BICOUSDT,2024-03-05 01:36,75.4,150,175,0.5026
S1,BICOUSDT,2024-03-05 01:41,75.4,150,175,0.50465
S1,BICOUSDT,2024-03-05 01:46,43.9,189,220.5,0.50585
S1,BICOUSDT,2024-03-05 01:51,43.9,189,220.5,0.5033
S1,BICOUSDT,2024-03-05 01:56,43.9,192,224,0.5034
S1,BICOUSDT,2024-03-05 02:01,75.8,191.4,223.3,0.5017
S1,BICOUSDT,2024-03-05 02:06,75.8,191.4,223.3,0.4996
S1,BICOUSDT,2024-03-05 02:11,75.8,191.4,223.3,0.5007
S1,BICOUSDT,2024-03-05 02:16,75.8,191.4,223.3,0.50005
S1,BICOUSDT,2024-03-05 02:21,75.8,191.4,223.3,0.5001
S1,BICOUSDT,2024-03-05 02:26,75.8,191.4,223.3,0.50195
S1,BICOUSDT,2024-03-05 02:31,75.8,191.4,223.3,0.49675
S1,BICOUSDT,2024-03-05 02:36,75.8,191.4,223.3,0.50135
S1,BICOUSDT,2024-03-05 02:41,75.8,191.4,223.3,0.49995
S1,BICOUSDT,2024-03-05 02:46,75.8,191.4,223.3,0.5017
S1,BICOUSDT,2024-03-05 02:51,75.8,191.4,223.3,0.50575
S1,BICOUSDT,2024-03-05 02:56,106.6,185.4,216.3,0.5047
S1,BICOUSDT,2024-03-05 03:01,73.5,198.6,231.7,0.50285
S1,BICOUSDT,2024-03-05 03:06,73.2,200.4,233.8,0.50005
S1,BICOUSDT,2024-03-05 03:11,73.2,200.4,233.8,0.50125
S1,BICOUSDT,2024-03-05 03:16,106.8,202.2,235.9,0.50265
S1,BICOUSDT,2024-03-05 03:21,73.4,200.4,233.8,0.5041
S1,BICOUSDT,2024-03-05 03:26,-23.7,197.4,230.3,0.506
S1,BICOUSDT,2024-03-05 03:31,-23.7,197.4,230.3,0.50955
S1,BICOUSDT,2024-03-05 03:36,11.6,211.8,247.1,0.50885
S1,BICOUSDT,2024-03-05 03:41,11.6,211.8,247.1,0.5075
S1,BICOUSDT,2024-03-05 03:46,11.6,211.8,247.1,0.5068
S1,BICOUSDT,2024-03-05 03:51,11.6,211.8,247.1,0.5063
S1,BICOUSDT,2024-03-05 03:56,-17.8,174,203,0.5058
S1,BICOUSDT,2024-03-05 04:01,11.2,174,203,0.5062
S1,BICOUSDT,2024-03-05 04:06,11.2,174,203,0.509
S1,BICOUSDT,2024-03-05 04:11,11.2,174,203,0.50665
S1,BICOUSDT,2024-03-05 04:16,11.2,174,203,0.50515
S1,BICOUSDT,2024-03-05 04:21,11.2,174,203,0.5018
S1,BICOUSDT,2024-03-05 04:26,11.2,174,203,0.5045
S1,BICOUSDT,2024-03-05 04:31,-45.8,171,199.5,0.5133
S1,BICOUSDT,2024-03-05 04:36,-45.9,174,203,0.5097
S1,BICOUSDT,2024-03-05 04:41,-16.1,178.8,208.6,0.5078
S1,BICOUSDT,2024-03-05 04:46,13.7,178.8,208.6,0.5036
S1,BICOUSDT,2024-03-05 04:51,-15.5,175.2,204.4,0.4995
S1,BICOUSDT,2024-03-05 04:56,-15.5,175.2,204.4,0.50395
S1,BICOUSDT,2024-03-05 05:01,-15.5,175.2,204.4,0.50235
S1,BICOUSDT,2024-03-05 05:06,13.7,175.2,204.4,0.4922
S1,BICOUSDT,2024-03-05 05:11,-14,166.2,193.9,0.5014
S1,BICOUSDT,2024-03-05 05:16,-14,166.2,193.9,0.50475
S1,BICOUSDT,2024-03-05 05:21,12.5,159,185.5,0.5057
S1,BICOUSDT,2024-03-05 05:26,12.5,159,185.5,0.50645
S1,BICOUSDT,2024-03-05 05:31,12.5,159,185.5,0.50875
S1,BICOUSDT,2024-03-05 05:36,-10.4,137.4,160.3,0.50875
S1,BICOUSDT,2024-03-05 05:41,-10.4,137.4,160.3,0.5082
S1,BICOUSDT,2024-03-05 05:46,-10.4,137.4,160.3,0.5143
S1,BICOUSDT,2024-03-05 05:51,-10.4,137.4,160.3,0.51115
S1,BICOUSDT,2024-03-05 05:56,-10.4,137.4,160.3,0.5108
S1,BICOUSDT,2024-03-05 06:01,7.1,105,122.5,0.51015
S1,BICOUSDT,2024-03-05 06:06,7,99,115.5,0.5103
S1,BICOUSDT,2024-03-05 06:11,7,99,115.5,0.51475
S1,BICOUSDT,2024-03-05 06:16,7,99,115.5,0.5133
S1,BICOUSDT,2024-03-05 06:21,-25.3,96.6,112.7,0.51495
S1,BICOUSDT,2024-03-05 06:26,-25.3,96.6,112.7,0.51465
S1,BICOUSDT,2024-03-05 06:31,-25.3,96.6,112.7,0.52035
S1,BICOUSDT,2024-03-05 06:36,9.1,103.2,120.4,0.51685
S1,BICOUSDT,2024-03-05 06:41,-7.9,102,119,0.5198
S1,BICOUSDT,2024-03-05 06:46,-7.9,102,119,0.52075
S1,BICOUSDT,2024-03-05 06:51,-7.9,102,119,0.5203
S1,BICOUSDT,2024-03-05 06:56,-7.9,102,119,0.5193
S1,BICOUSDT,2024-03-05 07:01,-7.5,106.2,123.9,0.52105
S1,BICOUSDT,2024-03-05 07:06,-7.5,106.2,123.9,0.52105
S1,BICOUSDT,2024-03-05 07:11,-24.7,103.2,120.4,0.52115
S1,BICOUSDT,2024-03-05 07:16,-24.7,103.2,120.4,0.5235
S1,BICOUSDT,2024-03-05 07:21,-42.6,107.4,125.3,0.52295
S1,BICOUSDT,2024-03-05 07:26,-25.3,103.8,121.1,0.52315
S1,BICOUSDT,2024-03-05 07:31,-25.3,103.8,121.1,0.5193
S1,BICOUSDT,2024-03-05 07:36,-9.6,94.2,109.9,0.51655
S1,BICOUSDT,2024-03-05 07:41,-9.6,94.2,109.9,0.52
S1,BICOUSDT,2024-03-05 07:46,-9.6,94.2,109.9,0.5199
S1,BICOUSDT,2024-03-05 07:51,-9.6,94.2,109.9,0.5218
S1,BICOUSDT,2024-03-05 07:56,-25.2,93.6,109.2,0.5232
S1,BICOUSDT,2024-03-05 08:01,-25.2,93.6,109.2,0.525
S1,BICOUSDT,2024-03-05 08:06,-25.2,93.6,109.2,0.52285
S1,BICOUSDT,2024-03-05 08:11,6.6,95.4,111.3,0.51855
S1,BICOUSDT,2024-03-05 08:16,6.6,95.4,111.3,0.52755
S1,BICOUSDT,2024-03-05 08:21,23.9,103.8,121.1,0.521
S1,BICOUSDT,2024-03-05 08:26,-12.7,109.8,128.1,0.521
S1,BICOUSDT,2024-03-05 08:31,-12.7,109.8,128.1,0.51895
S1,BICOUSDT,2024-03-05 08:36,-36,139.8,163.1,0.5165
S1,BICOUSDT,2024-03-05 08:41,-60.7,148.8,173.6,0.51735
S1,BICOUSDT,2024-03-05 08:46,-60.7,148.8,173.6,0.51925
S1,BICOUSDT,2024-03-05 08:51,-60.7,148.8,173.6,0.5242
S1,BICOUSDT,2024-03-05 08:56,-60.7,148.8,173.6,0.5214
S1,BICOUSDT,2024-03-05 09:01,-60.7,148.8,173.6,0.52055
S1,BICOUSDT,2024-03-05 09:06,-27.3,200.4,233.8,0.5173
S1,BICOUSDT,2024-03-05 09:11,-56.3,206.4,240.8,0.5215
S1,BICOUSDT,2024-03-05 09:16,-56.3,206.4,240.8,0.52145
S1,BICOUSDT,2024-03-05 09:21,-20.2,216.6,252.7,0.52205
S1,BICOUSDT,2024-03-05 09:26,-20.2,223.2,260.4,0.5225
S1,BICOUSDT,2024-03-05 09:31,14.6,211.8,247.1,0.5229
S1,BICOUSDT,2024-03-05 09:36,-54.9,208.2,242.9,0.52225
S1,BICOUSDT,2024-03-05 09:41,-54.9,208.2,242.9,0.52395
S1,BICOUSDT,2024-03-05 09:46,-54.9,208.2,242.9,0.5245
S1,BICOUSDT,2024-03-05 09:51,-19.4,213,248.5,0.52255
S1,BICOUSDT,2024-03-05 09:56,-19.4,213,248.5,0.5249
S1,BICOUSDT,2024-03-05 10:01,-19.4,220.8,257.6,0.5259
S1,BICOUSDT,2024-03-05 10:06,-19.4,220.8,257.6,0.52485
S1,BICOUSDT,2024-03-05 10:11,13,194.4,226.8,0.5228
S1,BICOUSDT,2024-03-05 10:16,107.8,190.8,222.6,0.5198
S1,BICOUSDT,2024-03-05 10:21,77.3,183,213.5,0.52235
S1,BICOUSDT,2024-03-05 10:26,48.6,172.2,200.9,0.5239
S1,BICOUSDT,2024-03-05 10:31,48.6,172.2,200.9,0.52395
S1,BICOUSDT,2024-03-05 10:36,77.6,174,203,0.52695
S1,BICOUSDT,2024-03-05 10:41,77.6,174,203,0.52585
S1,BICOUSDT,2024-03-05 10:46,77.6,174,203,0.52435
S1,BICOUSDT,2024-03-05 10:51,77.6,174,203,0.5256
S1,BICOUSDT,2024-03-05 10:56,77.6,174,203,0.5274
S1,BICOUSDT,2024-03-05 11:01,77.6,174,203,0.52665
S1,BICOUSDT,2024-03-05 11:06,77.6,174,203,0.52685
S1,BICOUSDT,2024-03-05 11:11,53.6,144,168,0.5279
S1,BICOUSDT,2024-03-05 11:16,6.1,141.6,165.2,0.52775
S1,BICOUSDT,2024-03-05 11:21,6.1,141.6,165.2,0.52705
S1,BICOUSDT,2024-03-05 11:26,7,141,164.5,0.5277
S1,BICOUSDT,2024-03-05 11:31,7,141,164.5,0.52725
S1,BICOUSDT,2024-03-05 11:36,7,141,164.5,0.52705
S1,BICOUSDT,2024-03-05 11:41,-13.6,123.6,144.2,0.52645
S1,BICOUSDT,2024-03-05 11:46,-13.6,123.6,144.2,0.52325
S1,BICOUSDT,2024-03-05 11:51,-13.6,123.6,144.2,0.52445
S1,BICOUSDT,2024-03-05 11:56,-13.6,123.6,144.2,0.52575
S1,BICOUSDT,2024-03-05 12:01,-13.6,123.6,144.2,0.52705
S1,BICOUSDT,2024-03-05 12:06,-13.5,138.6,161.7,0.5296
S1,BICOUSDT,2024-03-05 12:11,-36.6,138.6,161.7,0.5312
S1,BICOUSDT,2024-03-05 12:16,-61.1,147,171.5,0.53075
S1,BICOUSDT,2024-03-05 12:21,-36.6,147,171.5,0.52815
S1,BICOUSDT,2024-03-05 12:26,-10.7,155.4,181.3,0.52605
S1,BICOUSDT,2024-03-05 12:31,-10.7,155.4,181.3,0.52515
S1,BICOUSDT,2024-03-05 12:36,-10.7,155.4,181.3,0.52355
S1,BICOUSDT,2024-03-05 12:41,-10.7,155.4,181.3,0.52345
S1,BICOUSDT,2024-03-05 12:46,-44.8,204.6,238.7,0.52385
S1,BICOUSDT,2024-03-05 12:51,-44.8,204.6,238.7,0.521
S1,BICOUSDT,2024-03-05 12:56,-44.8,204.6,238.7,0.5216
S1,BICOUSDT,2024-03-05 13:01,-6.3,231,269.5,0.5202
S1,BICOUSDT,2024-03-05 13:06,-44.8,231,269.5,0.5183
S1,BICOUSDT,2024-03-05 13:11,-44.8,231,269.5,0.5193
S1,BICOUSDT,2024-03-05 13:16,-44.8,231,269.5,0.51975
S1,BICOUSDT,2024-03-05 13:21,-44.8,231,269.5,0.51985
S1,BICOUSDT,2024-03-05 13:26,-44.8,231,269.5,0.52205
S1,BICOUSDT,2024-03-05 13:31,31.9,230.4,268.8,0.5189
S1,BICOUSDT,2024-03-05 13:36,109,231.6,270.2,0.51935
S1,BICOUSDT,2024-03-05 13:41,109,231.6,270.2,0.5196
S1,BICOUSDT,2024-03-05 13:46,109,231.6,270.2,0.52085
S1,BICOUSDT,2024-03-05 13:51,70.6,230.4,268.8,0.52075
S1,BICOUSDT,2024-03-05 13:56,108.5,227.4,265.3,0.5213
S1,BICOUSDT,2024-03-05 14:01,74.4,204.6,238.7,0.51985
S1,BICOUSDT,2024-03-05 14:06,74.4,204.6,238.7,0.51825
S1,BICOUSDT,2024-03-05 14:11,74.4,204.6,238.7,0.51635
S1,BICOUSDT,2024-03-05 14:16,74.4,204.6,238.7,0.5173
S1,BICOUSDT,2024-03-05 14:21,74.4,204.6,238.7,0.51715
S1,BICOUSDT,2024-03-05 14:26,74.4,204.6,238.7,0.51255
S1,BICOUSDT,2024-03-05 14:31,31.8,127.8,149.1,0.517
S1,BICOUSDT,2024-03-05 14:36,10.8,126,147,0.5149
S1,BICOUSDT,2024-03-05 14:41,10.8,126,147,0.51415
S1,BICOUSDT,2024-03-05 14:46,10.8,126,147,0.5184
S1,BICOUSDT,2024-03-05 14:51,10.8,126,147,0.51495
S1,BICOUSDT,2024-03-05 14:56,10.8,126,147,0.51495
S1,BICOUSDT,2024-03-05 15:01,10.8,126,147,0.51545
S1,BICOUSDT,2024-03-05 15:06,10.8,126,147,0.5075
S1,BICOUSDT,2024-03-05 15:11,10.8,126,147,0.5119
S1,BICOUSDT,2024-03-05 15:16,-8.2,114,133,0.51435
S1,BICOUSDT,2024-03-05 15:21,-8.2,114,133,0.51465
S1,BICOUSDT,2024-03-05 15:26,-8.2,114,133,0.5121
S1,BICOUSDT,2024-03-05 15:31,26.4,103.8,121.1,0.5035
S1,BICOUSDT,2024-03-05 15:36,26.4,103.8,121.1,0.50875
S1,BICOUSDT,2024-03-05 15:41,26.4,103.8,121.1,0.5101
S1,BICOUSDT,2024-03-05 15:46,26.4,103.8,121.1,0.50905
S1,BICOUSDT,2024-03-05 15:51,9.4,104.4,121.8,0.51235
S1,BICOUSDT,2024-03-05 15:56,9.4,104.4,121.8,0.51125
S1,BICOUSDT,2024-03-05 16:01,9.4,104.4,121.8,0.5105
S1,BICOUSDT,2024-03-05 16:06,9.4,104.4,121.8,0.49735
S1,BICOUSDT,2024-03-05 16:11,9.4,104.4,121.8,0.4897
S1,BICOUSDT,2024-03-05 16:16,9.1,107.4,125.3,0.48645
S1,BICOUSDT,2024-03-05 16:21,9.1,107.4,125.3,0.49
S1,BICOUSDT,2024-03-05 16:26,-9.5,111.6,130.2,0.5016
S1,BICOUSDT,2024-03-05 16:31,-29.1,117.6,137.2,0.50855
S1,BICOUSDT,2024-03-05 16:36,-9.4,118.2,137.9,0.50115
S1,BICOUSDT,2024-03-05 16:41,-9.4,118.2,137.9,0.5086
S1,BICOUSDT,2024-03-05 16:46,-28.9,117,136.5,0.5145
S1,BICOUSDT,2024-03-05 16:51,-48.5,117.6,137.2,0.522
S1,BICOUSDT,2024-03-05 16:56,-48.5,117.6,137.2,0.52225
S1,BICOUSDT,2024-03-05 17:01,-48.5,117.6,137.2,0.5185
S1,BICOUSDT,2024-03-05 17:06,-48.5,117.6,137.2,0.51995
S1,BICOUSDT,2024-03-05 17:11,-48.5,117.6,137.2,0.50815
S1,BICOUSDT,2024-03-05 17:16,-48.5,117.6,137.2,0.52015
S1,BICOUSDT,2024-03-05 17:21,-29.2,115.8,135.1,0.51645
S1,BICOUSDT,2024-03-05 17:26,-10.3,113.4,132.3,0.507
S1,BICOUSDT,2024-03-05 17:31,-10.3,113.4,132.3,0.5051
S1,BICOUSDT,2024-03-05 17:36,-10.3,113.4,132.3,0.50225
S1,BICOUSDT,2024-03-05 17:41,-10.8,121.2,141.4,0.50365
S1,BICOUSDT,2024-03-05 17:46,-10.8,121.2,141.4,0.50465
S1,BICOUSDT,2024-03-05 17:51,-10.8,121.2,141.4,0.51105
S1,BICOUSDT,2024-03-05 17:56,-10.8,121.2,141.4,0.50965
S1,BICOUSDT,2024-03-05 18:01,-10.8,121.2,141.4,0.5082
S1,BICOUSDT,2024-03-05 18:06,11.5,133.8,156.1,0.50685
S1,BICOUSDT,2024-03-05 18:11,11.5,133.8,156.1,0.5079
S1,BICOUSDT,2024-03-05 18:16,11.5,133.8,156.1,0.5099
S1,BICOUSDT,2024-03-05 18:21,11.5,133.8,156.1,0.5078
S1,BICOUSDT,2024-03-05 18:26,11.5,133.8,156.1,0.50755
S1,BICOUSDT,2024-03-05 18:31,11.5,133.8,156.1,0.50825
S1,BICOUSDT,2024-03-05 18:36,11.5,133.8,156.1,0.51345
S1,BICOUSDT,2024-03-05 18:41,11.5,133.8,156.1,0.5095
S1,BICOUSDT,2024-03-05 18:46,11.5,133.8,156.1,0.5094
S1,BICOUSDT,2024-03-05 18:51,11.5,133.8,156.1,0.50355
S1,BICOUSDT,2024-03-05 18:56,11.5,133.8,156.1,0.50275
S1,BICOUSDT,2024-03-05 19:01,11.5,133.8,156.1,0.5029
S1,BICOUSDT,2024-03-05 19:06,11.5,133.8,156.1,0.50275
S1,BICOUSDT,2024-03-05 19:11,11.5,133.8,156.1,0.4957
S1,BICOUSDT,2024-03-05 19:16,11.5,133.8,156.1,0.49465
S1,BICOUSDT,2024-03-05 19:21,11.5,133.8,156.1,0.4924
S1,BICOUSDT,2024-03-05 19:26,35,141,164.5,0.49255
S1,BICOUSDT,2024-03-05 19:31,35,141,164.5,0.4919
S1,BICOUSDT,2024-03-05 19:36,35,141,164.5,0.48685
S1,BICOUSDT,2024-03-05 19:41,35,141,164.5,0.48035
S1,BICOUSDT,2024-03-05 19:46,35,141,164.5,0.4794
S1,BICOUSDT,2024-03-05 19:51,35,141,164.5,0.48105
S1,BICOUSDT,2024-03-05 19:56,35.1,149.4,174.3,0.45195
S1,BICOUSDT,2024-03-05 20:01,60.4,151.2,176.4,0.4506
S1,BICOUSDT,2024-03-05 20:06,60.4,151.2,176.4,0.45395
S1,BICOUSDT,2024-03-05 20:11,36.6,142.8,166.6,0.4624
S1,BICOUSDT,2024-03-05 20:16,36.6,142.8,166.6,0.4644
S1,BICOUSDT,2024-03-05 20:21,36.6,142.8,166.6,0.46265
S1,BICOUSDT,2024-03-05 20:26,-10,140.4,163.8,0.4715
S1,BICOUSDT,2024-03-05 20:31,-10,140.4,163.8,0.4723
S1,BICOUSDT,2024-03-05 20:36,-10,140.4,163.8,0.4695
S1,BICOUSDT,2024-03-05 20:41,13.8,142.8,166.6,0.45435
S1,BICOUSDT,2024-03-05 20:46,13.8,142.8,166.6,0.46925
S1,BICOUSDT,2024-03-05 20:51,-11.6,152.4,177.8,0.468
S1,BICOUSDT,2024-03-05 20:56,-11.6,152.4,177.8,0.4672
S1,BICOUSDT,2024-03-05 21:01,-11.6,152.4,177.8,0.463
S1,BICOUSDT,2024-03-05 21:06,-11.6,152.4,177.8,0.4749
S1,BICOUSDT,2024-03-05 21:11,-11.6,152.4,177.8,0.47615
S1,BICOUSDT,2024-03-05 21:16,-11.6,152.4,177.8,0.47485
S1,BICOUSDT,2024-03-05 21:21,-11.6,152.4,177.8,0.4754
S1,BICOUSDT,2024-03-05 21:26,-11.6,152.4,177.8,0.47635
S1,BICOUSDT,2024-03-05 21:31,-11.6,152.4,177.8,0.47815
S1,BICOUSDT,2024-03-05 21:36,-11.6,152.4,177.8,0.4737
S1,BICOUSDT,2024-03-05 21:41,-11.6,152.4,177.8,0.47785
S1,BICOUSDT,2024-03-05 21:46,-11.6,152.4,177.8,0.4763
S1,BICOUSDT,2024-03-05 21:51,-41.2,177.6,207.2,0.477
S1,BICOUSDT,2024-03-05 21:56,-41.2,177.6,207.2,0.4758
S1,BICOUSDT,2024-03-05 22:01,-9.7,189.6,221.2,0.4729
S1,BICOUSDT,2024-03-05 22:06,-9.7,189.6,221.2,0.4748
S1,BICOUSDT,2024-03-05 22:11,-9.7,189.6,221.2,0.4746
S1,BICOUSDT,2024-03-05 22:16,-9.7,189.6,221.2,0.47325
S1,BICOUSDT,2024-03-05 22:21,-9.7,189.6,221.2,0.47035
S1,BICOUSDT,2024-03-05 22:26,-9.7,189.6,221.2,0.46905
S1,BICOUSDT,2024-03-05 22:31,-9.7,189.6,221.2,0.4711
S1,BICOUSDT,2024-03-05 22:36,-9.7,189.6,221.2,0.47265
S1,BICOUSDT,2024-03-05 22:41,-130.5,243,283.5,0.47085
S1,BICOUSDT,2024-03-05 22:46,-130.5,243,283.5,0.47005
S1,BICOUSDT,2024-03-05 22:51,-130.5,243,283.5,0.47135
S1,BICOUSDT,2024-03-05 22:56,-130.5,243,283.5,0.47515
S1,BICOUSDT,2024-03-05 23:01,-130.5,243,283.5,0.47615
S1,BICOUSDT,2024-03-05 23:06,-172.2,250.2,291.9,0.48195
S1,BICOUSDT,2024-03-05 23:11,-172.2,250.2,291.9,0.48635
S1,BICOUSDT,2024-03-05 23:16,-172.2,250.2,291.9,0.49615
S1,BICOUSDT,2024-03-05 23:21,-172.2,250.2,291.9,0.4956
S1,BICOUSDT,2024-03-05 23:26,-172.2,250.2,291.9,0.4987
S1,BICOUSDT,2024-03-05 23:31,-172.2,250.2,291.9,0.49815
S1,BICOUSDT,2024-03-05 23:36,-172.2,250.2,291.9,0.4964
S1,BICOUSDT,2024-03-05 23:41,-172.2,250.2,291.9,0.49795
S1,BICOUSDT,2024-03-05 23:46,-172.2,250.2,291.9,0.49775
S1,BICOUSDT,2024-03-05 23:51,-172.2,250.2,291.9,0.4994
S1,BICOUSDT,2024-03-05 23:56,-172.2,250.2,291.9,0.4988
S1,BICOUSDT,2024-03-06 00:01,0,241.2,281.4,0.4994
S1,BICOUSDT,2024-03-06 00:06,0,241.2,281.4,0.50255
S1,BICOUSDT,2024-03-06 00:11,0,241.2,281.4,0.50425
S1,BICOUSDT,2024-03-06 00:16,0,241.2,281.4,0.5021
S1,BICOUSDT,2024-03-06 00:21,-39.6,237.6,277.2,0.50735
S1,BICOUSDT,2024-03-06 00:26,-39.6,237.6,277.2,0.5113
S1,BICOUSDT,2024-03-06 00:31,-117.2,231.6,270.2,0.5171
S1,BICOUSDT,2024-03-06 00:36,-78.5,232.2,270.9,0.51735
S1,BICOUSDT,2024-03-06 00:41,-155.8,231.6,270.2,0.51765
S1,BICOUSDT,2024-03-06 00:46,-194.2,230.4,268.8,0.52165
S1,BICOUSDT,2024-03-06 00:51,-155.9,229.8,268.1,0.5205
S1,BICOUSDT,2024-03-06 00:56,-117.7,229.2,267.4,0.52265
S1,BICOUSDT,2024-03-06 01:01,-117.7,229.2,267.4,0.52445
S1,BICOUSDT,2024-03-06 01:06,-79.6,228.6,266.7,0.5221
S1,BICOUSDT,2024-03-06 01:11,-79.6,228.6,266.7,0.52475
S1,BICOUSDT,2024-03-06 01:16,-41.3,229.8,268.1,0.52565
S1,BICOUSDT,2024-03-06 01:21,-41.3,229.8,268.1,0.5299
S1,BICOUSDT,2024-03-06 01:26,-41.3,229.8,268.1,0.52375
S1,BICOUSDT,2024-03-06 01:31,-41.3,229.8,268.1,0.53005
S1,BICOUSDT,2024-03-06 01:36,-41.3,229.8,268.1,0.538
S1,BICOUSDT,2024-03-06 01:41,-41.3,229.8,268.1,0.54295
S1,BICOUSDT,2024-03-06 01:46,-41.3,229.8,268.1,0.54025
S1,BICOUSDT,2024-03-06 01:51,-41.3,229.8,268.1,0.53365
S1,BICOUSDT,2024-03-06 01:56,-41.3,229.8,268.1,0.53615
S1,BICOUSDT,2024-03-06 02:01,-41.3,229.8,268.1,0.5462
S1,BICOUSDT,2024-03-06 02:06,-41.3,229.8,268.1,0.53905
S1,BICOUSDT,2024-03-06 02:11,65.5,213.6,249.2,0.5315
S1,BICOUSDT,2024-03-06 02:16,28.9,219.6,256.2,0.5345
S1,BICOUSDT,2024-03-06 02:21,28.9,219.6,256.2,0.5279
S1,BICOUSDT,2024-03-06 02:26,66.9,228,266,0.52565
S1,BICOUSDT,2024-03-06 02:31,66.9,228,266,0.5236
S1,BICOUSDT,2024-03-06 02:36,66.9,228,266,0.51945
S1,BICOUSDT,2024-03-06 02:41,66.9,228,266,0.5129
S1,BICOUSDT,2024-03-06 02:46,30.5,218.4,254.8,0.5178
S1,BICOUSDT,2024-03-06 02:51,66.6,216.6,252.7,0.5116
S1,BICOUSDT,2024-03-06 02:56,66.6,216.6,252.7,0.5103
S1,BICOUSDT,2024-03-06 03:01,66.6,216.6,252.7,0.5098
S1,BICOUSDT,2024-03-06 03:06,37.7,173.4,202.3,0.51195
S1,BICOUSDT,2024-03-06 03:11,37.7,173.4,202.3,0.5098
S1,BICOUSDT,2024-03-06 03:16,37.7,173.4,202.3,0.5087
S1,BICOUSDT,2024-03-06 03:21,37.7,173.4,202.3,0.50395
S1,BICOUSDT,2024-03-06 03:26,-10.7,145.2,169.4,0.5108
S1,BICOUSDT,2024-03-06 03:31,14,148.2,172.9,0.5059
S1,BICOUSDT,2024-03-06 03:36,38.8,148.8,173.6,0.50365
S1,BICOUSDT,2024-03-06 03:41,38.8,148.8,173.6,0.50365
S1,BICOUSDT,2024-03-06 03:46,63.6,148.8,173.6,0.5015
S1,BICOUSDT,2024-03-06 03:51,38.9,148.2,172.9,0.4996
S1,BICOUSDT,2024-03-06 03:56,15.2,144,168,0.4988
S1,BICOUSDT,2024-03-06 04:01,-10.5,154.8,180.6,0.5066
S1,BICOUSDT,2024-03-06 04:06,-10.5,154.8,180.6,0.5165
S1,BICOUSDT,2024-03-06 04:11,-10.5,154.8,180.6,0.521
S1,BICOUSDT,2024-03-06 04:16,-40.7,181.2,211.4,0.5171
S1,BICOUSDT,2024-03-06 04:21,-40.7,181.2,211.4,0.51575
S1,BICOUSDT,2024-03-06 04:26,-74,199.8,233.1,0.51975
S1,BICOUSDT,2024-03-06 04:31,-2.1,218.4,254.8,0.513
S1,BICOUSDT,2024-03-06 04:36,-2.1,223.2,260.4,0.5162
S1,BICOUSDT,2024-03-06 04:41,-39.4,223.8,261.1,0.5169
S1,BICOUSDT,2024-03-06 04:46,-75.8,218.4,254.8,0.5202
S1,BICOUSDT,2024-03-06 04:51,-76.1,228,266,0.51955
S1,BICOUSDT,2024-03-06 04:56,-75.5,226.2,263.9,0.52105
S1,BICOUSDT,2024-03-06 05:01,-78.0473,231,269.5,0.5217
S1,BICOUSDT,2024-03-06 05:06,-39.6473,230.4,268.8,0.5204
S1,BICOUSDT,2024-03-06 05:11,-39.9473,222,259,0.5241
S1,BICOUSDT,2024-03-06 05:16,-39.9473,222,259,0.5263
S1,BICOUSDT,2024-03-06 05:21,-73.3473,200.4,233.8,0.52585
S1,BICOUSDT,2024-03-06 05:26,-73.3473,200.4,233.8,0.5254
S1,BICOUSDT,2024-03-06 05:31,-73.0473,185.4,216.3,0.52095
S1,BICOUSDT,2024-03-06 05:36,-133.147,178.8,208.6,0.5272
S1,BICOUSDT,2024-03-06 05:41,-133.147,178.8,208.6,0.53355
S1,BICOUSDT,2024-03-06 05:46,-133.147,178.8,208.6,0.5337
S1,BICOUSDT,2024-03-06 05:51,-161.547,170.4,198.8,0.53775
S1,BICOUSDT,2024-03-06 05:56,-161.547,170.4,198.8,0.5365
S1,BICOUSDT,2024-03-06 06:01,-134.247,163.8,191.1,0.53555
S1,BICOUSDT,2024-03-06 06:06,-134.247,163.8,191.1,0.54335
S1,BICOUSDT,2024-03-06 06:11,-108.447,154.8,180.6,0.542
S1,BICOUSDT,2024-03-06 06:16,-108.447,154.8,180.6,0.5442
S1,BICOUSDT,2024-03-06 06:21,-82.1473,157.8,184.1,0.54165
S1,BICOUSDT,2024-03-06 06:26,-82.1473,157.8,184.1,0.53965
S1,BICOUSDT,2024-03-06 06:31,-57.6473,147,171.5,0.5386
S1,BICOUSDT,2024-03-06 06:36,-31.9473,154.2,179.9,0.5356
S1,BICOUSDT,2024-03-06 06:41,21.4527,162.6,189.7,0.538
S1,BICOUSDT,2024-03-06 06:46,22.2527,167.4,195.3,0.53815
S1,BICOUSDT,2024-03-06 06:51,-5.74733,168,196,0.53875
S1,BICOUSDT,2024-03-06 06:56,21.9527,166.2,193.9,0.5386
S1,BICOUSDT,2024-03-06 07:01,21.9527,166.2,193.9,0.53645
S1,BICOUSDT,2024-03-06 07:06,21.9527,166.2,193.9,0.5343
S1,BICOUSDT,2024-03-06 07:11,21.9527,166.2,193.9,0.5334
S1,BICOUSDT,2024-03-06 07:16,118.053,195.6,228.2,0.5334
S1,BICOUSDT,2024-03-06 07:21,118.053,195.6,228.2,0.54025
S1,BICOUSDT,2024-03-06 07:26,118.053,195.6,228.2,0.53735
S1,BICOUSDT,2024-03-06 07:31,6.85267,221.4,258.3,0.5419
S1,BICOUSDT,2024-03-06 07:36,6.85267,221.4,258.3,0.53985
S1,BICOUSDT,2024-03-06 07:41,-67.4473,222.6,259.7,0.5423
S1,BICOUSDT,2024-03-06 07:46,-104.447,222,259,0.54165
S1,BICOUSDT,2024-03-06 07:51,-104.447,222,259,0.53935
S1,BICOUSDT,2024-03-06 07:56,-141.547,222.6,259.7,0.5393
S1,BICOUSDT,2024-03-06 08:01,-141.547,222.6,259.7,0.53915
S1,BICOUSDT,2024-03-06 08:06,-141.547,222.6,259.7,0.53795
S1,BICOUSDT,2024-03-06 08:11,-178.747,223.2,260.4,0.5373
S1,BICOUSDT,2024-03-06 08:16,-141.547,223.2,260.4,0.53885
S1,BICOUSDT,2024-03-06 08:21,-104.647,221.4,258.3,0.54145
S1,BICOUSDT,2024-03-06 08:26,-104.647,221.4,258.3,0.5387
S1,BICOUSDT,2024-03-06 08:31,7.15267,223.8,261.1,0.5367
S1,BICOUSDT,2024-03-06 08:36,7.15267,223.8,261.1,0.53325
S1,BICOUSDT,2024-03-06 08:41,44.8527,226.2,263.9,0.53145
S1,BICOUSDT,2024-03-06 08:46,82.5527,226.2,263.9,0.52875
S1,BICOUSDT,2024-03-06 08:51,120.453,227.4,265.3,0.52685
S1,BICOUSDT,2024-03-06 08:56,120.453,227.4,265.3,0.52845
S1,BICOUSDT,2024-03-06 09:01,120.453,227.4,265.3,0.5273
S1,BICOUSDT,2024-03-06 09:06,120.453,227.4,265.3,0.5272
S1,BICOUSDT,2024-03-06 09:11,120.453,227.4,265.3,0.5263
S1,BICOUSDT,2024-03-06 09:16,120.453,227.4,265.3,0.5266
S1,BICOUSDT,2024-03-06 09:21,98.6527,130.8,152.6,0.52685
S1,BICOUSDT,2024-03-06 09:26,98.6527,130.8,152.6,0.52515
S1,BICOUSDT,2024-03-06 09:31,79.3527,115.8,135.1,0.52315
S1,BICOUSDT,2024-03-06 09:36,41.3527,114,133,0.52465
S1,BICOUSDT,2024-03-06 09:41,41.3527,114,133,0.5239
S1,BICOUSDT,2024-03-06 09:46,23.6527,106.2,123.9,0.5214
S1,BICOUSDT,2024-03-06 09:51,23.6527,106.2,123.9,0.52065
S1,BICOUSDT,2024-03-06 09:56,22.9527,106.2,123.9,0.5198
S1,BICOUSDT,2024-03-06 10:01,22.9527,106.2,123.9,0.52065
S1,BICOUSDT,2024-03-06 10:06,22.9527,106.2,123.9,0.52035
S1,BICOUSDT,2024-03-06 10:11,4.05267,113.4,132.3,0.52195
S1,BICOUSDT,2024-03-06 10:16,4.05267,113.4,132.3,0.52125
S1,BICOUSDT,2024-03-06 10:21,4.05267,113.4,132.3,0.52065
S1,BICOUSDT,2024-03-06 10:26,4.05267,113.4,132.3,0.52075
S1,BICOUSDT,2024-03-06 10:31,4.05267,113.4,132.3,0.5202
S1,BICOUSDT,2024-03-06 10:36,4.05267,113.4,132.3,0.52095
S1,BICOUSDT,2024-03-06 10:41,4.05267,113.4,132.3,0.521
S1,BICOUSDT,2024-03-06 10:46,4.05267,113.4,132.3,0.52315
S1,BICOUSDT,2024-03-06 10:51,-17.0473,126.6,147.7,0.52475
S1,BICOUSDT,2024-03-06 10:56,2.65267,118.2,137.9,0.5223
S1,BICOUSDT,2024-03-06 11:01,2.65267,118.2,137.9,0.52165
S1,BICOUSDT,2024-03-06 11:06,2.65267,118.2,137.9,0.52225
S1,BICOUSDT,2024-03-06 11:11,2.65267,118.2,137.9,0.52195
S1,BICOUSDT,2024-03-06 11:16,2.65267,118.2,137.9,0.5254
S1,BICOUSDT,2024-03-06 11:21,2.65267,118.2,137.9,0.5275
S1,BICOUSDT,2024-03-06 11:26,2.65267,118.2,137.9,0.5255
S1,BICOUSDT,2024-03-06 11:31,2.75267,129.6,151.2,0.52485
S1,BICOUSDT,2024-03-06 11:36,2.75267,129.6,151.2,0.5215
S1,BICOUSDT,2024-03-06 11:41,2.75267,129.6,151.2,0.52275
S1,BICOUSDT,2024-03-06 11:46,2.75267,129.6,151.2,0.52115
S1,BICOUSDT,2024-03-06 11:51,2.75267,129.6,151.2,0.52165
S1,BICOUSDT,2024-03-06 11:56,2.75267,129.6,151.2,0.5217
S1,BICOUSDT,2024-03-06 12:01,2.75267,129.6,151.2,0.5225
S1,BICOUSDT,2024-03-06 12:06,-12.8473,93.6,109.2,0.5258
S1,BICOUSDT,2024-03-06 12:11,-12.8473,93.6,109.2,0.52465
S1,BICOUSDT,2024-03-06 12:16,-12.8473,93.6,109.2,0.52225
S1,BICOUSDT,2024-03-06 12:21,-12.8473,93.6,109.2,0.5211
S1,BICOUSDT,2024-03-06 12:26,2.05267,89.4,104.3,0.5201
S1,BICOUSDT,2024-03-06 12:31,2.05267,89.4,104.3,0.52205
S1,BICOUSDT,2024-03-06 12:36,2.05267,89.4,104.3,0.52125
S1,BICOUSDT,2024-03-06 12:41,17.6527,93.6,109.2,0.51605
S1,BICOUSDT,2024-03-06 12:46,17.6527,93.6,109.2,0.5109
S1,BICOUSDT,2024-03-06 12:51,17.6527,93.6,109.2,0.5145
S1,BICOUSDT,2024-03-06 12:56,17.6527,93.6,109.2,0.5174
S1,BICOUSDT,2024-03-06 13:01,-0.647334,109.8,128.1,0.51695
S1,BICOUSDT,2024-03-06 13:06,-0.647334,109.8,128.1,0.5168
S1,BICOUSDT,2024-03-06 13:11,-0.647334,109.8,128.1,0.51225
S1,BICOUSDT,2024-03-06 13:16,-19.0473,110.4,128.8,0.515
S1,BICOUSDT,2024-03-06 13:21,-37.5473,111,129.5,0.5178
S1,BICOUSDT,2024-03-06 13:26,-37.5473,111,129.5,0.5127
S1,BICOUSDT,2024-03-06 13:31,-37.5473,111,129.5,0.51445
S1,BICOUSDT,2024-03-06 13:36,-37.5473,111,129.5,0.5166
S1,BICOUSDT,2024-03-06 13:41,-79.9473,127.8,149.1,0.5151
S1,BICOUSDT,2024-03-06 13:46,-79.9473,127.8,149.1,0.51335
S1,BICOUSDT,2024-03-06 13:51,-39.0473,123,143.5,0.5137
S1,BICOUSDT,2024-03-06 13:56,-61.4473,134.4,156.8,0.5184
S1,BICOUSDT,2024-03-06 14:01,-84.9473,141,164.5,0.51735
S1,BICOUSDT,2024-03-06 14:06,-84.9473,141,164.5,0.5186
S1,BICOUSDT,2024-03-06 14:11,-84.9473,141,164.5,0.519
S1,BICOUSDT,2024-03-06 14:16,-110.447,153,178.5,0.5169
S1,BICOUSDT,2024-03-06 14:21,-110.447,153,178.5,0.5164
S1,BICOUSDT,2024-03-06 14:26,-110.447,153,178.5,0.51545
S1,BICOUSDT,2024-03-06 14:31,-83.7473,160.2,186.9,0.51415
S1,BICOUSDT,2024-03-06 14:36,-83.7473,160.2,186.9,0.5148
S1,BICOUSDT,2024-03-06 14:41,-59.9473,142.8,166.6,0.5121
S1,BICOUSDT,2024-03-06 14:46,-38.3473,129.6,151.2,0.50535
S1,BICOUSDT,2024-03-06 14:51,-38.3473,129.6,151.2,0.5092
S1,BICOUSDT,2024-03-06 14:56,-38.3473,129.6,151.2,0.50845
S1,BICOUSDT,2024-03-06 15:01,-38.3473,129.6,151.2,0.5082
S1,BICOUSDT,2024-03-06 15:06,-38.3473,129.6,151.2,0.5034
S1,BICOUSDT,2024-03-06 15:11,-38.3473,129.6,151.2,0.50515
S1,BICOUSDT,2024-03-06 15:16,-38.3473,129.6,151.2,0.507
S1,BICOUSDT,2024-03-06 15:21,-38.3473,129.6,151.2,0.5057
S1,BICOUSDT,2024-03-06 15:26,-38.3473,129.6,151.2,0.508
S1,BICOUSDT,2024-03-06 15:31,-38.3473,89.4,104.3,0.5123
S1,BICOUSDT,2024-03-06 15:36,-38.3473,89.4,104.3,0.5136
S1,BICOUSDT,2024-03-06 15:41,-38.3473,89.4,104.3,0.51295
S1,BICOUSDT,2024-03-06 15:46,-53.6473,91.8,107.1,0.51495
S1,BICOUSDT,2024-03-06 15:51,-53.6473,91.8,107.1,0.5118
S1,BICOUSDT,2024-03-06 15:56,-37.6473,96,112,0.5135
S1,BICOUSDT,2024-03-06 16:01,-37.6473,96,112,0.5141
S1,BICOUSDT,2024-03-06 16:06,-37.6473,96,112,0.5146
S1,BICOUSDT,2024-03-06 16:11,-3.34733,102.6,119.7,0.5139
S1,BICOUSDT,2024-03-06 16:16,-3.34733,102.6,119.7,0.51605
S1,BICOUSDT,2024-03-06 16:21,-3.34733,102.6,119.7,0.51645
S1,BICOUSDT,2024-03-06 16:26,-3.34733,102.6,119.7,0.5165
S1,BICOUSDT,2024-03-06 16:31,-3.34733,102.6,119.7,0.51695
S1,BICOUSDT,2024-03-06 16:36,-3.34733,102.6,119.7,0.51265
S1,BICOUSDT,2024-03-06 16:41,-3.34733,102.6,119.7,0.5119
S1,BICOUSDT,2024-03-06 16:46,-3.34733,102.6,119.7,0.51405
S1,BICOUSDT,2024-03-06 16:51,-3.34733,102.6,119.7,0.5141
S1,BICOUSDT,2024-03-06 16:56,16.2527,117.6,137.2,0.5157
S1,BICOUSDT,2024-03-06 17:01,-2.04733,110.4,128.8,0.51445
S1,BICOUSDT,2024-03-06 17:06,-2.04733,110.4,128.8,0.51275
S1,BICOUSDT,2024-03-06 17:11,-2.04733,110.4,128.8,0.5152
S1,BICOUSDT,2024-03-06 17:16,-2.04733,110.4,128.8,0.5164
S1,BICOUSDT,2024-03-06 17:21,-2.04733,110.4,128.8,0.5142
S1,BICOUSDT,2024-03-06 17:26,-2.04733,110.4,128.8,0.51275
S1,BICOUSDT,2024-03-06 17:31,-2.04733,110.4,128.8,0.51425
S1,BICOUSDT,2024-03-06 17:36,-2.04733,110.4,128.8,0.51755
S1,BICOUSDT,2024-03-06 17:41,-2.04733,110.4,128.8,0.51415
S1,BICOUSDT,2024-03-06 17:46,10.7527,76.8,89.6,0.51435
S1,BICOUSDT,2024-03-06 17:51,-1.74733,75,87.5,0.5172
S1,BICOUSDT,2024-03-06 17:56,-1.74733,75,87.5,0.5162
S1,BICOUSDT,2024-03-06 18:01,-1.74733,75,87.5,0.51575
S1,BICOUSDT,2024-03-06 18:06,11.1527,77.4,90.3,0.5172
S1,BICOUSDT,2024-03-06 18:11,11.1527,77.4,90.3,0.51485
S1,BICOUSDT,2024-03-06 18:16,11.1527,77.4,90.3,0.51605
S1,BICOUSDT,2024-03-06 18:21,11.1527,77.4,90.3,0.51645
S1,BICOUSDT,2024-03-06 18:26,11.1527,77.4,90.3,0.51655
S1,BICOUSDT,2024-03-06 18:31,11.1527,77.4,90.3,0.5164
S1,BICOUSDT,2024-03-06 18:36,11.1527,77.4,90.3,0.5123
S1,BICOUSDT,2024-03-06 18:41,11.1527,77.4,90.3,0.5143
S1,BICOUSDT,2024-03-06 18:46,11.1527,77.4,90.3,0.51515
S1,BICOUSDT,2024-03-06 18:51,-3.04733,85.2,99.4,0.5142
S1,BICOUSDT,2024-03-06 18:56,-3.04733,85.2,99.4,0.5165
S1,BICOUSDT,2024-03-06 19:01,-3.04733,85.2,99.4,0.51675
S1,BICOUSDT,2024-03-06 19:06,11.6527,88.2,102.9,0.5141
S1,BICOUSDT,2024-03-06 19:11,11.6527,88.2,102.9,0.51295
S1,BICOUSDT,2024-03-06 19:16,11.6527,88.2,102.9,0.51425
S1,BICOUSDT,2024-03-06 19:21,11.6527,88.2,102.9,0.51425
S1,BICOUSDT,2024-03-06 19:26,11.6527,88.2,102.9,0.51655
S1,BICOUSDT,2024-03-06 19:31,-4.44733,96.6,112.7,0.519
S1,BICOUSDT,2024-03-06 19:36,-4.44733,96.6,112.7,0.51735
S1,BICOUSDT,2024-03-06 19:41,-4.44733,96.6,112.7,0.51775
S1,BICOUSDT,2024-03-06 19:46,-4.44733,96.6,112.7,0.5179
S1,BICOUSDT,2024-03-06 19:51,-4.44733,96.6,112.7,0.51795
S1,BICOUSDT,2024-03-06 19:56,-4.44733,96.6,112.7,0.5175
S1,BICOUSDT,2024-03-06 20:01,-4.44733,96.6,112.7,0.51515
S1,BICOUSDT,2024-03-06 20:06,-22.3473,107.4,125.3,0.5172
S1,BICOUSDT,2024-03-06 20:11,-22.3473,107.4,125.3,0.5173
S1,BICOUSDT,2024-03-06 20:16,-22.3473,107.4,125.3,0.51695
S1,BICOUSDT,2024-03-06 20:21,-22.3473,107.4,125.3,0.5176
S1,BICOUSDT,2024-03-06 20:26,-22.3473,107.4,125.3,0.5159
S1,BICOUSDT,2024-03-06 20:31,-22.3473,107.4,125.3,0.51625
S1,BICOUSDT,2024-03-06 20:36,-22.3473,107.4,125.3,0.51495
S1,BICOUSDT,2024-03-06 20:41,-22.3473,107.4,125.3,0.5176
S1,BICOUSDT,2024-03-06 20:46,-22.3473,107.4,125.3,0.5181
S1,BICOUSDT,2024-03-06 20:51,-22.3473,107.4,125.3,0.51805
S1,BICOUSDT,2024-03-06 20:56,-22.3473,107.4,125.3,0.51815
S1,BICOUSDT,2024-03-06 21:01,-22.3473,107.4,125.3,0.5188
S1,BICOUSDT,2024-03-06 21:06,-41.4473,114.6,133.7,0.5211
S1,BICOUSDT,2024-03-06 21:11,-41.4473,114.6,133.7,0.52195
S1,BICOUSDT,2024-03-06 21:16,-41.4473,114.6,133.7,0.5199
S1,BICOUSDT,2024-03-06 21:21,-41.4473,114.6,133.7,0.52095
S1,BICOUSDT,2024-03-06 21:26,-41.4473,114.6,133.7,0.5217
S1,BICOUSDT,2024-03-06 21:31,-41.4473,114.6,133.7,0.52255
S1,BICOUSDT,2024-03-06 21:36,-41.4473,114.6,133.7,0.5213
S1,BICOUSDT,2024-03-06 21:41,-65.9473,147,171.5,0.5229
S1,BICOUSDT,2024-03-06 21:46,-65.9473,147,171.5,0.5228
S1,BICOUSDT,2024-03-06 21:51,-65.9473,147,171.5,0.5238
S1,BICOUSDT,2024-03-06 21:56,-65.9473,147,171.5,0.52425
S1,BICOUSDT,2024-03-06 22:01,-65.9473,147,171.5,0.52425
S1,BICOUSDT,2024-03-06 22:06,-65.9473,147,171.5,0.5243
S1,BICOUSDT,2024-03-06 22:11,-65.9473,147,171.5,0.52585
S1,BICOUSDT,2024-03-06 22:16,-65.9473,147,171.5,0.52425
S1,BICOUSDT,2024-03-06 22:21,-65.9473,147,171.5,0.52405
S1,BICOUSDT,2024-03-06 22:26,-65.9473,147,171.5,0.5241
S1,BICOUSDT,2024-03-06 22:31,-65.9473,147,171.5,0.52425
S1,BICOUSDT,2024-03-06 22:36,-65.9473,147,171.5,0.52325
S1,BICOUSDT,2024-03-06 22:41,-65.9473,147,171.5,0.5225
S1,BICOUSDT,2024-03-06 22:46,-65.9473,147,171.5,0.51995
S1,BICOUSDT,2024-03-06 22:51,-21.1473,133.8,156.1,0.52255
S1,BICOUSDT,2024-03-06 22:56,-21.1473,133.8,156.1,0.5223
S1,BICOUSDT,2024-03-06 23:01,-21.1473,133.8,156.1,0.52015
S1,BICOUSDT,2024-03-06 23:06,-21.1473,133.8,156.1,0.5195
S1,BICOUSDT,2024-03-06 23:11,-21.1473,133.8,156.1,0.52195
S1,BICOUSDT,2024-03-06 23:16,-35.7473,87.6,102.2,0.5231
S1,BICOUSDT,2024-03-06 23:21,-35.7473,87.6,102.2,0.52495
S1,BICOUSDT,2024-03-06 23:26,-35.7473,87.6,102.2,0.52435
S1,BICOUSDT,2024-03-06 23:31,-35.7473,87.6,102.2,0.5249
S1,BICOUSDT,2024-03-06 23:36,-35.7473,87.6,102.2,0.52535
S1,BICOUSDT,2024-03-06 23:41,-35.7473,87.6,102.2,0.5257
S1,BICOUSDT,2024-03-06 23:46,-22.9473,76.8,89.6,0.52255
S1,BICOUSDT,2024-03-06 23:51,-22.9473,76.8,89.6,0.52295
S1,BICOUSDT,2024-03-06 23:56,-22.9473,76.8,89.6,0.5243
S1,BICOUSDT,2024-03-07 00:01,0,74.4,86.8,0.5254
S1,BICOUSDT,2024-03-07 00:06,0,74.4,86.8,0.52475
S1,BICOUSDT,2024-03-07 00:11,14.1,84.6,98.7,0.529
S1,BICOUSDT,2024-03-07 00:16,14.1,84.6,98.7,0.52975
S1,BICOUSDT,2024-03-07 00:21,-11.4,77.4,90.3,0.5315
S1,BICOUSDT,2024-03-07 00:26,-24.6,79.2,92.4,0.5275
S1,BICOUSDT,2024-03-07 00:31,-11.7,77.4,90.3,0.5251
S1,BICOUSDT,2024-03-07 00:36,-24.4,76.2,88.9,0.53065
S1,BICOUSDT,2024-03-07 00:41,-24.4,76.2,88.9,0.53085
S1,BICOUSDT,2024-03-07 00:46,-11.8,75.6,88.2,0.5335
S1,BICOUSDT,2024-03-07 00:51,0.9,76.2,88.9,0.53415
S1,BICOUSDT,2024-03-07 00:56,0.9,76.2,88.9,0.5349
S1,BICOUSDT,2024-03-07 01:01,13.2,73.8,86.1,0.53305
S1,BICOUSDT,2024-03-07 01:06,13.2,73.8,86.1,0.5276
S1,BICOUSDT,2024-03-07 01:11,13.2,73.8,86.1,0.52785
S1,BICOUSDT,2024-03-07 01:16,13.2,73.8,86.1,0.5284
S1,BICOUSDT,2024-03-07 01:21,13.2,73.8,86.1,0.5299
S1,BICOUSDT,2024-03-07 01:26,13.4,68.4,79.8,0.52835
S1,BICOUSDT,2024-03-07 01:31,24.7,67.8,79.1,0.5264
S1,BICOUSDT,2024-03-07 01:36,24.7,67.8,79.1,0.5261
S1,BICOUSDT,2024-03-07 01:41,24.7,67.8,79.1,0.52505
S1,BICOUSDT,2024-03-07 01:46,24.7,67.8,79.1,0.52985
S1,BICOUSDT,2024-03-07 01:51,24.7,67.8,79.1,0.53445
S1,BICOUSDT,2024-03-07 01:56,24.7,67.8,79.1,0.5376
S1,BICOUSDT,2024-03-07 02:01,24.7,67.8,79.1,0.53965
S1,BICOUSDT,2024-03-07 02:06,24.7,67.8,79.1,0.53685
S1,BICOUSDT,2024-03-07 02:11,1.9,68.4,79.8,0.54175
S1,BICOUSDT,2024-03-07 02:16,-9.8,70.2,81.9,0.54155
S1,BICOUSDT,2024-03-07 02:21,-9.8,70.2,81.9,0.5378
S1,BICOUSDT,2024-03-07 02:26,-21.4,69.6,81.2,0.5375
S1,BICOUSDT,2024-03-07 02:31,-9.6,70.8,82.6,0.53515
S1,BICOUSDT,2024-03-07 02:36,-9.6,70.8,82.6,0.5389
S1,BICOUSDT,2024-03-07 02:41,-9.6,70.8,82.6,0.54075
S1,BICOUSDT,2024-03-07 02:46,-9.6,70.8,82.6,0.5392
S1,BICOUSDT,2024-03-07 02:51,-9.4,67.8,79.1,0.54625
S1,BICOUSDT,2024-03-07 02:56,-9.4,67.8,79.1,0.54315
S1,BICOUSDT,2024-03-07 03:01,-20.3,65.4,76.3,0.54255
S1,BICOUSDT,2024-03-07 03:06,-20.3,65.4,76.3,0.54015
S1,BICOUSDT,2024-03-07 03:11,-20.3,65.4,76.3,0.54335
S1,BICOUSDT,2024-03-07 03:16,-20.3,65.4,76.3,0.54365
S1,BICOUSDT,2024-03-07 03:21,-20.3,65.4,76.3,0.5487
S1,BICOUSDT,2024-03-07 03:26,-40.7,61.2,71.4,0.55605
S1,BICOUSDT,2024-03-07 03:31,-40.7,61.2,71.4,0.559
S1,BICOUSDT,2024-03-07 03:36,-40.7,61.2,71.4,0.5561
S1,BICOUSDT,2024-03-07 03:41,-29.8,65.4,76.3,0.5476
S1,BICOUSDT,2024-03-07 03:46,-29.8,65.4,76.3,0.54355
S1,BICOUSDT,2024-03-07 03:51,-17.9,71.4,83.3,0.53735
S1,BICOUSDT,2024-03-07 03:56,-5.7,73.2,85.4,0.53755
S1,BICOUSDT,2024-03-07 04:01,19.1,74.4,86.8,0.53465
S1,BICOUSDT,2024-03-07 04:06,19.1,74.4,86.8,0.5302
S1,BICOUSDT,2024-03-07 04:11,31.6,75,87.5,0.53775
S1,BICOUSDT,2024-03-07 04:16,18.1,81,94.5,0.5425
S1,BICOUSDT,2024-03-07 04:21,33.1,90,105,0.54155
S1,BICOUSDT,2024-03-07 04:26,33.1,90,105,0.5396
S1,BICOUSDT,2024-03-07 04:31,18.1,90,105,0.53985
S1,BICOUSDT,2024-03-07 04:36,18.1,90,105,0.53555
S1,BICOUSDT,2024-03-07 04:41,17.5,90,105,0.53425
S1,BICOUSDT,2024-03-07 04:46,17.5,90,105,0.53345
S1,BICOUSDT,2024-03-07 04:51,17.5,90,105,0.53265
S1,BICOUSDT,2024-03-07 04:56,33.1,93.6,109.2,0.5254
S1,BICOUSDT,2024-03-07 05:01,33.1,93.6,109.2,0.5288
S1,BICOUSDT,2024-03-07 05:06,17.6,93,108.5,0.5317
S1,BICOUSDT,2024-03-07 05:11,1.9,94.2,109.9,0.5282
S1,BICOUSDT,2024-03-07 05:16,1.9,94.2,109.9,0.53035
S1,BICOUSDT,2024-03-07 05:21,1.9,94.2,109.9,0.5324
S1,BICOUSDT,2024-03-07 05:26,1.9,94.2,109.9,0.5296
S1,BICOUSDT,2024-03-07 05:31,1.9,94.2,109.9,0.52705
S1,BICOUSDT,2024-03-07 05:36,-9.8,70.2,81.9,0.5277
S1,BICOUSDT,2024-03-07 05:41,2.3,72.6,84.7,0.5238
S1,BICOUSDT,2024-03-07 05:46,28,77.4,90.3,0.524
S1,BICOUSDT,2024-03-07 05:51,28,77.4,90.3,0.52225
S1,BICOUSDT,2024-03-07 05:56,28,77.4,90.3,0.5209
S1,BICOUSDT,2024-03-07 06:01,28,77.4,90.3,0.5208
S1,BICOUSDT,2024-03-07 06:06,15.4,75.6,88.2,0.52035
S1,BICOUSDT,2024-03-07 06:11,15.4,75.6,88.2,0.51985
S1,BICOUSDT,2024-03-07 06:16,15.4,75.6,88.2,0.52285
S1,BICOUSDT,2024-03-07 06:21,15.4,75.6,88.2,0.52395
S1,BICOUSDT,2024-03-07 06:26,15.4,75.6,88.2,0.5276
S1,BICOUSDT,2024-03-07 06:31,-1.4,100.8,117.6,0.526
S1,BICOUSDT,2024-03-07 06:36,-35,100.8,117.6,0.5277
S1,BICOUSDT,2024-03-07 06:41,-67.1,96,112,0.53045
S1,BICOUSDT,2024-03-07 06:46,-67.1,96,112,0.5307
S1,BICOUSDT,2024-03-07 06:51,-52,90.6,105.7,0.52775
S1,BICOUSDT,2024-03-07 06:56,-36,96,112,0.52945
S1,BICOUSDT,2024-03-07 07:01,-36,96,112,0.5299
S1,BICOUSDT,2024-03-07 07:06,-36,96,112,0.53355
S1,BICOUSDT,2024-03-07 07:11,-36,96,112,0.53135
S1,BICOUSDT,2024-03-07 07:16,-36,96,112,0.53355
S1,BICOUSDT,2024-03-07 07:21,-23.1,77.4,90.3,0.53395
S1,BICOUSDT,2024-03-07 07:26,-23.1,77.4,90.3,0.53385
S1,BICOUSDT,2024-03-07 07:31,-23.1,77.4,90.3,0.5347
S1,BICOUSDT,2024-03-07 07:36,-23.1,77.4,90.3,0.53565
S1,BICOUSDT,2024-03-07 07:41,-23.1,77.4,90.3,0.53665
S1,BICOUSDT,2024-03-07 07:46,-10.1,78.6,91.7,0.5341
S1,BICOUSDT,2024-03-07 07:51,3.1,79.2,92.4,0.5318
S1,BICOUSDT,2024-03-07 07:56,3.1,79.2,92.4,0.5329
S1,BICOUSDT,2024-03-07 08:01,3.1,79.2,92.4,0.5336
S1,BICOUSDT,2024-03-07 08:06,3.1,79.2,92.4,0.53765
S1,BICOUSDT,2024-03-07 08:11,22.3,115.2,134.4,0.53715
S1,BICOUSDT,2024-03-07 08:16,22.3,115.2,134.4,0.5336
S1,BICOUSDT,2024-03-07 08:21,22.3,115.2,134.4,0.53385
S1,BICOUSDT,2024-03-07 08:26,22.3,115.2,134.4,0.53455
S1,BICOUSDT,2024-03-07 08:31,-2.5,148.8,173.6,0.53695
S1,BICOUSDT,2024-03-07 08:36,-2.5,148.8,173.6,0.5361
S1,BICOUSDT,2024-03-07 08:41,-2.5,148.8,173.6,0.53825
S1,BICOUSDT,2024-03-07 08:46,-50.1,142.2,165.9,0.54235
S1,BICOUSDT,2024-03-07 08:51,-50.1,142.2,165.9,0.5407
S1,BICOUSDT,2024-03-07 08:56,-50.1,142.2,165.9,0.53965
S1,BICOUSDT,2024-03-07 09:01,-70,119.4,139.3,0.54095
S1,BICOUSDT,2024-03-07 09:06,-70,119.4,139.3,0.5445
S1,BICOUSDT,2024-03-07 09:11,-70,119.4,139.3,0.5452
S1,BICOUSDT,2024-03-07 09:16,-70,119.4,139.3,0.5455
S1,BICOUSDT,2024-03-07 09:21,-55.8,85.2,99.4,0.5474
S1,BICOUSDT,2024-03-07 09:26,-42.4,80.4,93.8,0.54535
S1,BICOUSDT,2024-03-07 09:31,-29.1,79.8,93.1,0.5473
S1,BICOUSDT,2024-03-07 09:36,-42.4,79.8,93.1,0.54915
S1,BICOUSDT,2024-03-07 09:41,-16.2,78.6,91.7,0.5524
S1,BICOUSDT,2024-03-07 09:46,-16.2,78.6,91.7,0.5509
S1,BICOUSDT,2024-03-07 09:51,-3,79.2,92.4,0.55025
S1,BICOUSDT,2024-03-07 09:56,-16.3,79.8,93.1,0.55335
S1,BICOUSDT,2024-03-07 10:01,-29.6,80.4,93.8,0.5527
S1,BICOUSDT,2024-03-07 10:06,-29.6,80.4,93.8,0.55285
S1,BICOUSDT,2024-03-07 10:11,-29.6,80.4,93.8,0.55325
S1,BICOUSDT,2024-03-07 10:16,-17.1,75,87.5,0.55355
S1,BICOUSDT,2024-03-07 10:21,-17.1,75,87.5,0.55125
S1,BICOUSDT,2024-03-07 10:26,-17.1,75,87.5,0.55105
S1,BICOUSDT,2024-03-07 10:31,-17.2,76.8,89.6,0.5495
S1,BICOUSDT,2024-03-07 10:36,-17.2,76.8,89.6,0.5468
S1,BICOUSDT,2024-03-07 10:41,-3.7,81,94.5,0.54645
S1,BICOUSDT,2024-03-07 10:46,23.8,83.4,97.3,0.5478
S1,BICOUSDT,2024-03-07 10:51,23.8,83.4,97.3,0.54945
S1,BICOUSDT,2024-03-07 10:56,23.8,83.4,97.3,0.5463
S1,BICOUSDT,2024-03-07 11:01,23.8,83.4,97.3,0.54745
S1,BICOUSDT,2024-03-07 11:06,23.8,83.4,97.3,0.5466
S1,BICOUSDT,2024-03-07 11:11,4.3,117,136.5,0.55105
S1,BICOUSDT,2024-03-07 11:16,-16.6,125.4,146.3,0.54655
S1,BICOUSDT,2024-03-07 11:21,5.1,130.2,151.9,0.547
S1,BICOUSDT,2024-03-07 11:26,-17.3,134.4,156.8,0.54855
S1,BICOUSDT,2024-03-07 11:31,-17.3,134.4,156.8,0.54955
S1,BICOUSDT,2024-03-07 11:36,-17.3,134.4,156.8,0.54965
S1,BICOUSDT,2024-03-07 11:41,-17.3,134.4,156.8,0.5479
S1,BICOUSDT,2024-03-07 11:46,2.8,120.6,140.7,0.5462
S1,BICOUSDT,2024-03-07 11:51,2.8,120.6,140.7,0.54725
S1,BICOUSDT,2024-03-07 11:56,2.8,120.6,140.7,0.5461
S1,BICOUSDT,2024-03-07 12:01,2.8,120.6,140.7,0.545
S1,BICOUSDT,2024-03-07 12:06,2.8,120.6,140.7,0.5439
S1,BICOUSDT,2024-03-07 12:11,2.8,120.6,140.7,0.54285
S1,BICOUSDT,2024-03-07 12:16,2.8,120.6,140.7,0.5426
S1,BICOUSDT,2024-03-07 12:21,2.8,120.6,140.7,0.544
S1,BICOUSDT,2024-03-07 12:26,-25.4,169.2,197.4,0.5421
S1,BICOUSDT,2024-03-07 12:31,-25.4,169.2,197.4,0.54255
S1,BICOUSDT,2024-03-07 12:36,-52.9,165.6,193.2,0.5423
S1,BICOUSDT,2024-03-07 12:41,-52.9,165.6,193.2,0.54295
S1,BICOUSDT,2024-03-07 12:46,-52.9,165.6,193.2,0.5432
S1,BICOUSDT,2024-03-07 12:51,-52.9,165.6,193.2,0.54135
S1,BICOUSDT,2024-03-07 12:56,-52.9,165.6,193.2,0.53945
S1,BICOUSDT,2024-03-07 13:01,-52.9,165.6,193.2,0.5408
S1,BICOUSDT,2024-03-07 13:06,-24.7,169.2,197.4,0.54195
S1,BICOUSDT,2024-03-07 13:11,-49.8,150.6,175.7,0.54365
S1,BICOUSDT,2024-03-07 13:16,-49.8,150.6,175.7,0.54275
S1,BICOUSDT,2024-03-07 13:21,-49.8,150.6,175.7,0.54135
S1,BICOUSDT,2024-03-07 13:26,-49.8,150.6,175.7,0.54155
S1,BICOUSDT,2024-03-07 13:31,-49.8,150.6,175.7,0.5433
S1,BICOUSDT,2024-03-07 13:36,-49.8,150.6,175.7,0.54225
S1,BICOUSDT,2024-03-07 13:41,-49.8,150.6,175.7,0.53995
S1,BICOUSDT,2024-03-07 13:46,-49.8,150.6,175.7,0.5424
S1,BICOUSDT,2024-03-07 13:51,-49.8,150.6,175.7,0.54965
S1,BICOUSDT,2024-03-07 13:56,-49.8,150.6,175.7,0.54685
S1,BICOUSDT,2024-03-07 14:01,-49.8,150.6,175.7,0.54625
S1,BICOUSDT,2024-03-07 14:06,-49.8,150.6,175.7,0.5496
S1,BICOUSDT,2024-03-07 14:11,-49.8,150.6,175.7,0.54605
S1,BICOUSDT,2024-03-07 14:16,-34.9,89.4,104.3,0.5485
S1,BICOUSDT,2024-03-07 14:21,-18.8,96.6,112.7,0.54675
S1,BICOUSDT,2024-03-07 14:26,-18.7,106.2,123.9,0.55055
S1,BICOUSDT,2024-03-07 14:31,-18.7,106.2,123.9,0.5467
S1,BICOUSDT,2024-03-07 14:36,-18.7,106.2,123.9,0.55005
S1,BICOUSDT,2024-03-07 14:41,-18.7,106.2,123.9,0.55
S1,BICOUSDT,2024-03-07 14:46,0.2,113.4,132.3,0.53835
S1,BICOUSDT,2024-03-07 14:51,0.2,113.4,132.3,0.53945
S1,BICOUSDT,2024-03-07 14:56,0.2,113.4,132.3,0.5447
S1,BICOUSDT,2024-03-07 15:01,-17.2,104.4,121.8,0.5436
S1,BICOUSDT,2024-03-07 15:06,-17.2,104.4,121.8,0.54385
S1,BICOUSDT,2024-03-07 15:11,-17.2,104.4,121.8,0.54435
S1,BICOUSDT,2024-03-07 15:16,-1.5,94.2,109.9,0.5425
S1,BICOUSDT,2024-03-07 15:21,-1.5,94.2,109.9,0.5459
S1,BICOUSDT,2024-03-07 15:26,-1.5,94.2,109.9,0.54455
S1,BICOUSDT,2024-03-07 15:31,-1.5,94.2,109.9,0.54535
S1,BICOUSDT,2024-03-07 15:36,-1.5,94.2,109.9,0.54885
S1,BICOUSDT,2024-03-07 15:41,-1.5,94.2,109.9,0.5478
S1,BICOUSDT,2024-03-07 15:46,-1.5,94.2,109.9,0.54555
S1,BICOUSDT,2024-03-07 15:51,-13.8,73.8,86.1,0.54635
S1,BICOUSDT,2024-03-07 15:56,-13.8,73.8,86.1,0.54725
S1,BICOUSDT,2024-03-07 16:01,-13.8,73.8,86.1,0.54735
S1,BICOUSDT,2024-03-07 16:06,-13.8,73.8,86.1,0.54555
S1,BICOUSDT,2024-03-07 16:11,-13.8,73.8,86.1,0.54885
S1,BICOUSDT,2024-03-07 16:16,-13.8,73.8,86.1,0.54855
S1,BICOUSDT,2024-03-07 16:21,-13.8,73.8,86.1,0.54775
S1,BICOUSDT,2024-03-07 16:26,-13.8,73.8,86.1,0.5495
S1,BICOUSDT,2024-03-07 16:31,-13.8,73.8,86.1,0.5484
S1,BICOUSDT,2024-03-07 16:36,-13.8,73.8,86.1,0.54805
S1,BICOUSDT,2024-03-07 16:41,-13.8,73.8,86.1,0.55155
S1,BICOUSDT,2024-03-07 16:46,-38.8,75,87.5,0.5517
S1,BICOUSDT,2024-03-07 16:51,-38.8,75,87.5,0.5513
S1,BICOUSDT,2024-03-07 16:56,-38.8,75.6,88.2,0.5536
S1,BICOUSDT,2024-03-07 17:01,-38.9,72.6,84.7,0.5545
S1,BICOUSDT,2024-03-07 17:06,-38.9,72.6,84.7,0.5556
S1,BICOUSDT,2024-03-07 17:11,-38.9,72.6,84.7,0.55725
S1,BICOUSDT,2024-03-07 17:16,-38.9,72.6,84.7,0.5558
S1,BICOUSDT,2024-03-07 17:21,-28.3,63.6,74.2,0.55375
S1,BICOUSDT,2024-03-07 17:26,-28.3,63.6,74.2,0.55495
S1,BICOUSDT,2024-03-07 17:31,-28.3,63.6,74.2,0.5521
S1,BICOUSDT,2024-03-07 17:36,-28.3,63.6,74.2,0.55495
S1,BICOUSDT,2024-03-07 17:41,-28.3,63.6,74.2,0.5558
S1,BICOUSDT,2024-03-07 17:46,-37.3,54,63,0.55685
S1,BICOUSDT,2024-03-07 17:51,-37.3,54,63,0.556
S1,BICOUSDT,2024-03-07 17:56,-28.8,51,59.5,0.55665
S1,BICOUSDT,2024-03-07 18:01,-20.5,49.8,58.1,0.5569
S1,BICOUSDT,2024-03-07 18:06,-20.5,49.8,58.1,0.5589
S1,BICOUSDT,2024-03-07 18:11,-20.4,49.8,58.1,0.56215
S1,BICOUSDT,2024-03-07 18:16,-20.7,52.8,61.6,0.564
S1,BICOUSDT,2024-03-07 18:21,-11.9,52.8,61.6,0.56245
S1,BICOUSDT,2024-03-07 18:26,-3,53.4,62.3,0.56095
S1,BICOUSDT,2024-03-07 18:31,-3,53.4,62.3,0.56005
S1,BICOUSDT,2024-03-07 18:36,6.3,56.4,65.8,0.55965
S1,BICOUSDT,2024-03-07 18:41,6.3,56.4,65.8,0.5594
S1,BICOUSDT,2024-03-07 18:46,6.3,56.4,65.8,0.56225
S1,BICOUSDT,2024-03-07 18:51,6.3,56.4,65.8,0.5601
S1,BICOUSDT,2024-03-07 18:56,6.3,56.4,65.8,0.5599
S1,BICOUSDT,2024-03-07 19:01,6.3,56.4,65.8,0.56085
S1,BICOUSDT,2024-03-07 19:06,6.3,56.4,65.8,0.5619
S1,BICOUSDT,2024-03-07 19:11,6.3,56.4,65.8,0.5621
S1,BICOUSDT,2024-03-07 19:16,6.3,56.4,65.8,0.5595
S1,BICOUSDT,2024-03-07 19:21,6.3,56.4,65.8,0.55855
S1,BICOUSDT,2024-03-07 19:26,6.4,66.6,77.7,0.5608
S1,BICOUSDT,2024-03-07 19:31,6.3,67.8,79.1,0.56175
S1,BICOUSDT,2024-03-07 19:36,6.3,67.8,79.1,0.5617
S1,BICOUSDT,2024-03-07 19:41,6.3,67.8,79.1,0.5644
S1,BICOUSDT,2024-03-07 19:46,17.4,66.6,77.7,0.56295
S1,BICOUSDT,2024-03-07 19:51,6.1,67.8,79.1,0.5648
S1,BICOUSDT,2024-03-07 19:56,-17.7,71.4,83.3,0.56705
S1,BICOUSDT,2024-03-07 20:01,-17.7,71.4,83.3,0.57205
S1,BICOUSDT,2024-03-07 20:06,-17.7,71.4,83.3,0.56975
S1,BICOUSDT,2024-03-07 20:11,-17.7,71.4,83.3,0.56845
S1,BICOUSDT,2024-03-07 20:16,-5.8,71.4,83.3,0.56585
S1,BICOUSDT,2024-03-07 20:21,6.3,72.6,84.7,0.5643
S1,BICOUSDT,2024-03-07 20:26,6.3,72.6,84.7,0.56895
S1,BICOUSDT,2024-03-07 20:31,6.3,72.6,84.7,0.5627
S1,BICOUSDT,2024-03-07 20:36,6.3,72.6,84.7,0.55955
S1,BICOUSDT,2024-03-07 20:41,-17.1,70.2,81.9,0.5714
S1,BICOUSDT,2024-03-07 20:46,-5.3,70.8,82.6,0.56865
S1,BICOUSDT,2024-03-07 20:51,-5.3,70.8,82.6,0.56725
S1,BICOUSDT,2024-03-07 20:56,-5.3,70.8,82.6,0.56775
S1,BICOUSDT,2024-03-07 21:01,-5.3,70.8,82.6,0.5743
S1,BICOUSDT,2024-03-07 21:06,-5.3,70.8,82.6,0.56695
S1,BICOUSDT,2024-03-07 21:11,-5.3,70.8,82.6,0.56955
S1,BICOUSDT,2024-03-07 21:16,-5.3,70.8,82.6,0.5685
S1,BICOUSDT,2024-03-07 21:21,-5.3,70.8,82.6,0.56705
S1,BICOUSDT,2024-03-07 21:26,-5.3,70.8,82.6,0.5661
S1,BICOUSDT,2024-03-07 21:31,-5.3,70.8,82.6,0.5691
S1,BICOUSDT,2024-03-07 21:36,6,67.8,79.1,0.5671
S1,BICOUSDT,2024-03-07 21:41,6,67.8,79.1,0.5701
S1,BICOUSDT,2024-03-07 21:46,6,65.4,76.3,0.56735
S1,BICOUSDT,2024-03-07 21:51,17.1,66.6,77.7,0.5635
S1,BICOUSDT,2024-03-07 21:56,6.1,66,77,0.5661
S1,BICOUSDT,2024-03-07 22:01,-4.3,62.4,72.8,0.5675
S1,BICOUSDT,2024-03-07 22:06,-4.3,62.4,72.8,0.56295
S1,BICOUSDT,2024-03-07 22:11,-4.3,62.4,72.8,0.56255
S1,BICOUSDT,2024-03-07 22:16,-4.3,62.4,72.8,0.5642
S1,BICOUSDT,2024-03-07 22:21,-4.3,58.8,68.6,0.56695
S1,BICOUSDT,2024-03-07 22:26,-4.3,58.8,68.6,0.5652
S1,BICOUSDT,2024-03-07 22:31,5,55.8,65.1,0.56375
S1,BICOUSDT,2024-03-07 22:36,5,55.8,65.1,0.56325
S1,BICOUSDT,2024-03-07 22:41,14.3,55.8,65.1,0.56555
S1,BICOUSDT,2024-03-07 22:46,14.3,55.8,65.1,0.56405
S1,BICOUSDT,2024-03-07 22:51,14.3,55.8,65.1,0.5673
S1,BICOUSDT,2024-03-07 22:56,-3.1,52.2,60.9,0.5657
S1,BICOUSDT,2024-03-07 23:01,-3.1,52.2,60.9,0.5642
S1,BICOUSDT,2024-03-07 23:06,-3.1,52.2,60.9,0.56675
S1,BICOUSDT,2024-03-07 23:11,5.8,53.4,62.3,0.56845
S1,BICOUSDT,2024-03-07 23:16,5.8,53.4,62.3,0.56655
S1,BICOUSDT,2024-03-07 23:21,5.8,53.4,62.3,0.56735
S1,BICOUSDT,2024-03-07 23:26,5.8,53.4,62.3,0.56735
S1,BICOUSDT,2024-03-07 23:31,5.8,53.4,62.3,0.57
S1,BICOUSDT,2024-03-07 23:36,5.8,53.4,62.3,0.5687
S1,BICOUSDT,2024-03-07 23:41,-3.4,55.2,64.4,0.5688
S1,BICOUSDT,2024-03-07 23:46,6,56.4,65.8,0.5665
S1,BICOUSDT,2024-03-07 23:51,6,57.6,67.2,0.5679
S1,BICOUSDT,2024-03-07 23:56,6,57.6,67.2,0.5663
S1,BICOUSDT,2024-03-08 00:01,0,64.2,74.9,0.57045
S1,BICOUSDT,2024-03-08 00:06,0,64.2,74.9,0.5687
S1,BICOUSDT,2024-03-08 00:11,0,64.2,74.9,0.5689
S1,BICOUSDT,2024-03-08 00:16,0,64.2,74.9,0.57075
S1,BICOUSDT,2024-03-08 00:21,0,64.2,74.9,0.57035
S1,BICOUSDT,2024-03-08 00:26,0,64.2,74.9,0.57365
S1,BICOUSDT,2024-03-08 00:31,9.3,55.8,65.1,0.57195
S1,BICOUSDT,2024-03-08 00:36,9.3,55.8,65.1,0.5724
S1,BICOUSDT,2024-03-08 00:41,9.3,55.8,65.1,0.5722
S1,BICOUSDT,2024-03-08 00:46,9.3,55.8,65.1,0.56875
S1,BICOUSDT,2024-03-08 00:51,9.3,55.8,65.1,0.56965
S1,BICOUSDT,2024-03-08 00:56,9.3,55.8,65.1,0.57025
S1,BICOUSDT,2024-03-08 01:01,9.3,55.8,65.1,0.56785
S1,BICOUSDT,2024-03-08 01:06,9.3,55.8,65.1,0.5684
S1,BICOUSDT,2024-03-08 01:11,19.6,61.8,72.1,0.5677
S1,BICOUSDT,2024-03-08 01:16,19.6,61.8,72.1,0.56575
S1,BICOUSDT,2024-03-08 01:21,19.6,61.8,72.1,0.5656
S1,BICOUSDT,2024-03-08 01:26,19.6,61.8,72.1,0.56225
S1,BICOUSDT,2024-03-08 01:31,19.6,61.8,72.1,0.56155
S1,BICOUSDT,2024-03-08 01:36,19.6,61.8,72.1,0.5598
S1,BICOUSDT,2024-03-08 01:41,19.6,61.8,72.1,0.55905
S1,BICOUSDT,2024-03-08 01:46,19.6,61.8,72.1,0.5617
S1,BICOUSDT,2024-03-08 01:51,19.6,61.8,72.1,0.56025
S1,BICOUSDT,2024-03-08 01:56,7.5,72.6,84.7,0.561
S1,BICOUSDT,2024-03-08 02:01,7.5,72.6,84.7,0.55845
S1,BICOUSDT,2024-03-08 02:06,7.5,72.6,84.7,0.5609
S1,BICOUSDT,2024-03-08 02:11,7.5,72.6,84.7,0.5582
S1,BICOUSDT,2024-03-08 02:16,17.4,59.4,69.3,0.55835
S1,BICOUSDT,2024-03-08 02:21,17.4,59.4,69.3,0.55745
S1,BICOUSDT,2024-03-08 02:26,8.2,55.2,64.4,0.55945
S1,BICOUSDT,2024-03-08 02:31,8.2,55.2,64.4,0.55905
S1,BICOUSDT,2024-03-08 02:36,8.2,55.2,64.4,0.55945
S1,BICOUSDT,2024-03-08 02:41,8.2,55.2,64.4,0.55875
S1,BICOUSDT,2024-03-08 02:46,8.2,55.2,64.4,0.5586
S1,BICOUSDT,2024-03-08 02:51,8.2,55.2,64.4,0.5586
S1,BICOUSDT,2024-03-08 02:56,8.2,55.2,64.4,0.55565
S1,BICOUSDT,2024-03-08 03:01,8.2,55.2,64.4,0.55505
S1,BICOUSDT,2024-03-08 03:06,8.2,55.2,64.4,0.5541
S1,BICOUSDT,2024-03-08 03:11,8.2,55.2,64.4,0.55475
S1,BICOUSDT,2024-03-08 03:16,8.2,55.2,64.4,0.556
S1,BICOUSDT,2024-03-08 03:21,17.2,54,63,0.5553
S1,BICOUSDT,2024-03-08 03:26,17.2,54,63,0.5554
S1,BICOUSDT,2024-03-08 03:31,8.2,54,63,0.5564
S1,BICOUSDT,2024-03-08 03:36,8.2,54,63,0.5562
S1,BICOUSDT,2024-03-08 03:41,8.2,54,63,0.55855
S1,BICOUSDT,2024-03-08 03:46,8.2,54,63,0.55735
S1,BICOUSDT,2024-03-08 03:51,8.2,54,63,0.5584
S1,BICOUSDT,2024-03-08 03:56,8.2,54,63,0.5586
S1,BICOUSDT,2024-03-08 04:01,8.2,54,63,0.55725
S1,BICOUSDT,2024-03-08 04:06,8.2,54,63,0.55805
S1,BICOUSDT,2024-03-08 04:11,8.2,54,63,0.55865
S1,BICOUSDT,2024-03-08 04:16,8.2,54,63,0.5575
S1,BICOUSDT,2024-03-08 04:21,0.5,46.2,53.9,0.55745
S1,BICOUSDT,2024-03-08 04:26,0.5,46.2,53.9,0.5581
S1,BICOUSDT,2024-03-08 04:31,0.5,46.2,53.9,0.55755
S1,BICOUSDT,2024-03-08 04:36,20.3,59.4,69.3,0.55385
S1,BICOUSDT,2024-03-08 04:41,30.3,60,70,0.5524
S1,BICOUSDT,2024-03-08 04:46,30.3,60,70,0.5527
S1,BICOUSDT,2024-03-08 04:51,30.3,60,70,0.55695
S1,BICOUSDT,2024-03-08 04:56,30.3,60,70,0.55655
S1,BICOUSDT,2024-03-08 05:01,30.3,60,70,0.55595
S1,BICOUSDT,2024-03-08 05:06,30.3,60,70,0.5577
S1,BICOUSDT,2024-03-08 05:11,30.3,60,70,0.5566
S1,BICOUSDT,2024-03-08 05:16,30.3,60,70,0.5565
S1,BICOUSDT,2024-03-08 05:21,30.3,60,70,0.55575
S1,BICOUSDT,2024-03-08 05:26,30.3,60,70,0.56005
S1,BICOUSDT,2024-03-08 05:31,18.7,69.6,81.2,0.5581
S1,BICOUSDT,2024-03-08 05:36,18.7,69.6,81.2,0.55885
S1,BICOUSDT,2024-03-08 05:41,-1.3,60,70,0.562
S1,BICOUSDT,2024-03-08 05:46,-1.4,58.2,67.9,0.55885
S1,BICOUSDT,2024-03-08 05:51,-10.9,57,66.5,0.5592
S1,BICOUSDT,2024-03-08 05:56,-10.9,57,66.5,0.55815
S1,BICOUSDT,2024-03-08 06:01,-20.6,58.2,67.9,0.55765
S1,BICOUSDT,2024-03-08 06:06,-20.6,58.2,67.9,0.5564
S1,BICOUSDT,2024-03-08 06:11,-20.6,56.4,65.8,0.559
S1,BICOUSDT,2024-03-08 06:16,-20.6,56.4,65.8,0.56075
S1,BICOUSDT,2024-03-08 06:21,-20.6,56.4,65.8,0.55935
S1,BICOUSDT,2024-03-08 06:26,-20.6,56.4,65.8,0.55825
S1,BICOUSDT,2024-03-08 06:31,-20.6,56.4,65.8,0.5587
S1,BICOUSDT,2024-03-08 06:36,-20.6,56.4,65.8,0.55845
S1,BICOUSDT,2024-03-08 06:41,-11.7,53.4,62.3,0.5574
S1,BICOUSDT,2024-03-08 06:46,-11.7,53.4,62.3,0.55745
S1,BICOUSDT,2024-03-08 06:51,-11.7,53.4,62.3,0.5585
S1,BICOUSDT,2024-03-08 06:56,-11.7,53.4,62.3,0.5573
S1,BICOUSDT,2024-03-08 07:01,-11.7,53.4,62.3,0.55675
S1,BICOUSDT,2024-03-08 07:06,-11.7,53.4,62.3,0.5564
S1,BICOUSDT,2024-03-08 07:11,-11.7,53.4,62.3,0.55535
S1,BICOUSDT,2024-03-08 07:16,-1.3,62.4,72.8,0.554
S1,BICOUSDT,2024-03-08 07:21,10.1,68.4,79.8,0.55415
S1,BICOUSDT,2024-03-08 07:26,10.1,68.4,79.8,0.5536
S1,BICOUSDT,2024-03-08 07:31,10.1,68.4,79.8,0.55415
S1,BICOUSDT,2024-03-08 07:36,22.1,72,84,0.55295
S1,BICOUSDT,2024-03-08 07:41,22.1,72,84,0.5541
S1,BICOUSDT,2024-03-08 07:46,22.1,72,84,0.55345
S1,BICOUSDT,2024-03-08 07:51,13.1,54,63,0.5541
S1,BICOUSDT,2024-03-08 07:56,13.1,54,63,0.55325
S1,BICOUSDT,2024-03-08 08:01,13.1,54,63,0.5534
S1,BICOUSDT,2024-03-08 08:06,13.1,54,63,0.5539
S1,BICOUSDT,2024-03-08 08:11,13.1,54,63,0.55245
S1,BICOUSDT,2024-03-08 08:16,13.1,54,63,0.55315
S1,BICOUSDT,2024-03-08 08:21,21.7,51.6,60.2,0.55195
S1,BICOUSDT,2024-03-08 08:26,21.7,51.6,60.2,0.54865
S1,BICOUSDT,2024-03-08 08:31,30.5,52.8,61.6,0.5472
S1,BICOUSDT,2024-03-08 08:36,30.5,52.8,61.6,0.54765
S1,BICOUSDT,2024-03-08 08:41,39.4,53.4,62.3,0.54645
S1,BICOUSDT,2024-03-08 08:46,43.8,57.6,67.2,0.54535
S1,BICOUSDT,2024-03-08 08:51,33.8,60,70,0.54625
S1,BICOUSDT,2024-03-08 08:56,33.8,60,70,0.54605
S1,BICOUSDT,2024-03-08 09:01,33.8,60,70,0.5454
S1,BICOUSDT,2024-03-08 09:06,33.8,60,70,0.54565
S1,BICOUSDT,2024-03-08 09:11,13.2,61.8,72.1,0.54605
S1,BICOUSDT,2024-03-08 09:16,13.2,61.8,72.1,0.5457
S1,BICOUSDT,2024-03-08 09:21,13.2,61.8,72.1,0.5469
S1,BICOUSDT,2024-03-08 09:26,23.9,64.8,75.6,0.5451
S1,BICOUSDT,2024-03-08 09:31,23.9,64.8,75.6,0.54375
S1,BICOUSDT,2024-03-08 09:36,13.1,64.8,75.6,0.54495
S1,BICOUSDT,2024-03-08 09:41,13.1,64.8,75.6,0.5452
S1,BICOUSDT,2024-03-08 09:46,13.1,64.8,75.6,0.5457
S1,BICOUSDT,2024-03-08 09:51,13.1,64.8,75.6,0.5445
S1,BICOUSDT,2024-03-08 09:56,13.1,64.8,75.6,0.544
S1,BICOUSDT,2024-03-08 10:01,13.1,64.8,75.6,0.5436
S1,BICOUSDT,2024-03-08 10:06,3.4,58.2,67.9,0.54375
S1,BICOUSDT,2024-03-08 10:11,13.4,60,70,0.54285
S1,BICOUSDT,2024-03-08 10:16,13.4,60,70,0.54335
S1,BICOUSDT,2024-03-08 10:21,13.4,60,70,0.54385
S1,BICOUSDT,2024-03-08 10:26,1.8,69.6,81.2,0.54275
S1,BICOUSDT,2024-03-08 10:31,14.8,82.2,95.9,0.54215
S1,BICOUSDT,2024-03-08 10:36,14.8,82.2,95.9,0.54315
S1,BICOUSDT,2024-03-08 10:41,14.8,82.2,95.9,0.5436
S1,BICOUSDT,2024-03-08 10:46,14.8,82.2,95.9,0.5417
S1,BICOUSDT,2024-03-08 10:51,14.8,82.2,95.9,0.54095
S1,BICOUSDT,2024-03-08 10:56,14.8,82.2,95.9,0.542
S1,BICOUSDT,2024-03-08 11:01,14.8,82.2,95.9,0.5403
S1,BICOUSDT,2024-03-08 11:06,74,177.6,207.2,0.5392
S1,BICOUSDT,2024-03-08 11:11,74,177.6,207.2,0.5393
S1,BICOUSDT,2024-03-08 11:16,74,177.6,207.2,0.53855
S1,BICOUSDT,2024-03-08 11:21,74,177.6,207.2,0.53905
S1,BICOUSDT,2024-03-08 11:26,74,177.6,207.2,0.5405
S1,BICOUSDT,2024-03-08 11:31,43,186,217,0.5394
S1,BICOUSDT,2024-03-08 11:36,43,186,217,0.5408
S1,BICOUSDT,2024-03-08 11:41,43,186,217,0.5404
S1,BICOUSDT,2024-03-08 11:46,15.3,166.2,193.9,0.5427
S1,BICOUSDT,2024-03-08 11:51,15.3,166.2,193.9,0.5415
S1,BICOUSDT,2024-03-08 11:56,15.3,166.2,193.9,0.5405
S1,BICOUSDT,2024-03-08 12:01,15.3,166.2,193.9,0.5406
S1,BICOUSDT,2024-03-08 12:06,15.3,166.2,193.9,0.53945
S1,BICOUSDT,2024-03-08 12:11,15.1,182.4,212.8,0.54085
S1,BICOUSDT,2024-03-08 12:16,-15.5,183.6,214.2,0.5419
S1,BICOUSDT,2024-03-08 12:21,14.7,181.2,211.4,0.5417
S1,BICOUSDT,2024-03-08 12:26,14.7,181.2,211.4,0.54325
S1,BICOUSDT,2024-03-08 12:31,14.7,181.2,211.4,0.54365
S1,BICOUSDT,2024-03-08 12:36,-9.2,143.4,167.3,0.54755
S1,BICOUSDT,2024-03-08 12:41,-9.2,143.4,167.3,0.5457
S1,BICOUSDT,2024-03-08 12:46,-9.2,143.4,167.3,0.54545
S1,BICOUSDT,2024-03-08 12:51,-9.2,143.4,167.3,0.5463
S1,BICOUSDT,2024-03-08 12:56,-9.2,143.4,167.3,0.54595
S1,BICOUSDT,2024-03-08 13:01,-9.2,143.4,167.3,0.5467
S1,BICOUSDT,2024-03-08 13:06,-9.2,143.4,167.3,0.54645
S1,BICOUSDT,2024-03-08 13:11,-9.2,143.4,167.3,0.54615
S1,BICOUSDT,2024-03-08 13:16,-9.2,143.4,167.3,0.54465
S1,BICOUSDT,2024-03-08 13:21,42.4,154.2,179.9,0.543
S1,BICOUSDT,2024-03-08 13:26,42.4,154.2,179.9,0.543
S1,BICOUSDT,2024-03-08 13:31,42.4,154.2,179.9,0.54535
S1,BICOUSDT,2024-03-08 13:36,96.2,161.4,188.3,0.5432
S1,BICOUSDT,2024-03-08 13:41,123.4,163.2,190.4,0.53905
S1,BICOUSDT,2024-03-08 13:46,123.4,163.2,190.4,0.5396
S1,BICOUSDT,2024-03-08 13:51,43,160.8,187.6,0.54025
S1,BICOUSDT,2024-03-08 13:56,65.2,133.2,155.4,0.5379
S1,BICOUSDT,2024-03-08 14:01,65.2,133.2,155.4,0.5374
S1,BICOUSDT,2024-03-08 14:06,65.2,133.2,155.4,0.5367
S1,BICOUSDT,2024-03-08 14:11,65.2,133.2,155.4,0.53625
S1,BICOUSDT,2024-03-08 14:16,80.8,93.6,109.2,0.5337
S1,BICOUSDT,2024-03-08 14:21,65.1,94.2,109.9,0.53345
S1,BICOUSDT,2024-03-08 14:26,65.1,94.2,109.9,0.5342
S1,BICOUSDT,2024-03-08 14:31,34.1,93,108.5,0.5372
S1,BICOUSDT,2024-03-08 14:36,18.6,93,108.5,0.5374
S1,BICOUSDT,2024-03-08 14:41,18.6,93,108.5,0.5362
S1,BICOUSDT,2024-03-08 14:46,18.6,93,108.5,0.5352
S1,BICOUSDT,2024-03-08 14:51,18.6,93,108.5,0.53575
S1,BICOUSDT,2024-03-08 14:56,18.6,93,108.5,0.53445
S1,BICOUSDT,2024-03-08 15:01,18.6,93,108.5,0.534
S1,BICOUSDT,2024-03-08 15:06,18.6,93,108.5,0.53095
S1,BICOUSDT,2024-03-08 15:11,33.5,89.4,104.3,0.53075
S1,BICOUSDT,2024-03-08 15:16,33.5,89.4,104.3,0.53225
S1,BICOUSDT,2024-03-08 15:21,33.5,89.4,104.3,0.5312
S1,BICOUSDT,2024-03-08 15:26,47.5,84,98,0.5268
S1,BICOUSDT,2024-03-08 15:31,47.5,84,98,0.53475
S1,BICOUSDT,2024-03-08 15:36,7.3,80.4,93.8,0.5255
S1,BICOUSDT,2024-03-08 15:41,7.3,80.4,93.8,0.52365
S1,BICOUSDT,2024-03-08 15:46,-6.1,80.4,93.8,0.5261
S1,BICOUSDT,2024-03-08 15:51,-6.1,80.4,93.8,0.5336
S1,BICOUSDT,2024-03-08 15:56,-6.1,80.4,93.8,0.52865
S1,BICOUSDT,2024-03-08 16:01,-6.1,80.4,93.8,0.5293
S1,BICOUSDT,2024-03-08 16:06,-6.1,80.4,93.8,0.5211
S1,BICOUSDT,2024-03-08 16:11,-6.1,80.4,93.8,0.5225
S1,BICOUSDT,2024-03-08 16:16,-6.1,80.4,93.8,0.5207
S1,BICOUSDT,2024-03-08 16:21,-6.1,80.4,93.8,0.52755
S1,BICOUSDT,2024-03-08 16:26,-6.1,80.4,93.8,0.5289
S1,BICOUSDT,2024-03-08 16:31,-6.1,80.4,93.8,0.5274
S1,BICOUSDT,2024-03-08 16:36,-6.3,82.8,96.6,0.52885
S1,BICOUSDT,2024-03-08 16:41,-19.5,79.2,92.4,0.53175
S1,BICOUSDT,2024-03-08 16:46,-19.5,79.2,92.4,0.53265
S1,BICOUSDT,2024-03-08 16:51,-19.5,79.2,92.4,0.5313
S1,BICOUSDT,2024-03-08 16:56,-19.5,79.2,92.4,0.5351
S1,BICOUSDT,2024-03-08 17:01,-31.8,73.8,86.1,0.53585
S1,BICOUSDT,2024-03-08 17:06,-7.9,71.4,83.3,0.53525
S1,BICOUSDT,2024-03-08 17:11,-7.9,71.4,83.3,0.5354
S1,BICOUSDT,2024-03-08 17:16,-7.9,71.4,83.3,0.5364
S1,BICOUSDT,2024-03-08 17:21,-7.9,71.4,83.3,0.5373
S1,BICOUSDT,2024-03-08 17:26,-7.9,71.4,83.3,0.53735
S1,BICOUSDT,2024-03-08 17:31,-20.5,75.6,88.2,0.5395
S1,BICOUSDT,2024-03-08 17:36,-20.5,75.6,88.2,0.54055
S1,BICOUSDT,2024-03-08 17:41,-7.3,79.2,92.4,0.54005
S1,BICOUSDT,2024-03-08 17:46,6.6,83.4,97.3,0.54105
S1,BICOUSDT,2024-03-08 17:51,6.6,83.4,97.3,0.5403
S1,BICOUSDT,2024-03-08 17:56,6.6,83.4,97.3,0.5389
S1,BICOUSDT,2024-03-08 18:01,6.6,94.8,110.6,0.5374
S1,BICOUSDT,2024-03-08 18:06,-9.4,96,112,0.5379
S1,BICOUSDT,2024-03-08 18:11,22.6,96,112,0.538
S1,BICOUSDT,2024-03-08 18:16,22.6,96,112,0.53815
S1,BICOUSDT,2024-03-08 18:21,22.6,96,112,0.5369
S1,BICOUSDT,2024-03-08 18:26,22.6,96,112,0.53605
S1,BICOUSDT,2024-03-08 18:31,22.6,96,112,0.53615
S1,BICOUSDT,2024-03-08 18:36,22.6,96,112,0.5347
S1,BICOUSDT,2024-03-08 18:41,22.6,96,112,0.53405
S1,BICOUSDT,2024-03-08 18:46,22.6,96,112,0.5337
S1,BICOUSDT,2024-03-08 18:51,22.6,96,112,0.53225
S1,BICOUSDT,2024-03-08 18:56,22.6,96,112,0.53405
S1,BICOUSDT,2024-03-08 19:01,22.6,96,112,0.53505
S1,BICOUSDT,2024-03-08 19:06,22.6,96,112,0.53535
S1,BICOUSDT,2024-03-08 19:11,22.6,96,112,0.5354
S1,BICOUSDT,2024-03-08 19:16,22.6,96,112,0.53515
S1,BICOUSDT,2024-03-08 19:21,22.6,96,112,0.5347
S1,BICOUSDT,2024-03-08 19:26,22.6,96,112,0.5347
S1,BICOUSDT,2024-03-08 19:31,22.6,96,112,0.53255
S1,BICOUSDT,2024-03-08 19:36,22.6,96,112,0.5317
S1,BICOUSDT,2024-03-08 19:41,22.6,96,112,0.5326
S1,BICOUSDT,2024-03-08 19:46,-3.6,157.2,183.4,0.53245
S1,BICOUSDT,2024-03-08 19:51,-3.6,157.2,183.4,0.5331
S1,BICOUSDT,2024-03-08 19:56,-3.6,157.2,183.4,0.53505
S1,BICOUSDT,2024-03-08 20:01,15.3,113.4,132.3,0.5355
S1,BICOUSDT,2024-03-08 20:06,15.3,113.4,132.3,0.5371
S1,BICOUSDT,2024-03-08 20:11,15.3,113.4,132.3,0.53605
S1,BICOUSDT,2024-03-08 20:16,15.3,113.4,132.3,0.53515
S1,BICOUSDT,2024-03-08 20:21,15.3,113.4,132.3,0.5349
S1,BICOUSDT,2024-03-08 20:26,15.3,113.4,132.3,0.5331
S1,BICOUSDT,2024-03-08 20:31,15.3,113.4,132.3,0.53435
S1,BICOUSDT,2024-03-08 20:36,15.3,113.4,132.3,0.5336
S1,BICOUSDT,2024-03-08 20:41,15.3,113.4,132.3,0.53345
S1,BICOUSDT,2024-03-08 20:46,74.7,178.2,207.9,0.5339
S1,BICOUSDT,2024-03-08 20:51,74.7,178.2,207.9,0.5342
S1,BICOUSDT,2024-03-08 20:56,74.7,178.2,207.9,0.53415
S1,BICOUSDT,2024-03-08 21:01,74.7,178.2,207.9,0.53375
S1,BICOUSDT,2024-03-08 21:06,74.7,178.2,207.9,0.5349
S1,BICOUSDT,2024-03-08 21:11,74.7,178.2,207.9,0.5339
S1,BICOUSDT,2024-03-08 21:16,74.7,178.2,207.9,0.5348
S1,BICOUSDT,2024-03-08 21:21,74.7,178.2,207.9,0.5336
S1,BICOUSDT,2024-03-08 21:26,74.7,178.2,207.9,0.53495
S1,BICOUSDT,2024-03-08 21:31,74.7,178.2,207.9,0.5352
S1,BICOUSDT,2024-03-08 21:36,74.7,178.2,207.9,0.53485
S1,BICOUSDT,2024-03-08 21:41,74.7,178.2,207.9,0.5346
S1,BICOUSDT,2024-03-08 21:46,74.7,178.2,207.9,0.5341
S1,BICOUSDT,2024-03-08 21:51,74.7,178.2,207.9,0.53375
S1,BICOUSDT,2024-03-08 21:56,74.7,178.2,207.9,0.53225
S1,BICOUSDT,2024-03-08 22:01,74.7,178.2,207.9,0.5334
S1,BICOUSDT,2024-03-08 22:06,74.7,178.2,207.9,0.5344
S1,BICOUSDT,2024-03-08 22:11,74.7,178.2,207.9,0.53475
S1,BICOUSDT,2024-03-08 22:16,74.7,178.2,207.9,0.53755
S1,BICOUSDT,2024-03-08 22:21,74.7,178.2,207.9,0.53875
S1,BICOUSDT,2024-03-08 22:26,44.7,180.6,210.7,0.54015
S1,BICOUSDT,2024-03-08 22:31,44.7,180.6,210.7,0.54035
S1,BICOUSDT,2024-03-08 22:36,44.7,180.6,210.7,0.54075
S1,BICOUSDT,2024-03-08 22:41,44.7,180.6,210.7,0.53955
S1,BICOUSDT,2024-03-08 22:46,44.7,180.6,210.7,0.53955
S1,BICOUSDT,2024-03-08 22:51,44.7,180.6,210.7,0.53885
S1,BICOUSDT,2024-03-08 22:56,82.6,114,133,0.53865
S1,BICOUSDT,2024-03-08 23:01,82.6,114,133,0.53815
S1,BICOUSDT,2024-03-08 23:06,67.4,91.2,106.4,0.54125
S1,BICOUSDT,2024-03-08 23:11,8.3,88.2,102.9,0.54335
S1,BICOUSDT,2024-03-08 23:16,8.3,88.2,102.9,0.54115
S1,BICOUSDT,2024-03-08 23:21,8.3,88.2,102.9,0.54135
S1,BICOUSDT,2024-03-08 23:26,8.3,88.2,102.9,0.5411
S1,BICOUSDT,2024-03-08 23:31,8.3,88.2,102.9,0.54025
S1,BICOUSDT,2024-03-08 23:36,8.3,88.2,102.9,0.53855
S1,BICOUSDT,2024-03-08 23:41,8.3,88.2,102.9,0.53825
S1,BICOUSDT,2024-03-08 23:46,8.3,88.2,102.9,0.53945
S1,BICOUSDT,2024-03-08 23:51,-31.2,119.4,139.3,0.5415
S1,BICOUSDT,2024-03-08 23:56,-31.2,119.4,139.3,0.54035
S1,BICOUSDT,2024-03-09 00:01,0,112.8,131.6,0.54035
S1,BICOUSDT,2024-03-09 00:06,0,112.8,131.6,0.53835
S1,BICOUSDT,2024-03-09 00:11,0,112.8,131.6,0.53975
S1,BICOUSDT,2024-03-09 00:16,0,112.8,131.6,0.54025
S1,BICOUSDT,2024-03-09 00:21,0,112.8,131.6,0.54195
S1,BICOUSDT,2024-03-09 00:26,0,112.8,131.6,0.54345
S1,BICOUSDT,2024-03-09 00:31,0,112.8,131.6,0.5447
S1,BICOUSDT,2024-03-09 00:36,0,112.8,131.6,0.544
S1,BICOUSDT,2024-03-09 00:41,0,112.8,131.6,0.5456
S1,BICOUSDT,2024-03-09 00:46,0,112.8,131.6,0.5455
S1,BICOUSDT,2024-03-09 00:51,0,112.8,131.6,0.54615
S1,BICOUSDT,2024-03-09 00:56,0,112.8,131.6,0.54665
S1,BICOUSDT,2024-03-09 01:01,0,112.8,131.6,0.5451
S1,BICOUSDT,2024-03-09 01:06,23,138,161,0.5449
S1,BICOUSDT,2024-03-09 01:11,23,138,161,0.5448
S1,BICOUSDT,2024-03-09 01:16,23,138,161,0.5442
S1,BICOUSDT,2024-03-09 01:21,23,138,161,0.545
S1,BICOUSDT,2024-03-09 01:26,23,138,161,0.54455
S1,BICOUSDT,2024-03-09 01:31,23,138,161,0.5441
S1,BICOUSDT,2024-03-09 01:36,23,138,161,0.54415
S1,BICOUSDT,2024-03-09 01:41,23,138,161,0.54395
S1,BICOUSDT,2024-03-09 01:46,23,138,161,0.54415
S1,BICOUSDT,2024-03-09 01:51,23,138,161,0.54455
S1,BICOUSDT,2024-03-09 01:56,23,138,161,0.54665
S1,BICOUSDT,2024-03-09 02:01,-13.6,219.6,256.2,0.54655
S1,BICOUSDT,2024-03-09 02:06,-13.6,219.6,256.2,0.5451
S1,BICOUSDT,2024-03-09 02:11,-13.6,219.6,256.2,0.54655
S1,BICOUSDT,2024-03-09 02:16,-13.6,219.6,256.2,0.54545
S1,BICOUSDT,2024-03-09 02:21,-13.6,219.6,256.2,0.5479
S1,BICOUSDT,2024-03-09 02:26,-13.6,219.6,256.2,0.54835
S1,BICOUSDT,2024-03-09 02:31,-13.6,219.6,256.2,0.5488
S1,BICOUSDT,2024-03-09 02:36,16.9,183,213.5,0.54885
S1,BICOUSDT,2024-03-09 02:41,16.9,183,213.5,0.55135
S1,BICOUSDT,2024-03-09 02:46,-10.3,163.2,190.4,0.5558
S1,BICOUSDT,2024-03-09 02:51,-9.4,148.2,172.9,0.55525
S1,BICOUSDT,2024-03-09 02:56,9.9,115.8,135.1,0.5549
S1,BICOUSDT,2024-03-09 03:01,-8.9,112.8,131.6,0.5559
S1,BICOUSDT,2024-03-09 03:06,-8.9,112.8,131.6,0.5538
S1,BICOUSDT,2024-03-09 03:11,8.9,106.8,124.6,0.55595
S1,BICOUSDT,2024-03-09 03:16,8.9,106.8,124.6,0.5561
S1,BICOUSDT,2024-03-09 03:21,8.9,106.8,124.6,0.5574
S1,BICOUSDT,2024-03-09 03:26,9.5,110.4,128.8,0.55665
S1,BICOUSDT,2024-03-09 03:31,28,111,129.5,0.5563
S1,BICOUSDT,2024-03-09 03:36,10.4,105.6,123.2,0.5555
S1,BICOUSDT,2024-03-09 03:41,10.4,105.6,123.2,0.55655
S1,BICOUSDT,2024-03-09 03:46,10.4,105.6,123.2,0.5559
S1,BICOUSDT,2024-03-09 03:51,10.4,105.6,123.2,0.55535
S1,BICOUSDT,2024-03-09 03:56,-14.2,147.6,172.2,0.5571
S1,BICOUSDT,2024-03-09 04:01,-14.2,147.6,172.2,0.5568
S1,BICOUSDT,2024-03-09 04:06,13.6,167.4,195.3,0.5555
S1,BICOUSDT,2024-03-09 04:11,13.6,167.4,195.3,0.55555
S1,BICOUSDT,2024-03-09 04:16,13.6,167.4,195.3,0.5554
S1,BICOUSDT,2024-03-09 04:21,13.6,167.4,195.3,0.55485
S1,BICOUSDT,2024-03-09 04:26,48.1,207,241.5,0.5537
S1,BICOUSDT,2024-03-09 04:31,84.3,217.2,253.4,0.55225
S1,BICOUSDT,2024-03-09 04:36,84.3,217.8,254.1,0.5514
S1,BICOUSDT,2024-03-09 04:41,84.3,217.8,254.1,0.55285
S1,BICOUSDT,2024-03-09 04:46,84.3,217.8,254.1,0.553
S1,BICOUSDT,2024-03-09 04:51,84.3,217.8,254.1,0.553
S1,BICOUSDT,2024-03-09 04:56,84.3,217.8,254.1,0.5531
S1,BICOUSDT,2024-03-09 05:01,84.3,217.8,254.1,0.55335
S1,BICOUSDT,2024-03-09 05:06,84.3,217.8,254.1,0.55075
S1,BICOUSDT,2024-03-09 05:11,120.7,218.4,254.8,0.54895
S1,BICOUSDT,2024-03-09 05:16,120.7,218.4,254.8,0.5495
S1,BICOUSDT,2024-03-09 05:21,120.7,218.4,254.8,0.5481
S1,BICOUSDT,2024-03-09 05:26,88,196.2,228.9,0.55025
S1,BICOUSDT,2024-03-09 05:31,88,196.2,228.9,0.55065
S1,BICOUSDT,2024-03-09 05:36,88,196.2,228.9,0.55025
S1,BICOUSDT,2024-03-09 05:41,88,196.2,228.9,0.5503
S1,BICOUSDT,2024-03-09 05:46,88,196.2,228.9,0.5515
S1,BICOUSDT,2024-03-09 05:51,88,196.2,228.9,0.5524
S1,BICOUSDT,2024-03-09 05:56,113.5,153,178.5,0.5524
S1,BICOUSDT,2024-03-09 06:01,113.5,153,178.5,0.5526
S1,BICOUSDT,2024-03-09 06:06,113.5,153,178.5,0.55415
S1,BICOUSDT,2024-03-09 06:11,113.5,153,178.5,0.5544
S1,BICOUSDT,2024-03-09 06:16,113.5,153,178.5,0.5533
S1,BICOUSDT,2024-03-09 06:21,113.5,153,178.5,0.5529
S1,BICOUSDT,2024-03-09 06:26,113.5,153,178.5,0.55215
S1,BICOUSDT,2024-03-09 06:31,113.5,153,178.5,0.5541
S1,BICOUSDT,2024-03-09 06:36,113.5,153,178.5,0.55555
S1,BICOUSDT,2024-03-09 06:41,84.4,174.6,203.7,0.561
S1,BICOUSDT,2024-03-09 06:46,56.3,168.6,196.7,0.56315
S1,BICOUSDT,2024-03-09 06:51,0.1,168.6,196.7,0.56575
S1,BICOUSDT,2024-03-09 06:56,0.1,168.6,196.7,0.56955
S1,BICOUSDT,2024-03-09 07:01,0.1,168.6,196.7,0.5775
S1,BICOUSDT,2024-03-09 07:06,0.1,168.6,196.7,0.57565
S1,BICOUSDT,2024-03-09 07:11,22.2,132.6,154.7,0.57575
S1,BICOUSDT,2024-03-09 07:16,1.9,121.8,142.1,0.586
S1,BICOUSDT,2024-03-09 07:21,1.9,121.8,142.1,0.5841
S1,BICOUSDT,2024-03-09 07:26,1.9,121.8,142.1,0.59495
S1,BICOUSDT,2024-03-09 07:31,1.9,121.8,142.1,0.6008
S1,BICOUSDT,2024-03-09 07:36,-11.5,80.4,93.8,0.5937
S1,BICOUSDT,2024-03-09 07:41,-11.5,80.4,93.8,0.5894
S1,BICOUSDT,2024-03-09 07:46,-11.5,80.4,93.8,0.59055
S1,BICOUSDT,2024-03-09 07:51,-11.5,80.4,93.8,0.5898
S1,BICOUSDT,2024-03-09 07:56,-11.5,80.4,93.8,0.58415
S1,BICOUSDT,2024-03-09 08:01,-11.5,80.4,93.8,0.58305
S1,BICOUSDT,2024-03-09 08:06,-11.6,64.8,75.6,0.58135
S1,BICOUSDT,2024-03-09 08:11,-11.6,64.8,75.6,0.57885
S1,BICOUSDT,2024-03-09 08:16,-22.1,63,73.5,0.5809
S1,BICOUSDT,2024-03-09 08:21,-1.1,63,73.5,0.5774
S1,BICOUSDT,2024-03-09 08:26,9.4,63,73.5,0.57685
S1,BICOUSDT,2024-03-09 08:31,9.4,63,73.5,0.5769
S1,BICOUSDT,2024-03-09 08:36,20,63.6,74.2,0.5784
S1,BICOUSDT,2024-03-09 08:41,20,63.6,74.2,0.57755
S1,BICOUSDT,2024-03-09 08:46,9.2,64.8,75.6,0.57805
S1,BICOUSDT,2024-03-09 08:51,-1.9,66.6,77.7,0.5745
S1,BICOUSDT,2024-03-09 08:56,9.5,68.4,79.8,0.57355
S1,BICOUSDT,2024-03-09 09:01,9.5,68.4,79.8,0.5734
S1,BICOUSDT,2024-03-09 09:06,9.5,68.4,79.8,0.5722
S1,BICOUSDT,2024-03-09 09:11,9.5,68.4,79.8,0.5721
S1,BICOUSDT,2024-03-09 09:16,9.5,68.4,79.8,0.57335
S1,BICOUSDT,2024-03-09 09:21,-6.3,94.8,110.6,0.577
S1,BICOUSDT,2024-03-09 09:26,10.1,98.4,114.8,0.5747
S1,BICOUSDT,2024-03-09 09:31,10.1,98.4,114.8,0.5731
S1,BICOUSDT,2024-03-09 09:36,10.1,98.4,114.8,0.57605
S1,BICOUSDT,2024-03-09 09:41,-3.5,81.6,95.2,0.57855
S1,BICOUSDT,2024-03-09 09:46,9.8,79.8,93.1,0.578
S1,BICOUSDT,2024-03-09 09:51,9.8,79.8,93.1,0.5742
S1,BICOUSDT,2024-03-09 09:56,9.8,79.8,93.1,0.57495
S1,BICOUSDT,2024-03-09 10:01,9.8,79.8,93.1,0.57445
S1,BICOUSDT,2024-03-09 10:06,9.8,79.8,93.1,0.5756
S1,BICOUSDT,2024-03-09 10:11,-1,64.8,75.6,0.57415
S1,BICOUSDT,2024-03-09 10:16,9,60,70,0.57255
S1,BICOUSDT,2024-03-09 10:21,18.8,58.8,68.6,0.5668
S1,BICOUSDT,2024-03-09 10:26,18.8,58.8,68.6,0.5659
S1,BICOUSDT,2024-03-09 10:31,28.6,58.8,68.6,0.5658
S1,BICOUSDT,2024-03-09 10:36,28.6,58.8,68.6,0.5671
S1,BICOUSDT,2024-03-09 10:41,8.8,59.4,69.3,0.56675
S1,BICOUSDT,2024-03-09 10:46,8.8,59.4,69.3,0.5666
S1,BICOUSDT,2024-03-09 10:51,19.4,63.6,74.2,0.56475
S1,BICOUSDT,2024-03-09 10:56,19.4,63.6,74.2,0.56645
S1,BICOUSDT,2024-03-09 11:01,19.4,63.6,74.2,0.56855
S1,BICOUSDT,2024-03-09 11:06,8.2,67.2,78.4,0.57225
S1,BICOUSDT,2024-03-09 11:11,8.2,67.2,78.4,0.5708
S1,BICOUSDT,2024-03-09 11:16,8.2,67.2,78.4,0.57165
S1,BICOUSDT,2024-03-09 11:21,8.2,67.2,78.4,0.5708
S1,BICOUSDT,2024-03-09 11:26,-4.6,76.8,89.6,0.5733
S1,BICOUSDT,2024-03-09 11:31,-4.6,76.8,89.6,0.5738
S1,BICOUSDT,2024-03-09 11:36,-4.6,76.8,89.6,0.5769
S1,BICOUSDT,2024-03-09 11:41,-4.6,76.8,89.6,0.5747
S1,BICOUSDT,2024-03-09 11:46,-4.6,76.8,89.6,0.57575
S1,BICOUSDT,2024-03-09 11:51,-4.6,76.8,89.6,0.57355
S1,BICOUSDT,2024-03-09 11:56,-4.6,76.8,89.6,0.5755
S1,BICOUSDT,2024-03-09 12:01,-4.6,76.8,89.6,0.57465
S1,BICOUSDT,2024-03-09 12:06,-4.6,76.8,89.6,0.57455
S1,BICOUSDT,2024-03-09 12:11,-26.6,66,77,0.5755
S1,BICOUSDT,2024-03-09 12:16,5.4,63.6,74.2,0.57435
S1,BICOUSDT,2024-03-09 12:21,5.4,63.6,74.2,0.57655
S1,BICOUSDT,2024-03-09 12:26,5.4,63.6,74.2,0.5755
S1,BICOUSDT,2024-03-09 12:31,5.4,63.6,74.2,0.57535
S1,BICOUSDT,2024-03-09 12:36,-3.8,55.2,64.4,0.57845
S1,BICOUSDT,2024-03-09 12:41,-3.8,55.2,64.4,0.57975
S1,BICOUSDT,2024-03-09 12:46,-3.8,55.2,64.4,0.57655
S1,BICOUSDT,2024-03-09 12:51,-3.8,55.2,64.4,0.57745
S1,BICOUSDT,2024-03-09 12:56,-13.2,56.4,65.8,0.5805
S1,BICOUSDT,2024-03-09 13:01,-13.1,57.6,67.2,0.57935
S1,BICOUSDT,2024-03-09 13:06,-13.1,57.6,67.2,0.57735
S1,BICOUSDT,2024-03-09 13:11,-13.1,57.6,67.2,0.57795
S1,BICOUSDT,2024-03-09 13:16,-13.1,57.6,67.2,0.57895
S1,BICOUSDT,2024-03-09 13:21,-12.9,62.4,72.8,0.5818
S1,BICOUSDT,2024-03-09 13:26,-12.9,62.4,72.8,0.58005
S1,BICOUSDT,2024-03-09 13:31,-12.9,62.4,72.8,0.58085
S1,BICOUSDT,2024-03-09 13:36,-23.8,66,77,0.58275
S1,BICOUSDT,2024-03-09 13:41,-35.6,70.8,82.6,0.58315
S1,BICOUSDT,2024-03-09 13:46,-35.4,78,91,0.582
S1,BICOUSDT,2024-03-09 13:51,-48.2,76.8,89.6,0.5829
S1,BICOUSDT,2024-03-09 13:56,-60.2,72,84,0.5861
S1,BICOUSDT,2024-03-09 14:01,-60.2,72,84,0.5849
S1,BICOUSDT,2024-03-09 14:06,-49.2,66,77,0.5838
S1,BICOUSDT,2024-03-09 14:11,-27.2,66,77,0.58375
S1,BICOUSDT,2024-03-09 14:16,-27.2,66,77,0.58555
S1,BICOUSDT,2024-03-09 14:21,-27.2,66,77,0.583
S1,BICOUSDT,2024-03-09 14:26,-27.2,66,77,0.5817
S1,BICOUSDT,2024-03-09 14:31,-27.2,66,77,0.58115
S1,BICOUSDT,2024-03-09 14:36,-18,55.2,64.4,0.5797
S1,BICOUSDT,2024-03-09 14:41,-9.1,53.4,62.3,0.5829
S1,BICOUSDT,2024-03-09 14:46,-9.1,53.4,62.3,0.5821
S1,BICOUSDT,2024-03-09 14:51,-9.1,53.4,62.3,0.58065
S1,BICOUSDT,2024-03-09 14:56,-0.2,53.4,62.3,0.5804
S1,BICOUSDT,2024-03-09 15:01,-0.2,53.4,62.3,0.5802
S1,BICOUSDT,2024-03-09 15:06,-0.2,53.4,62.3,0.5764
S1,BICOUSDT,2024-03-09 15:11,-9.4,55.2,64.4,0.57775
S1,BICOUSDT,2024-03-09 15:16,-9.5,55.8,65.1,0.57725
S1,BICOUSDT,2024-03-09 15:21,-9.5,55.8,65.1,0.5766
S1,BICOUSDT,2024-03-09 15:26,-9.5,55.8,65.1,0.5764
S1,BICOUSDT,2024-03-09 15:31,-9.5,55.8,65.1,0.57755
S1,BICOUSDT,2024-03-09 15:36,11.9,64.2,74.9,0.5765
S1,BICOUSDT,2024-03-09 15:41,11.9,64.2,74.9,0.57615
S1,BICOUSDT,2024-03-09 15:46,11.9,64.2,74.9,0.57625
S1,BICOUSDT,2024-03-09 15:51,11.9,88.2,102.9,0.57605
S1,BICOUSDT,2024-03-09 15:56,11.9,88.2,102.9,0.57475
S1,BICOUSDT,2024-03-09 16:01,70.4,155.4,181.3,0.57315
S1,BICOUSDT,2024-03-09 16:06,70.3,144,168,0.5693
S1,BICOUSDT,2024-03-09 16:11,47,139.8,163.1,0.5717
S1,BICOUSDT,2024-03-09 16:16,47.7,144,168,0.57095
S1,BICOUSDT,2024-03-09 16:21,47.7,144,168,0.57135
S1,BICOUSDT,2024-03-09 16:26,47.7,144,168,0.57085
S1,BICOUSDT,2024-03-09 16:31,47.7,144,168,0.57085
S1,BICOUSDT,2024-03-09 16:36,47.7,144,168,0.5743
S1,BICOUSDT,2024-03-09 16:41,30,106.2,123.9,0.57085
S1,BICOUSDT,2024-03-09 16:46,30,106.2,123.9,0.5727
S1,BICOUSDT,2024-03-09 16:51,30,106.2,123.9,0.57655
S1,BICOUSDT,2024-03-09 16:56,30,106.2,123.9,0.57375
S1,BICOUSDT,2024-03-09 17:01,30,106.2,123.9,0.5746
S1,BICOUSDT,2024-03-09 17:06,30,106.2,123.9,0.57445
S1,BICOUSDT,2024-03-09 17:11,30,106.2,123.9,0.5728
S1,BICOUSDT,2024-03-09 17:16,30,106.2,123.9,0.57005
S1,BICOUSDT,2024-03-09 17:21,30,106.2,123.9,0.5734
S1,BICOUSDT,2024-03-09 17:26,30,106.2,123.9,0.576
S1,BICOUSDT,2024-03-09 17:31,30,106.2,123.9,0.57425
S1,BICOUSDT,2024-03-09 17:36,39.8,58.8,68.6,0.57345
S1,BICOUSDT,2024-03-09 17:41,30.2,57.6,67.2,0.5736
S1,BICOUSDT,2024-03-09 17:46,30.2,57.6,67.2,0.5716
S1,BICOUSDT,2024-03-09 17:51,30.2,57.6,67.2,0.57095
S1,BICOUSDT,2024-03-09 17:56,30.2,57.6,67.2,0.57105
S1,BICOUSDT,2024-03-09 18:01,30.2,57.6,67.2,0.56965
S1,BICOUSDT,2024-03-09 18:06,30.2,57.6,67.2,0.57065
S1,BICOUSDT,2024-03-09 18:11,30.2,57.6,67.2,0.5732
S1,BICOUSDT,2024-03-09 18:16,30.2,57.6,67.2,0.5726
S1,BICOUSDT,2024-03-09 18:21,20.4,58.8,68.6,0.57345
S1,BICOUSDT,2024-03-09 18:26,20.4,58.8,68.6,0.57215
S1,BICOUSDT,2024-03-09 18:31,20.1,65.4,76.3,0.5722
S1,BICOUSDT,2024-03-09 18:36,20.1,65.4,76.3,0.5721
S1,BICOUSDT,2024-03-09 18:41,20.1,65.4,76.3,0.57375
S1,BICOUSDT,2024-03-09 18:46,20.1,65.4,76.3,0.57305
S1,BICOUSDT,2024-03-09 18:51,-3.5,141.6,165.2,0.57385
S1,BICOUSDT,2024-03-09 18:56,-27,141,164.5,0.57495
S1,BICOUSDT,2024-03-09 19:01,-27,141,164.5,0.57395
S1,BICOUSDT,2024-03-09 19:06,1.2,169.2,197.4,0.5758
S1,BICOUSDT,2024-03-09 19:11,1.2,169.2,197.4,0.57615
S1,BICOUSDT,2024-03-09 19:16,1.2,169.2,197.4,0.57565
S1,BICOUSDT,2024-03-09 19:21,1.2,169.2,197.4,0.5761
S1,BICOUSDT,2024-03-09 19:26,1.2,169.2,197.4,0.57455
S1,BICOUSDT,2024-03-09 19:31,1.2,169.2,197.4,0.57385
S1,BICOUSDT,2024-03-09 19:36,1.2,169.2,197.4,0.57465
S1,BICOUSDT,2024-03-09 19:41,1.2,169.2,197.4,0.5745
S1,BICOUSDT,2024-03-09 19:46,29.1,167.4,195.3,0.5745
S1,BICOUSDT,2024-03-09 19:51,29.1,167.4,195.3,0.57265
S1,BICOUSDT,2024-03-09 19:56,29.1,167.4,195.3,0.57315
S1,BICOUSDT,2024-03-09 20:01,29.1,167.4,195.3,0.57335
S1,BICOUSDT,2024-03-09 20:06,57.1,168,196,0.57385
S1,BICOUSDT,2024-03-09 20:11,57.1,168,196,0.5741
S1,BICOUSDT,2024-03-09 20:16,57.1,168,196,0.5722
S1,BICOUSDT,2024-03-09 20:21,57.1,168,196,0.5707
S1,BICOUSDT,2024-03-09 20:26,57.1,168,196,0.5727
S1,BICOUSDT,2024-03-09 20:31,57.1,168,196,0.5729
S1,BICOUSDT,2024-03-09 20:36,57.1,168,196,0.57525
S1,BICOUSDT,2024-03-09 20:41,57.1,168,196,0.5761
S1,BICOUSDT,2024-03-09 20:46,15.7,124.2,144.9,0.57625
S1,BICOUSDT,2024-03-09 20:51,15.7,124.2,144.9,0.5758
S1,BICOUSDT,2024-03-09 20:56,15.7,124.2,144.9,0.57455
S1,BICOUSDT,2024-03-09 21:01,15.7,124.2,144.9,0.57375
S1,BICOUSDT,2024-03-09 21:06,15.7,124.2,144.9,0.5742
S1,BICOUSDT,2024-03-09 21:11,15.7,124.2,144.9,0.5746
S1,BICOUSDT,2024-03-09 21:16,15.7,124.2,144.9,0.57445
S1,BICOUSDT,2024-03-09 21:21,41.6,156,182,0.57205
S1,BICOUSDT,2024-03-09 21:26,41.6,156,182,0.5726
S1,BICOUSDT,2024-03-09 21:31,41.6,156,182,0.57195
S1,BICOUSDT,2024-03-09 21:36,41.6,156,182,0.57385
S1,BICOUSDT,2024-03-09 21:41,41.6,156,182,0.5748
S1,BICOUSDT,2024-03-09 21:46,41.6,156,182,0.57395
S1,BICOUSDT,2024-03-09 21:51,41.6,156,182,0.5746
S1,BICOUSDT,2024-03-09 21:56,41.6,156,182,0.57455
S1,BICOUSDT,2024-03-09 22:01,68.4,160.8,187.6,0.57385
S1,BICOUSDT,2024-03-09 22:06,68.4,160.8,187.6,0.5734
S1,BICOUSDT,2024-03-09 22:11,68.4,160.8,187.6,0.57315
S1,BICOUSDT,2024-03-09 22:16,42.9,153,178.5,0.5751
S1,BICOUSDT,2024-03-09 22:21,42.9,153,178.5,0.57485
S1,BICOUSDT,2024-03-09 22:26,42.9,153,178.5,0.5744
S1,BICOUSDT,2024-03-09 22:31,42.9,153,178.5,0.57475
S1,BICOUSDT,2024-03-09 22:36,19.7,139.2,162.4,0.57555
S1,BICOUSDT,2024-03-09 22:41,1.3,110.4,128.8,0.57715
S1,BICOUSDT,2024-03-09 22:46,1.3,110.4,128.8,0.57555
S1,BICOUSDT,2024-03-09 22:51,1.3,110.4,128.8,0.57705
S1,BICOUSDT,2024-03-09 22:56,1.3,110.4,128.8,0.5758
S1,BICOUSDT,2024-03-09 23:01,1.3,110.4,128.8,0.57625
S1,BICOUSDT,2024-03-09 23:06,-12.7,84,98,0.5789
S1,BICOUSDT,2024-03-09 23:11,-12.7,84,98,0.57895
S1,BICOUSDT,2024-03-09 23:16,-12.7,84,98,0.57885
S1,BICOUSDT,2024-03-09 23:21,-23.2,63,73.5,0.579
S1,BICOUSDT,2024-03-09 23:26,-12.6,64.2,74.9,0.58
S1,BICOUSDT,2024-03-09 23:31,-12.6,64.2,74.9,0.58055
S1,BICOUSDT,2024-03-09 23:36,-0.9,70.2,81.9,0.5773
S1,BICOUSDT,2024-03-09 23:41,-0.9,70.2,81.9,0.57725
S1,BICOUSDT,2024-03-09 23:46,-0.9,70.2,81.9,0.57765
S1,BICOUSDT,2024-03-09 23:51,-0.9,70.2,81.9,0.5775
S1,BICOUSDT,2024-03-09 23:56,-0.9,70.2,81.9,0.57885
