strategy,symbol,day,label,status,excluded,flags,net,making,spread,adverse,inventory,fees,funding,fills,flattens,max_abs_position,maker_turnover,taker_turnover,clip_over_touch,bid_quoted_s,ask_quoted_s,per_100_clip
S1,ALGOUSDT,2024-02-01,S1,ok,False,,30.783077700717975,-0.014310800230474374,9.627693634927699,-6.906510923210268,31.100820383948445,2.735493511947905,-0.303431883,33.0,1.0,19354.800000000003,7530.798276442033,2235.152466653633,0.08534051066133695,85675.6872,85675.9575,4.993694055813791
S1,ALGOUSDT,2024-02-02,S1,ok,False,,21.99483382056552,1.986187031841165,6.9312340038236115,-3.5241249285702483,20.21098138785798,1.4209220434121983,-0.2023345991336259,24.0,1.0,10072.111466321781,6388.495163543319,260.4054740064257,0.06794411575504669,85664.9385,85664.9343,3.5680470931536656
S1,ALGOUSDT,2024-02-03,S1,ok,False,,-31.610205695144465,-2.713242438644271,7.132062990000018,-8.132784999999789,-29.08489500000019,1.7125204286445004,0.18793174350000003,30.0,1.0,11300.5,5926.198420000001,958.6922629900001,0.0840585515342431,85640.9124,85641.0617,-5.12787245698998
S1,ALGOUSDT,2024-02-04,S1,ok,False,,-22.407212923802934,-3.004477173802754,6.971875095999882,-8.204969999999836,-19.12879000000018,1.7713822698028,-0.27394575000000004,53.0,1.0,14243.5,5961.03643,1053.045425096,0.08751140425051422,85648.0377,85648.0589,-3.6349440778086617
S1,ALGOUSDT,2024-02-05,S1,ok,False,,-3.745306792634211,0.7128474249171375,7.630066513999927,-5.0045800000000895,-4.3224599999999995,1.9126390890827003,-0.13569421755135003,25.0,1.0,11545.800000000001,6141.07483,1244.4074965140003,0.0903280228868193,85667.1536,85667.3109,-0.6075713562305778
S1,ALGOUSDT,2024-02-06,S1,ok,False,,-12.96892310432498,-5.093538204324881,5.750403954999985,-9.631960000000117,-7.8776200000001,1.2119821593247502,0.002235099999999986,14.0,1.0,7676.500000000001,4315.99113,634.1526060450001,0.08197436500657673,85651.4004,85651.4423,-2.103845328463154
S1,ALGOUSDT,2024-02-07,S1,ok,False,,-40.81996641294301,-6.968047262198935,5.127737319924061,-10.184371006285662,-33.96324293208815,1.9114135758373334,0.11132378134408275,32.0,1.0,11459.0,6304.036706857632,1182.920426301466,0.09201272991673225,85630.241,85630.048,-6.621898746338731
S1,ALGOUSDT,2024-02-08,S1,ok,False,,-31.21740246067757,-12.688505498451518,14.481026439668616,-21.805334733622388,-19.101860720906764,5.364197204497746,0.5729637586807119,67.0,1.0,27875.33981852644,14293.45325271943,4555.4664617342905,0.0894523573772428,85635.9145,85635.6853,-5.064151109952091
S1,ALGOUSDT,2024-02-09,S1,ok,False,,-1.0580151545028724,-9.357508427502903,11.823624994999966,-18.72624500000012,8.098880000000031,2.45488842250275,0.20061327299999998,56.0,1.0,11279.9,8612.908770000002,1331.4666700050004,0.09481397710580944,85676.7382,85676.6786,-0.17163339024670282
S1,ALGOUSDT,2024-02-10,S1,ok,False,,6.488320074428001,-4.446943078071662,7.789592596999995,-10.785860000000007,11.101219999999664,1.4506756750716503,-0.16595684750000003,61.0,1.0,6612.6,6669.94204,212.158667403,0.09911883837235425,85656.3159,85656.3586,1.0525486016342251
S1,ALGOUSDT,2024-02-11,S1,ok,False,,-24.443693391207155,-9.108362002707352,13.507728259999931,-19.918490000000283,-15.332654999999804,2.6976002627070006,-0.002676388499999967,45.0,1.0,9605.7,10434.977970000002,1110.1903067400008,0.09996215307141051,85661.9172,85661.8547,-3.965306119698325
S1,ALGOUSDT,2024-02-12,S1,ok,False,,49.314719556081265,-1.351326141417624,15.621444395499836,-14.369824999999935,51.114324999998885,2.602945536917525,-0.4482793024999999,58.0,1.0,15266.300000000001,11713.734489999999,473.0884343954991,0.09999811012443001,85674.5978,85674.6094,7.999935039165476
S1,ALGOUSDT,2024-02-13,S1,ok,False,,-93.09221844223671,-8.16450912144111,17.67943807550048,-21.039615000000065,-83.7751549999981,4.804332196941527,-1.1525543207975002,70.0,1.0,33464.4,14869.462770000006,3328.072078075502,0.09957496371217318,84019.0624,85672.5606,-15.101610774502705
S1,ALGOUSDT,2024-02-14,S1,ok,False,,35.608183092412965,-0.7738698999457019,10.66567328099992,-9.977395000000172,36.482689999999714,1.4621481809454502,-0.10063700764104999,21.0,1.0,6577.6,7148.9382700000015,58.83732171900007,0.09928137469532415,85660.2234,85660.3066,5.776432557384099
S1,ALGOUSDT,2024-02-15,S1,ok,False,,-7.467729621926782,2.8175251610327394,8.1133999405,-3.525129999999987,-9.85456000000032,1.7707447794672748,-0.43069478295920005,26.0,1.0,8284.8,6027.96192,1027.5498099404997,0.0999022430720996,85678.3651,85678.5485,-1.211430428951897
S1,ALGOUSDT,2024-02-16,S1,ok,False,,32.136891188289134,-9.816621278649604,23.155527714683267,-27.90975499999967,43.92637380824118,5.062393993333201,-1.9728613413024438,80.0,1.0,26640.2,19674.976815012596,2049.8156915103264,0.09745792895784046,85678.5157,85678.8625,5.21331245886278
S1,ALGOUSDT,2024-02-17,S1,ok,False,,16.36825357820359,-2.4969594856668835,7.269874241999963,-8.490389999999946,19.020500000000375,1.2764437276669,-0.15528693612990005,23.0,1.0,5624.200000000001,5612.41346,279.92915575799987,0.09784338748531637,85679.7202,85679.7225,2.6552916960483666
S1,ALGOUSDT,2024-02-18,S1,ok,False,,31.841151372263326,-4.769041343236703,4.786596794000051,-7.191090000000054,36.827940000000034,2.3645481372367,-0.21774728450000003,32.0,1.0,14701.099999999999,5562.777369999998,2276.350296794,0.09979462142944438,85679.6184,85679.8451,5.165336938815248
S1,ALGOUSDT,2024-02-19,S1,ok,False,,66.53841203442272,-4.438386505516358,14.915698281267357,-15.899690931946337,71.33158321737999,3.4543938548373783,-0.3547846774409077,35.0,1.0,12299.979659730237,12219.552377367589,1837.2425079342902,0.09351704260563097,85679.1795,85679.3237,10.793997789630884
S1,ALGOUSDT,2024-02-20,S1,ok,False,,-6.37097277787218,-2.1766498233184883,10.76986876099998,-10.391469999999918,-3.4129299999991414,2.55504858431855,-0.7813929545545502,48.0,1.0,13498.2,8672.37993,1491.9501787610004,0.09986813039775701,85652.6398,85669.375,-1.0335122822975478
S1,ALGOUSDT,2024-02-21,S1,ok,False,,-0.5584508159792974,0.41419786448437357,8.610668209999986,-6.769260000000112,-1.110480000000071,1.4272103455155003,0.13783131953640002,21.0,1.0,3933.0,6521.634,223.42462820999987,0.09020131832481072,85678.4187,85678.3112,-0.09059303775057992
S1,ALGOUSDT,2024-02-22,S1,ok,False,,5.845496839745659,-4.168665533220323,2.981179492000218,-5.210459999999941,10.63430999999908,1.9393850252205997,-0.6201476270330999,18.0,1.0,11939.799999999997,3484.9578,2258.8972094919995,0.08606002093321102,85670.9301,85671.0962,0.9482684969227545
S1,ALGOUSDT,2024-02-23,S1,ok,False,,-31.210772720839586,-1.9656231131167332,4.469121576000036,-4.256379999999968,-29.07433499999885,2.1783646891168007,-0.17081460772399998,49.0,1.0,14619.700000000004,4282.065629999998,2403.548296576001,0.09134550386575592,85678.4527,85678.5093,-5.063075619946108
S1,ALGOUSDT,2024-02-24,S1,ok,False,,81.86984917207205,-1.5850292702443256,10.300901575213354,-9.855118011797192,84.12886766123916,2.030812833660488,-0.6739892189227863,40.0,1.0,13520.460072303087,8263.523351718677,687.46938784864,0.09999807859558309,85679.4633,85679.1847,13.281094994325807
S1,ALGOUSDT,2024-02-25,S1,ok,False,,-13.72811604991416,-10.917342427783831,24.31627996828611,-31.107521956057266,-2.8399983218527787,4.126100440012676,0.02922469972245021,134.0,1.0,7677.6,19239.20497662009,505.9262630702863,0.0999978658400442,85678.6574,85678.9301,-2.2270031665605456
S1,ALICEUSDT,2024-02-01,S1,ok,False,,6.566040460587031,-0.7828506185169049,3.946262066004634,-4.006243498432924,7.479390619321949,0.7228691860886152,-0.13049954021801358,41.0,1.0,764.8545502952124,3018.3635587256895,216.72086244268542,0.09813624812251037,84839.9556,84840.0243,4.209378059945784
S1,ALICEUSDT,2024-02-02,S1,ok,False,,4.993451182621853,-0.27617214312642613,3.1981897614663963,-2.724824197001297,5.308014092125374,0.7495377075915255,-0.03839076637709591,52.0,1.0,499.93114794379443,3081.3151865654,242.3175823244465,0.09247102906368498,84622.0649,84621.9699,3.201217534023472
S1,ALICEUSDT,2024-02-03,S1,ok,False,,-1.2881109303570837,-0.06699004601903547,2.385486541348521,-1.845618600830375,-1.2027395876700628,0.6068579865371814,-0.018381296667985287,54.0,1.0,368.38521876228094,2307.6527867449363,264.23168943308036,0.0901132551355171,83458.404,83458.5673,-0.8257862438661699
S1,ALICEUSDT,2024-02-04,S1,ok,False,,3.6495125544535982,-0.11588121652076688,3.890503543228737,-3.296071828225101,3.88680847620006,0.7103129315244029,-0.12141470522569502,81.0,1.0,847.4712675291528,3253.5890747352682,108.35475741336178,0.08769546229717053,84952.0773,84952.2469,2.3396410924400897
S1,ALICEUSDT,2024-02-05,S1,ok,False,,6.734854287766515,0.44224066443257604,3.7496997755638395,-2.46433580922037,6.254447728911499,0.8431233019108935,0.03816589442243947,98.0,1.0,812.0584869909133,3698.023274930945,188.21572168128054,0.08322190704972264,84637.6588,84637.6368,4.317601764111212
S1,ALICEUSDT,2024-02-06,S1,ok,False,,1.5044259666802313,-1.1969679354456115,4.897052005608975,-5.270983887229819,2.729189844703913,0.8230360538247679,-0.02779594257807002,69.0,1.0,640.4980487446098,4098.8369711505575,5.9430174448289605,0.08737210510832798,84417.9613,84417.9823,0.9644621739644784
S1,ALICEUSDT,2024-02-07,S1,ok,False,,0.7023872013130035,-0.14237877403009858,6.288522851034877,-5.435293059618614,0.8227157784590293,0.9956085654463616,0.02205019688407269,58.0,1.0,511.90636974322047,4893.20782694195,30.849091014493954,0.0943590564874028,84795.7913,84795.9054,0.4502886164867382
S1,ALICEUSDT,2024-02-08,S1,ok,False,,4.037278597031852,-0.39381362735110226,2.8817434625166114,-2.4237382737990125,4.429653546093967,0.8518188160687011,0.001438678288987312,63.0,1.0,487.4697114304796,2785.45139187323,535.8700685346455,0.09412257311689057,84345.1685,84345.1759,2.588231377836378
S1,ALICEUSDT,2024-02-09,S1,ok,False,,22.095405794437347,-0.38958824675878834,7.330504573496225,-6.662331845554851,22.56811037141108,1.0577609747001624,-0.08311633021494527,68.0,1.0,712.6268907973429,5132.573225327357,56.811508426710496,0.09871508954936964,84721.264,84721.3577,14.164992880410646
S1,ALICEUSDT,2024-02-10,S1,ok,False,,-6.605213705033131,-1.1353917549705461,2.759721727528534,-3.0917277579436124,-5.377074910746268,0.8033857245554679,-0.09274703931631767,33.0,1.0,691.0638789718045,2604.694252097476,513.5397711563141,0.09627895514186202,83241.9676,83242.1191,-4.2344913678363
S1,ALICEUSDT,2024-02-11,S1,ok,False,,-0.7369668313557064,-0.46470829643088185,3.1917531430785413,-2.8700890539843327,-0.3102858097641912,0.7863723855250905,0.038027274839366645,34.0,1.0,504.79999999999995,3046.5790632952794,321.92104157460847,0.09961155102410783,84325.8151,84325.9405,-0.47245703547479034
S1,ALICEUSDT,2024-02-12,S1,ok,False,,36.49765880638601,0.1283518628156446,5.778911200939302,-4.485048158695833,36.45264667067993,1.1655111794278246,-0.08333972710956333,67.0,1.0,928.9427804065274,4608.925438737108,443.1383485098233,0.09850650439829443,85214.3284,85214.4678,23.39803495594862
S1,ALICEUSDT,2024-02-13,S1,ok,False,,10.549503844228736,1.8830975077380958,8.542978497357955,-5.216740146328176,8.448954001834785,1.4431408432916837,0.217452334655855,65.0,1.0,1029.7175517999021,6492.114306276669,263.1236037024539,0.08984796608048984,84945.0461,84945.0348,6.76310940996547
S1,ALICEUSDT,2024-02-14,S1,ok,False,,4.3717551112777775,0.9738508073894587,9.594809454298712,-6.995103206119455,3.01647801941657,1.6258554407897983,0.3814262844717484,88.0,1.0,786.6005805384891,7318.839770439966,294.7045212760077,0.06929001607119127,85220.467,85220.4885,2.802658643261432
S1,ALICEUSDT,2024-02-15,S1,ok,False,,10.828363134351973,0.438699063202727,9.158720849269468,-7.178664861653275,10.44880142090381,1.5413569244134655,-0.05913734975456515,66.0,1.0,605.5182141161872,7346.720031363754,130.9325784376624,0.07694035800714345,85315.8417,85316.0978,6.941881408813595
S1,ALICEUSDT,2024-02-16,S1,ok,False,,32.27906872348322,-1.465523474173764,18.726506264854443,-17.703200000000013,34.69719805825267,2.4888297390281937,-0.9526058605956798,119.0,1.0,1339.5000000000002,10638.180652427187,656.715651895923,0.08660131920152046,81577.8676,84951.4397,20.69356783524369
S1,ALICEUSDT,2024-02-17,S1,ok,False,,10.562832870080534,-0.5018420000607158,7.820594594889895,-6.774119666085099,11.662165565948614,1.5483169288655123,-0.5974906958073634,73.0,1.0,940.1726694519954,6643.929879828529,399.14718709055956,0.09745022705084197,85016.1131,85016.5124,6.771654424166614
S1,ALICEUSDT,2024-02-18,S1,ok,False,,-12.902691845663462,-4.116131304016322,11.97744915095463,-13.55977695573431,-8.951232036763002,2.533803499236641,0.1646714951158615,104.0,1.0,698.6000000000003,10204.797626381709,896.0799526550903,0.09330217971236343,84762.3212,84762.5257,-8.271698643252256
S1,ALICEUSDT,2024-02-19,S1,ok,False,,3.261466276036974,-0.8416365749336914,10.057076078057781,-9.099471025372502,4.805911899350805,1.7992416276189707,-0.7028090483801404,77.0,1.0,695.5318173098839,8779.246884393799,78.89500134583595,0.0941542803798225,85282.8753,85282.6178,2.090871152563034
S1,ALICEUSDT,2024-02-20,S1,ok,False,,21.578914674406636,-0.7360269044277987,11.990103504999848,-10.700749999999896,22.803199999999435,2.02538040942775,-0.4882584211649995,86.0,1.0,826.0999999999999,8793.411500000002,484.9056535049995,0.0995831789255425,85400.6058,85400.4678,13.833879113770877
S1,ALICEUSDT,2024-02-21,S1,ok,False,,-9.634975853100764,2.6464165986434884,9.348649335923932,-5.01321600445467,-12.18371145586704,1.6890167328257735,-0.0976809958772096,73.0,1.0,893.5194985777337,7391.967368782245,382.95138012604343,0.09879454428109867,85542.179,85542.0593,-6.176820902581491
S1,ALICEUSDT,2024-02-22,S1,ok,False,,-33.50703197745117,-8.8217186038131,22.13552024101165,-27.642700331375302,-24.707643433070466,3.3145385134494485,0.022330059432395244,193.0,1.0,649.3991853700865,15273.774658059601,472.3337851591416,0.09918458032960781,85608.7866,85609.2725,-21.48079441581371
S1,ALICEUSDT,2024-02-23,S1,ok,False,,13.680760778908706,-0.7527365736340075,11.068558317663015,-10.131399349954847,14.635559554760736,1.6898955413421755,-0.202062202218024,137.0,1.0,613.8234192900651,8203.294662818726,89.52110686987152,0.09993887871987672,85593.0728,85592.7515,8.770505544669847
S1,ALICEUSDT,2024-02-24,S1,ok,False,,34.262360556192014,-1.8685758639631662,12.972795925265391,-12.307522655290605,36.55543434813674,2.5338491339379527,-0.4244979279815591,132.0,1.0,708.472655290614,10911.859432997313,639.0495406154334,0.09994181148437285,84787.901,85672.036,21.965022858584756
S1,ALICEUSDT,2024-02-25,S1,ok,False,,11.829607045198513,-7.001432385607968,14.99224152048144,-19.66122153803302,18.929492269388565,2.3324523680563893,-0.09845283858208392,154.0,1.0,490.8143686260723,11132.302921389304,192.71233414278043,0.09993545675541637,85676.4657,85676.6617,7.583762033258442
S1,CAKEUSDT,2024-02-01,S1,ok,False,,-1.7642231816090244,0.06774889339101231,1.0673483800000163,-0.6108000000000039,-1.8017000000000367,0.3887994866090001,-0.030272075000000002,10.0,1.0,169.20000000000002,802.7154,415.01164838000005,0.09630904190103551,85658.1945,85658.2626,-1.7208575708242533
S1,CAKEUSDT,2024-02-02,S1,ok,False,,1.825815397320022,0.07531024731996791,0.35672239999998795,-0.15300000000002004,1.730000000000054,0.12841215268,0.02050515,5.0,1.0,83.0,274.77440000000007,133.5586776,0.0904785087272221,85587.8005,85587.7716,1.7809358147873802
S1,CAKEUSDT,2024-02-03,S1,ok,False,,1.3748784260757496,0.0444918110757605,0.354407134999995,-0.20784999999998446,1.3203499999999893,0.10206532392425002,0.010036615,5.0,1.0,41.5,285.2303,81.85320713500002,0.08760945265527056,85513.5973,85513.7631,1.3410831311702593
S1,CAKEUSDT,2024-02-04,S1,ok,False,,2.058236596441712,-0.9207653885582725,0.5108389850000096,-1.022000000000032,2.919199999999984,0.4096043735582501,0.059801985000000016,8.0,1.0,201.9,697.0985000000001,491.244861015,0.0882082356083653,85524.5278,85524.3589,2.007643968437097
S1,CAKEUSDT,2024-02-05,S1,ok,False,,4.895484784356839,-0.5044165906432924,1.4943557150000133,-1.6033500000000556,5.4618500000001315,0.3954223056432501,-0.06194862500000001,21.0,1.0,171.9,1100.2197000000003,318.86975571500005,0.09001295235185382,85630.0457,85639.1495,4.775150979669176
S1,CAKEUSDT,2024-02-06,S1,ok,False,,-1.4621796650775143,-0.15744501007754452,0.18905894999996864,-0.20140000000001312,-1.3329499999999699,0.14510396007750004,0.028215345000000006,3.0,1.0,79.5,192.48540000000003,193.83069105000004,0.0877489356642234,85505.087,85504.9524,-1.4262384559866508
S1,CAKEUSDT,2024-02-07,S1,ok,False,,4.284598540708904,0.15867135570894053,1.1630896199999305,-0.68189999999999,4.138099999999963,0.32251826429100006,-0.012172815,13.0,1.0,88.9,1007.0507000000001,220.19658961999997,0.0845670784791855,85546.8783,85546.95,4.179280667878369
S1,CAKEUSDT,2024-02-08,S1,ok,False,,2.1167728742115006,0.4863891942114739,2.0466650700000235,-1.1774000000000495,1.6769000000000267,0.3828758757885001,-0.04651632000000001,18.0,1.0,114.80000000000003,1400.9839000000002,186.68926507000006,0.08470830977520355,85539.5925,85548.0388,2.0647413911544095
S1,CAKEUSDT,2024-02-09,S1,ok,False,,-8.150185361071898,-0.41609794107198694,0.5029889600000226,-0.5661000000000095,-7.785599999999912,0.35298690107200004,0.05151258,8.0,1.0,161.6,614.7698000000001,418.24171104,0.07441605491959555,85623.2095,85623.026,-7.94984916218484
S1,CAKEUSDT,2024-02-10,S1,ok,False,,-0.7376981284089835,0.08485087159100689,0.47122437999999,-0.2971999999999831,-0.8124999999999905,0.08917350840900003,-0.010049000000000004,6.0,1.0,39.60000000000001,386.7114,21.511324380000016,0.08918774545336607,85531.2452,85531.2714,-0.7195650881866793
S1,CAKEUSDT,2024-02-11,S1,ok,False,,0.16096217066951607,0.11705893066951506,0.3768284900000087,-0.17709999999999362,0.05410000000000101,0.08266955933049999,-0.010196760000000001,6.0,1.0,39.800000000000004,376.41290000000004,13.430871509999987,0.09620851989937927,85534.2395,85534.2082,0.15700562882317212
S1,CAKEUSDT,2024-02-12,S1,ok,False,,7.93030096427144,0.33533193927149585,1.8004058699999443,-1.1173499999999486,7.646199999999944,0.34772393072849994,-0.05123097499999999,18.0,1.0,163.2,1268.7160000000001,170.87405586999992,0.07648831128574742,85616.8482,85616.938,7.735369649113774
S1,CAKEUSDT,2024-02-13,S1,ok,False,,-1.2983253675965354,0.13319043784353185,1.9360448300000224,-1.4460499999999905,-1.3855000000000672,0.3568043921565,-0.046015805439999995,14.0,1.0,158.3,1228.2654000000002,202.09329483,0.0752797449324561,85429.9682,85492.6924,-1.266411790476527
S1,CAKEUSDT,2024-02-14,S1,ok,False,,14.839294233145958,-0.7233661759048381,2.8358471000001297,-2.818699999999968,15.567599999999796,0.740513275905,-0.0049395909489999956,28.0,1.0,269.59999999999997,1978.2431000000001,627.0266471,0.08735860059478472,85535.3244,85576.9579,14.474535927766249
S1,CAKEUSDT,2024-02-15,S1,ok,False,,0.5105005303778396,-0.12934235962206642,6.48767795999991,-5.648849999999976,0.629499999999906,0.9681703196220004,0.010342890000000007,56.0,1.0,160.50000000000006,3604.8275999999996,449.46327204000016,0.09750576587485206,84679.284,84584.5833,0.4979521365371046
S1,CAKEUSDT,2024-02-16,S1,ok,False,,-11.830832856872105,-0.4930812499702646,4.185540854999994,-3.8225500000000086,-11.21969999999984,0.85607210497025,-0.118051606902,33.0,1.0,274.0,2481.4475,654.150190855,0.09305760096828368,84230.0051,85403.2163,-11.54002424587603
S1,CAKEUSDT,2024-02-17,S1,ok,False,,11.702419032617534,-1.1861350423825041,4.152063849999955,-4.855649999999959,12.890800000000038,0.48254889238250004,-0.0022459250000000062,27.0,1.0,110.4,2160.4936000000002,91.72758614999996,0.09862937341824149,84815.7823,84765.2174,11.414766906571922
S1,CAKEUSDT,2024-02-18,S1,ok,False,,1.056296486065851,-0.5272974438268255,3.1218156759135955,-3.072145163605681,1.5113306544226766,0.5769679561347402,0.0722632754700001,26.0,1.0,148.3,1891.685729035256,361.1469278685254,0.09666371555340014,85382.4123,85209.856,1.0303321167243964
S1,CAKEUSDT,2024-02-19,S1,ok,False,,1.7791799592920696,-0.20400303944797896,1.3395353600000126,-1.3320499999999915,2.039650000000049,0.21148839944800005,-0.05646700126000001,10.0,1.0,128.3,839.3977000000001,79.28883536000005,0.09862575431823999,85568.0412,85653.2706,1.7354467023917965
S1,CAKEUSDT,2024-02-20,S1,ok,False,,4.6389354620077174,-1.50188893231251,3.8364587499999754,-4.670999999999985,6.051100000000227,0.6673476823125002,0.08972439432000003,35.0,1.0,219.70000000000005,2064.0333000000005,462.8018587500002,0.09958297427478445,84675.9945,85029.2492,4.524907785805421
S1,CAKEUSDT,2024-02-21,S1,ok,False,,16.459131609056953,-0.598407120943096,2.930656259999981,-3.026050000000077,17.05015000000005,0.5030133809430001,0.00738873,19.0,1.0,192.40000000000003,1429.2155000000002,394.8550562600001,0.099502290054146,85518.1499,85507.6338,16.054556778245175
S1,CAKEUSDT,2024-02-22,S1,ok,False,,4.986944453154085,-1.80791126897745,6.207639050000015,-7.364149999999965,6.837700000000035,0.6514003189775001,-0.04284427786850001,55.0,1.0,126.20000000000002,3041.910100000001,78.21508905000005,0.09817565660591807,84086.7919,83608.5085,4.864362517707848
S1,CAKEUSDT,2024-02-23,S1,ok,False,,12.978045458787037,-1.1932400912129792,5.9608976600000405,-6.37875000000002,14.190200000000015,0.7753877512130001,-0.018914450000000013,39.0,1.0,127.60000000000002,2774.1151999999993,401.02674766000007,0.09973894783811148,74973.9452,76099.8373,12.659037708532031
S1,CAKEUSDT,2024-02-24,S1,ok,False,,-3.0886307860451248,-0.6068952110450101,7.261648100000034,-7.026450000000044,-2.5343000000001146,0.8420933110450002,0.05256442500000001,58.0,1.0,131.50000000000003,3583.3307,228.0494019000001,0.09970980059566498,78761.4848,74785.9623,-3.0127104819012143
S1,CAKEUSDT,2024-02-25,S1,ok,False,,-4.381511651005691,-0.6500334860648842,2.3881383000000627,-2.3125499999999466,-3.6047499999998065,0.7256217860650003,-0.12672816494100003,36.0,1.0,227.00000000000006,1666.8135000000002,713.1983383000003,0.0997873608507659,83126.7313,85389.9576,-4.273811598717997
S1,GALAUSDT,2024-02-01,S1,ok,False,,-18.067686871038227,0.7855644394940198,6.84835523334011,-4.163465860917953,-19.098023741313106,1.8993249329281365,0.24477243078086372,12.0,1.0,110546.5860918074,5680.727012033662,1387.5991464025528,0.08424020415802108,85679.7634,85679.7427,-1.5635032209553759
S1,GALAUSDT,2024-02-02,S1,ok,False,,51.95181476741284,-2.5076353656598807,22.3885178027596,-21.13740359918803,53.88669959107196,3.758749569231452,0.5727505420007633,439.0,1.0,208351.35991883487,18628.98728101596,59.91293277865255,0.08650405879582983,85679.3185,85679.5613,4.495696117776447
S1,GALAUSDT,2024-02-03,S1,ok,False,,40.95382360733114,2.2444042513313938,5.3048103070001575,-2.1160999999999137,38.59875999999974,0.9443060556688502,0.11065935600000001,7.0,1.0,54716.0,4622.0021400000005,36.192050307,0.07604128936899036,85679.872,85679.7905,3.543975251372125
S1,GALAUSDT,2024-02-04,S1,ok,False,,-3.359600922243639,4.8681244377566495,6.4598004435004075,0.5986000000001672,-7.996340000000289,2.1902760057439252,-0.23138536000000004,6.0,1.0,163781.0,4617.921110000001,2303.0759704435004,0.07408752401826278,85679.669,85679.8317,-0.2907260293221332
S1,GALAUSDT,2024-02-05,S1,ok,False,,45.01913018024313,1.4047872192432855,10.922677739999983,-7.444819999999697,43.67334999999984,2.0730705207570006,-0.05900703900000001,18.0,1.0,81412.0,8658.113669999999,620.81415774,0.0734936684890056,85679.7387,85679.7692,3.895770141680279
S1,GALAUSDT,2024-02-06,S1,ok,False,,28.49817648782875,1.4977117028297653,14.836550599999022,-9.400129999999256,26.776259999998985,3.93870889717,0.22420478500000002,24.0,1.0,105898.0,13490.917370000003,2255.5007694000005,0.09401615735250836,85679.6697,85679.5167,2.46611484071589
S1,GALAUSDT,2024-02-07,S1,ok,False,,7.891711590664404,-17.818032439335084,17.714800755999377,-29.390445000000245,25.82242999999949,6.142388195334217,-0.11268597000000002,635.0,1.0,255715.0,16264.685229999744,5253.547544244001,0.09538802574624665,85493.0163,85473.5067,0.6829162238046717
S1,GALAUSDT,2024-02-08,S1,ok,False,,53.39093282639962,3.85015902390699,32.51607289499983,-22.554430000000604,49.40337999999262,6.111483871092236,0.1373938025000016,626.0,1.0,183342.00000000035,29155.698670000245,509.71661289499224,0.08167923897065567,85679.24,85679.0071,4.620231468461966
S1,GALAUSDT,2024-02-09,S1,ok,False,,-40.99812427888653,-6.9220817288879015,31.091629797500033,-30.447524999999256,-34.253234999998625,7.5661865263886785,0.17719245,591.0,1.0,189193.0,30673.57937999998,2602.6739097975,0.09503862192084243,85679.0926,85679.2458,-3.5478088490629487
S1,GALAUSDT,2024-02-10,S1,ok,False,,46.520529091927955,-6.165847803718432,16.900656944055264,-18.291227819613095,53.00247616464638,4.775276928160601,-0.316099269,291.0,1.0,188388.0,16171.771735002309,2801.6774202912625,0.09748492484537115,85679.3569,85679.4646,4.025695020892181
S1,GALAUSDT,2024-02-11,S1,ok,False,,17.888551176965812,-0.15332981099770482,17.438138832406604,-13.759107617185627,17.68909414048782,3.832361026218682,0.3527868474756937,334.0,1.0,165599.7617185713,17651.909576362657,549.0529289929239,0.0810049560091589,85679.1297,85679.3627,1.5480015556525941
S1,GALAUSDT,2024-02-12,S1,ok,False,,46.73528379047414,-1.3230107550265182,7.952125502999989,-7.7611099999998565,48.29202000000066,1.5140262580266506,-0.23372545450000004,136.0,1.0,147936.0,6631.080910000018,341.47286550300004,0.08543667998954005,85679.2985,85679.2893,4.0442790081667495
S1,GALAUSDT,2024-02-13,S1,ok,False,,69.54695828523717,0.0449231247368167,15.305568661000182,-12.496049999999816,69.49824000000035,2.7645955362635495,0.0037951605000000055,95.0,1.0,93658.0,13805.304920000002,6.426458661000001,0.09674561154839054,85578.2253,85627.1216,6.018307382829306
S1,GALAUSDT,2024-02-14,S1,ok,False,,-49.97843270152661,-12.20377359354741,14.428527812499388,-23.278074999999927,-38.2795899999992,3.354226406046872,0.50493089202,89.0,1.0,136929.0,12991.875690000017,1374.2750328125,0.09374789662760924,85679.658,85679.6585,-4.324927759977727
S1,GALAUSDT,2024-02-15,S1,ok,False,,68.31662568419871,5.261969839963559,29.696495922715865,-19.293440328441903,62.74643464011261,5.141085754310403,0.3082212041225526,143.0,1.0,188472.00000000006,19517.060775195736,2250.3156350386494,0.09933357220675201,85635.22,85396.4972,5.9118394659177325
S1,GALAUSDT,2024-02-16,S1,ok,False,,-117.73541724888679,-11.606415278518114,29.19500048800008,-33.24616499999979,-105.39485999999928,7.5552507665184025,-0.7341419703694001,68.0,1.0,219136.0,25112.338900000013,4605.059975488,0.09767964962827151,85678.1339,85679.3276,-10.188338186457722
S1,GALAUSDT,2024-02-17,S1,ok,False,,34.58093059670989,-5.239314969170968,11.101578779999777,-13.853289999999745,39.98839999999941,2.487603749170999,-0.16815443411855,106.0,1.0,70828.0,9404.549980000002,1103.0795512200002,0.09508865147287986,85679.7458,85679.5656,2.992491333146695
S1,GALAUSDT,2024-02-18,S1,ok,False,,30.046444146259855,-18.132962222416708,29.12198984900011,-41.79893999999995,48.23200000000001,5.456012071416865,-0.05259363132344996,908.0,1.0,167983.0,25378.797119999977,691.3684498490001,0.09975497534184656,85679.3743,85679.3548,2.600095548270568
S1,GALAUSDT,2024-02-19,S1,ok,False,,20.774777716112567,0.8752705958931255,12.49279571499958,-9.22831499999971,19.40275000000009,2.3892101191067443,0.4967571202193501,299.0,1.0,84902.0,10562.770760000016,503.0108492850001,0.0956486274227793,85679.6367,85679.6958,1.7977637151682317
S1,GALAUSDT,2024-02-20,S1,ok,False,,36.65848585357547,-9.559333087469822,35.19901960199929,-37.27564500000021,45.49801000000159,7.482707689468901,0.7198089410437001,303.0,1.0,163980.0,26741.057960000006,3880.901995398001,0.09877396476112488,85463.8528,85476.2467,3.172274409918351
S1,GALAUSDT,2024-02-21,S1,ok,False,,47.827408630541164,-2.250627370960068,13.072712199999712,-12.704424999999782,49.99391000000123,2.618914570959998,0.0841260015,82.0,1.0,90997.0,11619.942589999975,536.2291872000001,0.09999843906720507,85679.6265,85679.7202,4.138786994569109
S1,GALAUSDT,2024-02-22,S1,ok,False,,197.8268974806251,-1.736249698373089,20.194014315000015,-18.561049999999852,199.58719999999818,3.3692140133732513,-0.024052821000000002,95.0,1.0,76004.0,15385.58041999999,531.087144315,0.09999823462317244,85672.8031,85672.7902,17.119125077287368
S1,GALAUSDT,2024-02-23,S1,ok,False,,32.23074188034119,-15.498965185083813,39.63365469749996,-48.74915000000014,47.792829999998006,6.3834698825836345,-0.063122934573,142.0,1.0,109112.0,29334.386929999993,939.2590846975007,0.09999818924127817,85679.1395,85679.1589,2.789115679466004
S1,GALAUSDT,2024-02-24,S1,ok,False,,-19.928647828841385,-11.528819934579614,16.254226509000052,-24.320969999999715,-8.599680000000266,3.462076443579951,0.1998521057385,48.0,1.0,89249.0,14898.56081,877.0259665090001,0.09999821914623482,85679.4686,85679.6074,-1.724543118999073
S1,GALAUSDT,2024-02-25,S1,ok,False,,26.936429087636018,-3.482902863644921,10.832731171999988,-11.312130000000309,30.81626999999984,3.0035040356446006,-0.39693804871890004,49.0,1.0,97243.0,9318.769590000005,2072.272941172,0.09999814601620248,85679.6829,85679.8162,2.330967651817342
S1,JTOUSDT,2024-02-01,S1,ok,False,,41.36254564475924,-5.773428350240787,14.248268620000095,-17.32109999999988,47.39705000000002,2.700596970241001,-0.2610760050000001,60.0,1.0,1227.2000000000005,9830.192600000002,1335.5608186200009,0.08568215338214229,85679.0447,85679.3054,12.538056128221996
S1,JTOUSDT,2024-02-02,S1,ok,False,,23.819918247752398,-6.707396147247582,7.404809549999826,-12.279349999999909,30.47579999999998,1.8328556972475005,0.051514394999999984,29.0,1.0,794.5,4877.3394,1558.88694045,0.07907360320859466,85613.2489,85586.456,7.220432575039527
S1,JTOUSDT,2024-02-03,S1,ok,False,,-38.154266564536826,-6.183085164641947,5.80627271343853,-9.63091968613871,-31.561535449012695,2.358438191941767,-0.40964595088218403,26.0,1.0,1324.6549215347013,4885.785536364945,2511.4201539432324,0.06926917657762523,85679.2728,85679.6496,-11.565543857620833
S1,JTOUSDT,2024-02-04,S1,ok,False,,-10.548029540158803,-8.356256640158783,4.901163924999913,-12.024549999999946,-2.127450000000019,1.2328705651587502,-0.06432290000000003,25.0,1.0,537.9000000000001,3588.4974999999995,936.6746639250002,0.07357121342318522,85679.5336,85679.7705,-3.1973802471563166
S1,JTOUSDT,2024-02-05,S1,ok,False,,24.057559263119924,-0.35616851674363625,1.1954588932203567,-1.0200999999999838,24.275303308927413,0.5315274099640092,0.1384244709361498,17.0,1.0,564.0848699174952,1692.827938900254,350.83967669810596,0.07259596731894473,85679.8913,85679.9041,7.292467705919418
S1,JTOUSDT,2024-02-06,S1,ok,False,,13.969687857025749,-4.600406972974324,3.4853281350000365,-7.06665000000011,18.686800000000073,1.0190851079742502,-0.11670517000000002,18.0,1.0,842.2,2800.8377000000005,834.3955781350002,0.0585029706315175,85679.6657,85679.8388,4.234573276737441
S1,JTOUSDT,2024-02-07,S1,ok,False,,44.84980245308788,-4.369050306912023,4.416139839999954,-8.234699999999977,49.4502999999999,0.550490146912,-0.23144724,22.0,1.0,736.5,2639.1475999999993,41.20113983999995,0.055337845755149724,85679.6457,85679.764,13.595133755210092
S1,JTOUSDT,2024-02-08,S1,ok,False,,15.262906190265692,-2.9983764397345345,3.8180732099999704,-5.591300000000005,18.106700000000227,1.2251496497345,0.15458263,32.0,1.0,682.8999999999999,3577.6474000000003,926.5821267899998,0.0776720765039151,85678.7847,85678.5474,4.626581162022483
S1,JTOUSDT,2024-02-09,S1,ok,False,,5.031339876114901,-12.708196933884985,12.85367070000001,-22.694599999999994,17.608299999999886,2.8672676338850005,0.13123681,55.0,1.0,850.8000000000001,9725.957200000003,1676.5021707,0.09639339982278462,85585.1308,85581.3331,1.5251290940523379
S1,JTOUSDT,2024-02-10,S1,ok,False,,19.036341738931867,-3.370088706067973,6.547233759999975,-8.496349999999948,22.38109999999984,1.420972466068,0.025330445,37.0,1.0,394.20000000000005,4997.5745000000015,766.2864837600001,0.09202196215743072,85679.2947,85679.3811,5.770406958232857
S1,JTOUSDT,2024-02-11,S1,ok,False,,40.27703338209624,-13.68724142790386,20.7947052799999,-31.294699999999757,53.92920000000011,3.1872467079040017,0.03507481000000001,98.0,1.0,1053.0,14325.104499999987,585.8651052800002,0.0910436830778667,85621.6589,85531.6799,12.209009318723549
S1,JTOUSDT,2024-02-12,S1,ok,False,,42.746909020016844,-5.301985999750908,5.185089574182816,-8.871401858256048,48.24750557476775,1.6156737156776753,-0.19861055500000002,33.0,1.0,771.9018582560781,5404.724439157058,972.234232447752,0.0756806254084035,85678.4485,85678.7189,12.957692430346789
S1,JTOUSDT,2024-02-13,S1,ok,False,,95.3425999705142,-17.214927584997536,22.356908065128373,-35.82501008676705,112.84467548814216,3.7468255633588585,-0.2871479326304353,112.0,1.0,1291.1899132334804,12623.822157269713,2221.9293307362127,0.09913517826318445,85189.4863,85416.9294,28.900805093276123
S1,JTOUSDT,2024-02-14,S1,ok,False,,21.9342423524028,-9.518765038669565,23.364283014094926,-28.530013845895265,31.500581401316104,4.353034206869227,-0.04757401024373867,109.0,1.0,1286.4999999999998,15629.347080988775,2231.208710311762,0.09964320735431688,85597.5999,85536.5883,6.648835497369717
S1,JTOUSDT,2024-02-15,S1,ok,False,,7.480967049518965,-5.496740960481021,7.391855420000101,-11.088100000000122,13.030999999999985,1.8004963804810001,-0.05329199000000001,42.0,1.0,754.9,5100.7251000000015,1418.8206554199999,0.09995113670906729,85679.4296,85679.532,2.2676743729899616
S1,JTOUSDT,2024-02-16,S1,ok,False,,-24.742607953108973,-5.303485938109901,16.696036898862232,-19.406151643862383,-19.17179999999907,2.59337119310975,-0.26732201500000013,95.0,1.0,1145.0000000000002,10754.934399999996,804.3351147449996,0.09995510575618977,85665.0162,85678.882,-7.500123661126225
S1,JTOUSDT,2024-02-17,S1,ok,False,,-36.65331963614716,-5.211170799584551,4.430026517500097,-8.541375000000022,-31.234825000000107,1.0998223170846255,-0.20732383656250003,19.0,1.0,605.5500000000002,3493.170350000001,729.4331765175004,0.09995907575190813,85623.8929,85667.8783,-11.110568068769297
S1,JTOUSDT,2024-02-18,S1,ok,False,,-36.9625586804721,-11.471387956335004,17.248434244999665,-25.566549999999918,-25.387399999999598,3.1532722013347505,-0.10377072413750002,71.0,1.0,744.3000000000003,10942.23570000001,1754.2273842450008,0.09943398989138011,85106.7247,85629.8662,-11.204306411860737
S1,JTOUSDT,2024-02-19,S1,ok,False,,1.6706827585914334,-4.343873747656907,7.491442831215881,-10.553866407501244,6.011198649771865,1.2814501713715445,0.0033578564764761842,51.0,1.0,312.6,5526.9005934415045,320.1273685149887,0.09994739597026785,85679.2574,85679.4747,0.5064271038725638
S1,JTOUSDT,2024-02-20,S1,ok,False,,-50.197330878052064,-11.56712259259782,18.229377449999806,-27.787850000000127,-37.93765000000024,2.0086500425974987,-0.6925582854539998,129.0,1.0,1117.4999999999998,9002.56199999999,378.4320774499995,0.09995299083690658,85230.1816,85409.9774,-15.216107766705889
S1,JTOUSDT,2024-02-21,S1,ok,False,,39.57360729271229,-0.08550565728754167,6.550836749999921,-5.479049999999963,39.55429999999983,1.1572924072875002,0.10481295000000003,47.0,1.0,324.80000000000007,4014.6447000000007,644.2972132500001,0.09996149030914592,85679.7656,85679.3578,11.995782699005835
S1,JTOUSDT,2024-02-22,S1,ok,False,,-3.5610481407966676,1.5718680042036808,10.499224175000073,-6.7438000000001415,-5.112350000000348,2.1835561707962508,-0.020566145,70.0,1.0,848.5,6043.604200000004,1772.4278741750002,0.09859327580367776,85670.5309,85670.5889,-1.0794456861546267
S1,JTOUSDT,2024-02-23,S1,ok,False,,-46.35274017671402,-0.8635171630469956,3.323012900459336,-2.5459023328226764,-45.244403032162936,1.640627730683655,-0.2448199815040852,20.0,1.0,999.8476671771919,2704.251442052193,1999.595349587666,0.08900801064184567,85679.5358,85679.8024,-14.050713005527204
S1,JTOUSDT,2024-02-24,S1,ok,False,,33.96917734153898,-2.019003312339652,6.624956329773313,-7.220716077809121,36.05319646685464,1.4232435643038435,-0.06501581297599998,45.0,1.0,443.5,5233.606112665592,684.5860759467727,0.09995228165875295,85679.2876,85679.2947,10.296935198225798
S1,JTOUSDT,2024-02-25,S1,ok,False,,9.553951034003088,-1.6273785486198782,3.094488400000155,-3.563200000000033,11.495999999999967,1.15866694862,-0.3146704173770001,21.0,1.0,502.00000000000006,2872.3428,1062.1788884,0.09994489963641263,85679.5653,85679.6167,2.896049371317957
S1,ZECUSDT,2024-02-01,S1,ok,False,,5.376741649412136,-0.057400268588143843,5.605720515263424,-3.9645922179010924,5.397336546869963,1.6985285659504752,0.036805371130316594,137.0,1.0,25.89976641179033,7393.469856615896,399.6992629587215,0.09927261745557683,85106.4904,74452.3493,5.372980563018023
S1,ZECUSDT,2024-02-02,S1,ok,False,,-3.6345629186708193,-1.2164916652926543,4.224805911426278,-4.180320590666145,-2.3428069710682156,1.2609769860527873,-0.07526428230994935,140.0,1.0,25.940208480338704,6264.758179469269,14.591545743517228,0.09527532219619841,75110.3496,85336.8116,-3.632020504317797
S1,ZECUSDT,2024-02-03,S1,ok,False,,2.3626827645261934,0.057189096749658885,2.838348951326666,-1.890398401792148,2.333846493996923,0.8907614527848593,-0.02835282622038821,71.0,1.0,16.899407646306717,4181.444785372604,99.04090129152493,0.09669688319416543,85143.5763,84898.3874,2.3610300434957465
S1,ZECUSDT,2024-02-04,S1,ok,False,,0.5251771850584385,-0.7129442661424963,3.9395255817583528,-3.463023981442429,1.2838317996414226,1.1894458664584202,-0.045710348440487776,98.0,1.0,27.3479234200788,5287.825578222574,239.78318329801016,0.09486656172454076,83459.1359,85291.9642,0.5248098181857085
S1,ZECUSDT,2024-02-05,S1,ok,False,,8.314652650241785,-0.021994298305616278,5.448701432671202,-3.7555571590201167,8.297194692227805,1.7151385719567014,0.03945225631959613,125.0,1.0,24.532763609537138,7507.29967602953,388.5066122741743,0.09101656491166457,80192.6241,80055.9129,8.308836464716483
S1,ZECUSDT,2024-02-06,S1,ok,False,,-10.173098742822951,-12.329932149513981,18.571982129486763,-26.989906750252054,2.1578132438501427,3.91200752874869,-0.0009798371591131037,333.0,1.0,28.240957437780835,18983.639318764497,209.59939090144127,0.09686603923543832,82698.1556,85081.8752,-10.165982555034429
S1,ZECUSDT,2024-02-07,S1,ok,False,,12.719265877296353,-2.253220367006938,9.479471489928965,-9.07478113829792,14.942987298867168,2.6579107186379827,0.02949894543612243,213.0,1.0,29.568796314476778,12628.231587213662,240.48072944591152,0.09857422815589442,75811.3158,85390.725,12.71036861926287
S1,ZECUSDT,2024-02-08,S1,ok,False,,-0.4719582076855858,-1.6390923401519204,5.417911289350149,-5.196536685086281,1.100604363669337,1.8604669444157886,0.06652976879699762,163.0,1.0,28.379981248451447,8295.988133035402,365.94421419765087,0.09719625572349294,76364.4825,80177.6406,-0.4716280680379592
S1,ZECUSDT,2024-02-09,S1,ok,False,,2.518572068559951,-1.0203806868135075,6.728783323628344,-5.767803976417028,3.608694575073775,1.9813600340248232,-0.06974181970031663,145.0,1.0,25.1141661500002,9541.789292686904,132.7312281589866,0.09339048548951956,84840.2173,84863.412,2.5168103013490066
S1,ZECUSDT,2024-02-10,S1,ok,False,,3.1412588831821866,-4.282963932379268,6.916332169422895,-9.097012854925804,7.4289601133673555,2.102283246876358,-0.004737297805901836,163.0,1.0,28.611350226774476,10196.919383627166,114.36249118349858,0.08314306349384003,82724.8219,84427.7454,3.1390615401041138
S1,ZECUSDT,2024-02-11,S1,ok,False,,-6.649838389430865,-1.2438629635653573,7.863022034987602,-6.947887510385939,-5.122773181738843,2.15899748816702,-0.28320224412666406,163.0,1.0,27.160177916253797,10621.302779229301,63.158058765743625,0.07925635001393912,73872.4175,84602.3299,-6.645186758699776
S1,ZECUSDT,2024-02-12,S1,ok,False,,6.402066883677657,-0.23955644017760802,9.419897196701864,-7.092737870664955,6.634529731024198,2.5667157662145175,0.007093592831066996,180.0,1.0,29.33554096355456,11810.72873172883,371.9454906704578,0.087572520139256,76433.9475,74477.5851,6.397588571677483
S1,ZECUSDT,2024-02-13,S1,ok,False,,6.4920847371959844,2.021093603648063,10.20939164986489,-5.826917668331538,4.318767912314783,2.3613803778852884,0.15222322123313792,213.0,1.0,27.23934027065028,11619.195830142204,68.256748830633,0.08946110736255862,85188.1768,85500.0244,6.487543456776242
S1,ZECUSDT,2024-02-14,S1,ok,False,,-3.1160232114069286,-0.37109951004645225,10.028997034993749,-7.621346495721645,-2.9931847084359537,2.778750049318556,0.2482610070754776,196.0,1.0,25.144852569213327,12881.994887867468,367.911039536474,0.08699627265936435,85545.7746,83535.1557,-3.1138435209422695
S1,ZECUSDT,2024-02-15,S1,ok,False,,-0.1388745226250342,1.1962165407973968,13.424903637454186,-8.676619643916805,-1.0979106977248811,3.5520674527399843,-0.23718036569754986,251.0,1.0,24.868599312403163,16284.625316723137,536.6225261733731,0.08867936648399381,82332.2975,81620.0256,-0.13877737846011212
S1,ZECUSDT,2024-02-16,S1,ok,False,,5.1791240080011915,1.2502841298987883,12.76882996694719,-8.43283580408087,3.761700918793304,3.0857100329675307,0.16713895930909922,212.0,1.0,23.599289515870037,14504.658324527067,335.96066920385044,0.09547645357567684,84483.4329,80265.9948,5.1755011571911576
S1,ZECUSDT,2024-02-17,S1,ok,False,,-14.889052769418484,0.22086359990794335,41.40348410154282,-34.9104469983525,-15.314766320302859,6.2721735032823815,0.20484995097643077,593.0,1.0,25.400556219759636,30222.660528206856,413.8934502563822,0.0946864255250258,84979.8002,81573.9869,-14.878637723012377
S1,ZECUSDT,2024-02-18,S1,ok,False,,-4.702182593235675,-11.282933210490643,28.94036141021443,-34.31511751726396,6.617117149118506,5.908177103441116,-0.036366531863537,473.0,2.0,22.894227111170196,28918.19263255345,226.4337762371434,0.09523108044556772,82568.8965,85109.1814,-4.698893367878161
S1,ZECUSDT,2024-02-19,S1,ok,False,,12.687451087812123,-5.5585582510832,21.102182031644517,-21.824231200790628,18.529838023351452,4.8365090819370895,-0.28382868445612924,356.0,1.0,21.91516197581529,23586.71418398293,216.66590025546543,0.0980053786447989,84488.9547,82576.205,12.678576084552937
S1,ZECUSDT,2024-02-20,S1,ok,False,,-1.4417889595451236,0.3122902369867626,21.759525847848327,-17.640377041819875,-1.6746716859891286,3.8068585690416894,-0.07940751054275755,372.0,1.0,21.570000000000004,18836.141801943624,72.05492482357465,0.09921491555435974,84703.2454,81898.6883,-1.4407804132558446
S1,ZECUSDT,2024-02-21,S1,ok,False,,9.616684562920163,-2.068357725163698,10.28107706617608,-10.02179577461704,11.730221862246163,2.327639016722738,-0.04517957416230062,182.0,1.0,18.636768809229636,11347.429306782826,105.73300975668076,0.09955882147936948,85451.7668,84706.6418,9.60995759260534
S1,ZECUSDT,2024-02-22,S1,ok,False,,-26.18977097232536,-4.663932162473303,48.07360048528004,-46.034916795043074,-21.495989908999363,6.702615852710268,-0.029848900852693677,838.0,1.0,21.35,33469.689824475856,15.777977845650149,0.09979304889640742,83134.1516,83673.1396,-26.1714509566557
S1,ZECUSDT,2024-02-23,S1,ok,False,,-0.0847205522982354,-8.97477093915075,21.548735409273625,-26.101579229116282,8.98184002389096,4.4219271193080925,-0.09178963703844624,400.0,1.0,19.499999999999996,21090.437999575555,370.6173079872394,0.09983747402370144,84779.5323,85455.3055,-0.08466128939565845
S1,ZECUSDT,2024-02-24,S1,ok,False,,5.295013221441612,-9.524223449862326,10.351850346900546,-17.353553401777052,14.84257881214477,2.52252039498582,-0.023342140840832963,268.0,1.0,18.871759617854167,12376.725822203083,85.7731464458224,0.0998227038137252,84133.3556,85671.006,5.291309304928162
S1,ZECUSDT,2024-02-25,S1,ok,False,,4.762050778535317,-7.7749988418650275,9.704213372005988,-15.162673686196953,12.604724045200037,2.3165385276740618,-0.06767442479969177,226.0,1.0,17.583050749180558,11558.861161507855,8.665991586346742,0.0983864265206306,85592.1471,85659.8066,4.758719674762983
S1-touch,ALGOUSDT,2024-02-01,S1-touch,ok,False,,-297.92183296479806,-213.60532726095522,230.10462434688623,-298.5752658318863,-83.72149707372557,145.13468577595512,-0.5950086301172846,11241.0,1.0,39786.13852720575,718752.5786034111,2516.672827768729,0.08534051066133695,85654.0997,85653.3933,-48.329491314598535
S1-touch,ALGOUSDT,2024-02-02,S1-touch,ok,False,,-194.27023605011607,-193.26351110566375,237.1911266841771,-277.4766185967143,-1.7248055889393754,152.97801919312658,0.7180806444870693,12817.0,1.0,42872.41043023441,763398.0497631279,542.5622554553399,0.06794411575504669,85640.5593,85611.138,-31.514916488106056
S1-touch,ALGOUSDT,2024-02-03,S1-touch,ok,False,,-137.62499140759897,-191.85074325341125,183.55675339725127,-252.97639296003643,54.24452160837984,122.43110369062609,-0.018769762567566295,9835.0,1.0,40242.61533661336,606431.8013720744,2081.351665840053,0.0840585515342431,85618.9965,85327.9736,-22.325808621388163
S1-touch,ALGOUSDT,2024-02-04,S1-touch,ok,False,,-294.72739038037093,-163.9038546851409,147.13868234581264,-217.99390679220036,-131.27504286073682,93.04863023875318,0.45150716550675796,8525.0,1.0,44230.609598942385,464488.4129089112,274.4502854020735,0.08751140425051422,84494.1975,85527.7325,-47.811282281032014
S1-touch,ALGOUSDT,2024-02-05,S1-touch,ok,False,,-106.36699707968765,-193.60530067071252,187.98083521378328,-261.73993913341815,87.12672129748114,119.84619675107766,0.11158229354373984,9471.0,1.0,36892.57048037,598402.2984863733,301.34009782337625,0.0903280228868193,85650.8942,85650.7313,-17.25507261540682
S1-touch,ALGOUSDT,2024-02-06,S1-touch,ok,False,,-182.77920737643137,-181.17907891845624,159.93692470083602,-240.66284197650674,-1.9346488084107136,100.4531616427855,0.33452035043558387,9213.0,1.0,43210.2191186266,500801.246123915,532.5680327312382,0.08197436500657673,85636.4492,85533.8801,-29.65081822798872
S1-touch,ALGOUSDT,2024-02-07,S1-touch,ok,False,,-245.5294582033142,-205.02275178302062,180.33793675023168,-264.4885609182671,-41.112520620428256,120.87212761498517,0.6058142001346853,8251.0,1.0,46060.90924559722,595955.8320680282,3056.293093418553,0.09201272991673225,85610.7932,75998.3481,-39.830292730231896
S1-touch,ALGOUSDT,2024-02-08,S1-touch,ok,False,,-167.57009552873058,-213.39967381207094,184.15100790750546,-272.7445712415873,44.827730104067086,124.80611047798907,1.001848179273281,8255.0,1.0,42952.84175138484,620505.9602395961,1281.6698728550518,0.0894523573772428,85557.0271,84062.2806,-27.183564882937414
S1-touch,ALGOUSDT,2024-02-09,S1-touch,ok,False,,-269.2716708061824,-258.52051480963496,217.7716313052153,-325.66798750194687,-11.158176695509667,150.6241586129034,0.4070206989622207,10016.0,1.0,33001.63956023616,748590.0305530024,1647.5500041861728,0.09481397710580944,85651.1858,85652.8307,-43.68180319645292
S1-touch,ALGOUSDT,2024-02-10,S1-touch,ok,False,,-158.33893624972097,-170.43731123295498,140.91938900383394,-213.96032329001486,11.85713409685934,97.39637694677405,0.24124088637466384,8599.0,1.0,36992.81513662818,486742.8741759734,86.91293014373291,0.09911883837235425,85639.2704,85639.3916,-25.68606727506225
S1-touch,ALGOUSDT,2024-02-11,S1-touch,ok,False,,-151.04632122668326,-173.85042633289314,132.02472162805597,-215.1885440949091,22.667521820604605,90.68660386604,0.136583285605274,7888.0,1.0,28085.313731875187,451566.2420725634,678.8280936855404,0.09996215307141051,85644.4761,85645.3385,-24.503044295815688
S1-touch,ALGOUSDT,2024-02-12,S1-touch,ok,False,,-247.02968006465,-284.3758987244232,221.56009652376625,-347.8781790095525,37.11373796665333,158.05781623863695,0.23248069311987452,12105.0,1.0,22228.186892829348,787008.6388662135,1192.8881188994167,0.09999811012443001,85642.8381,85643.1815,-40.07366180021867
S1-touch,ALGOUSDT,2024-02-13,S1-touch,ok,False,,-169.94010503717382,-275.3454933596364,227.84683941873715,-343.0683884839026,105.47342044906333,160.123944294471,-0.06803212660071889,10552.0,1.0,34528.193227438984,795981.115641434,1686.7657566983082,0.09957496371217318,85645.5955,85641.873,-27.56803269052961
S1-touch,ALGOUSDT,2024-02-14,S1-touch,ok,False,,-148.2658124854906,-229.35711953045066,202.57219881456075,-286.5911814035745,80.7471319643991,145.3381369414369,0.3441750805609583,9793.0,1.0,23546.302659156787,723689.9951297545,1091.1598463389487,0.09928137469532415,85637.7329,85637.837,-24.05198446001804
S1-touch,ALGOUSDT,2024-02-15,S1-touch,ok,False,,-309.2431763976162,-274.5480733274016,220.45219481617877,-332.8792172180965,-34.373786160767736,162.12105092548384,-0.3213169094469366,11151.0,1.0,20978.02306811872,803127.0683544156,2719.340462912603,0.0999022430720996,85651.951,85651.8597,-50.166062886614284
S1-touch,ALGOUSDT,2024-02-16,S1-touch,ok,False,,-248.1558060803449,-286.8371446738165,236.26974148573493,-348.808135041657,38.23395179284557,174.29875111789445,0.44738680062609043,11922.0,1.0,33140.78768292964,867538.815981632,1438.1598573955537,0.09745792895784046,85647.4511,82634.0993,-40.25634427418527
S1-touch,ALGOUSDT,2024-02-17,S1-touch,ok,False,,-299.78030277053216,-240.50333081717704,185.978119357594,-287.82374183229047,-60.072644056640684,138.6577083424806,0.7956721032856224,9367.0,1.0,31574.76989286926,690467.0657524526,1025.991258163871,0.09784338748531637,85655.7334,85657.0714,-48.63097610153351
S1-touch,ALGOUSDT,2024-02-18,S1-touch,ok,False,,-180.15175393134584,-167.9921594085668,136.73718308734828,-200.823360942793,-12.730152881977574,103.90598155312209,0.5705583591985376,7462.0,1.0,23453.77613063658,518216.1701738248,477.72276064932765,0.09979462142944438,85660.4788,85661.0179,-29.224587336516
S1-touch,ALGOUSDT,2024-02-19,S1-touch,ok,False,,-317.84659039723357,-311.62791336021746,231.35935271765877,-360.0387711219638,-6.289526371693569,182.9484949559124,0.07084933467740588,13918.0,1.0,22472.513103328612,910096.8069049258,1689.3337725970903,0.09351704260563097,85652.5652,85653.6239,-51.56172636663702
S1-touch,ALGOUSDT,2024-02-20,S1-touch,ok,False,,-430.8714991612131,-370.3097416187753,298.3143262540584,-443.9532958429675,-60.25586233983904,224.67077202986619,-0.3058952025987404,14228.0,1.0,20765.863719684232,1120829.8088879157,917.8368223330323,0.09986813039775701,85629.0192,85630.4382,-69.8968590827662
S1-touch,ALGOUSDT,2024-02-21,S1-touch,ok,False,,-327.87961789084346,-328.5677629516556,276.9087941657488,-403.7013055883435,0.7373036440295664,201.77525152906097,-0.049158583217461305,13376.0,1.0,21849.533446440542,1007956.5589512496,334.4358887489938,0.09020131832481072,85646.8154,85646.9298,-53.18930468235194
S1-touch,ALGOUSDT,2024-02-22,S1-touch,ok,False,,-244.55661358295993,-263.6988112512014,215.41200099467096,-315.6903638305749,19.23317757278511,163.4204484152975,-0.09097990454361302,12746.0,1.0,32043.82982550164,813690.9470088833,1240.470933674173,0.08606002093321102,85647.4372,85647.6944,-39.67247587887203
S1-touch,ALGOUSDT,2024-02-23,S1-touch,ok,False,,-321.14655667424756,-306.4418895018355,228.3927656610737,-368.3371232104922,-14.471065000527005,166.49753195241695,-0.2336021718850758,12057.0,1.0,26529.53273053016,830892.7670971291,579.9609690745075,0.09134550386575592,85654.1098,85654.8499,-52.097053670232995
S1-touch,ALGOUSDT,2024-02-24,S1-touch,ok,False,,-279.31829467970124,-202.91729500014588,153.040749625997,-243.42942001331735,-76.15267148294637,112.52862461282554,-0.24832819660899172,8917.0,1.0,29873.65423826216,561458.2319895386,430.86948166967073,0.09999807859558309,85655.7662,85645.7179,-45.311587144827186
S1-touch,ALGOUSDT,2024-02-25,S1-touch,ok,False,,-498.5916014848061,-413.8177154326323,298.60986791092705,-498.8805523736252,-84.88052001264788,213.54703096993416,0.10663396047408613,10995.0,1.0,18895.07111258079,1064701.835027233,1103.0253899817337,0.0999978658400442,85628.4548,85628.3851,-80.88255309686865
S1-touch,ALICEUSDT,2024-02-01,S1-touch,ok,False,,2.4191717782470716,-54.92660032922004,54.31952393483526,-85.24418535535753,57.49259823761291,24.00193890869777,-0.1468261301457979,3798.0,1.0,1542.1186061776277,118416.54787590036,579.3260609412397,0.09813624812251037,84571.4528,84779.6994,1.550890322366797
S1-touch,ALICEUSDT,2024-02-02,S1-touch,ok,False,,13.962965780890732,-20.659722036968688,30.215964863216467,-36.573547329857405,34.54921409226418,14.30213957032775,0.07347372559523704,2679.0,1.0,1591.7118724112488,68145.18696845023,1223.8221393413512,0.09247102906368498,84341.8637,84613.479,8.951422423096131
S1-touch,ALICEUSDT,2024-02-03,S1-touch,ok,False,,1.136366478259553,-19.56037160534941,25.156417593524367,-33.39488828945246,20.679624498411123,11.321900909421315,0.017113585197838337,2327.0,1.0,1012.1950343153964,55606.91774477459,364.57701902983854,0.0901132551355171,83451.3209,83451.2798,0.7285054288587137
S1-touch,ALICEUSDT,2024-02-04,S1-touch,ok,False,,0.28467209213317907,-31.38111374365869,44.71235273989281,-56.84550563929119,31.656535772841934,19.24796084426031,0.009250062949935856,3615.0,1.0,1437.7296749464574,95495.85443513641,270.5271949692396,0.08769546229717053,84939.0533,84938.3635,0.18249848841125427
S1-touch,ALICEUSDT,2024-02-05,S1-touch,ok,False,,-33.623756668247744,-38.45956859076782,50.96119825025854,-67.53450069082578,4.819692130086459,21.886266150200584,0.016119792433620207,3697.0,1.0,1394.919690295843,109234.72891731565,71.49157588626909,0.08322190704972264,84622.1314,84622.4296,-21.555624651089037
S1-touch,ALICEUSDT,2024-02-06,S1-touch,ok,False,,-2.854150909364979,-38.879689596020704,46.34143974144105,-64.86495704797225,36.344311334672994,20.3561722894895,-0.3187726480172697,3451.0,1.0,1699.470737969892,100074.25144411552,620.585455757191,0.08737210510832798,81144.2259,81809.5238,-1.8297481244246145
S1-touch,ALICEUSDT,2024-02-07,S1-touch,ok,False,,-39.08871902053961,-43.8733247478513,43.12865518617312,-66.53782115061406,4.731089816634494,20.464158783410358,0.05351591067719631,3469.0,1.0,1539.0562242081066,98851.70635287226,1261.486386974576,0.0943590564874028,80494.2722,84456.0636,-25.059120062402787
S1-touch,ALICEUSDT,2024-02-08,S1-touch,ok,False,,-10.872369363034688,-29.330598478527488,31.78884728552424,-45.88993713702329,18.496472425536673,15.22950862702844,-0.038243310043872436,3257.0,1.0,1544.5752203782533,73853.18923497041,834.3105091534454,0.09412257311689057,84336.6295,79691.1365,-6.970093061579045
S1-touch,ALICEUSDT,2024-02-09,S1-touch,ok,False,,-29.746230094812514,-46.0709426519873,47.98853233328869,-71.35387139466275,16.256692181475543,22.705603590613244,0.06802037569924559,3475.0,1.0,1569.292210969945,112750.7315584767,282.64959803232966,0.09871508954936964,84375.0646,84705.4581,-19.069807607613836
S1-touch,ALICEUSDT,2024-02-10,S1-touch,ok,False,,25.64666807787315,-27.040412979388833,23.306366203528178,-38.481560963424855,52.57993242568222,11.865218219492155,0.10714863157976161,1638.0,1.0,1531.271653550618,56550.807983665196,1009.1938595619847,0.09627895514186202,83235.0196,77640.8748,16.441647377247413
S1-touch,ALICEUSDT,2024-02-11,S1-touch,ok,False,,-32.63984456159831,-23.516395797669393,22.93287992934001,-34.87094816339299,-9.16878807753126,11.578327563616416,0.04533931360234185,1727.0,1.0,1389.1564401675776,55299.65365556068,942.539695462324,0.09961155102410783,81976.9365,82666.9717,-20.92485515469229
S1-touch,ALICEUSDT,2024-02-12,S1-touch,ok,False,,-37.23230793717061,-45.546873122884335,51.75929477222148,-71.9107938241572,8.095295793652312,25.395374070948623,0.21926939206141083,2922.0,1.0,1366.2136700604487,123536.98364940306,1250.8678928509705,0.09850650439829443,85193.9341,80619.5924,-23.869006152584596
S1-touch,ALICEUSDT,2024-02-13,S1-touch,ok,False,,-71.2619098213534,-51.72910287047837,62.595888158316285,-85.07927606205809,-20.10256856473154,29.24571496673657,0.5697616138565185,3290.0,1.0,1487.3218672394464,145812.32185627474,151.36471905738284,0.08984796608048984,84923.5406,81742.6793,-45.68481134291116
S1-touch,ALICEUSDT,2024-02-14,S1-touch,ok,False,,-72.97688107917278,-46.29393501113204,53.552320821709394,-72.91161322046051,-28.130962408203004,26.934642612380927,1.448016340162256,2392.0,1.0,1493.3296840350886,132463.41251069214,803.5638368045243,0.06929001607119127,85199.8209,73500.0515,-46.78425056041746
S1-touch,ALICEUSDT,2024-02-15,S1-touch,ok,False,,-37.66053898504474,-49.44997067780635,55.81430401952523,-77.16334940880515,12.05661276960143,28.100925288526433,-0.2671810768398147,3076.0,1.0,1447.7814239733161,139058.89391071541,525.7209206970111,0.07694035800714345,84948.0243,85295.1272,-24.143537872017195
S1-touch,ALICEUSDT,2024-02-16,S1-touch,ok,False,,-177.25245699568728,-125.85407846100176,112.28270747953977,-185.2503818887173,-51.93721174524538,52.886404051824236,0.53883321055987,4875.0,1.0,1336.2206781716893,262014.70428614516,879.023990173169,0.08660131920152046,84666.7294,83993.7974,-113.63356775331587
S1-touch,ALICEUSDT,2024-02-17,S1-touch,ok,False,,-70.40438901019334,-46.4571717328316,45.19105582504129,-68.11140573957499,-23.81051366954368,23.536821818297895,-0.1367036078180644,2383.0,1.0,1411.6190827903142,113720.36006035288,1441.3632840496446,0.09745022705084197,84103.7291,82407.5727,-45.13506917940927
S1-touch,ALICEUSDT,2024-02-18,S1-touch,ok,False,,-46.70019527420506,-49.39197053818083,44.90108679195416,-70.92642713323062,1.9309475783701657,23.366630196904367,0.7608276856056049,2514.0,1.0,1256.5077442468753,116513.92511414974,116.08213468070839,0.09330217971236343,84673.7684,83134.9459,-29.93870941892546
S1-touch,ALICEUSDT,2024-02-19,S1-touch,ok,False,,-39.58809155092878,-56.513458986327024,54.25764022242487,-81.0992121933661,16.912898740780406,29.671887015385792,0.012468694617838672,2905.0,1.0,1253.1219563222066,147060.8047336273,472.22921574615816,0.0941542803798225,85181.5345,85261.872,-25.37925938925851
S1-touch,ALICEUSDT,2024-02-20,S1-touch,ok,False,,-205.0848800912966,-82.93818051873652,80.9013748431658,-125.01545379095901,-122.27543454098296,38.8241015709433,0.12873496842285131,4150.0,2.0,1272.75809361872,193317.57626045455,291.9751251860984,0.0995831789255425,85091.5094,84831.7874,-131.4764658952064
S1-touch,ALICEUSDT,2024-02-21,S1-touch,ok,False,,-89.7224584846739,-45.996035441402825,59.90368056095524,-76.2921308638681,-43.85252677706224,29.607585138489966,0.12610373379117068,3205.0,1.0,1299.8904437131864,145416.28681286846,953.323228938749,0.09879454428109867,84949.8405,84152.5692,-57.51955847619267
S1-touch,ALICEUSDT,2024-02-22,S1-touch,ok,False,,-177.20629894945995,-164.64288149970625,124.12870116409707,-225.31746283910343,-12.849744929101831,63.454119824699895,0.28632747934813296,7215.0,1.0,1041.0327240140407,316036.64049892215,448.7122271191278,0.09918458032960781,85555.4725,85554.8027,-113.60397660652878
S1-touch,ALICEUSDT,2024-02-23,S1-touch,ok,False,,-60.1470812820264,-58.53069233416166,51.59027907833629,-82.91692837955878,-1.5287577347660601,27.204043032939158,-0.08763121309869673,4022.0,1.0,735.919706246342,134868.37492127225,418.85099760842877,0.09993887871987672,85566.1754,85565.4015,-38.55928178299745
S1-touch,ALICEUSDT,2024-02-24,S1-touch,ok,False,,-49.52772854952372,-75.26406111379839,57.05416071883042,-101.08822607118577,25.910994136702072,31.22999576144304,-0.17466157242740166,3798.0,1.0,927.2476048425368,154634.17501437702,551.2013792139413,0.09994181148437285,85642.501,85446.2137,-31.751393426027803
S1-touch,ALICEUSDT,2024-02-25,S1-touch,ok,False,,-83.37788969950203,-81.37794245403369,56.03957108033456,-107.23797075984422,-2.0620579983355753,30.179542774524027,0.06211075286722387,3719.0,1.0,831.6673342457599,150536.1911553387,131.46280628404023,0.09993545675541637,84179.0095,85645.4927,-53.45216218090216
S1-touch,CAKEUSDT,2024-02-01,S1-touch,ok,False,,-15.290987601394798,-16.20754020422205,12.401794667033645,-17.939704294203136,0.9056101360506688,10.669630577052558,0.010942466776582276,2209.0,1.0,124.08939795057077,53060.54882839112,104.58329340777985,0.09630904190103551,85646.7365,85646.4062,-14.915126415718687
S1-touch,CAKEUSDT,2024-02-02,S1-touch,ok,False,,-11.929655220900154,-14.541758437769516,12.896107497697784,-16.730157492605276,2.605928809081764,10.707708442862025,0.006174407787598667,1862.0,1.0,155.79935113437764,53337.85235135522,72.97813198359196,0.0904785087272221,85576.2431,85576.0154,-11.636417499902608
S1-touch,CAKEUSDT,2024-02-03,S1-touch,ok,False,,-12.116138744955338,-11.702124524242464,9.292443692944353,-12.819383587705657,-0.4129097007152982,8.17518462948116,-0.0011045199975754558,1728.0,1.0,128.3577630408428,40562.65805965601,113.9145773635815,0.08760945265527056,85504.711,85505.3435,-11.818317152707118
S1-touch,CAKEUSDT,2024-02-04,S1-touch,ok,False,,-30.4172770509322,-29.828379902881462,21.502682113457816,-33.95605070237934,-0.5896539300945633,17.375011313959934,0.0007567820438264096,3328.0,1.0,240.55062991551014,86806.68522446572,24.862307394200762,0.0882082356083653,85504.9094,85505.8256,-29.669603053972104
S1-touch,CAKEUSDT,2024-02-05,S1-touch,ok,False,,-28.406266487481478,-30.146450150886462,24.04055788342525,-34.65471005709738,1.7491197756280954,19.53229797721433,-0.008936112223110637,3538.0,1.0,223.6121395293556,97518.09804670444,52.14248704266008,0.09001295235185382,85618.0167,85617.5971,-27.70802427573301
S1-touch,CAKEUSDT,2024-02-06,S1-touch,ok,False,,-14.841187132662979,-12.421409857454847,12.130087435530672,-14.284026804143387,-2.418745600071926,10.267470488842132,-0.0010316751362056589,2658.0,1.0,161.95778848427324,51145.99863460785,69.58320349198193,0.0877489356642234,85495.0842,85494.8202,-14.47638229873486
S1-touch,CAKEUSDT,2024-02-07,S1-touch,ok,False,,-16.545087172287634,-17.3695005786851,15.738772861851594,-20.100422167581478,0.8131223017483649,13.007851272955213,0.011291104649099078,2607.0,1.0,131.61276702322684,64979.21911084661,21.831728701675985,0.0845670784791855,85533.702,85533.0111,-16.13839950476749
S1-touch,CAKEUSDT,2024-02-08,S1-touch,ok,False,,-17.310773815511197,-18.327885042936266,19.628869689289537,-23.321956149738376,1.007274448262507,14.634798582487429,0.009836779162562174,2256.0,1.0,334.88555490004217,73014.85329485085,57.868951849460046,0.08470830977520355,85530.8996,85531.975,-16.885265134131096
S1-touch,CAKEUSDT,2024-02-09,S1-touch,ok,False,,-7.361054134701534,-10.647086571033046,14.075936007897965,-15.284529200699868,3.279399619263092,9.438493378231144,0.0066328170684206616,1105.0,1.0,245.2616191378679,47094.007553665244,35.80339545108131,0.07441605491959555,85612.9334,85612.2569,-7.180115230883276
S1-touch,CAKEUSDT,2024-02-10,S1-touch,ok,False,,-3.3095036783080958,-5.804435970107554,10.375172130000218,-10.240664214944733,2.523707096698951,5.938943885163039,-0.028774804899492586,573.0,1.0,385.0504195934314,29654.48369602764,14.631174468206922,0.08918774545336607,85524.2535,85523.2528,-3.2281541926532342
S1-touch,CAKEUSDT,2024-02-11,S1-touch,ok,False,,-6.131455158161604,-5.325231911686835,7.831365621686283,-8.619237322022977,-0.8250480764394226,4.537360211350141,0.01882482996465383,518.0,1.0,154.32876837184645,22652.429780514736,12.498645903966626,0.09620851989937927,85527.9191,85528.0296,-5.980740497621541
S1-touch,CAKEUSDT,2024-02-12,S1-touch,ok,False,,-19.088111640559102,-16.940744316411788,18.18048653767842,-22.22112209484733,-2.1444511042986107,12.900108759242874,-0.0029162198487026328,1384.0,1.0,263.4786007497308,64385.397770110576,41.87128221952445,0.07648831128574742,85600.4847,85600.6895,-18.61891498298781
S1-touch,CAKEUSDT,2024-02-13,S1-touch,ok,False,,-13.041710623126395,-14.263888683317758,14.734256340031093,-18.92274175553302,1.2231929263582977,10.07540326781583,-0.0010148661669367618,1110.0,1.0,145.64199403017236,50333.45704306607,15.839744004754387,0.0752797449324561,85587.7831,85587.7275,-12.721137946865388
S1-touch,CAKEUSDT,2024-02-14,S1-touch,ok,False,,-16.11260828189943,-14.37213528102082,18.86042177119841,-22.05023980560407,-1.7315142550010485,11.182317246615161,-0.008958745877560972,1239.0,1.0,168.54135588666367,55896.49405830019,5.488063554747893,0.08735860059478472,85587.3966,85586.7656,-15.716551191864445
S1-touch,CAKEUSDT,2024-02-15,S1-touch,ok,False,,-73.0316884497175,-65.95201982864342,57.508979498430755,-88.10472363427877,-7.093581346417011,35.3562756927954,0.01391272534292255,3530.0,1.0,311.2204254417617,176542.73715658963,86.77865723168134,0.09750576587485206,85622.5062,85621.4081,-71.23652794549113
S1-touch,CAKEUSDT,2024-02-16,S1-touch,ok,False,,-40.352263951515624,-40.041957026827674,36.44933667638629,-54.422331990229864,-0.32383729036276776,22.068961712984102,0.013530365674827608,2282.0,1.0,225.22447200239213,110048.37742138875,107.7931431024843,0.09305760096828368,85619.6153,85620.6713,-39.3603823171241
S1-touch,CAKEUSDT,2024-02-17,S1-touch,ok,False,,-28.016294100061515,-29.872165201774976,24.143643586373543,-39.754893029393955,1.8393645686768565,14.260915758754566,0.016506533036604158,1637.0,1.0,318.80000000000007,70816.45968096856,177.49785920150262,0.09862937341824149,85627.6009,85626.5806,-27.327637631741627
S1-touch,CAKEUSDT,2024-02-18,S1-touch,ok,False,,-17.89648682185057,-25.262939607073456,22.423139025053285,-34.68764709882862,7.345573829837395,12.99843153329812,0.020878955385491407,1506.0,1.0,256.4064491938508,64967.76698107419,8.86934015139304,0.09666371555340014,85645.2159,85645.3238,-17.45658098112619
S1-touch,CAKEUSDT,2024-02-19,S1-touch,ok,False,,-13.985460551673386,-11.490982405515291,16.138209271016862,-18.253074674458777,-2.569264810126807,9.376117002073377,0.07478666396871335,1236.0,1.0,234.45519408947203,46725.265715667745,56.47974352695889,0.09862575431823999,85659.3977,85660.6443,-13.641689964566316
S1-touch,CAKEUSDT,2024-02-20,S1-touch,ok,False,,-31.753717662366444,-35.02004790903811,36.544399797034295,-48.349485796688036,3.226469408175518,23.214961909384375,0.039860838496155016,2615.0,1.0,198.60068520497998,115699.11829156015,136.6150019496665,0.09958297427478445,85630.7975,85631.5322,-30.973193193880654
S1-touch,CAKEUSDT,2024-02-21,S1-touch,ok,False,,-20.93621237741811,-27.96958163778877,23.741331681764024,-36.25471920159283,7.0182401040164635,15.456194117959969,0.01512915635419739,1957.0,1.0,186.00886413320922,77140.7853552995,50.976448909197266,0.099502290054146,85655.5221,85656.9465,-20.421588350973575
S1-touch,CAKEUSDT,2024-02-22,S1-touch,ok,False,,-72.38000094032647,-70.82391618127673,60.42551949559976,-94.69362449661806,-1.5690410926575709,36.55581118025843,0.012956333607836974,3539.0,1.0,250.65808265220517,182760.0679031447,6.904726599049359,0.09817565660591807,85619.1025,85618.5475,-70.60085928631143
S1-touch,CAKEUSDT,2024-02-23,S1-touch,ok,False,,-224.00951929365752,-176.05336109712522,156.68903017649933,-243.40895581148325,-47.96890996582957,89.33343546214128,0.01275176929722674,9684.0,1.0,265.937410499355,445711.66999878164,347.45720433595915,0.09973894783811148,85528.3214,85526.2763,-218.50323770352858
S1-touch,CAKEUSDT,2024-02-24,S1-touch,ok,False,,-135.97678704925133,-145.91937684429064,110.91520761958427,-186.54212650782722,9.92989743513786,70.29245795604768,0.012692359901459739,8244.0,1.0,214.22247804094712,351196.7836164518,96.54769592262335,0.09970980059566498,85561.5961,85560.5016,-132.63440016509102
S1-touch,CAKEUSDT,2024-02-25,S1-touch,ok,False,,-21.902976612597026,-22.617323428514315,23.11901364357687,-31.491130193362697,0.7498653579546861,14.245206878728489,-0.035518542037396336,1836.0,1.0,176.10451633267598,71000.61333002264,81.97129586175748,0.0997873608507659,85651.855,85652.4756,-21.364588970539433
S1-touch,GALAUSDT,2024-02-01,S1-touch,ok,False,,-526.3198464378124,-580.3590613382693,468.428886175014,-650.6922601814792,54.232001473009404,398.095687331804,-0.19278657255253384,68338.0,1.0,188718.20196682762,1989286.63439485,433.3826415840517,0.08424020415802108,85648.7701,85649.7781,-45.545552180082254
S1-touch,GALAUSDT,2024-02-02,S1-touch,ok,False,,-511.53841284996776,-539.5067218875174,421.16346522619756,-597.8558355375943,27.88318562015354,362.8143515761207,0.08512341739615857,54632.0,1.0,174286.7178784505,1810786.543368883,1194.6234587851025,0.08650405879582983,85652.5127,85651.7358,-44.2664277858036
S1-touch,GALAUSDT,2024-02-03,S1-touch,ok,False,,-299.239227808454,-357.1803225136906,287.45354852916455,-396.12260255972825,58.1817673898592,248.51126848312688,-0.2406726846226831,35294.0,1.0,190363.747806727,1239800.9812224521,1001.9495247170545,0.07604128936899036,85662.494,85660.8495,-25.894930538379015
S1-touch,GALAUSDT,2024-02-04,S1-touch,ok,False,,-443.55576373878927,-454.46057613360523,359.74072047498277,-511.4380239146376,11.04438190915431,302.7632726939504,-0.13956951433837544,47397.0,1.0,255064.14299713558,1508506.2034836023,1930.9672676554837,0.07408752401826278,85657.3406,85659.7914,-38.38348927723408
S1-touch,GALAUSDT,2024-02-05,S1-touch,ok,False,,-619.7058801791286,-537.0080121516544,443.2974012436802,-611.3779570499344,-82.8280151117583,368.9274563454003,0.1301470842840439,47730.0,1.0,199540.98695694815,1844099.0550225726,195.71880171747392,0.0734936684890056,85653.414,85653.3846,-53.626794986035584
S1-touch,GALAUSDT,2024-02-06,S1-touch,ok,False,,-448.26525269186,-491.2985042273128,375.3846970130779,-553.8991067197564,43.01258451442948,312.78409452063426,0.020667021023294752,40765.0,1.0,191528.07306265776,1560122.0960414957,1381.2278405748225,0.09401615735250836,85654.4333,85654.9298,-38.79102905804481
S1-touch,GALAUSDT,2024-02-07,S1-touch,ok,False,,-893.6760309322716,-802.5155119374638,498.04997402817503,-906.7908939463288,-91.62369608842187,393.7745920193101,0.46317709361403003,37115.0,1.0,391700.8006298899,1966717.4657825106,783.8161141720122,0.09538802574624665,85642.6275,85641.4675,-77.33504365149159
S1-touch,GALAUSDT,2024-02-08,S1-touch,ok,False,,-447.97688630733245,-525.4036912083798,376.02762924123726,-571.3553519543935,77.30078223490807,330.0759684952235,0.1260226661392231,33108.0,1.0,169998.41377528512,1645180.426808531,1890.6966064361973,0.08167923897065567,85649.1253,85649.542,-38.76607501859072
S1-touch,GALAUSDT,2024-02-09,S1-touch,ok,False,,-621.1814865687829,-660.4020926330393,465.5785308582645,-721.2972688101523,39.085655555141216,404.6833546811514,0.13495050911499715,31898.0,1.0,199408.2472704486,2020609.2153137447,1020.9302153763182,0.09503862192084243,85641.7156,85642.3726,-53.75448788660191
S1-touch,GALAUSDT,2024-02-10,S1-touch,ok,False,,-432.6251129816468,-505.79339723894606,342.5309837997959,-547.6941069781757,73.23698288789012,300.63027406056625,-0.06869863059084581,23480.0,1.0,146096.87088895895,1502134.05527241,369.9327383687221,0.09748492484537115,85654.1114,85653.8371,-37.43759577199931
S1-touch,GALAUSDT,2024-02-11,S1-touch,ok,False,,-432.04750630238505,-480.1325632674191,347.48745106218337,-513.6404278835652,48.17942306879479,313.9795864460373,-0.09436610376078726,28045.0,1.0,180270.22343640856,1567789.8903381526,766.5606879924858,0.0810049560091589,85654.8062,85656.8938,-37.38761206850051
S1-touch,GALAUSDT,2024-02-12,S1-touch,ok,False,,-579.6592092831471,-654.48510686138,492.1612838780143,-697.6976946262326,74.87039113183971,448.9486961131617,-0.04449355360682743,33779.0,1.0,189610.69775512652,2244399.3738230295,125.1297246224633,0.08543667998954005,85646.4586,85646.7122,-50.1613209947427
S1-touch,GALAUSDT,2024-02-13,S1-touch,ok,False,,-668.4303123819199,-685.1968908856662,488.3892789246384,-741.6635897240546,16.763389459723157,431.92258008625,0.00318904402335609,15996.0,1.0,366591.0041559179,2159462.5052608596,54.6891528649845,0.09674561154839054,85643.7767,85645.8858,-57.843206706696996
S1-touch,GALAUSDT,2024-02-14,S1-touch,ok,False,,-273.0974574618023,-279.64838704974864,237.29931825764825,-325.7023904386286,6.415403047226448,191.24531486876833,0.1355265407198584,6326.0,1.0,127082.84899188174,956169.9449427236,20.59250949780013,0.09374789662760924,85662.8257,85662.85,-23.63272938168402
S1-touch,GALAUSDT,2024-02-15,S1-touch,ok,False,,-293.92788845832234,-282.8525577256249,219.01207127857825,-358.9701195161871,-11.112264071783557,142.89450948801604,0.036933339086128655,4353.0,1.0,161191.24273523784,714207.8295086578,96.26106597252173,0.09933357220675201,85664.4095,85664.1525,-25.43530910256426
S1-touch,GALAUSDT,2024-02-16,S1-touch,ok,False,,-107.38315518367033,-162.05254995910286,151.13792101946237,-211.6556898209634,54.66572659069678,101.53478115760181,0.003668184735748998,5251.0,1.0,176915.4424475454,507180.8936426751,179.2771437602571,0.09767964962827151,85668.723,85668.1557,-9.292496056877468
S1-touch,GALAUSDT,2024-02-17,S1-touch,ok,False,,-88.8966030463853,-95.7880366595225,103.17059409375986,-128.72933016627016,6.899687414711906,70.2293005870122,-0.008253801574702183,5716.0,1.0,109529.17626077136,350866.09960180207,101.96484845992305,0.09508865147287986,85674.1425,85673.4238,-7.692745960624902
S1-touch,GALAUSDT,2024-02-18,S1-touch,ok,False,,-157.57248964219082,-164.86485603278612,140.67232237292916,-218.7555078748785,7.276451246575505,86.78167053083679,0.015915144019803807,5428.0,1.0,115356.48482502786,433875.07460298255,12.101109530496306,0.09975497534184656,85670.3611,85670.4853,-13.635674386433841
S1-touch,GALAUSDT,2024-02-19,S1-touch,ok,False,,-126.3431228541777,-130.62711090598572,139.70883345054716,-181.9207070855615,4.572560966443746,88.41523727097139,-0.288572914635706,4837.0,1.0,114444.21573667368,441798.9429031709,100.81580061510134,0.0956486274227793,85671.0662,85671.7068,-10.933213583898935
S1-touch,GALAUSDT,2024-02-20,S1-touch,ok,False,,-481.9192620894852,-415.35497094135985,333.2299296915761,-519.2581219416677,-66.54071192931963,229.32677869126823,-0.02357921880571131,11373.0,1.0,201898.51708925568,1145910.9054142858,262.9047425630538,0.09877396476112488,85644.3038,85645.4144,-41.70330844758826
S1-touch,GALAUSDT,2024-02-21,S1-touch,ok,False,,-321.798947622435,-283.5081421756639,221.88260639774774,-352.863768098267,-38.27772472744323,152.52698047514468,-0.013080719327843777,7370.0,1.0,233359.69451346347,762079.9917966698,201.78566511731864,0.09999843906720507,85659.0409,85660.1331,-27.847155792489982
S1-touch,GALAUSDT,2024-02-22,S1-touch,ok,False,,-315.70255575567086,-304.73289215017667,228.5975387313006,-380.2300106819116,-10.945651019838465,153.1004201995657,-0.0240125856556826,6137.0,1.0,121612.32180805432,763637.6211643715,677.9926667082868,0.09999823462317244,85649.1609,85650.6861,-27.319599144650862
S1-touch,GALAUSDT,2024-02-23,S1-touch,ok,False,,-383.99878130220674,-345.8455832492147,277.99954196512056,-440.42245006301744,-38.20621434764462,183.42267515131783,0.05301629465258395,6886.0,1.0,148996.80783098465,916617.8115732814,180.20515757110994,0.09999818924127817,85652.6578,85651.0774,-33.22967326666091
S1-touch,GALAUSDT,2024-02-24,S1-touch,ok,False,,-360.5765267388052,-300.8261039244759,241.26074230278795,-381.938694443588,-59.69948170551362,160.14815178367581,-0.05094110881570626,3936.0,1.0,194499.8674009574,800726.9363512727,5.026388039121055,0.09999821914623482,85657.2071,85657.8618,-31.202807807163897
S1-touch,GALAUSDT,2024-02-25,S1-touch,ok,False,,-162.2341510223965,-174.14817689993623,143.00671651236937,-225.08700876804687,11.990909710643024,92.06788464425871,-0.07688383310332823,2477.0,1.0,102962.88873704718,458997.86842744437,487.83810685496445,0.09999814601620248,85665.4762,85665.9092,-14.039075366037826
S1-touch,JTOUSDT,2024-02-01,S1-touch,ok,False,,-408.5565826944261,-433.7448144822206,383.08245998681707,-540.1074670192393,25.336910407947926,276.7198074497984,-0.1486786201534111,17965.0,1.0,1725.4919218305822,1379507.5083716982,1487.828682653716,0.08568215338214229,85579.639,85566.1811,-123.84405470039833
S1-touch,JTOUSDT,2024-02-02,S1-touch,ok,False,,-375.58093064879387,-396.1134043794137,331.9159993104248,-478.34964719935,20.37584498365652,249.6797564904885,0.15662874696331033,17386.0,1.0,1899.1811502616374,1247292.7568502466,402.191128071382,0.07907360320859466,85601.0772,85598.1997,-113.84828268569302
S1-touch,JTOUSDT,2024-02-03,S1-touch,ok,False,,-201.79690548774204,-286.05718025440103,229.72504266915996,-342.64071018956946,84.05864505895698,173.14151273399153,0.201629707702022,12153.0,1.0,1879.6275450447129,864005.1341998202,619.0652618676835,0.06926917657762523,85616.4869,85621.2561,-61.16985519307359
S1-touch,JTOUSDT,2024-02-04,S1-touch,ok,False,,-291.8400244516644,-334.7821842616072,278.29838624860264,-409.63502634616293,42.646707995368104,203.44554416404688,0.29545181457461545,13812.0,1.0,2023.750535090499,1015117.9977745079,767.1720166300626,0.07357121342318522,85601.7668,85617.4347,-88.46425068860017
S1-touch,JTOUSDT,2024-02-05,S1-touch,ok,False,,-360.8857314225631,-332.79025321322507,312.4632437173009,-423.0193739019362,-27.92524648642143,222.23412302858975,-0.1702317229165818,16053.0,1.0,2123.6389852898806,1109614.2657782112,565.9452235430472,0.07259596731894473,85545.3681,85292.1805,-109.39378817038191
S1-touch,JTOUSDT,2024-02-06,S1-touch,ok,False,,-319.04213653722167,-336.2874515911493,300.22476473401935,-424.59923351787603,16.956913677731393,211.9129828072926,0.2884013761961959,14597.0,1.0,2095.5087113016402,1054198.0086458488,1951.6019602247127,0.0585029706315175,85615.7538,85582.2259,-96.70991359010769
S1-touch,JTOUSDT,2024-02-07,S1-touch,ok,False,,-348.97441435571614,-353.4780622070544,307.2600741728248,-439.1108281377102,4.105560728529383,221.62730824216897,0.3980871228088667,13460.0,1.0,2148.1332417004833,1102185.2970938215,2164.0887698218417,0.055337845755149724,85607.4304,85284.5108,-105.78316025526715
S1-touch,JTOUSDT,2024-02-08,S1-touch,ok,False,,-230.65700223558207,-288.53319973330963,251.52546804584688,-355.3468145122153,57.51257878306825,184.71185326694123,0.3636187146593447,12002.0,1.0,2018.3263445358718,920912.1081129931,962.602989714439,0.0776720765039151,85620.7838,85452.9289,-69.91809607742503
S1-touch,JTOUSDT,2024-02-09,S1-touch,ok,False,,-473.4374371053823,-522.363475426504,375.0458678547251,-622.8486228593013,48.91187669017722,274.5607204219279,0.014161630944528842,17018.0,1.0,1488.8868576416908,1370982.8650595993,662.0862000108634,0.09639339982278462,85585.0613,85587.223,-143.51111777814288
S1-touch,JTOUSDT,2024-02-10,S1-touch,ok,False,,-206.70693776835984,-299.38493760365554,249.49176910353054,-354.8699397705525,92.83786767346845,194.00676693663357,-0.15986783817278438,12074.0,1.0,1693.0095053403932,968488.8965168231,561.7956968507681,0.09202196215743072,85617.3043,85588.0365,-62.65821282111933
S1-touch,JTOUSDT,2024-02-11,S1-touch,ok,False,,-455.3687394292971,-574.3217051301478,394.00935807716644,-665.2321920488489,118.77727643102173,303.09887115846533,0.17568926982900568,17351.0,1.0,1889.409466689142,1511898.1935072266,1307.6953764053637,0.0910436830778667,85471.6568,85492.5168,-138.03402873308468
S1-touch,JTOUSDT,2024-02-12,S1-touch,ok,False,,-516.9386123851011,-553.5478372625971,401.8776410688373,-639.899407512379,36.653507045696415,315.52607081905546,-0.04428216820040956,17889.0,1.0,1684.458707513001,1573876.855919368,1364.9084275996165,0.0756806254084035,85571.7539,85573.2696,-156.69744779721523
S1-touch,JTOUSDT,2024-02-13,S1-touch,ok,False,,-737.783978466702,-754.5959765830917,476.72689618746097,-880.2249419405832,16.650618110111736,351.09793082996947,0.1613800062779093,21479.0,1.0,1052.6719701599998,1755152.534970387,122.58879250948563,0.09913517826318445,85526.3098,85526.8663,-223.6413834865236
S1-touch,JTOUSDT,2024-02-14,S1-touch,ok,False,,-570.7883532708711,-551.1207810441574,389.1655404473207,-641.2549636796105,-19.790812689675477,299.0313578118676,0.12324046296181347,16709.0,1.0,1499.1764233733481,1493448.9319591853,621.0389455043999,0.09964320735431688,85514.3732,85558.573,-173.02069539214511
S1-touch,JTOUSDT,2024-02-15,S1-touch,ok,False,,-470.59655859518875,-463.7908769353947,309.8685593928503,-520.425061790506,-6.816523412897254,253.23437453773897,0.010841753103153353,16392.0,1.0,1342.9234719448502,1264346.0322682355,663.9419710791739,0.09995113670906729,85563.9758,85566.6803,-142.64997411159538
S1-touch,JTOUSDT,2024-02-16,S1-touch,ok,False,,-519.8782899583332,-483.8030921430377,312.2002514052816,-541.9453467229446,-36.05937595385137,254.05799682537472,-0.01582186144406929,16555.0,1.0,1065.7293465411121,1266749.928308616,1287.2930248214388,0.09995510575618977,85566.1933,85566.4323,-157.58854001210477
S1-touch,JTOUSDT,2024-02-17,S1-touch,ok,False,,-331.2301161827704,-311.9664151099298,224.30685334365415,-354.70662816201,-19.265997829046512,181.56664029157392,0.0022967562058723856,13013.0,1.0,997.0200420293469,907050.8253228945,284.50041271812773,0.09995907575190813,85602.542,85601.7397,-100.40440508001625
S1-touch,JTOUSDT,2024-02-18,S1-touch,ok,False,,-480.6658127668051,-452.3120777185129,306.1307498264648,-519.0272911164749,-28.41604609177682,239.41553642850283,0.062311043484529496,13824.0,1.0,868.9059614046586,1197073.510983242,1.5167851985304555,0.09943398989138011,85573.1113,85579.1738,-145.70222517605703
S1-touch,JTOUSDT,2024-02-19,S1-touch,ok,False,,-436.5294792843298,-413.0545996009065,269.600437024747,-457.37519616238944,-23.434201067050026,225.27984046326404,-0.04067861637326009,14249.0,1.0,620.476056118398,1126008.2400956855,142.1680802298036,0.09994739597026785,85559.6855,85563.7856,-132.3233622973088
S1-touch,JTOUSDT,2024-02-20,S1-touch,ok,False,,-692.315140277736,-638.3777728947014,424.9334208521792,-757.7443656078625,-53.82350502509769,305.5668281390181,-0.11386235793683554,20099.0,1.0,1310.1210707333435,1527323.1891377945,185.80056629219456,0.09995299083690658,85505.7405,85513.5064,-209.85860400784972
S1-touch,JTOUSDT,2024-02-21,S1-touch,ok,False,,-440.824013461235,-446.9768310460797,309.14314457960364,-512.8736817339754,6.122435473897497,243.2462938917079,0.030382110947194858,16117.0,1.0,1166.886784118866,1215359.7303916197,316.9960243323378,0.09996149030914592,85573.8532,85575.7028,-133.62514654958986
S1-touch,JTOUSDT,2024-02-22,S1-touch,ok,False,,-418.06932002141895,-450.1845609341435,309.03503872430633,-508.3481785501088,32.06212061471558,250.87142110834108,0.05312029800897422,16373.0,1.0,1083.4904580566697,1253417.411273362,341.7070066674532,0.09859327580367776,85577.8562,85576.7391,-126.72761113242323
S1-touch,JTOUSDT,2024-02-23,S1-touch,ok,False,,-378.05765796191264,-440.33388909815267,288.6123509142413,-498.8746835378084,62.16404096314625,230.07155647458555,0.11219017309378951,15606.0,1.0,1555.6194622875867,1148696.703549077,604.0286632175154,0.08900801064184567,85144.6948,85603.9779,-114.59904271707224
S1-touch,JTOUSDT,2024-02-24,S1-touch,ok,False,,-244.45565434551983,-226.93148295183005,157.0547047720698,-260.92249569541366,-17.76660508094426,123.06369202848622,0.24243368725453013,10245.0,1.0,1173.7533158422104,613374.4749520387,706.9037055993102,0.09995228165875295,85612.9135,85610.7074,-74.1008240007517
S1-touch,JTOUSDT,2024-02-25,S1-touch,ok,False,,-191.54000011644763,-201.0138009332755,133.25318325857614,-224.89961687204845,9.306963722502644,109.36736731980317,0.16683709432522406,10415.0,1.0,903.5647479346994,545404.869419812,520.7153378918672,0.09994489963641263,85614.5064,85613.9433,-58.06072220228424
S1-touch,ZECUSDT,2024-02-01,S1-touch,ok,False,,-21.80029805046929,-28.91197023487801,22.049406861705727,-33.78532408155464,7.078528010383309,17.176053015029094,0.03314417402541076,4182.0,1.0,23.560886916019808,85862.58163244618,6.430342799675452,0.09927261745557683,84880.2792,85288.4524,-21.785048516507736
S1-touch,ZECUSDT,2024-02-02,S1-touch,ok,False,,-23.4625276323045,-25.454037222022606,17.860311205943397,-28.57905619387558,2.0059671023787615,14.735292234090425,-0.014457512660654114,3836.0,1.0,26.106979038075036,73309.10201979485,133.5851456935919,0.09527532219619841,85166.0048,85263.8715,-23.44611535155841
S1-touch,ZECUSDT,2024-02-03,S1-touch,ok,False,,-10.136001453926067,-16.013472496394414,11.868551397831123,-17.61137839662498,5.857321636560027,10.270645497600556,0.020149405908317965,2666.0,1.0,18.132099255812587,51043.41752828313,112.65816717087355,0.09669688319416543,85131.2009,85132.7498,-10.128911216074815
S1-touch,ZECUSDT,2024-02-04,S1-touch,ok,False,,-19.26621350182908,-24.728912984363014,16.81393054025135,-27.856179332307736,5.449005565259984,13.686664192306624,0.013693917273948239,3016.0,1.0,22.24160670906528,68071.8031230689,131.46103216872783,0.09486656172454076,85277.1728,85277.7565,-19.252736586218727
S1-touch,ZECUSDT,2024-02-05,S1-touch,ok,False,,-19.96192763596051,-24.057115796795614,19.51030254407336,-28.14043912311614,4.078193388982605,15.426979217752839,0.016994771852498244,3415.0,1.0,25.340071193161478,77070.4156273562,23.44744051207959,0.09101656491166457,85208.7486,85261.5717,-19.94796406111773
S1-touch,ZECUSDT,2024-02-06,S1-touch,ok,False,,-69.11179088748757,-61.43278217136728,48.789011362468386,-79.98898867805154,-7.692600956114276,30.23280485578412,0.013592239993982135,4811.0,1.0,29.10885880667397,150744.17091420182,152.67395080688715,0.09686603923543832,84892.1516,85079.4288,-69.0634464749551
S1-touch,ZECUSDT,2024-02-07,S1-touch,ok,False,,-32.13506759474112,-42.36026225214748,34.63600997349788,-52.451765467201625,10.249332320357055,24.544506758443735,-0.024137662950702486,4470.0,1.0,25.369539390011933,122298.07548903419,154.34847388538594,0.09857422815589442,83954.0641,85194.4822,-32.112588782593306
S1-touch,ZECUSDT,2024-02-08,S1-touch,ok,False,,-18.18972978395295,-24.531398125089186,20.174313451431505,-29.281803813346222,6.338256865192495,15.42390776317447,0.00341147594374314,3089.0,1.0,27.58731798060294,76648.39357936046,171.32554054973303,0.09719625572349294,84637.0435,84387.7737,-18.177005879837065
S1-touch,ZECUSDT,2024-02-09,S1-touch,ok,False,,-34.438179945584025,-29.93034510554409,24.712818505890993,-35.71957122720828,-4.516127837432933,18.923592384226808,0.008292997392996281,3294.0,2.0,28.082985278058224,94444.51678684083,63.070957924894245,0.09339048548951956,84043.9609,84166.1187,-34.41409008252626
S1-touch,ZECUSDT,2024-02-10,S1-touch,ok,False,,-26.29256750563196,-30.259259163583387,20.78276007972923,-35.26128768829675,4.029593277608754,15.780731555015869,-0.06290161965732952,2667.0,1.0,25.50724019012978,78437.02449950618,169.6848274812915,0.08314306349384003,83921.0201,82473.0963,-26.274175582724055
S1-touch,ZECUSDT,2024-02-11,S1-touch,ok,False,,-33.2922228319308,-38.03524485834255,26.11086375346335,-43.7732027404147,4.781880644660944,20.372905871391193,-0.03885861824919143,3343.0,1.0,28.41248569210209,100813.60666793148,382.15370509989395,0.07925635001393912,84942.2177,84819.6702,-33.26893457772639
S1-touch,ZECUSDT,2024-02-12,S1-touch,ok,False,,-38.30696299240257,-46.426010771525945,35.52152643371247,-55.40367323154401,8.126407888903792,26.5438639736944,-0.0073601097804172335,4892.0,1.0,27.243468222521983,132187.6533086022,193.33329449800627,0.087572520139256,85255.843,85254.294,-38.28016687558966
S1-touch,ZECUSDT,2024-02-13,S1-touch,ok,False,,-40.11896601746816,-42.58287582154199,32.11752953088279,-51.3344737871386,2.528667524466165,23.36593156528618,-0.06475772039234311,5216.0,1.0,25.904277902869666,115596.10231054999,448.5656421385359,0.08946110736255862,85476.3295,84775.0197,-40.0909023857981
S1-touch,ZECUSDT,2024-02-14,S1-touch,ok,False,,-38.59068351324548,-39.64832579639351,35.366758760500204,-48.18661804715097,1.0258160127813198,26.828466509742743,0.03182627036670787,4748.0,1.0,28.0229719323912,134112.3414865282,10.905840794506922,0.08699627265936435,85514.6719,84429.0625,-38.563688930993784
S1-touch,ZECUSDT,2024-02-15,S1-touch,ok,False,,-66.31890626547026,-55.401586210129324,45.168656682236254,-67.03574178276583,-11.122622994414456,33.53450110959975,0.20530293907351888,5729.0,1.0,27.34630271999567,167319.5992336898,128.32956883959812,0.08867936648399381,85572.3687,85569.3458,-66.27251550461703
S1-touch,ZECUSDT,2024-02-16,S1-touch,ok,False,,-44.81023498482427,-41.73540411183344,35.17568876098923,-51.299049532465276,-3.082306766728877,25.612043340357395,0.007475893738049168,4757.0,1.0,22.14923998400952,128051.47552856563,3.178608444113643,0.09547645357567684,85514.8213,85482.2625,-44.77888976199088
S1-touch,ZECUSDT,2024-02-17,S1-touch,ok,False,,-143.02166296497722,-124.675139882402,101.79316004530745,-167.46098106450313,-18.25662729901586,59.0073188632063,-0.0898957835593726,10193.0,2.0,24.991727603050105,294832.06403873744,74.37464628898681,0.0946864255250258,85476.4739,85351.0918,-142.9216178324945
S1-touch,ZECUSDT,2024-02-18,S1-touch,ok,False,,-110.98140085343805,-109.05149482526932,66.18351075642579,-133.29290867545978,-1.9354495585340032,41.94209690623533,0.005543530365273039,5483.0,1.0,17.83625644427589,209678.69333650518,11.560434425658629,0.09523108044556772,85601.1518,85543.2488,-110.90376821568707
S1-touch,ZECUSDT,2024-02-19,S1-touch,ok,False,,-54.30302153151104,-61.04580778996034,41.96310380578022,-75.54303018694452,6.697050868682339,27.465881408796044,0.04573538976696195,4070.0,1.0,22.41863086393164,137320.41834064355,3.2686193950468985,0.0980053786447989,85525.4498,85609.7558,-54.26503600630663
S1-touch,ZECUSDT,2024-02-20,S1-touch,ok,False,,-101.26113843133612,-98.65044960823636,65.81817275965857,-120.99138552721638,-2.634522084236167,43.47723684067855,0.02383326113641875,7132.0,4.0,21.057719829166437,217103.91534810833,102.64322010349855,0.09921491555435974,85563.8661,85589.6235,-101.19030521768374
S1-touch,ZECUSDT,2024-02-21,S1-touch,ok,False,,-64.73425498231789,-71.7204903628043,39.595952790457474,-80.60988983811023,6.9959244023974065,30.706553315151538,-0.009689021911000427,6284.0,1.0,18.98740249322568,153380.11708715162,55.508904948246396,0.09955882147936948,85618.455,85617.7904,-64.68897270142689
S1-touch,ZECUSDT,2024-02-22,S1-touch,ok,False,,-271.1616535450124,-281.3703550757002,158.96294409314686,-347.45613981083176,10.208704292212985,92.87715935801533,-2.7615251914381864e-06,16003.0,3.0,24.99656356941251,464002.91797922406,139.2286584923921,0.09979304889640742,85471.9082,85392.5624,-270.97197316379777
S1-touch,ZECUSDT,2024-02-23,S1-touch,ok,False,,-86.0065530369151,-96.83985788849655,56.42256728439787,-116.57072430549843,10.869774678492504,36.691700867395994,-0.03646982691104424,5388.0,1.0,19.9270360766986,182498.42283092666,349.120547655688,0.09983747402370144,85612.4717,85622.259,-85.94639056352064
S1-touch,ZECUSDT,2024-02-24,S1-touch,ok,False,,-58.23581756464919,-64.91703860986938,29.864384668962497,-74.5887209153183,6.662314760355628,20.192702363513575,0.018906284864573287,3841.0,1.0,14.204173304375802,100830.92653752265,48.2128291073762,0.0998227038137252,85644.0442,85643.0893,-58.19508100794363
S1-touch,ZECUSDT,2024-02-25,S1-touch,ok,False,,-28.164174341364898,-39.320520679864096,21.002264085299018,-47.015081936543716,11.189803045887537,13.3077028286194,-0.03345670738834053,2280.0,1.0,20.025599813104186,66097.00267554224,160.54962456533386,0.0983864265206306,85503.1594,85646.5975,-28.144473210117816
G,ALGOUSDT,2024-02-01,G[S1/both/W=15/mu=0],ok,False,,0.0,0.0,0.0,0.0,0.0,0.0,0.0,0.0,0.0,0.0,0.0,0.0,0.08534051066133695,0.0,0.0,0.0
G,ALGOUSDT,2024-02-02,G[S1/both/W=15/mu=0],ok,False,,0.0,0.0,0.0,0.0,0.0,0.0,0.0,0.0,0.0,0.0,0.0,0.0,0.06794411575504669,0.0,0.0,0.0
G,ALGOUSDT,2024-02-03,G[S1/both/W=15/mu=0],ok,False,,0.0,0.0,0.0,0.0,0.0,0.0,0.0,0.0,0.0,0.0,0.0,0.0,0.0840585515342431,0.0,0.0,0.0
G,ALGOUSDT,2024-02-04,G[S1/both/W=15/mu=0],ok,False,,0.0,0.0,0.0,0.0,0.0,0.0,0.0,0.0,0.0,0.0,0.0,0.0,0.08751140425051422,0.0,0.0,0.0
G,ALGOUSDT,2024-02-05,G[S1/both/W=15/mu=0],ok,False,,0.0,0.0,0.0,0.0,0.0,0.0,0.0,0.0,0.0,0.0,0.0,0.0,0.0903280228868193,0.0,0.0,0.0
G,ALGOUSDT,2024-02-06,G[S1/both/W=15/mu=0],ok,False,,0.0,0.0,0.0,0.0,0.0,0.0,0.0,0.0,0.0,0.0,0.0,0.0,0.08197436500657673,0.0,0.0,0.0
G,ALGOUSDT,2024-02-07,G[S1/both/W=15/mu=0],ok,False,,0.0,0.0,0.0,0.0,0.0,0.0,0.0,0.0,0.0,0.0,0.0,0.0,0.09201272991673225,0.0,0.0,0.0
G,ALGOUSDT,2024-02-08,G[S1/both/W=15/mu=0],ok,False,,0.0,0.0,0.0,0.0,0.0,0.0,0.0,0.0,0.0,0.0,0.0,0.0,0.0894523573772428,0.0,0.0,0.0
G,ALGOUSDT,2024-02-09,G[S1/both/W=15/mu=0],ok,False,,0.0,0.0,0.0,0.0,0.0,0.0,0.0,0.0,0.0,0.0,0.0,0.0,0.09481397710580944,0.0,0.0,0.0
G,ALGOUSDT,2024-02-10,G[S1/both/W=15/mu=0],ok,False,,0.0,0.0,0.0,0.0,0.0,0.0,0.0,0.0,0.0,0.0,0.0,0.0,0.09911883837235425,0.0,0.0,0.0
G,ALGOUSDT,2024-02-11,G[S1/both/W=15/mu=0],ok,False,,0.0,0.0,0.0,0.0,0.0,0.0,0.0,0.0,0.0,0.0,0.0,0.0,0.09996215307141051,0.0,0.0,0.0
G,ALGOUSDT,2024-02-12,G[S1/both/W=15/mu=0],ok,False,,0.0,0.0,0.0,0.0,0.0,0.0,0.0,0.0,0.0,0.0,0.0,0.0,0.09999811012443001,0.0,0.0,0.0
G,ALGOUSDT,2024-02-13,G[S1/both/W=15/mu=0],ok,False,,0.0,0.0,0.0,0.0,0.0,0.0,0.0,0.0,0.0,0.0,0.0,0.0,0.09957496371217318,0.0,0.0,0.0
G,ALGOUSDT,2024-02-14,G[S1/both/W=15/mu=0],ok,False,,0.0,0.0,0.0,0.0,0.0,0.0,0.0,0.0,0.0,0.0,0.0,0.0,0.09928137469532415,0.0,0.0,0.0
G,ALGOUSDT,2024-02-15,G[S1/both/W=15/mu=0],ok,False,,0.0,0.0,0.0,0.0,0.0,0.0,0.0,0.0,0.0,0.0,0.0,0.0,0.0999022430720996,0.0,0.0,0.0
G,ALGOUSDT,2024-02-16,G[S1/both/W=15/mu=0],ok,False,,0.0,0.0,0.0,0.0,0.0,0.0,0.0,0.0,0.0,0.0,0.0,0.0,0.09745792895784046,0.0,0.0,0.0
G,ALGOUSDT,2024-02-17,G[S1/both/W=15/mu=0],ok,False,,0.0,0.0,0.0,0.0,0.0,0.0,0.0,0.0,0.0,0.0,0.0,0.0,0.09784338748531637,0.0,0.0,0.0
G,ALGOUSDT,2024-02-18,G[S1/both/W=15/mu=0],ok,False,,0.0,0.0,0.0,0.0,0.0,0.0,0.0,0.0,0.0,0.0,0.0,0.0,0.09979462142944438,0.0,0.0,0.0
G,ALGOUSDT,2024-02-19,G[S1/both/W=15/mu=0],ok,False,,0.0,0.0,0.0,0.0,0.0,0.0,0.0,0.0,0.0,0.0,0.0,0.0,0.09351704260563097,0.0,0.0,0.0
G,ALGOUSDT,2024-02-20,G[S1/both/W=15/mu=0],ok,False,,0.0,0.0,0.0,0.0,0.0,0.0,0.0,0.0,0.0,0.0,0.0,0.0,0.09986813039775701,0.0,0.0,0.0
G,ALGOUSDT,2024-02-21,G[S1/both/W=15/mu=0],ok,False,,0.0,0.0,0.0,0.0,0.0,0.0,0.0,0.0,0.0,0.0,0.0,0.0,0.09020131832481072,0.0,0.0,0.0
G,ALGOUSDT,2024-02-22,G[S1/both/W=15/mu=0],ok,False,,0.0,0.0,0.0,0.0,0.0,0.0,0.0,0.0,0.0,0.0,0.0,0.0,0.08606002093321102,0.0,0.0,0.0
G,ALGOUSDT,2024-02-23,G[S1/both/W=15/mu=0],ok,False,,0.0,0.0,0.0,0.0,0.0,0.0,0.0,0.0,0.0,0.0,0.0,0.0,0.09134550386575592,0.0,0.0,0.0
G,ALGOUSDT,2024-02-24,G[S1/both/W=15/mu=0],ok,False,,0.0,0.0,0.0,0.0,0.0,0.0,0.0,0.0,0.0,0.0,0.0,0.0,0.09999807859558309,0.0,0.0,0.0
G,ALGOUSDT,2024-02-25,G[S1/both/W=15/mu=0],ok,False,,0.0,0.0,0.0,0.0,0.0,0.0,0.0,0.0,0.0,0.0,0.0,0.0,0.0999978658400442,0.0,0.0,0.0
G,ALICEUSDT,2024-02-01,G[S1/both/W=15/mu=0],ok,False,,0.0,0.0,0.0,0.0,0.0,0.0,0.0,0.0,0.0,0.0,0.0,0.0,0.09813624812251037,0.0,0.0,0.0
G,ALICEUSDT,2024-02-02,G[S1/both/W=15/mu=0],ok,False,,0.0,0.0,0.0,0.0,0.0,0.0,0.0,0.0,0.0,0.0,0.0,0.0,0.09247102906368498,0.0,0.0,0.0
G,ALICEUSDT,2024-02-03,G[S1/both/W=15/mu=0],ok,False,,0.0,0.0,0.0,0.0,0.0,0.0,0.0,0.0,0.0,0.0,0.0,0.0,0.0901132551355171,0.0,0.0,0.0
G,ALICEUSDT,2024-02-04,G[S1/both/W=15/mu=0],ok,False,,0.0,0.0,0.0,0.0,0.0,0.0,0.0,0.0,0.0,0.0,0.0,0.0,0.08769546229717053,0.0,0.0,0.0
G,ALICEUSDT,2024-02-05,G[S1/both/W=15/mu=0],ok,False,,0.0,0.0,0.0,0.0,0.0,0.0,0.0,0.0,0.0,0.0,0.0,0.0,0.08322190704972264,0.0,0.0,0.0
G,ALICEUSDT,2024-02-06,G[S1/both/W=15/mu=0],ok,False,,0.0,0.0,0.0,0.0,0.0,0.0,0.0,0.0,0.0,0.0,0.0,0.0,0.08737210510832798,0.0,0.0,0.0
G,ALICEUSDT,2024-02-07,G[S1/both/W=15/mu=0],ok,False,,0.0,0.0,0.0,0.0,0.0,0.0,0.0,0.0,0.0,0.0,0.0,0.0,0.0943590564874028,0.0,0.0,0.0
G,ALICEUSDT,2024-02-08,G[S1/both/W=15/mu=0],ok,False,,0.0,0.0,0.0,0.0,0.0,0.0,0.0,0.0,0.0,0.0,0.0,0.0,0.09412257311689057,0.0,0.0,0.0
G,ALICEUSDT,2024-02-09,G[S1/both/W=15/mu=0],ok,False,,0.0,0.0,0.0,0.0,0.0,0.0,0.0,0.0,0.0,0.0,0.0,0.0,0.09871508954936964,0.0,0.0,0.0
G,ALICEUSDT,2024-02-10,G[S1/both/W=15/mu=0],ok,False,,0.0,0.0,0.0,0.0,0.0,0.0,0.0,0.0,0.0,0.0,0.0,0.0,0.09627895514186202,0.0,0.0,0.0
G,ALICEUSDT,2024-02-11,G[S1/both/W=15/mu=0],ok,False,,0.0,0.0,0.0,0.0,0.0,0.0,0.0,0.0,0.0,0.0,0.0,0.0,0.09961155102410783,0.0,0.0,0.0
G,ALICEUSDT,2024-02-12,G[S1/both/W=15/mu=0],ok,False,,0.0,0.0,0.0,0.0,0.0,0.0,0.0,0.0,0.0,0.0,0.0,0.0,0.09850650439829443,0.0,0.0,0.0
G,ALICEUSDT,2024-02-13,G[S1/both/W=15/mu=0],ok,False,,0.0,0.0,0.0,0.0,0.0,0.0,0.0,0.0,0.0,0.0,0.0,0.0,0.08984796608048984,0.0,0.0,0.0
G,ALICEUSDT,2024-02-14,G[S1/both/W=15/mu=0],ok,False,,0.0,0.0,0.0,0.0,0.0,0.0,0.0,0.0,0.0,0.0,0.0,0.0,0.06929001607119127,0.0,0.0,0.0
G,ALICEUSDT,2024-02-15,G[S1/both/W=15/mu=0],ok,False,,0.0,0.0,0.0,0.0,0.0,0.0,0.0,0.0,0.0,0.0,0.0,0.0,0.07694035800714345,0.0,0.0,0.0
G,ALICEUSDT,2024-02-16,G[S1/both/W=15/mu=0],ok,False,,0.0,0.0,0.0,0.0,0.0,0.0,0.0,0.0,0.0,0.0,0.0,0.0,0.08660131920152046,0.0,0.0,0.0
G,ALICEUSDT,2024-02-17,G[S1/both/W=15/mu=0],ok,False,,0.0,0.0,0.0,0.0,0.0,0.0,0.0,0.0,0.0,0.0,0.0,0.0,0.09745022705084197,0.0,0.0,0.0
G,ALICEUSDT,2024-02-18,G[S1/both/W=15/mu=0],ok,False,,0.0,0.0,0.0,0.0,0.0,0.0,0.0,0.0,0.0,0.0,0.0,0.0,0.09330217971236343,0.0,0.0,0.0
G,ALICEUSDT,2024-02-19,G[S1/both/W=15/mu=0],ok,False,,0.0,0.0,0.0,0.0,0.0,0.0,0.0,0.0,0.0,0.0,0.0,0.0,0.0941542803798225,0.0,0.0,0.0
G,ALICEUSDT,2024-02-20,G[S1/both/W=15/mu=0],ok,False,,0.0,0.0,0.0,0.0,0.0,0.0,0.0,0.0,0.0,0.0,0.0,0.0,0.0995831789255425,0.0,0.0,0.0
G,ALICEUSDT,2024-02-21,G[S1/both/W=15/mu=0],ok,False,,0.0,0.0,0.0,0.0,0.0,0.0,0.0,0.0,0.0,0.0,0.0,0.0,0.09879454428109867,0.0,0.0,0.0
G,ALICEUSDT,2024-02-22,G[S1/both/W=15/mu=0],ok,False,,0.0,0.0,0.0,0.0,0.0,0.0,0.0,0.0,0.0,0.0,0.0,0.0,0.09918458032960781,0.0,0.0,0.0
G,ALICEUSDT,2024-02-23,G[S1/both/W=15/mu=0],ok,False,,0.0,0.0,0.0,0.0,0.0,0.0,0.0,0.0,0.0,0.0,0.0,0.0,0.09993887871987672,0.0,0.0,0.0
G,ALICEUSDT,2024-02-24,G[S1/both/W=15/mu=0],ok,False,,0.0,0.0,0.0,0.0,0.0,0.0,0.0,0.0,0.0,0.0,0.0,0.0,0.09994181148437285,0.0,0.0,0.0
G,ALICEUSDT,2024-02-25,G[S1/both/W=15/mu=0],ok,False,,0.0,0.0,0.0,0.0,0.0,0.0,0.0,0.0,0.0,0.0,0.0,0.0,0.09993545675541637,0.0,0.0,0.0
G,CAKEUSDT,2024-02-01,G[S1/both/W=15/mu=0],ok,False,,0.043295752977744545,0.001595752977749998,0.11998549499999542,-0.04169999999999541,0.04169999999999455,0.07668974202225001,0.0,2.0,1.0,41.7,102.16500000000002,102.28498549500002,0.09630904190103551,2243.8361,2243.9,0.04223151870634466
G,CAKEUSDT,2024-02-02,G[S1/both/W=15/mu=0],ok,False,,0.0,0.0,0.0,0.0,0.0,0.0,0.0,0.0,0.0,0.0,0.0,0.0,0.0904785087272221,2287.7,2287.7,0.0
G,CAKEUSDT,2024-02-03,G[S1/both/W=15/mu=0],ok,False,,0.0,0.0,0.0,0.0,0.0,0.0,0.0,0.0,0.0,0.0,0.0,0.0,0.08760945265527056,2302.799,2302.799,0.0
G,CAKEUSDT,2024-02-04,G[S1/both/W=15/mu=0],ok,False,,0.0,0.0,0.0,0.0,0.0,0.0,0.0,0.0,0.0,0.0,0.0,0.0,0.0882082356083653,1252.599,1252.599,0.0
G,CAKEUSDT,2024-02-05,G[S1/both/W=15/mu=0],ok,False,,0.0,0.0,0.0,0.0,0.0,0.0,0.0,0.0,0.0,0.0,0.0,0.0,0.09001295235185382,149.898,149.898,0.0
G,CAKEUSDT,2024-02-06,G[S1/both/W=15/mu=0],ok,False,,0.0,0.0,0.0,0.0,0.0,0.0,0.0,0.0,0.0,0.0,0.0,0.0,0.0877489356642234,1462.102,1462.102,0.0
G,CAKEUSDT,2024-02-07,G[S1/both/W=15/mu=0],ok,False,,0.0,0.0,0.0,0.0,0.0,0.0,0.0,0.0,0.0,0.0,0.0,0.0,0.0845670784791855,2210.601,2210.601,0.0
G,CAKEUSDT,2024-02-08,G[S1/both/W=15/mu=0],ok,False,,0.0,0.0,0.0,0.0,0.0,0.0,0.0,0.0,0.0,0.0,0.0,0.0,0.08470830977520355,894.499,894.499,0.0
G,CAKEUSDT,2024-02-09,G[S1/both/W=15/mu=0],ok,False,,0.0,0.0,0.0,0.0,0.0,0.0,0.0,0.0,0.0,0.0,0.0,0.0,0.07441605491959555,282.8,282.8,0.0
G,CAKEUSDT,2024-02-10,G[S1/both/W=15/mu=0],ok,False,,0.0,0.0,0.0,0.0,0.0,0.0,0.0,0.0,0.0,0.0,0.0,0.0,0.08918774545336607,1728.303,1728.303,0.0
G,CAKEUSDT,2024-02-11,G[S1/both/W=15/mu=0],ok,False,,0.0,0.0,0.0,0.0,0.0,0.0,0.0,0.0,0.0,0.0,0.0,0.0,0.09620851989937927,2103.4,2103.4,0.0
G,CAKEUSDT,2024-02-12,G[S1/both/W=15/mu=0],ok,False,,0.0,0.0,0.0,0.0,0.0,0.0,0.0,0.0,0.0,0.0,0.0,0.0,0.07648831128574742,926.601,926.601,0.0
G,CAKEUSDT,2024-02-13,G[S1/both/W=15/mu=0],ok,False,,0.0,0.0,0.0,0.0,0.0,0.0,0.0,0.0,0.0,0.0,0.0,0.0,0.0752797449324561,1244.3,1244.3,0.0
G,CAKEUSDT,2024-02-14,G[S1/both/W=15/mu=0],ok,False,,0.0,0.0,0.0,0.0,0.0,0.0,0.0,0.0,0.0,0.0,0.0,0.0,0.08735860059478472,1357.101,1357.101,0.0
G,CAKEUSDT,2024-02-15,G[S1/both/W=15/mu=0],ok,False,,-1.840295170775074,0.22430482922499023,0.8737394999999821,-0.39864999999999184,-2.0646000000000644,0.25078467077500005,0.0,10.0,1.0,105.00000000000001,444.8054,294.22471050000007,0.09750576587485206,4872.6197,3834.9462,-1.7950596671625774
G,CAKEUSDT,2024-02-16,G[S1/both/W=15/mu=0],ok,False,,0.0,0.0,0.0,0.0,0.0,0.0,0.0,0.0,0.0,0.0,0.0,0.0,0.09305760096828368,765.203,765.203,0.0
G,CAKEUSDT,2024-02-17,G[S1/both/W=15/mu=0],ok,False,,0.9933862682299942,0.09018626823000014,0.3244786000000044,-0.18770000000000425,0.903199999999994,0.04659233177,0.0,3.0,1.0,31.400000000000002,187.78240000000002,16.428821399999993,0.09862937341824149,9400.1618,13807.6416,0.9689682678794325
G,CAKEUSDT,2024-02-18,G[S1/both/W=15/mu=0],ok,False,,-0.2915259377065091,-0.021925937706506977,0.16520416999999316,-0.14000000000000012,-0.2696000000000021,0.04713010770650001,0.0,3.0,1.0,26.4,169.8766,23.91779583000001,0.09666371555340014,19209.896,6765.7636,-0.2843600640914057
G,CAKEUSDT,2024-02-19,G[S1/both/W=15/mu=0],ok,False,,0.0,0.0,0.0,0.0,0.0,0.0,0.0,0.0,0.0,0.0,0.0,0.0,0.09862575431823999,964.197,964.197,0.0
G,CAKEUSDT,2024-02-20,G[S1/both/W=15/mu=0],ok,False,,0.0,0.0,0.0,0.0,0.0,0.0,0.0,0.0,0.0,0.0,0.0,0.0,0.09958297427478445,2243.218,2244.801,0.0
G,CAKEUSDT,2024-02-21,G[S1/both/W=15/mu=0],ok,False,,-0.5326482130200146,0.007351786979995188,0.09270359999999656,-0.036000000000001364,-0.5400000000000098,0.04935181302,0.0,2.0,1.0,24.0,65.448,65.93129640000001,0.099502290054146,3251.162,1430.4063,-0.5195554165236195
G,CAKEUSDT,2024-02-22,G[S1/both/W=15/mu=0],ok,False,,0.17385911999999676,0.1559591200000022,0.4117000000000104,-0.21480000000000818,0.01789999999999456,0.040940880000000006,0.0,2.0,0.0,35.800000000000004,204.70440000000002,0.0,0.09817565660591807,2818.6333,2818.6072,0.16958556379242756
G,CAKEUSDT,2024-02-23,G[S1/both/W=15/mu=0],ok,False,,-0.44890741205250595,-0.046407412052499875,0.11138555000000405,-0.10350000000000392,-0.4025000000000061,0.054292962052500005,0.0,2.0,1.0,23.0,72.68,72.28538555,0.09973894783811148,807.9428,1623.514,-0.4378730121464163
G,CAKEUSDT,2024-02-24,G[S1/both/W=15/mu=0],ok,False,,2.121884482235005,-0.3213655177650063,1.1806177000000273,-1.3562000000000336,2.4432500000000115,0.14578321776500003,0.0,11.0,1.0,59.2,727.1395000000001,0.6460322999999863,0.09970980059566498,13182.605,11829.0184,2.0697273529408946
G,CAKEUSDT,2024-02-25,G[S1/both/W=15/mu=0],ok,False,,0.0,0.0,0.0,0.0,0.0,0.0,0.0,0.0,0.0,0.0,0.0,0.0,0.0997873608507659,546.602,546.602,0.0
G,GALAUSDT,2024-02-01,G[S1/both/W=15/mu=0],ok,False,,0.0,0.0,0.0,0.0,0.0,0.0,0.0,0.0,0.0,0.0,0.0,0.0,0.08424020415802108,0.0,0.0,0.0
G,GALAUSDT,2024-02-02,G[S1/both/W=15/mu=0],ok,False,,0.0,0.0,0.0,0.0,0.0,0.0,0.0,0.0,0.0,0.0,0.0,0.0,0.08650405879582983,0.0,0.0,0.0
G,GALAUSDT,2024-02-03,G[S1/both/W=15/mu=0],ok,False,,0.0,0.0,0.0,0.0,0.0,0.0,0.0,0.0,0.0,0.0,0.0,0.0,0.07604128936899036,0.0,0.0,0.0
G,GALAUSDT,2024-02-04,G[S1/both/W=15/mu=0],ok,False,,0.0,0.0,0.0,0.0,0.0,0.0,0.0,0.0,0.0,0.0,0.0,0.0,0.07408752401826278,0.0,0.0,0.0
G,GALAUSDT,2024-02-05,G[S1/both/W=15/mu=0],ok,False,,0.0,0.0,0.0,0.0,0.0,0.0,0.0,0.0,0.0,0.0,0.0,0.0,0.0734936684890056,0.0,0.0,0.0
G,GALAUSDT,2024-02-06,G[S1/both/W=15/mu=0],ok,False,,0.0,0.0,0.0,0.0,0.0,0.0,0.0,0.0,0.0,0.0,0.0,0.0,0.09401615735250836,0.0,0.0,0.0
G,GALAUSDT,2024-02-07,G[S1/both/W=15/mu=0],ok,False,,0.0,0.0,0.0,0.0,0.0,0.0,0.0,0.0,0.0,0.0,0.0,0.0,0.09538802574624665,0.0,0.0,0.0
G,GALAUSDT,2024-02-08,G[S1/both/W=15/mu=0],ok,False,,0.0,0.0,0.0,0.0,0.0,0.0,0.0,0.0,0.0,0.0,0.0,0.0,0.08167923897065567,0.0,0.0,0.0
G,GALAUSDT,2024-02-09,G[S1/both/W=15/mu=0],ok,False,,0.0,0.0,0.0,0.0,0.0,0.0,0.0,0.0,0.0,0.0,0.0,0.0,0.09503862192084243,0.0,0.0,0.0
G,GALAUSDT,2024-02-10,G[S1/both/W=15/mu=0],ok,False,,0.0,0.0,0.0,0.0,0.0,0.0,0.0,0.0,0.0,0.0,0.0,0.0,0.09748492484537115,0.0,0.0,0.0
G,GALAUSDT,2024-02-11,G[S1/both/W=15/mu=0],ok,False,,0.0,0.0,0.0,0.0,0.0,0.0,0.0,0.0,0.0,0.0,0.0,0.0,0.0810049560091589,0.0,0.0,0.0
G,GALAUSDT,2024-02-12,G[S1/both/W=15/mu=0],ok,False,,0.0,0.0,0.0,0.0,0.0,0.0,0.0,0.0,0.0,0.0,0.0,0.0,0.08543667998954005,0.0,0.0,0.0
G,GALAUSDT,2024-02-13,G[S1/both/W=15/mu=0],ok,False,,0.0,0.0,0.0,0.0,0.0,0.0,0.0,0.0,0.0,0.0,0.0,0.0,0.09674561154839054,0.0,0.0,0.0
G,GALAUSDT,2024-02-14,G[S1/both/W=15/mu=0],ok,False,,0.0,0.0,0.0,0.0,0.0,0.0,0.0,0.0,0.0,0.0,0.0,0.0,0.09374789662760924,0.0,0.0,0.0
G,GALAUSDT,2024-02-15,G[S1/both/W=15/mu=0],ok,False,,0.0,0.0,0.0,0.0,0.0,0.0,0.0,0.0,0.0,0.0,0.0,0.0,0.09933357220675201,0.0,0.0,0.0
G,GALAUSDT,2024-02-16,G[S1/both/W=15/mu=0],ok,False,,0.0,0.0,0.0,0.0,0.0,0.0,0.0,0.0,0.0,0.0,0.0,0.0,0.09767964962827151,0.0,0.0,0.0
G,GALAUSDT,2024-02-17,G[S1/both/W=15/mu=0],ok,False,,0.0,0.0,0.0,0.0,0.0,0.0,0.0,0.0,0.0,0.0,0.0,0.0,0.09508865147287986,0.0,0.0,0.0
G,GALAUSDT,2024-02-18,G[S1/both/W=15/mu=0],ok,False,,0.0,0.0,0.0,0.0,0.0,0.0,0.0,0.0,0.0,0.0,0.0,0.0,0.09975497534184656,0.0,0.0,0.0
G,GALAUSDT,2024-02-19,G[S1/both/W=15/mu=0],ok,False,,0.0,0.0,0.0,0.0,0.0,0.0,0.0,0.0,0.0,0.0,0.0,0.0,0.0956486274227793,0.0,0.0,0.0
G,GALAUSDT,2024-02-20,G[S1/both/W=15/mu=0],ok,False,,0.0,0.0,0.0,0.0,0.0,0.0,0.0,0.0,0.0,0.0,0.0,0.0,0.09877396476112488,0.0,0.0,0.0
G,GALAUSDT,2024-02-21,G[S1/both/W=15/mu=0],ok,False,,0.0,0.0,0.0,0.0,0.0,0.0,0.0,0.0,0.0,0.0,0.0,0.0,0.09999843906720507,0.0,0.0,0.0
G,GALAUSDT,2024-02-22,G[S1/both/W=15/mu=0],ok,False,,0.0,0.0,0.0,0.0,0.0,0.0,0.0,0.0,0.0,0.0,0.0,0.0,0.09999823462317244,0.0,0.0,0.0
G,GALAUSDT,2024-02-23,G[S1/both/W=15/mu=0],ok,False,,0.0,0.0,0.0,0.0,0.0,0.0,0.0,0.0,0.0,0.0,0.0,0.0,0.09999818924127817,0.0,0.0,0.0
G,GALAUSDT,2024-02-24,G[S1/both/W=15/mu=0],ok,False,,0.0,0.0,0.0,0.0,0.0,0.0,0.0,0.0,0.0,0.0,0.0,0.0,0.09999821914623482,0.0,0.0,0.0
G,GALAUSDT,2024-02-25,G[S1/both/W=15/mu=0],ok,False,,0.0,0.0,0.0,0.0,0.0,0.0,0.0,0.0,0.0,0.0,0.0,0.0,0.09999814601620248,0.0,0.0,0.0
G,JTOUSDT,2024-02-01,G[S1/both/W=15/mu=0],ok,False,,0.0,0.0,0.0,0.0,0.0,0.0,0.0,0.0,0.0,0.0,0.0,0.0,0.08568215338214229,0.0,0.0,0.0
G,JTOUSDT,2024-02-02,G[S1/both/W=15/mu=0],ok,False,,0.0,0.0,0.0,0.0,0.0,0.0,0.0,0.0,0.0,0.0,0.0,0.0,0.07907360320859466,0.0,0.0,0.0
G,JTOUSDT,2024-02-03,G[S1/both/W=15/mu=0],ok,False,,0.0,0.0,0.0,0.0,0.0,0.0,0.0,0.0,0.0,0.0,0.0,0.0,0.06926917657762523,0.0,0.0,0.0
G,JTOUSDT,2024-02-04,G[S1/both/W=15/mu=0],ok,False,,0.0,0.0,0.0,0.0,0.0,0.0,0.0,0.0,0.0,0.0,0.0,0.0,0.07357121342318522,0.0,0.0,0.0
G,JTOUSDT,2024-02-05,G[S1/both/W=15/mu=0],ok,False,,0.0,0.0,0.0,0.0,0.0,0.0,0.0,0.0,0.0,0.0,0.0,0.0,0.07259596731894473,0.0,0.0,0.0
G,JTOUSDT,2024-02-06,G[S1/both/W=15/mu=0],ok,False,,0.0,0.0,0.0,0.0,0.0,0.0,0.0,0.0,0.0,0.0,0.0,0.0,0.0585029706315175,0.0,0.0,0.0
G,JTOUSDT,2024-02-07,G[S1/both/W=15/mu=0],ok,False,,0.0,0.0,0.0,0.0,0.0,0.0,0.0,0.0,0.0,0.0,0.0,0.0,0.055337845755149724,0.0,0.0,0.0
G,JTOUSDT,2024-02-08,G[S1/both/W=15/mu=0],ok,False,,0.0,0.0,0.0,0.0,0.0,0.0,0.0,0.0,0.0,0.0,0.0,0.0,0.0776720765039151,0.0,0.0,0.0
G,JTOUSDT,2024-02-09,G[S1/both/W=15/mu=0],ok,False,,0.0,0.0,0.0,0.0,0.0,0.0,0.0,0.0,0.0,0.0,0.0,0.0,0.09639339982278462,0.0,0.0,0.0
G,JTOUSDT,2024-02-10,G[S1/both/W=15/mu=0],ok,False,,0.0,0.0,0.0,0.0,0.0,0.0,0.0,0.0,0.0,0.0,0.0,0.0,0.09202196215743072,0.0,0.0,0.0
G,JTOUSDT,2024-02-11,G[S1/both/W=15/mu=0],ok,False,,0.0,0.0,0.0,0.0,0.0,0.0,0.0,0.0,0.0,0.0,0.0,0.0,0.0910436830778667,0.0,0.0,0.0
G,JTOUSDT,2024-02-12,G[S1/both/W=15/mu=0],ok,False,,0.0,0.0,0.0,0.0,0.0,0.0,0.0,0.0,0.0,0.0,0.0,0.0,0.0756806254084035,0.0,0.0,0.0
G,JTOUSDT,2024-02-13,G[S1/both/W=15/mu=0],ok,False,,0.0,0.0,0.0,0.0,0.0,0.0,0.0,0.0,0.0,0.0,0.0,0.0,0.09913517826318445,0.0,0.0,0.0
G,JTOUSDT,2024-02-14,G[S1/both/W=15/mu=0],ok,False,,0.0,0.0,0.0,0.0,0.0,0.0,0.0,0.0,0.0,0.0,0.0,0.0,0.09964320735431688,0.0,0.0,0.0
G,JTOUSDT,2024-02-15,G[S1/both/W=15/mu=0],ok,False,,0.0,0.0,0.0,0.0,0.0,0.0,0.0,0.0,0.0,0.0,0.0,0.0,0.09995113670906729,0.0,0.0,0.0
G,JTOUSDT,2024-02-16,G[S1/both/W=15/mu=0],ok,False,,0.0,0.0,0.0,0.0,0.0,0.0,0.0,0.0,0.0,0.0,0.0,0.0,0.09995510575618977,0.0,0.0,0.0
G,JTOUSDT,2024-02-17,G[S1/both/W=15/mu=0],ok,False,,0.0,0.0,0.0,0.0,0.0,0.0,0.0,0.0,0.0,0.0,0.0,0.0,0.09995907575190813,0.0,0.0,0.0
G,JTOUSDT,2024-02-18,G[S1/both/W=15/mu=0],ok,False,,0.0,0.0,0.0,0.0,0.0,0.0,0.0,0.0,0.0,0.0,0.0,0.0,0.09943398989138011,0.0,0.0,0.0
G,JTOUSDT,2024-02-19,G[S1/both/W=15/mu=0],ok,False,,0.0,0.0,0.0,0.0,0.0,0.0,0.0,0.0,0.0,0.0,0.0,0.0,0.09994739597026785,0.0,0.0,0.0
G,JTOUSDT,2024-02-20,G[S1/both/W=15/mu=0],ok,False,,0.0,0.0,0.0,0.0,0.0,0.0,0.0,0.0,0.0,0.0,0.0,0.0,0.09995299083690658,0.0,0.0,0.0
G,JTOUSDT,2024-02-21,G[S1/both/W=15/mu=0],ok,False,,0.0,0.0,0.0,0.0,0.0,0.0,0.0,0.0,0.0,0.0,0.0,0.0,0.09996149030914592,0.0,0.0,0.0
G,JTOUSDT,2024-02-22,G[S1/both/W=15/mu=0],ok,False,,0.0,0.0,0.0,0.0,0.0,0.0,0.0,0.0,0.0,0.0,0.0,0.0,0.09859327580367776,0.0,0.0,0.0
G,JTOUSDT,2024-02-23,G[S1/both/W=15/mu=0],ok,False,,0.0,0.0,0.0,0.0,0.0,0.0,0.0,0.0,0.0,0.0,0.0,0.0,0.08900801064184567,0.0,0.0,0.0
G,JTOUSDT,2024-02-24,G[S1/both/W=15/mu=0],ok,False,,0.0,0.0,0.0,0.0,0.0,0.0,0.0,0.0,0.0,0.0,0.0,0.0,0.09995228165875295,0.0,0.0,0.0
G,JTOUSDT,2024-02-25,G[S1/both/W=15/mu=0],ok,False,,0.0,0.0,0.0,0.0,0.0,0.0,0.0,0.0,0.0,0.0,0.0,0.0,0.09994489963641263,0.0,0.0,0.0
G,ZECUSDT,2024-02-01,G[S1/both/W=15/mu=0],ok,False,,0.20622627999998638,0.005726279999992,0.14035000000000056,-0.10025000000000855,0.20049999999999438,0.03437372,0.0,2.0,0.0,4.01,171.86860000000001,0.0,0.09927261745557683,1012.4376,1012.4424,0.20608202258417746
G,ZECUSDT,2024-02-02,G[S1/both/W=15/mu=0],ok,False,,1.298903778910973,-0.49125913565034846,0.9602805130221158,-1.1147526971491322,1.7912186745613217,0.3367869515233321,-0.0010557600000000002,23.0,1.0,4.4205394298241325,1444.0699972754483,87.2235492149863,0.09527532219619841,13865.9245,26961.6372,1.2979951822833748
G,ZECUSDT,2024-02-03,G[S1/both/W=15/mu=0],ok,False,,0.0,0.0,0.0,0.0,0.0,0.0,0.0,0.0,0.0,0.0,0.0,0.0,0.09669688319416543,572.697,572.697,0.0
G,ZECUSDT,2024-02-04,G[S1/both/W=15/mu=0],ok,False,,0.7741300435619827,0.15744610356198194,0.744057159999979,-0.3709999999999971,0.6063000000000007,0.21561105643799997,0.010383940000000003,19.0,1.0,9.14,1075.6992,0.8567571599999628,0.09486656172454076,16446.93,20961.818,0.7735885315898698
G,ZECUSDT,2024-02-05,G[S1/both/W=15/mu=0],ok,False,,0.3570673289908144,0.15303603919035624,1.9060618418987851,-1.202141085134903,0.19693220387775745,0.5508847175735259,0.007099085922700673,44.0,1.0,8.5,2684.9542901566488,25.2615628039929,0.09101656491166457,11040.9245,25164.3611,0.35681755670112364
G,ZECUSDT,2024-02-06,G[S1/both/W=15/mu=0],ok,False,,-1.5974825280093894,-1.676296480799925,3.8457653531976423,-4.56521279069764,0.07085116279053594,0.9568490432999276,0.00796279,70.0,1.0,4.12,4606.458660465115,64.6496567398255,0.09686603923543832,24184.659,14394.8426,-1.5963650724586684
G,ZECUSDT,2024-02-07,G[S1/both/W=15/mu=0],ok,False,,2.321880292128872,-0.3357453499886882,2.099395474404951,-1.7967754027187788,2.65595392243901,0.6383654216748602,0.0016717196785506951,55.0,1.0,5.0200000000000005,3019.408497205452,62.6976767886726,0.09857422815589442,17723.1847,21253.7874,2.320256112849877
G,ZECUSDT,2024-02-08,G[S1/both/W=15/mu=0],ok,False,,0.0,0.0,0.0,0.0,0.0,0.0,0.0,0.0,0.0,0.0,0.0,0.0,0.09719625572349294,0.0,0.0,0.0
G,ZECUSDT,2024-02-09,G[S1/both/W=15/mu=0],ok,False,,0.7498126096539185,-0.48031737902983485,1.7660124188831627,-1.7724228634673103,1.2328543988197533,0.4739069344456873,-0.0027244101359999973,40.0,1.0,4.8,2300.2943273206856,25.178307239181812,0.09339048548951956,19870.8407,20043.8398,0.7492881079783338
G,ZECUSDT,2024-02-10,G[S1/both/W=15/mu=0],ok,False,,-1.348825861040572,-0.8063060655383839,0.7869343125417935,-1.2485671030521994,-0.6014671030521879,0.34467327502797795,0.058947307549999994,24.0,1.0,9.61,1490.551256895662,84.660042997901,0.08314306349384003,24244.1527,11644.2154,-1.3478823434001919
G,ZECUSDT,2024-02-11,G[S1/both/W=15/mu=0],ok,False,,0.21499326000000463,-0.16800674000000748,0.4316999999999993,-0.4798000000000068,0.3830000000000121,0.11990674000000001,0.0,7.0,0.0,9.59,599.5337000000001,0.0,0.07925635001393912,2202.1162,1734.048,0.21484286999101093
G,ZECUSDT,2024-02-12,G[S1/both/W=15/mu=0],ok,False,,0.0,0.0,0.0,0.0,0.0,0.0,0.0,0.0,0.0,0.0,0.0,0.0,0.087572520139256,23.2,23.2,0.0
G,ZECUSDT,2024-02-13,G[S1/both/W=15/mu=0],ok,False,,5.662902740457406,3.0268004052314827,4.167376840455602,-0.4855495069263387,2.663505344454279,0.6550269282977804,-0.027403009228355528,59.0,1.0,29.21,3268.4169157470396,2.4428093606774968,0.08946110736255862,18012.2982,23033.7327,5.658941481420412
G,ZECUSDT,2024-02-14,G[S1/both/W=15/mu=0],ok,False,,-2.340372169400489,-0.17419983005572515,2.690165724709718,-2.166420562562768,-2.1811041589338367,0.6979449922026751,0.014931819589072623,49.0,1.0,14.129999999999999,3420.2739530059243,25.25491200271026,0.08699627265936435,28493.7468,13523.1794,-2.3387350548620858
G,ZECUSDT,2024-02-15,G[S1/both/W=15/mu=0],ok,False,,0.1850489999999801,0.09504899999997314,0.2249999999999872,-0.09000000000001407,0.09000000000000696,0.039951,0.0,2.0,0.0,4.5,199.755,0.0,0.08867936648399381,1289.9795,999.0982,0.18491955631056273
G,ZECUSDT,2024-02-16,G[S1/both/W=15/mu=0],ok,False,,-1.2964401041636089,0.8657040721724671,3.5551039499999497,-1.9673999999999827,-2.202500000000076,0.7219998778274999,0.04035582366400002,56.0,1.0,16.77,3533.2128000000002,27.922396050000025,0.09547645357567684,21802.6195,19195.8902,-1.2955332309019776
G,ZECUSDT,2024-02-17,G[S1/both/W=15/mu=0],ok,False,,2.3355411028279915,0.42672858200334085,18.72752176491101,-16.06414456778016,1.9036770020516016,2.2366486151275082,0.005135518773049058,245.0,1.0,18.95,11097.133451838967,31.312590472208335,0.0946864255250258,23904.8268,18608.1172,2.3339073676706223
G,ZECUSDT,2024-02-18,G[S1/both/W=15/mu=0],ok,False,,-0.24033640955088825,-1.520478036087396,2.919826334054091,-3.700226876160669,1.2841167015365076,0.7400774939808178,-0.003975074999999981,68.0,1.0,5.099142102954436,3671.838483703477,10.381449527494663,0.09523108044556772,12285.7455,27697.7932,-0.2401682917466656
G,ZECUSDT,2024-02-19,G[S1/both/W=15/mu=0],ok,False,,0.6138306904149406,-0.9190772799999795,2.9615000000000142,-3.2054999999999936,1.58039999999992,0.6750772800000001,-0.047492029584999984,39.0,0.0,10.81,3375.3864000000003,0.0,0.0980053786447989,12884.6619,13737.2836,0.613401309498292
G,ZECUSDT,2024-02-20,G[S1/both/W=15/mu=0],ok,False,,3.087605522714604,-0.6278761020490986,4.357499665386656,-4.321969977030371,3.7188103904837027,0.6634057904053838,-0.003328765720000197,75.0,1.0,12.91,3175.6547432649954,51.40880318615424,0.09921491555435974,12928.2084,21489.9237,3.085445710717102
G,ZECUSDT,2024-02-21,G[S1/both/W=15/mu=0],ok,False,,0.027617275709146526,-0.24043412181281415,1.532113491073062,-1.3849999999999982,0.2650676445174607,0.38754761288587797,0.002983753004499999,31.0,1.0,3.86,1934.940804348404,1.0171854839946044,0.09955882147936948,18660.7886,20438.9718,0.027597957139149122
G,ZECUSDT,2024-02-22,G[S1/both/W=15/mu=0],ok,False,,-2.678883298836518,-2.834536790263605,5.4270347646906085,-7.240025307897277,0.16372966112308696,1.021546247056937,-0.008076169696,144.0,1.0,3.7800000000000002,5019.820218366315,31.967642515771345,0.09979304889640742,20637.4741,19167.5416,-2.677009392261935
G,ZECUSDT,2024-02-23,G[S1/both/W=15/mu=0],ok,False,,2.5395934082007217,-1.0773687988266982,2.9181034526538006,-3.3516744388520117,3.61970609780342,0.6437978126284871,-0.0027438907759999996,67.0,1.0,2.9999999999999996,3186.007928103817,11.993140014042465,0.09983747402370144,19227.0113,18939.9971,2.53781693634528
G,ZECUSDT,2024-02-24,G[S1/both/W=15/mu=0],ok,False,,0.0,0.0,0.0,0.0,0.0,0.0,0.0,0.0,0.0,0.0,0.0,0.0,0.0998227038137252,0.0,0.0,0.0
G,ZECUSDT,2024-02-25,G[S1/both/W=15/mu=0],ok,False,,0.0,0.0,0.0,0.0,0.0,0.0,0.0,0.0,0.0,0.0,0.0,0.0,0.0983864265206306,1049.199,1049.199,0.0
B3 pro1_altcoin,ALGOUSDT,2024-02-01,S1|tier=pro1_altcoin,ok,False,,33.24230380174677,4.066644517826882,13.696113443036715,-9.173597247115149,29.293803133919894,0.45587167809468476,-0.11814384999999994,63.0,1.0,19329.899999999998,13093.158489606672,1628.1131360524455,0.08534051066133695,85675.4794,85675.6901,5.39263476219817
B3 pro1_altcoin,ALGOUSDT,2024-02-02,S1|tier=pro1_altcoin,ok,False,,29.24613592345848,4.594123283038971,12.972151866088133,-8.271002200055323,24.93440709187005,0.1070263829938398,-0.28239445145054376,55.0,1.0,18667.72727296079,13538.13385234138,382.2370821208564,0.06794411575504669,85664.7309,85664.4777,4.744368205687583
B3 pro1_altcoin,ALGOUSDT,2024-02-03,S1|tier=pro1_altcoin,ok,False,,-45.486604369642954,-1.1146717660939307,13.5146046999543,-14.324145158048292,-44.577650158049025,0.30513130799993765,0.20571755450000007,68.0,1.0,11830.1,13988.57500204449,1089.7546714283487,0.0840585515342431,85640.6533,85640.7465,-7.378930335303729
B3 pro1_altcoin,ALGOUSDT,2024-02-04,S1|tier=pro1_altcoin,ok,False,,-39.67032769056413,-3.5600788850652094,9.949792067353796,-12.446745407354205,-35.65079999999892,1.0631255450648,-0.45944880550000006,93.0,1.0,25896.399999999994,11822.854199999998,3796.8769466599997,0.08751140425051422,83768.5129,85648.0207,-6.43540199282721
B3 pro1_altcoin,ALGOUSDT,2024-02-05,S1|tier=pro1_altcoin,ok,False,,22.026997200271914,4.3495631493424485,11.68331653275359,-7.252215274721316,17.837968901115428,0.08153810868982515,-0.16053485018596353,37.0,1.0,13190.776373606608,11333.214740875943,291.20753103508986,0.0903280228868193,85667.0162,85666.8367,3.57326470263431
B3 pro1_altcoin,ALGOUSDT,2024-02-06,S1|tier=pro1_altcoin,ok,False,,-26.04457013354038,-6.0322720225405195,11.459110213000034,-16.782780000000194,-20.137409999999853,0.7086022355403601,0.12511188900000003,38.0,1.0,15601.7,11125.664770000003,2530.722269787,0.08197436500657673,85651.134,85651.051,-4.225003631103869
B3 pro1_altcoin,ALGOUSDT,2024-02-07,S1|tier=pro1_altcoin,ok,False,,9.191125554476137,-4.904547342444932,11.986839764666804,-16.801550000000216,14.190136210303269,0.08983710711152051,-0.0944633133821986,40.0,1.0,10295.8,13361.5194948624,320.8468111125733,0.09201272991673225,85629.7758,85629.8827,1.4910032549005072
B3 pro1_altcoin,ALGOUSDT,2024-02-08,S1|tier=pro1_altcoin,ok,False,,-20.355929018224128,-13.14023741326039,23.266146072513074,-35.58488648863538,-7.671991083457549,0.8214969971380881,0.4562994784938098,118.0,1.0,25374.334044893527,23501.037018817908,2933.917846921743,0.0894523573772428,85635.459,85635.4281,-3.302180591789963
B3 pro1_altcoin,ALGOUSDT,2024-02-09,S1|tier=pro1_altcoin,ok,False,,16.079933535222548,-10.458263239778532,13.687371147500368,-24.0693650000002,26.524975000001078,0.07626938727869985,0.01322177499999995,72.0,1.0,11368.4,13355.698309999996,272.39066885249946,0.09481397710580944,85676.3778,85676.3756,2.608519826815394
B3 pro1_altcoin,ALGOUSDT,2024-02-10,S1|tier=pro1_altcoin,ok,False,,19.237591159356846,-5.667983636642683,11.73466657999992,-17.063960000000204,25.21422999999953,0.3386902166423999,-0.30865520400000007,117.0,1.0,12320.400000000001,12861.466540000001,1209.6079165799997,0.09911883837235425,85655.8333,85656.1232,3.120761528611403
B3 pro1_altcoin,ALGOUSDT,2024-02-11,S1|tier=pro1_altcoin,ok,False,,-49.97633428507207,-10.306711357572572,14.79025152799984,-24.688095000000253,-39.711794999999505,0.40886788557216014,0.042172072500000046,63.0,1.0,12761.699999999999,14518.352269999998,1460.2424484720007,0.09996215307141051,85661.591,85661.5558,-8.107263538658662
B3 pro1_altcoin,ALGOUSDT,2024-02-12,S1|tier=pro1_altcoin,ok,False,,2.4109856401317087,-0.1905750352348335,18.660047030092052,-18.800795925274475,2.821867149179507,0.049826140052410775,-0.22030647381296464,85.0,1.0,12311.400000000001,16494.17346193319,177.95050018718135,0.09999811012443001,85674.4266,85674.3982,0.3911150397901023
B3 pro1_altcoin,ALGOUSDT,2024-02-13,S1|tier=pro1_altcoin,ok,False,,-67.0391511126818,-5.616264648466666,19.637709881500104,-24.79132499999995,-60.39349500000137,0.4626495299668195,-1.02939146421375,83.0,1.0,29001.199999999997,19604.849440000013,1652.3197498814984,0.09957496371217318,85672.0108,85672.0467,-10.875228710818394
B3 pro1_altcoin,ALGOUSDT,2024-02-14,S1|tier=pro1_altcoin,ok,False,,57.555588424794024,0.7247876966347848,13.908051553999897,-13.112065000000232,57.020319999999586,0.07119885736488007,-0.18951927184035003,44.0,1.0,9534.300000000001,12302.02982,254.28163344600028,0.09928137469532415,85659.761,85659.9286,9.33678570382374
B3 pro1_altcoin,ALGOUSDT,2024-02-15,S1|tier=pro1_altcoin,ok,False,,9.621195600112378,4.720253063502888,11.40136891799993,-6.117050000000002,5.60141000000034,0.56406585449704,-0.7004674633908501,35.0,1.0,13606.2,10054.517160000003,2014.5209089180005,0.0999022430720996,85678.0145,85678.4508,1.5607701005472363
B3 pro1_altcoin,ALGOUSDT,2024-02-16,S1|tier=pro1_altcoin,ok,False,,44.794818273509826,-7.5016757838620824,27.030218437500057,-34.26133499999964,53.8804199999951,0.2705592213624991,-1.5839259426231984,100.0,1.0,27835.59999999999,25649.50506999999,966.2829334374968,0.09745792895784046,85678.2432,85678.3971,7.2667073746972255
B3 pro1_altcoin,ALGOUSDT,2024-02-17,S1|tier=pro1_altcoin,ok,False,,41.62051963504984,-0.8508693118940329,11.586915692499932,-12.095450000000065,42.753459999999826,0.3423350043938999,-0.2820710530559501,63.0,1.0,9224.900000000001,11307.422090000002,1222.6250156924998,0.09784338748531637,85679.277,85679.421,6.75176613339679
B3 pro1_altcoin,ALGOUSDT,2024-02-18,S1|tier=pro1_altcoin,ok,False,,51.47820829124204,-2.977531165758143,5.719101635499854,-7.775880000000057,54.84974000000018,0.92075280125794,-0.3940005430000001,26.0,1.0,23748.900000000005,9003.86522,3288.4028616355004,0.09979462142944438,84057.4735,85679.6113,8.350900622971949
B3 pro1_altcoin,ALGOUSDT,2024-02-19,S1|tier=pro1_altcoin,ok,False,,97.7714216078311,-3.6496636186632134,14.95889084542497,-17.628692194030357,102.02068166313998,0.9798622700578259,-0.5995964366456779,49.0,1.0,20456.744708066508,13852.136547034845,3499.5081073493784,0.09351704260563097,85454.5415,85679.3237,15.860680717448298
B3 pro1_altcoin,ALGOUSDT,2024-02-20,S1|tier=pro1_altcoin,ok,False,,20.553302626834366,0.018348514770939905,11.846327603499832,-11.641354999999912,21.08525000000038,0.18662408872898006,-0.5502958879369502,50.0,1.0,11075.800000000003,9599.93566,666.5146026035003,0.09986813039775701,85669.2215,85669.336,3.3341989437453448
B3 pro1_altcoin,ALGOUSDT,2024-02-21,S1|tier=pro1_altcoin,ok,False,,5.3598519643344495,0.789609066338862,7.9478599836283745,-7.062530986873162,4.2816451969039875,0.09571993041635099,0.28859770109160005,21.0,1.0,5703.519737461623,7092.8837685377675,341.8568943441107,0.09020131832481072,85678.3021,85678.2025,0.8694861883064584
B3 pro1_altcoin,ALGOUSDT,2024-02-22,S1|tier=pro1_altcoin,ok,False,,19.395058504094695,-1.9082438688721726,3.8773145440001424,-5.462759999999995,21.923449999999967,0.32279841287232,-0.6201476270330999,27.0,1.0,11939.799999999997,4603.52463,1152.8514745439998,0.08606002093321102,85670.8642,85671.0643,3.1463062045222148
B3 pro1_altcoin,ALGOUSDT,2024-02-23,S1|tier=pro1_altcoin,ok,False,,-44.60500334859069,-1.018306878301364,5.347674647999961,-5.637119999999886,-43.498555000002725,0.7288615263014391,-0.08814147028659998,55.0,1.0,17579.899999999983,6388.536639999998,2603.076879647997,0.09134550386575592,85678.2324,85678.3786,-7.235915207926606
B3 pro1_altcoin,ALGOUSDT,2024-02-24,S1|tier=pro1_altcoin,ok,False,,89.0690441601528,1.5199118363287747,14.014713100603759,-12.368130601995732,88.16393374362197,0.1266706622792516,-0.6148014197979363,67.0,1.0,12852.06007230309,13980.826022158997,452.3952224258986,0.09999807859558309,85679.0693,85678.8418,14.448963183729909
B3 pro1_altcoin,ALGOUSDT,2024-02-25,S1|tier=pro1_altcoin,ok,False,,-64.81064268818926,-11.46232167092041,35.959484510405076,-47.15212195605696,-53.48096332185406,0.2696842252685267,0.13264230458520004,204.0,1.0,17071.662731592114,33066.194886620084,963.1579473875953,0.0999978658400442,85677.8942,85678.3645,-10.513715499536737
B3 pro1_altcoin,ALICEUSDT,2024-02-01,S1|tier=pro1_altcoin,ok,False,,18.540802258524124,-1.5888484447382791,6.5463299505322645,-8.09343687526069,20.264142609572147,0.041741520009854274,-0.13449190630974317,297.0,1.0,1028.6943067119018,8508.499586882403,149.076857178051,0.09813624812251037,84839.3308,84839.2511,11.886196362830079
B3 pro1_altcoin,ALICEUSDT,2024-02-02,S1|tier=pro1_altcoin,ok,False,,1.044306934895552,-0.732445309702258,6.339715332949976,-6.9456942656403005,1.7512400469060383,0.12646637701193356,0.025512197691771918,368.0,1.0,463.00610900833885,10558.484262449836,451.66563218547697,0.09247102906368498,84621.4046,84620.8066,0.6694876045898684
B3 pro1_altcoin,ALICEUSDT,2024-02-03,S1|tier=pro1_altcoin,ok,False,,-1.2763743006732586,-2.0055795407191637,5.834927077540241,-7.808671968715775,0.7506058365256418,0.03183464954363044,-0.02140059647973685,457.0,1.0,703.4085607124106,9861.166114563073,113.6951769415373,0.0901132551355171,83457.3434,83457.4928,-0.8182620880548631
B3 pro1_altcoin,ALICEUSDT,2024-02-04,S1|tier=pro1_altcoin,ok,False,,2.073194388000153,-1.169590439034104,7.708122282415998,-8.874445052847335,3.24969119627899,0.0032676686027666053,-0.0069063692447327435,494.0,1.0,908.0646213309248,11667.989320521807,11.670245009880732,0.08769546229717053,84951.2075,84951.2445,1.3290900388497384
B3 pro1_altcoin,ALICEUSDT,2024-02-05,S1|tier=pro1_altcoin,ok,False,,-1.0907641771101502,-1.7419116469421958,8.259505065011647,-9.792900111521725,0.6305275332913549,0.20851660043211773,0.020619936540690643,590.0,1.0,886.4855779007637,14339.14065280576,744.7021444004205,0.08322190704972264,84636.4529,84635.7436,-0.6992705608901761
B3 pro1_altcoin,ALICEUSDT,2024-02-06,S1|tier=pro1_altcoin,ok,False,,15.18229611266293,-1.6203674386210138,7.643820745923867,-9.257280584004492,16.83641367963376,0.006907600540388655,-0.03375012834981629,400.0,1.0,676.2382625628593,9971.428964810792,24.670001929959483,0.08737210510832798,84417.3861,84417.2252,9.733114582502873
B3 pro1_altcoin,ALICEUSDT,2024-02-07,S1|tier=pro1_altcoin,ok,False,,18.333346003408636,-2.0802323718551112,7.981164908518293,-9.862253667831034,20.3923981044289,0.19914361254237042,0.02118027083484611,401.0,1.0,719.9358127506122,10836.471010794621,711.227187651323,0.0943590564874028,84794.9693,84795.0912,11.753199648307307
B3 pro1_altcoin,ALICEUSDT,2024-02-08,S1|tier=pro1_altcoin,ok,False,,7.86399449465074,-2.4814540626600805,5.242378226911896,-7.549336860018435,10.287325315359332,0.17449542955354086,0.058123241951487596,519.0,1.0,677.8074956837843,9678.966402694927,623.1979626912173,0.09412257311689057,84344.5322,84344.1285,5.041474551979499
B3 pro1_altcoin,ALICEUSDT,2024-02-09,S1|tier=pro1_altcoin,ok,False,,-4.127980863183739,-0.6450885049227681,9.06935174949881,-9.624886693778663,-3.510034422516217,0.08955356064291582,0.02714206425524576,259.0,1.0,806.4308280324623,10367.184420724887,319.8341451532708,0.09871508954936964,84720.5498,82256.0131,-2.646379074521905
B3 pro1_altcoin,ALICEUSDT,2024-02-10,S1|tier=pro1_altcoin,ok,False,,6.437656278641383,-2.7049401075279653,5.471297102932747,-8.114879759359589,9.15290509304185,0.061357451101123096,-0.010308706872502007,301.0,1.0,621.4806196293223,9584.999138148529,219.1337539325825,0.09627895514186202,83241.344,83241.1796,4.127073121075855
B3 pro1_altcoin,ALICEUSDT,2024-02-11,S1|tier=pro1_altcoin,ok,False,,4.743028044310347,-0.9562000559696269,5.769433288655078,-6.651766469095181,5.652428472865385,0.07386687552952399,0.04679962741458932,271.0,1.0,478.59657290626546,9078.870175685863,263.81026974829996,0.09961155102410783,84324.6867,84325.1765,3.0406754736388826
B3 pro1_altcoin,ALICEUSDT,2024-02-12,S1|tier=pro1_altcoin,ok,False,,21.611102505850607,0.22912860502862864,7.511725554341255,-7.198889534031352,21.47868683096749,0.08370741528127436,-0.09671293014551105,227.0,1.0,847.1705220589936,8968.060579779118,298.9550545759799,0.09850650439829443,85213.7443,85213.5641,13.854514190921371
B3 pro1_altcoin,ALICEUSDT,2024-02-13,S1|tier=pro1_altcoin,ok,False,,17.289956469842213,4.000439964382049,11.266711962836968,-7.25426110252454,12.76099400111015,0.012010895930379826,0.5285225043500156,180.0,1.0,1315.640335279734,10872.554974414055,42.896056894213665,0.08984796608048984,84241.6866,84944.4423,11.08430017427347
B3 pro1_altcoin,ALICEUSDT,2024-02-14,S1|tier=pro1_altcoin,ok,False,,-4.3714781760321895,1.1574247790621248,11.18619727820331,-9.857496030664887,-6.5188980410146975,0.17127646847629746,0.9899950859203829,214.0,1.0,1087.419531914901,12532.976008746535,611.7016731296338,0.06929001607119127,85219.6075,85219.262,-2.8024811047351617
B3 pro1_altcoin,ALICEUSDT,2024-02-15,S1|tier=pro1_altcoin,ok,False,,12.689003940055526,1.466301289767035,9.862227715655266,-8.245653470273362,11.41631263513842,0.150272955614868,-0.1936099848499281,150.0,1.0,1089.3991035879105,10879.558658663744,536.6891271959571,0.07694035800714345,85315.219,85315.5077,8.134706922451713
B3 pro1_altcoin,ALICEUSDT,2024-02-16,S1|tier=pro1_altcoin,ok,False,,0.9595658276106676,-0.10422926796657955,20.65778392108868,-20.60439926588778,2.1969984123208377,0.15761392316748052,-1.1332033167435904,172.0,1.0,1332.1083227002007,13726.132419343166,562.9068684552876,0.08660131920152046,84422.0885,84949.6345,0.6151615065522981
B3 pro1_altcoin,ALICEUSDT,2024-02-17,S1|tier=pro1_altcoin,ok,False,,9.138601535348059,-0.33446917033777634,9.623896334921039,-9.910288133606475,10.097721583587436,0.04807737165234029,-0.6246508779016009,199.0,1.0,1001.116502155429,10255.388135318439,171.70489875835818,0.09745022705084197,85015.5374,85016.1521,5.858603679399471
B3 pro1_altcoin,ALICEUSDT,2024-02-18,S1|tier=pro1_altcoin,ok,False,,-10.598789712167369,-3.270724226643989,13.030176134466316,-16.06740012613286,-7.675461360194753,0.2335002349774453,0.3473958746713715,197.0,1.0,732.772322618009,13134.428423865751,833.9294106337333,0.09330217971236343,84761.8148,84762.059,-6.794705750623369
B3 pro1_altcoin,ALICEUSDT,2024-02-19,S1|tier=pro1_altcoin,ok,False,,9.75774439508534,0.6363774186746942,11.20427913800256,-10.532610653344207,9.635852935771625,0.035291065983658686,-0.5144859593609803,100.0,1.0,596.9391125760257,10735.390731694044,126.03952137020958,0.0941542803798225,85282.4367,85282.0176,6.255525749160399
B3 pro1_altcoin,ALICEUSDT,2024-02-20,S1|tier=pro1_altcoin,ok,False,,18.087538586552995,1.1254992842100993,12.595578127727741,-11.37755643835259,17.534085923657898,0.09252240516505171,-0.5720466213149995,107.0,1.0,826.0999999999999,9955.628819457332,330.4371613037561,0.0995831789255425,85400.4125,85400.284,11.59561664928455
B3 pro1_altcoin,ALICEUSDT,2024-02-21,S1|tier=pro1_altcoin,ok,False,,-7.870953755045801,4.959649761536802,11.46272884503303,-6.35031840389165,-12.72967021069815,0.1527606796045785,-0.1009333058844548,110.0,1.0,1028.0194985777339,9840.480359365329,545.5738557306375,0.09879454428109867,85541.7266,85541.507,-5.045936016723169
B3 pro1_altcoin,ALICEUSDT,2024-02-22,S1|tier=pro1_altcoin,ok,False,,-41.586859116573564,-6.971347230052235,27.615116412100104,-34.4468444025471,-34.727466649246495,0.1396192396052383,0.11195476272516192,277.0,1.0,858.4567023334595,20997.729975742623,498.64014144727963,0.09918458032960781,85607.8477,85608.2828,-26.660635644592183
B3 pro1_altcoin,ALICEUSDT,2024-02-23,S1|tier=pro1_altcoin,ok,False,,18.228778884670728,-0.049050295493746024,12.609267862782396,-12.607080897851667,18.445875037136716,0.05123726042447514,-0.16804585697224234,181.0,1.0,649.510059130347,10800.810471189861,182.99021580169693,0.09993887871987672,85592.1605,85592.1657,11.686163427917075
B3 pro1_altcoin,ALICEUSDT,2024-02-24,S1|tier=pro1_altcoin,ok,False,,39.62102226955787,-0.8934272139612582,16.748292905280522,-17.52487567851565,40.918090170495894,0.11684444072613137,-0.4036406869767657,235.0,1.0,976.2635701762301,16033.858730783297,417.30157402189775,0.09994181148437285,85397.5196,85670.8305,25.400370718883664
B3 pro1_altcoin,ALICEUSDT,2024-02-25,S1|tier=pro1_altcoin,ok,False,,26.07018051096118,-6.600310049850122,19.223542803305023,-25.741527195563062,32.90742172978487,0.08232565759208203,-0.23693116897356678,223.0,1.0,418.0109826065482,16299.71592588523,294.0202056860073,0.09993545675541637,85675.3091,85675.592,16.71315407213544
B3 pro1_altcoin,CAKEUSDT,2024-02-01,S1|tier=pro1_altcoin,ok,False,,-1.4670815433705289,0.13945555662954337,1.0045691799999479,-0.6857500000000045,-1.5665500000000723,0.1793636233704,-0.039987100000000005,14.0,1.0,261.2,1029.0973000000001,640.58436918,0.09630904190103551,85658.0369,85658.2626,-1.4310198433188928
B3 pro1_altcoin,CAKEUSDT,2024-02-02,S1|tier=pro1_altcoin,ok,False,,2.6969973852125397,0.37842485878227206,0.6373810785008229,-0.2495810272616394,2.2983638364302674,0.009375192456911492,0.02020869,11.0,1.0,81.80000000000001,570.9270059090753,33.48283020325533,0.0904785087272221,85587.7143,85587.7228,2.630703653153082
B3 pro1_altcoin,CAKEUSDT,2024-02-03,S1|tier=pro1_altcoin,ok,False,,1.9176684744560164,0.132233264456026,0.4340698000000246,-0.2501499999999986,1.7856499999999904,0.051686535544000003,-0.00021479000000000116,5.0,1.0,76.0,387.4692,184.59476980000002,0.08760945265527056,85513.5678,85513.7631,1.8705310909637303
B3 pro1_altcoin,CAKEUSDT,2024-02-04,S1|tier=pro1_altcoin,ok,False,,2.076491541363051,-0.4248747186368686,0.8941334399999703,-1.2105500000000389,2.46234999999992,0.10845815863680003,0.039016260000000004,17.0,1.0,200.4,1002.3765000000001,387.3505665600001,0.0882082356083653,85524.3828,85524.2964,2.025450196413433
B3 pro1_altcoin,CAKEUSDT,2024-02-05,S1|tier=pro1_altcoin,ok,False,,7.660097637711787,-0.17765273728823522,2.0271153150000303,-2.0811000000000655,7.891400000000022,0.12366805228820003,-0.053649625000000006,30.0,1.0,222.9,1798.377,441.6716153150001,0.09001295235185382,85638.6814,85638.9512,7.471808074240916
B3 pro1_altcoin,CAKEUSDT,2024-02-06,S1|tier=pro1_altcoin,ok,False,,-1.617378719014765,0.165719100985158,0.6060320899999789,-0.38645000000002094,-1.8307999999999232,0.0538629890148,0.04770218,8.0,1.0,119.69999999999999,594.3638000000001,192.36781791,0.0877489356642234,85504.9499,85504.7573,-1.577622628769767
B3 pro1_altcoin,CAKEUSDT,2024-02-07,S1|tier=pro1_altcoin,ok,False,,3.220384067309822,0.564039362309786,1.808152464999958,-1.182249999999972,2.658750000000036,0.061863102690200004,-0.0024052949999999983,27.0,1.0,89.7,1823.4950000000001,220.93965246500002,0.0845670784791855,85546.6429,85546.8458,3.141225192459834
B3 pro1_altcoin,CAKEUSDT,2024-02-08,S1|tier=pro1_altcoin,ok,False,,3.437448272421663,1.4071287124216405,3.1290127800000724,-1.6346000000000318,2.071100000000022,0.08728406757840002,-0.04078044000000001,35.0,1.0,165.10000000000002,2709.7674999999995,311.72881278000006,0.08470830977520355,85547.4102,85547.6344,3.352953835760499
B3 pro1_altcoin,CAKEUSDT,2024-02-09,S1|tier=pro1_altcoin,ok,False,,-4.777262353799322,-0.15006830879916513,0.9681828600000316,-1.0145499999999967,-4.658150000000155,0.10370116879920002,0.030955955000000004,18.0,1.0,143.10000000000002,979.0218000000002,370.3613171400001,0.07441605491959555,85623.1098,85622.9061,-4.659834523799573
B3 pro1_altcoin,CAKEUSDT,2024-02-10,S1|tier=pro1_altcoin,ok,False,,-0.7545207723412601,0.36088420265877097,1.2203547899999767,-0.8077000000000056,-1.085000000000031,0.051770587341200075,-0.030404975000000008,18.0,1.0,159.2,1246.7530999999997,184.8949547900003,0.08918774545336607,85531.0609,85531.0227,-0.7359742219481663
B3 pro1_altcoin,CAKEUSDT,2024-02-11,S1|tier=pro1_altcoin,ok,False,,-1.0317438101421195,0.5173776948578063,1.8154433649999946,-1.2683499999999883,-1.5230999999999257,0.029715670142200026,-0.026021505000000007,27.0,1.0,130.40000000000003,1828.4362000000006,106.12739336500009,0.09620851989937927,85533.5552,85533.7251,-1.0063829595611777
B3 pro1_altcoin,CAKEUSDT,2024-02-12,S1|tier=pro1_altcoin,ok,False,,5.275538675624245,0.783888336924798,2.618764635001432,-1.7843999999999758,4.529056807724892,0.05047629807665823,-0.03740646902544624,34.0,1.0,197.11914024115617,2245.6554716881956,180.27249313092227,0.07648831128574742,85616.6159,85616.6779,5.1458629297934495
B3 pro1_altcoin,CAKEUSDT,2024-02-13,S1|tier=pro1_altcoin,ok,False,,0.7405069660262764,0.22697714444623687,2.159044835000039,-1.9074000000000022,0.5367500000000396,0.02466769055380001,-0.02322017842,20.0,1.0,119.00000000000001,1727.3709000000003,88.09889483500002,0.0752797449324561,85516.2038,85550.3553,0.7223048829752989
B3 pro1_altcoin,CAKEUSDT,2024-02-14,S1|tier=pro1_altcoin,ok,False,,26.1542576018702,-0.2719131760844071,3.588585729813904,-3.6242713340645185,26.45587199561261,0.23622757183379273,-0.02970121765800001,47.0,1.0,362.8,3204.44528698496,843.6698994064026,0.08735860059478472,85330.668,85601.0329,25.511371051375537
B3 pro1_altcoin,CAKEUSDT,2024-02-15,S1|tier=pro1_altcoin,ok,False,,-2.990298070792708,0.16492585920721684,7.734925739999941,-7.489499999999924,-3.1333999999999245,0.08049988079279999,-0.021823930000000016,73.0,1.0,201.00000000000003,4929.928399999998,287.49957426,0.09750576587485206,84904.4289,84982.4922,-2.916794840804436
B3 pro1_altcoin,CAKEUSDT,2024-02-16,S1|tier=pro1_altcoin,ok,False,,-4.100178540000526,0.3187756247574237,6.980422295000014,-6.49209999999999,-4.35359999999995,0.16954667024259998,-0.06535416475799999,59.0,1.0,256.4,4486.1858999999995,605.523822295,0.09305760096828368,84951.7329,85503.9658,-3.9993938158413247
B3 pro1_altcoin,CAKEUSDT,2024-02-17,S1|tier=pro1_altcoin,ok,False,,15.101702082422396,-1.1204090325776197,4.668755079999946,-5.737949999999966,16.191250000000014,0.05121411257759999,0.030861115,36.0,1.0,148.8,2853.8575999999994,182.90754491999996,0.09862937341824149,84967.8451,84838.7092,14.730493642628167
B3 pro1_altcoin,CAKEUSDT,2024-02-18,S1|tier=pro1_altcoin,ok,False,,4.530497388445922,0.2526699520001779,4.160510714999951,-3.892499999999973,4.319049999999745,0.015340762999800294,-0.041222563553999864,40.0,1.0,148.3,2829.1903000000007,54.78843928500105,0.09666371555340014,85417.5678,85306.4027,4.419135181862975
B3 pro1_altcoin,CAKEUSDT,2024-02-19,S1|tier=pro1_altcoin,ok,False,,0.6775463850478087,-0.07832921078715849,1.5259242400000295,-1.588149999999988,0.8413499999999672,0.016103450787199994,-0.08547440416500002,14.0,1.0,153.0,1170.2666,57.51232423999998,0.09862575431823999,85583.8907,85671.5574,0.6608919089424588
B3 pro1_altcoin,CAKEUSDT,2024-02-20,S1|tier=pro1_altcoin,ok,False,,6.366662055117434,-0.6694581948772662,4.9596120949516544,-5.525785180156121,6.882089893797682,0.10328510967279961,0.1540303561970186,52.0,1.0,187.20000000000002,2935.8751251200238,368.87539168857006,0.09958297427478445,84917.3559,85121.8696,6.210165875065777
B3 pro1_altcoin,CAKEUSDT,2024-02-21,S1|tier=pro1_altcoin,ok,False,,17.05169463052878,0.10279320052873187,3.674569540000011,-3.487050000000079,16.951550000000047,0.08472633947120001,-0.0026485700000000046,29.0,1.0,158.8,2067.998,302.59406954,0.099502290054146,85580.492,85616.6168,16.632554263098694
B3 pro1_altcoin,CAKEUSDT,2024-02-22,S1|tier=pro1_altcoin,ok,False,,-4.098550815796484,-1.4827992360499538,7.360578750000007,-8.823099999999961,-2.6097000000000303,0.02027798605000002,-0.006051579746500018,64.0,1.0,134.1,3919.552800000001,72.42137875000007,0.09817565660591807,84415.2367,83908.6731,-3.997806102025443
B3 pro1_altcoin,CAKEUSDT,2024-02-23,S1|tier=pro1_altcoin,ok,False,,5.415819199429661,-1.0989643605703558,6.628009180000063,-7.625950000000019,6.504300000000017,0.10102354057040001,0.010483559999999996,51.0,1.0,114.80000000000001,3308.841599999999,360.79835918000003,0.09973894783811148,76511.0334,76510.687,5.282695278413637
B3 pro1_altcoin,CAKEUSDT,2024-02-24,S1|tier=pro1_altcoin,ok,False,,-5.342278518889929,-0.4267129188900292,8.972268250000049,-9.331600000000078,-4.993699999999899,0.06738116888999997,0.07813439999999996,91.0,1.0,133.49999999999994,4754.604799999996,240.64703174999985,0.09970980059566498,80873.3326,77056.5191,-5.210962269693649
B3 pro1_altcoin,CAKEUSDT,2024-02-25,S1|tier=pro1_altcoin,ok,False,,-6.588128284497276,-0.1346651487991922,2.6878171399999067,-2.587949999999899,-6.212050000000084,0.23453228879919993,-0.2414131356980001,46.0,1.0,266.6,2124.4193,837.6153171399999,0.0997873608507659,80490.3325,85523.1693,-6.426188338370343
B3 pro1_altcoin,GALAUSDT,2024-02-01,S1|tier=pro1_altcoin,ok,False,,10.997002962682686,3.9826690653539782,14.282242509313706,-10.265857119582483,6.804759896047845,0.033716324377244776,0.2095740012808637,176.0,1.0,102189.5860918074,13194.75404949024,120.41544420444562,0.08424020415802108,85679.5547,85679.6067,0.9516353518707056
B3 pro1_altcoin,GALAUSDT,2024-02-02,S1|tier=pro1_altcoin,ok,False,,51.440700136164935,0.1414680671646521,25.341790839999664,-24.689884999999812,50.84988000000028,0.5104377728352,0.4493520690000001,456.0,1.0,181448.0,25153.64451999983,1822.99204584,0.08650405879582983,85679.0633,85679.4175,4.451466362305397
B3 pro1_altcoin,GALAUSDT,2024-02-03,S1|tier=pro1_altcoin,ok,False,,41.874689069883445,3.2240071837291775,5.336339345880073,-2.1008294116654618,38.540022530154275,0.011502750485433413,0.11065935600000001,130.0,1.0,54716.0,4693.694440299164,41.08125173369076,0.07604128936899036,85679.872,85679.7905,3.6236631564727495
B3 pro1_altcoin,GALAUSDT,2024-02-04,S1|tier=pro1_altcoin,ok,False,,-7.454656466846811,5.8698179961515216,8.230734461000559,-1.6698799999999565,-12.979299999998332,0.6910364648490801,-0.3451744630000001,158.0,1.0,171586.0,7101.073260000023,2467.9873744610004,0.07408752401826278,85679.5907,85679.7978,-0.6450952731372556
B3 pro1_altcoin,GALAUSDT,2024-02-05,S1|tier=pro1_altcoin,ok,False,,53.86455940890787,3.4251644104091112,12.024128539999964,-8.518039999999653,50.46499999999876,0.0809241295912,-0.025605001500000005,169.0,1.0,119873.0,11306.251039999926,289.01474854,0.0734936684890056,85679.6795,85679.721,4.66121716256699
B3 pro1_altcoin,GALAUSDT,2024-02-06,S1|tier=pro1_altcoin,ok,False,,31.493716795064664,5.335730647066107,18.00233094999926,-12.034109999999151,26.278239999998554,0.6324903029340001,-0.12025385200000002,258.0,1.0,103852.0,18113.478980000014,2258.8939390500004,0.09401615735250836,85679.559,85679.4474,2.725336563579182
B3 pro1_altcoin,GALAUSDT,2024-02-07,S1|tier=pro1_altcoin,ok,False,,-16.197467882730127,-26.966222012845762,31.45845490952425,-57.69266260793604,10.765985647615636,0.7320143144339696,0.0027684825000000024,834.0,1.0,207805.0,28775.604335213626,2614.336837264177,0.09538802574624665,85553.1872,85431.9327,-1.4016621710753925
B3 pro1_altcoin,GALAUSDT,2024-02-08,S1|tier=pro1_altcoin,ok,False,,29.760180999200752,8.471556432199302,39.565646425999226,-30.253720000000644,21.41669000000145,0.84036999379928,-0.128065433,512.0,1.0,233278.0,40930.22979000015,3001.321406426,0.08167923897065567,85678.8455,85678.8261,2.5753235143260804
B3 pro1_altcoin,GALAUSDT,2024-02-09,S1|tier=pro1_altcoin,ok,False,,-46.00249761406294,-0.6850313902749996,44.90081792192709,-43.8747866984491,-45.8724985100944,1.7110626137529927,0.5550322863064718,1059.0,1.0,253683.8301550066,49459.43692645198,6110.937906260688,0.09503862192084243,85678.5838,85679.106,-3.9808667099977453
B3 pro1_altcoin,GALAUSDT,2024-02-10,S1|tier=pro1_altcoin,ok,False,,56.92106027588848,-1.7406683116142736,36.60375362500119,-37.62919000000046,59.090830000002754,0.7152319366150002,-0.42910141250000006,729.0,1.0,240432.0,37824.24620000018,2554.3997736250008,0.09748492484537115,85678.8419,85678.8571,4.925714161241312
B3 pro1_altcoin,GALAUSDT,2024-02-11,S1|tier=pro1_altcoin,ok,False,,27.747873403835417,3.440541346874689,24.02988071990696,-19.26577761718575,24.423544140485035,1.323561755846519,-0.11621208352430634,471.0,1.0,246791.2382814287,26432.293516362606,4727.006270880424,0.0810049560091589,85678.8333,85679.2189,2.4011867014975397
B3 pro1_altcoin,GALAUSDT,2024-02-12,S1|tier=pro1_altcoin,ok,False,,71.10629293716222,-0.3133552113390195,13.123889783000026,-12.992849999999805,71.88037000000124,0.44439499433924007,-0.46072185150000006,144.0,1.0,195395.0,12335.25135000002,1587.124979783,0.08543667998954005,85679.18,85679.1418,6.1532457824282165
B3 pro1_altcoin,GALAUSDT,2024-02-13,S1|tier=pro1_altcoin,ok,False,,51.75865738546407,5.936325035931038,25.60279745608093,-19.208042669876214,46.310803325308996,0.45842975027367694,-0.4884709757759617,257.0,1.0,170071.8665061826,24410.393409991262,1637.249108120275,0.09674561154839054,85557.6021,85679.4708,4.478981073344705
B3 pro1_altcoin,GALAUSDT,2024-02-14,S1|tier=pro1_altcoin,ok,False,,-22.04517084581989,-7.857532610030231,23.437505799108713,-30.596753550294338,-14.497872054317874,0.6982848588446059,0.31023381852821375,118.0,1.0,149196.07362021552,23671.13428432085,2493.8744958735924,0.09374789662760924,85679.2655,85679.447,-1.907698305265699
B3 pro1_altcoin,GALAUSDT,2024-02-15,S1|tier=pro1_altcoin,ok,False,,159.11906172304165,8.249880039793965,44.859267597715956,-35.62395032844217,151.0720746401091,0.9854372294798212,-0.20289295686139686,211.0,1.0,188472.00000000015,36585.76787519575,3519.418676713647,0.09933357220675201,85643.8705,85409.9677,13.769508365686935
B3 pro1_altcoin,GALAUSDT,2024-02-16,S1|tier=pro1_altcoin,ok,False,,-84.72200943301249,-3.836803863022369,35.90980072149805,-38.93020262626265,-80.20845123040593,0.8164019582577716,-0.6767543395841803,148.0,1.0,204837.6649298427,35191.68058737276,2915.7212794920415,0.09767964962827151,85678.9086,85678.9322,-7.331493819867989
B3 pro1_altcoin,GALAUSDT,2024-02-17,S1|tier=pro1_altcoin,ok,False,,50.7521550577627,-3.4919969070969272,18.235258701695678,-21.3051691705065,54.18620004608201,0.4220864382861059,0.057951918777624234,264.0,1.0,99863.0,18031.456025115032,1507.4515653075212,0.09508865147287986,85679.4421,85679.2399,4.391882506577827
B3 pro1_altcoin,GALAUSDT,2024-02-18,S1|tier=pro1_altcoin,ok,False,,26.490956307499754,-13.557967716704653,44.12156436466563,-57.38665540799487,40.81877632289686,0.29287667337540974,-0.7698522986924539,1103.0,1.0,164287.0,44050.96598160474,1045.988119197892,0.09975497534184656,85678.7518,85678.6573,2.2924182718351456
B3 pro1_altcoin,GALAUSDT,2024-02-19,S1|tier=pro1_altcoin,ok,False,,7.403482339778736,0.9081056570004389,25.293220714999634,-23.783844999999395,5.763389999998047,0.6012700579998,0.73198668278025,431.0,1.0,99867.0,26496.73085000011,2147.3930642850005,0.0956486274227793,85679.4518,85679.2896,0.6406668749105424
B3 pro1_altcoin,GALAUSDT,2024-02-20,S1|tier=pro1_altcoin,ok,False,,41.20644525518379,-8.601639102818016,37.46439469963267,-45.45106537351366,49.18234339567355,0.6149684289370289,0.62574096232825,313.0,1.0,139274.0,33508.39069035404,2196.315817632246,0.09877396476112488,85451.4711,85517.7325,3.565836088507498
B3 pro1_altcoin,GALAUSDT,2024-02-21,S1|tier=pro1_altcoin,ok,False,,88.21677031756508,2.902961290824344,30.891386824778774,-27.966473330305668,85.53720011807843,0.021952203648761836,-0.22339109133770405,246.0,1.0,117593.33348471439,27688.53357907046,78.40072731700656,0.09999843906720507,85679.1751,85679.3888,7.633916035753605
B3 pro1_altcoin,GALAUSDT,2024-02-22,S1|tier=pro1_altcoin,ok,False,,147.53504931212493,-0.1297277773738702,33.742018673051305,-33.534469999999715,147.61991733049882,0.3372764504254607,0.04485975900000001,231.0,1.0,80638.0,30330.563774484046,1204.5587515195027,0.09999823462317244,85672.2816,85672.3589,12.767075633410201
B3 pro1_altcoin,GALAUSDT,2024-02-23,S1|tier=pro1_altcoin,ok,False,,41.243437512350866,-12.63708106147608,55.9820327705,-68.40606000000034,54.22624999999995,0.21305383197574,-0.345731426173,219.0,1.0,127658.0,47132.176559999956,760.9065427705,0.09999818924127817,85678.151,85678.4159,3.5690372461124507
B3 pro1_altcoin,GALAUSDT,2024-02-24,S1|tier=pro1_altcoin,ok,False,,23.001681651219933,-12.790971059361583,32.62256064327714,-44.60441499999932,35.44431447766107,0.8091167026394026,0.3483382329204499,123.0,1.0,107281.20066341921,33089.57893069449,2889.702509426438,0.09999821914623482,85678.8869,85678.9848,1.9904708115525347
B3 pro1_altcoin,GALAUSDT,2024-02-25,S1|tier=pro1_altcoin,ok,False,,43.06701942948851,-4.813392337018379,25.3332464940001,-29.89060000000016,47.90778999999989,0.25603883101832,-0.02737823349300003,127.0,1.0,100736.0,26069.248660000023,914.424396494,0.09999814601620248,85679.2096,85679.268,3.7268425158999743
B3 pro1_altcoin,JTOUSDT,2024-02-01,S1|tier=pro1_altcoin,ok,False,,41.48087413317253,-5.178423881826978,16.903342240000104,-21.735099999999882,46.9994499999995,0.3466661218272001,-0.34015198500000005,71.0,1.0,1522.9,12365.101999999995,1238.0932922400002,0.08568215338214229,85678.9367,85679.0066,12.573924549910435
B3 pro1_altcoin,JTOUSDT,2024-02-02,S1|tier=pro1_altcoin,ok,False,,33.72032420890119,-4.63013688510021,9.54280212148659,-13.911589765174266,38.37752890415467,0.2613492414125336,-0.027067810153269773,46.0,1.0,524.9897651743787,7474.650510837629,933.3901479019056,0.07907360320859466,85616.1058,85610.0938,10.221501384951981
B3 pro1_altcoin,JTOUSDT,2024-02-03,S1|tier=pro1_altcoin,ok,False,,-72.66593780990856,-5.976931970013883,6.328952033438562,-11.42001968613874,-66.08233544901249,0.8858643173137051,-0.6066703908821841,33.0,1.0,1842.2549215347012,6233.947736364945,3163.8011332632323,0.06926917657762523,83388.107,85679.5952,-22.026922972666704
B3 pro1_altcoin,JTOUSDT,2024-02-04,S1|tier=pro1_altcoin,ok,False,,-14.151234384234364,-7.96244408111709,4.463787568696781,-12.080227172061246,-6.113622742759521,0.34600447775262505,-0.07516756035775117,31.0,1.0,680.8771720613285,3891.6763400340697,1235.7302776879467,0.07357121342318522,85679.5165,85679.7552,-4.28960471913402
B3 pro1_altcoin,JTOUSDT,2024-02-05,S1|tier=pro1_altcoin,ok,False,,26.52453118207498,-0.847478957788287,3.0042685974533745,-3.580349999999946,27.432503308927117,0.2713975552417155,-0.060493169063850216,24.0,1.0,538.2151300825046,3010.1804389002546,969.2769830061268,0.07259596731894473,85679.6836,85679.8579,8.040270625310697
B3 pro1_altcoin,JTOUSDT,2024-02-06,S1|tier=pro1_altcoin,ok,False,,25.520533931834787,-4.0253498047179805,4.087569790952894,-7.928983575595807,29.696469331552766,0.1839360200750674,-0.15058559500000004,35.0,1.0,1032.7000000000003,3648.556098135956,656.9143574109551,0.0585029706315175,85679.6471,85679.7784,7.735933121903505
B3 pro1_altcoin,JTOUSDT,2024-02-07,S1|tier=pro1_altcoin,ok,False,,40.47035523967173,-4.541912895328133,5.0304523999998745,-9.397650000000008,45.21099999999986,0.174715295328,-0.198731865,22.0,1.0,555.0,3299.544,623.9831976,0.055337845755149724,85679.6457,85679.4973,12.267610167953457
B3 pro1_altcoin,JTOUSDT,2024-02-08,S1|tier=pro1_altcoin,ok,False,,18.873601716177838,-1.6282408438216753,5.885857779999968,-7.270250000000043,20.31974999999951,0.24384862382160025,0.18209256000000007,43.0,1.0,652.6000000000004,6159.4870999999985,870.8879422200008,0.0776720765039151,85678.7152,85678.3952,5.721076253176103
B3 pro1_altcoin,JTOUSDT,2024-02-09,S1|tier=pro1_altcoin,ok,False,,7.774902230357686,-13.575035390560902,13.691448555653409,-26.834940734685894,21.136850444964814,0.43154321152841707,0.2130871759537742,73.0,1.0,1269.6420320131772,11780.585768669174,1541.2257554586324,0.09639339982278462,85596.9335,85584.0593,2.356773719704903
B3 pro1_altcoin,JTOUSDT,2024-02-10,S1|tier=pro1_altcoin,ok,False,,17.3208921105438,-1.8150794144559754,8.87823020000001,-10.667999999999985,19.19944999999977,0.025309614456000034,-0.06347847500000002,72.0,1.0,511.6,7647.370799999999,90.39148020000012,0.09202196215743072,85679.1994,85679.1287,5.2504098596357025
B3 pro1_altcoin,JTOUSDT,2024-02-11,S1|tier=pro1_altcoin,ok,False,,51.29312659198589,-14.025972058013945,22.81145004999985,-36.48519999999979,65.41484999999983,0.35222210801399995,-0.09575134999999993,107.0,1.0,859.7000000000003,18132.875200000002,1257.9361000499998,0.0910436830778667,85626.2489,85586.5414,15.548271755943052
B3 pro1_altcoin,JTOUSDT,2024-02-12,S1|tier=pro1_altcoin,ok,False,,104.7599085470381,-6.096210401518129,10.740764150828406,-16.486798682826254,111.09643572640772,0.35017586952028085,-0.24031677785149508,53.0,1.0,1050.4613049596774,9745.608351433877,1250.6281054295744,0.0756806254084035,85678.1209,85678.5099,31.75543460576609
B3 pro1_altcoin,JTOUSDT,2024-02-13,S1|tier=pro1_altcoin,ok,False,,106.31894495994227,-20.341009780568672,24.886916365128677,-44.65231008676721,127.01317548814137,0.5756160589301393,-0.35322074763043515,148.0,1.0,1355.28991323348,17324.66825726972,2055.771639036212,0.09913517826318445,85163.0347,85435.2254,32.22801881803425
B3 pro1_altcoin,JTOUSDT,2024-02-14,S1|tier=pro1_altcoin,ok,False,,15.412347787575309,-8.898254363192898,26.67473774566645,-34.91150548492901,24.412314955954496,0.6614866239303412,-0.10171280518628927,148.0,1.0,1290.2,21047.034827553278,2362.452228322647,0.09964320735431688,85605.4384,85565.7286,4.671880770780885
B3 pro1_altcoin,JTOUSDT,2024-02-15,S1|tier=pro1_altcoin,ok,False,,3.8251346155763724,-2.5529251294238566,10.772169369999876,-12.784550000000133,6.484050000000229,0.5405444994236,-0.10599025500000006,50.0,1.0,991.1000000000001,8093.257799999999,1930.5160693699997,0.09995113670906729,84161.2618,85679.3393,1.159497118963665
B3 pro1_altcoin,JTOUSDT,2024-02-16,S1|tier=pro1_altcoin,ok,False,,-48.4340436318826,-3.3435367818831394,17.953868274999927,-20.949450000000066,-44.77364999999946,0.347955056883,-0.31685685,95.0,1.0,1251.4999999999995,13141.155399999994,1242.696631725,0.09995510575618977,85673.51,85678.4248,-14.681609850341502
B3 pro1_altcoin,JTOUSDT,2024-02-17,S1|tier=pro1_altcoin,ok,False,,-42.04712156968756,-3.9703621073961517,7.767923076569326,-11.494839187784118,-37.914666683996415,0.24344599618135973,-0.16209277829499996,48.0,1.0,640.5,6947.483430842792,869.4499863619991,0.09995907575190813,85638.2828,85674.5918,-12.745568776125676
B3 pro1_altcoin,JTOUSDT,2024-02-18,S1|tier=pro1_altcoin,ok,False,,-1.2499736503561418,-10.488433866656184,25.031482067169954,-34.992468738910205,9.339811588228976,0.5274471949159318,-0.1013513719289348,155.0,1.0,927.8508161015236,18811.41124307387,1883.7399818426136,0.09943398989138011,82706.124,85644.1557,-0.3788993047372935
B3 pro1_altcoin,JTOUSDT,2024-02-19,S1|tier=pro1_altcoin,ok,False,,11.98058443402541,-4.588854080550626,11.981109110000004,-16.45409999999983,16.62640000000004,0.1158631905508001,-0.05696148542400006,80.0,1.0,447.70000000000016,10634.490500000005,413.79710911000035,0.09994739597026785,85678.7794,85678.9861,3.6316246435317217
B3 pro1_altcoin,JTOUSDT,2024-02-20,S1|tier=pro1_altcoin,ok,False,,-79.4847430445589,-8.08809279628975,27.68140357858472,-35.760594677477314,-70.57533510171127,0.00890169739715721,-0.8213151465578614,201.0,1.0,1198.1999999999996,16806.71545021781,31.791776418418607,0.09995299083690658,84796.7267,85426.2189,-24.093878993549147
B3 pro1_altcoin,JTOUSDT,2024-02-21,S1|tier=pro1_altcoin,ok,False,,41.086702501194864,0.5013000427562609,9.564916000376149,-8.780962733092828,40.49817577231829,0.2826532245270602,0.0872266861203069,49.0,1.0,645.7313665464177,7279.351069078041,1009.4758018823579,0.09996149030914592,85679.4103,85678.8918,12.454440945387294
B3 pro1_altcoin,JTOUSDT,2024-02-22,S1|tier=pro1_altcoin,ok,False,,30.347748002778836,1.071758805989822,13.72121577590837,-12.269496203616447,29.314262683175713,0.37996076630210085,-0.03827348638669555,90.0,1.0,649.6268981918303,9320.85564546225,1357.0027367932173,0.09859327580367776,85670.1683,85670.3524,9.199186411104964
B3 pro1_altcoin,JTOUSDT,2024-02-23,S1|tier=pro1_altcoin,ok,False,,-20.963834317506294,-0.23823577384792882,4.900882900459236,-4.6121023328226185,-20.575303032162278,0.5270163414845466,-0.15029551149608522,26.0,1.0,941.147667177192,4533.883342052192,1882.2012195876664,0.08900801064184567,85679.3487,85679.6439,-6.354679752863415
B3 pro1_altcoin,JTOUSDT,2024-02-24,S1|tier=pro1_altcoin,ok,False,,34.76453227553913,-1.1377629132549827,10.853820779773192,-11.711216077809079,35.87829646685411,0.2803676152190965,0.0239987219400001,91.0,1.0,810.2000000000003,9603.817812665591,1001.3129114967733,0.09995228165875295,85678.7923,85678.8534,10.53802782559932
B3 pro1_altcoin,JTOUSDT,2024-02-25,S1|tier=pro1_altcoin,ok,False,,16.138245132030058,-0.011048461291881945,4.5415189000001455,-4.416600000000027,16.47829999999994,0.13596736129200002,-0.329006406678,31.0,1.0,516.6,4169.8419,485.5977189000001,0.09994489963641263,85679.4413,85679.3013,4.891919008423884
B3 pro1_altcoin,ZECUSDT,2024-02-01,S1|tier=pro1_altcoin,ok,False,,4.9495955817249815,1.0639297752768302,7.868213209927319,-6.774565370026172,3.8442528591241025,0.02971806462431645,0.0414129473240488,524.0,1.0,23.891664739844273,14946.33146162485,106.13594508684449,0.09927261745557683,85405.4839,82500.7591,4.946133288423085
B3 pro1_altcoin,ZECUSDT,2024-02-02,S1|tier=pro1_altcoin,ok,False,,-3.8620111570259987,-0.9861753142974032,6.821661787088251,-7.752029178257817,-2.8513690549420714,0.05580792312783762,-0.024466787786524405,774.0,1.0,27.38445487939971,16731.118360842927,199.31401117084863,0.09527532219619841,83035.8221,85030.3029,-3.859309640277804
B3 pro1_altcoin,ZECUSDT,2024-02-03,S1|tier=pro1_altcoin,ok,False,,2.857229838576212,-0.4276270504779351,5.444949727581481,-5.866847352353712,3.3328565091357127,0.00572942570570337,-0.047999620081565816,807.0,1.0,24.78288895614216,17167.09106117854,20.46223466322632,0.09669688319416543,81247.5059,85140.2739,2.855231176752485
B3 pro1_altcoin,ZECUSDT,2024-02-04,S1|tier=pro1_altcoin,ok,False,,-0.7628173401256637,-0.7179626388155045,5.924849658770231,-6.587073509116189,-0.01906622679160286,0.0557387884695464,-0.025788474518556363,591.0,1.0,27.35438064490953,15701.777487145608,199.06710167695144,0.09486656172454076,84800.1464,85289.8265,-0.7622837415066092
B3 pro1_altcoin,ZECUSDT,2024-02-05,S1|tier=pro1_altcoin,ok,False,,6.5866914429685455,-0.5460604971011117,9.152282593581731,-9.68617428792107,7.125083082888885,0.012168802761773094,0.007668857180772181,1103.0,1.0,27.654675941884,25308.672422267296,43.460009863475335,0.09101656491166457,85219.8715,84175.5552,6.58208398417962
B3 pro1_altcoin,ZECUSDT,2024-02-06,S1|tier=pro1_altcoin,ok,False,,-10.668494696806032,-10.056354004447691,22.356489605357616,-32.39331721749614,-0.6299313903263055,0.0195263923091679,0.017790697967963464,740.0,1.0,27.6492435378224,30186.333686477585,69.73711538988536,0.09686603923543832,84433.5535,85093.3754,-10.661031974423937
B3 pro1_altcoin,ZECUSDT,2024-02-07,S1|tier=pro1_altcoin,ok,False,,15.457695806874536,-0.6506482551067344,14.874680091034993,-15.480767758234856,16.10854122040883,0.04456058790687059,-0.00019715842755969708,632.0,1.0,24.722134442051797,26225.914251013208,159.14495681025213,0.09857422815589442,83528.0042,85156.2837,15.446882988782388
B3 pro1_altcoin,ZECUSDT,2024-02-08,S1|tier=pro1_altcoin,ok,False,,7.179042361113581,-1.3062950584788613,9.887287822740362,-11.112425747633282,8.417398812555177,0.08115713358594161,0.06793860703726459,1027.0,1.0,25.359105257173216,27093.58408040738,289.84690566407716,0.09719625572349294,84552.9918,84563.7553,7.174020546730869
B3 pro1_altcoin,ZECUSDT,2024-02-09,S1|tier=pro1_altcoin,ok,False,,-0.08970311882709228,-0.775452502247564,10.693842287437114,-11.450809347140584,0.763390009192193,0.018485442544093896,-0.07764062577172129,867.0,1.0,25.767682086105605,26055.662628406353,66.01943765747819,0.09339048548951956,84629.4314,84640.2548,-0.08964037056769492
B3 pro1_altcoin,ZECUSDT,2024-02-10,S1|tier=pro1_altcoin,ok,False,,2.2838593292407303,-6.776580266734969,11.468025716701707,-18.17673771528922,9.119023453049547,0.06786826814745502,-0.0585838570738472,920.0,1.0,28.305584977866193,31220.695120221404,242.3866719551965,0.08314306349384003,84335.6032,84077.4988,2.2822617460185173
B3 pro1_altcoin,ZECUSDT,2024-02-11,S1|tier=pro1_altcoin,ok,False,,-3.8146224379608396,-4.626609227095906,13.438736892152269,-18.019020596099214,0.8732591216381387,0.04632552314896093,-0.061272332503074164,1069.0,1.0,28.155118576622762,34630.07495825697,165.44829696057474,0.07925635001393912,84164.1156,84921.8133,-3.8119540701117614
B3 pro1_altcoin,ZECUSDT,2024-02-12,S1|tier=pro1_altcoin,ok,False,,-0.21074305685778547,-0.24733671819636555,14.023702106825386,-14.260034350004895,0.0588045975624194,0.011004475016856127,-0.022210936223839316,918.0,1.0,28.94675779885636,28020.80956761261,39.30169648877188,0.087572520139256,84289.8568,84259.2524,-0.2105956399098486
B3 pro1_altcoin,ZECUSDT,2024-02-13,S1|tier=pro1_altcoin,ok,False,,7.204078497493487,2.7382549407369225,15.010699910637328,-12.134482843657004,4.501674251675588,0.1379621262434012,-0.035850694919023825,993.0,1.0,27.067099948620328,27556.970928952625,492.72187944071857,0.08946110736255862,85358.4729,84534.7771,7.199039170074436
B3 pro1_altcoin,ZECUSDT,2024-02-14,S1|tier=pro1_altcoin,ok,False,,1.4967200025906848,0.6254166454984815,14.205533178558362,-13.559083544783416,0.6505400196366544,0.021032988276464437,0.2207633374555489,871.0,1.0,27.427455906017414,28291.020705187522,75.11781527308727,0.08699627265936435,85542.5729,84921.3882,1.4956730314686568
B3 pro1_altcoin,ZECUSDT,2024-02-15,S1|tier=pro1_altcoin,ok,False,,-1.2677516164660236,3.3536246763575206,17.416030468688376,-13.921322728070297,-4.464319154176277,0.14108306426055825,-0.15705713864726742,596.0,1.0,26.859730987806103,27402.85828124638,503.86808664485085,0.08867936648399381,84728.393,83748.2769,-1.2668648110982548
B3 pro1_altcoin,ZECUSDT,2024-02-16,S1|tier=pro1_altcoin,ok,False,,10.438670356782554,3.338279619020503,16.77935502405168,-13.379776630763516,6.932094085990389,0.06129877426766005,0.16829665177166286,580.0,1.0,24.947544361057396,26177.18454177072,218.92419381307158,0.09547645357567684,84922.9275,82547.1059,10.431368398903322
B3 pro1_altcoin,ZECUSDT,2024-02-17,S1|tier=pro1_altcoin,ok,False,,-18.270199035722268,3.4319280245104626,46.0337622272675,-42.51254083201323,-21.851528372078022,0.08929337074381007,0.1494013118452918,983.0,1.0,26.157629021276133,43441.12391692139,318.90489551360736,0.0946864255250258,84422.5614,84223.4628,-18.257418842532495
B3 pro1_altcoin,ZECUSDT,2024-02-18,S1|tier=pro1_altcoin,ok,False,,-1.7518659417128162,-10.645539368937467,35.18391252158749,-45.77287281397234,8.92741853406767,0.0565790765526128,-0.03374510684301862,822.0,1.0,21.50758242680717,44293.38960367193,202.0681305450457,0.09523108044556772,85041.6862,85138.1433,-1.750640493367459
B3 pro1_altcoin,ZECUSDT,2024-02-19,S1|tier=pro1_altcoin,ok,False,,15.551119167034706,-3.816225397456028,25.736438943026858,-29.53611527661971,19.774262239647665,0.01654906386317493,-0.4069176751569318,658.0,2.0,25.674969129868284,36404.20028341999,59.10379951133904,0.0980053786447989,82661.2169,83844.268,15.540240998335872
B3 pro1_altcoin,ZECUSDT,2024-02-20,S1|tier=pro1_altcoin,ok,False,,-2.537522662862168,1.939008204256998,26.18772890474446,-24.234296929903042,-4.176500856866493,0.014423770584420337,-0.30003001025267295,612.0,1.0,22.666756221063387,28570.658651022484,51.51346637292978,0.09921491555435974,84973.6256,81276.8549,-2.5357476395145078
B3 pro1_altcoin,ZECUSDT,2024-02-21,S1|tier=pro1_altcoin,ok,False,,2.251673937041484,-1.4425416515377198,12.916758646711306,-14.35422720004989,3.69983352892654,0.005073098199136927,-0.005617940347335686,365.0,1.0,20.712974052663277,18801.363937650007,18.118207854060454,0.09955882147936948,85321.1872,85442.1156,2.2500988678340006
B3 pro1_altcoin,ZECUSDT,2024-02-22,S1|tier=pro1_altcoin,ok,False,,-10.847743566407672,-2.4867292233752147,57.632016097967984,-60.11563240102452,-8.327641501031117,0.0031129203186787647,-0.03337284200133356,1244.0,1.0,21.26000000000001,48859.659190678096,11.117572566709875,0.09979304889640742,83612.9689,83674.676,-10.840155457587361
B3 pro1_altcoin,ZECUSDT,2024-02-23,S1|tier=pro1_altcoin,ok,False,,7.388731296423806,-8.549382138887026,26.607797608716826,-35.05911314686354,16.043954333871266,0.09806660074031304,-0.10584089856043506,653.0,1.0,17.588200164958778,32241.497297654598,350.2378597868323,0.09983747402370144,84608.6717,85382.8542,7.383562802462083
B3 pro1_altcoin,ZECUSDT,2024-02-24,S1|tier=pro1_altcoin,ok,False,,3.314618287965902,-11.15737409707392,14.267241160460095,-25.415983540036674,14.469683826660845,0.008631717497340284,0.0023085583789767723,627.0,1.0,15.913482959135894,23148.425681914614,30.827562490501013,0.0998227038137252,85667.3992,85667.6766,3.312299678191169
B3 pro1_altcoin,ZECUSDT,2024-02-25,S1|tier=pro1_altcoin,ok,False,,2.65935643231981,-8.298513655661397,13.007370907882745,-21.303024861823936,11.063714235716397,0.0028597017202056795,-0.10584414773519013,475.0,1.0,20.569640454617808,21697.78623913182,10.213220429305998,0.0983864265206306,85614.125,84280.5128,2.657496184990317
B3 programme,ALGOUSDT,2024-02-01,S1|tier=programme,ok,False,,36.15650616434503,6.003282558987954,16.28849219727305,-11.556617411684977,30.272069739857074,-1.27140777339988,-0.1188461345,77.0,1.0,18028.144018121515,16528.110729669632,1362.154641311006,0.08534051066133695,85675.425,85675.539,5.865382651705203
B3 programme,ALGOUSDT,2024-02-02,S1|tier=programme,ok,False,,30.25821145409627,4.472580092396041,13.000770623761726,-9.52749864850682,26.089959612449064,-0.9993081171411345,-0.30432825074883096,82.0,1.0,20782.102178303747,14911.34327537927,1756.5221799885483,0.06794411575504669,85664.6434,85664.4777,4.908549175846478
B3 programme,ALGOUSDT,2024-02-03,S1|tier=programme,ok,False,,-54.19624474111525,-0.06608095806711578,14.972794620954526,-16.382510158048273,-54.39852015804814,-1.3436345790266317,0.268356375,72.0,1.0,15609.599999999999,16454.904932044494,1078.0568363493496,0.0840585515342431,85640.5305,85640.6345,-8.79182607542924
B3 programme,ALGOUSDT,2024-02-04,S1|tier=programme,ok,False,,-28.736001472835387,-1.4692110406493335,11.098864894259815,-12.804642130425744,-26.8035183924621,-0.2365661955165954,-0.4632720397239569,96.0,1.0,26072.366384642628,13075.155186996783,3824.8190113681558,0.08751140425051422,83705.893,85647.9974,-4.661613147908453
B3 programme,ALGOUSDT,2024-02-05,S1|tier=programme,ok,False,,26.031572859221964,4.825598808292267,12.852817382253676,-9.201845274721318,21.36650890111566,-1.1746267007599094,-0.16053485018596353,36.0,1.0,13190.776373606608,12566.080300875941,292.79046188458994,0.0903280228868193,85666.9586,85666.7479,4.222895186583258
B3 programme,ALGOUSDT,2024-02-06,S1|tier=programme,ok,False,,-45.32709652993806,-6.2056909754381975,12.75811629300004,-19.467240000000277,-39.34924999999987,-0.5034327315620405,0.22784444550000008,55.0,1.0,20774.1,13515.598950000007,3029.025583707,0.08197436500657673,85650.9991,85650.9152,-7.353054646110656
B3 programme,ALGOUSDT,2024-02-07,S1|tier=programme,ok,False,,16.023217064334634,-3.61360750607581,13.989205393738073,-19.059449254230653,19.731287883792646,-1.4566363544167698,-0.0944633133821986,74.0,1.0,10295.8,16329.674899505946,629.7540554779489,0.09201272991673225,85629.6781,85629.8177,2.599319164480936
B3 programme,ALGOUSDT,2024-02-08,S1|tier=programme,ok,False,,-12.489861815584831,-11.798709462073708,24.613603635076228,-37.97779909758927,-1.2839384745049358,-1.5654860004393334,0.5927861209938099,125.0,1.0,29422.53404489353,25221.10708338395,3416.5168139252205,0.0894523573772428,85635.3719,85635.355,-2.0261310227913603
B3 programme,ALGOUSDT,2024-02-09,S1|tier=programme,ok,False,,18.088065825172787,-9.423366487605666,17.910708176487297,-28.77968901522266,27.392013347245506,-1.445614351129699,0.119418965532946,91.0,1.0,12812.800000000001,18693.06142007188,1513.184967419605,0.09481397710580944,85676.2579,85676.1843,2.934283169165609
B3 programme,ALGOUSDT,2024-02-10,S1|tier=programme,ok,False,,19.404666619310166,-4.926695801689863,12.671120319999984,-18.877300000000247,24.63982000000003,-1.2794838783103992,-0.30845757900000004,105.0,1.0,12309.1,14496.015800000001,607.5632203199996,0.09911883837235425,85655.6984,85656.0115,3.1478648526959145
B3 programme,ALGOUSDT,2024-02-11,S1|tier=programme,ok,False,,-35.35725292786712,-8.820262851366088,15.689111550999826,-25.711770000000193,-26.527545000001034,-1.2023955976342793,-0.009445076499999965,103.0,1.0,12664.899999999998,16400.767949999994,1563.1471334490016,0.09996215307141051,85661.5063,85661.3678,-5.735726150984465
B3 programme,ALGOUSDT,2024-02-12,S1|tier=programme,ok,False,,24.122782955131562,2.1296072852636665,22.434268083092103,-22.141235925274504,22.26847714918086,-1.8365751274460673,-0.2753014793129647,124.0,1.0,14889.700000000003,21451.584321933184,1102.0832312401822,0.09999811012443001,85673.9572,85674.0553,3.9132473699963115
B3 programme,ALGOUSDT,2024-02-13,S1|tier=programme,ok,False,,-102.11494998137445,-2.3941181208267963,21.322330452500005,-25.659225000000102,-98.52751500000142,-1.9427764266733016,-1.19331686054625,93.0,1.0,38358.3,22404.55008000001,1063.137790452498,0.09957496371217318,79989.1749,85671.8696,-16.565296806557413
B3 programme,ALGOUSDT,2024-02-14,S1|tier=programme,ok,False,,30.128586788512997,-0.09709453318776173,17.069412902999943,-18.574885000000545,30.31310000000006,-1.4083775638128406,-0.0874186782993,77.0,1.0,12976.5,18218.579799999996,1476.7157720970006,0.09928137469532415,85659.4585,85659.4923,4.887521196503304
B3 programme,ALGOUSDT,2024-02-15,S1|tier=programme,ok,False,,-8.222649703117792,6.882261697613209,14.599479951999882,-8.544060000000114,-14.139679999999801,-0.8268417456134405,-0.9652314007312002,44.0,1.0,13877.8,14051.810960000003,2065.4976799520005,0.0999022430720996,85677.8525,85678.2885,-1.3338951142153226
B3 programme,ALGOUSDT,2024-02-16,S1|tier=programme,ok,False,,51.253457447231284,-5.762938143543579,30.434423057999755,-39.28943999999957,59.02333999999726,-3.0920787984562392,-2.006944409222399,131.0,1.0,35188.399999999994,32166.118999999995,444.76107694200283,0.09745792895784046,84540.3274,85677.9537,8.31444107969017
B3 programme,ALGOUSDT,2024-02-17,S1|tier=programme,ok,False,,5.465909694212006,0.7118825359655514,14.149667980000054,-14.667480000000102,5.3183399999986545,-1.2296945559656003,-0.5643128417522,88.0,1.0,14175.399999999998,15762.165410000005,1237.5785179799996,0.09784338748531637,85679.0926,85679.1712,0.8866910909614749
B3 programme,ALGOUSDT,2024-02-18,S1|tier=programme,ok,False,,58.584528232767305,-3.8992194690119693,8.944042166404978,-12.986845282417788,63.00517235661767,-0.1435836470008398,-0.5214246548383897,52.0,1.0,30418.704517432354,14309.654482074237,4597.792147166371,0.09979462142944438,81539.1346,85679.4973,9.503702431670824
B3 programme,ALGOUSDT,2024-02-19,S1|tier=programme,ok,False,,124.96754080952442,-2.6352597732899743,17.399193901718355,-20.91936997936353,128.1189857289103,-0.8849163043552006,-0.5161851460959027,71.0,1.0,23044.193519124667,19346.24203311181,3748.956781985647,0.09351704260563097,84948.0365,85679.0677,20.27249100227669
B3 programme,ALGOUSDT,2024-02-20,S1|tier=programme,ok,False,,49.59413918804685,0.4839324166214283,14.407449532466762,-15.235872848109322,49.41543550915298,-1.3123557322639883,-0.3052287377275502,66.0,1.0,8244.300000000003,14005.13891734349,314.85056953700285,0.09986813039775701,85668.9672,85669.0263,8.045263065452845
B3 programme,ALGOUSDT,2024-02-21,S1|tier=programme,ok,False,,27.75795195685585,2.5243183144764094,11.113391688618684,-9.652991816600908,25.041190434225086,-1.0639184424586334,0.19244320815435917,53.0,1.0,5036.621546390177,11283.158769304948,229.99083739950382,0.09020131832481072,85678.118,85678.0012,4.502951947695693
B3 programme,ALGOUSDT,2024-02-22,S1|tier=programme,ok,False,,32.77516226105679,-0.9660386492839558,8.28245112650084,-10.028456510318183,34.315449703240844,-0.7799667345333868,-0.5742487929000927,61.0,1.0,12601.000112466343,9822.136980375853,722.3105839435681,0.08606002093321102,85670.5962,85670.8112,5.316854102523817
B3 programme,ALGOUSDT,2024-02-23,S1|tier=programme,ok,False,,-37.797889576067426,-1.219686670907353,10.001768239999446,-11.5164499999996,-36.49190500000088,-0.2949950890927999,-0.08629790515920001,63.0,1.0,24336.400000000005,13748.82948,3856.7423532400007,0.09134550386575592,83885.7706,85678.0405,-6.131651238170757
B3 programme,ALGOUSDT,2024-02-24,S1|tier=programme,ok,False,,100.62386579237396,2.528929772370926,18.798467631513233,-18.234012225213913,98.57681397640795,-1.9644743660716057,-0.4818779564049004,100.0,1.0,13705.622077393393,21569.62368056242,687.4571499451358,0.09999807859558309,85678.7442,85678.3181,16.323410068534596
B3 programme,ALGOUSDT,2024-02-25,S1|tier=programme,ok,False,,-96.24025771114262,-12.517522273494166,41.20978318461147,-57.574474055822904,-84.00103137062185,-3.8471685977172703,0.27829593297339167,246.0,1.0,22461.32350868995,41793.47256489156,1186.3523527567343,0.0999978658400442,85677.2343,85677.8391,-15.612292166969096
B3 programme,ALICEUSDT,2024-02-01,S1|tier=programme,ok,False,,8.878729093435389,-2.0352705851241186,9.726955806548009,-13.36140482013387,10.95865389549041,-1.5991784284617425,-0.044654216930902726,686.0,1.0,486.9339501764947,16666.143250066623,240.84248766043112,0.09813624812251037,84838.2518,84838.2258,5.69200382946892
B3 programme,ALICEUSDT,2024-02-02,S1|tier=programme,ok,False,,9.3317483259995,0.0751150185000724,9.432196433861487,-11.1703786556909,9.26466730376742,-1.813297240329486,-0.008033996267992283,717.0,1.0,576.8772625738638,18418.044424125255,101.81143601085546,0.09247102906368498,84620.4044,84619.9038,5.982426837023516
B3 programme,ALICEUSDT,2024-02-03,S1|tier=programme,ok,False,,7.048657914599557,-1.6771978509745578,8.95016748229237,-12.39215475305804,8.62696945510263,-1.7647894197911127,0.09888631047148536,859.0,1.0,807.998446137007,17995.401396447403,124.10971376296001,0.0901132551355171,83456.4258,83456.0598,4.518775989255163
B3 programme,ALICEUSDT,2024-02-04,S1|tier=programme,ok,False,,-0.5307573727940609,-1.4968020843525882,12.080711101942478,-15.692961913173797,0.9754641868166782,-2.11544872687873,-0.009419475258150914,936.0,1.0,960.5831022229191,21664.528319806614,182.15751822119748,0.08769546229717053,84949.5304,84949.6173,-0.34025962124425324
B3 programme,ALICEUSDT,2024-02-05,S1|tier=programme,ok,False,,-6.394692446758149,-0.5730307355693149,14.375598034275034,-17.558996966221386,-5.7399121493666385,-2.6103681963770367,-0.0817495618221969,1160.0,1.0,1097.4246527283433,27399.51166114534,462.7963204910847,0.08322190704972264,84634.2935,84634.2701,-4.09952973135932
B3 programme,ALICEUSDT,2024-02-06,S1|tier=programme,ok,False,,5.593963629993007,-2.2555927052288274,11.184378734730089,-15.26863410809009,7.882389155889534,-1.828662668131174,-0.0328328206676996,860.0,1.0,671.2984950299151,18965.365085213747,242.4065728221467,0.08737210510832798,84416.2698,84218.5631,3.5861959598893534
B3 programme,ALICEUSDT,2024-02-07,S1|tier=programme,ok,False,,18.5682075235532,-2.5760225404804467,11.560072233707594,-15.91055183501316,21.167583204301096,-1.7744570608251204,-0.023353140267454518,883.0,1.0,1185.2623301324084,19955.994916190095,789.7943956924682,0.0943590564874028,84793.5895,84794.1283,11.903765417122818
B3 programme,ALICEUSDT,2024-02-08,S1|tier=programme,ok,False,,7.031104401654067,-1.9100407394147456,7.737513893672846,-11.080788727507564,8.927124678753236,-1.4332340944199722,0.014020462315577242,912.0,1.0,739.3218458634402,15418.592401824373,387.9469491516511,0.09412257311689057,84343.8384,84343.588,4.507522727458918
B3 programme,ALICEUSDT,2024-02-09,S1|tier=programme,ok,False,,17.140454180920692,-0.6387056908883366,12.102778656061716,-14.474794635918641,17.800208916518457,-1.733310288968589,-0.02104904470943002,530.0,1.0,641.6857651564985,17425.54453134706,33.014872021850685,0.09871508954936964,84719.3736,84719.7218,10.988456772351809
B3 programme,ALICEUSDT,2024-02-10,S1|tier=programme,ok,False,,10.798570121566284,-3.501923401496009,8.089783907508853,-13.224278853910894,14.373190737143004,-1.6325715449060323,-0.07269721408070977,568.0,1.0,875.6903608491546,17276.42248834743,339.53822831682777,0.09627895514186202,83240.354,83240.1574,6.922781609610019
B3 programme,ALICEUSDT,2024-02-11,S1|tier=programme,ok,False,,-0.5678473983892844,-1.0806586000350291,8.56974680738827,-11.09309496416594,0.557319111185846,-1.4426895567426412,-0.04450790954010128,537.0,1.0,849.7710691780104,15705.390377631384,456.60528935891597,0.09961155102410783,84323.642,84324.158,-0.3640374125814397
B3 programme,ALICEUSDT,2024-02-12,S1|tier=programme,ok,False,,-13.65051100856626,-0.27911955011108813,9.871718267869777,-11.576040191798452,-13.368733363485589,-1.425202373817586,-0.002658094969583063,489.0,1.0,788.7071415280935,15732.32587565882,528.6793348153366,0.09850650439829443,85212.7144,85212.4288,-8.751112925881978
B3 programme,ALICEUSDT,2024-02-13,S1|tier=programme,ok,False,,16.49199936954723,4.386333032976941,13.309720109282727,-10.49936977252354,11.532850896165384,-1.575982696217753,0.5728154404049073,348.0,1.0,1329.3584867910452,16601.878604032838,300.73272923403516,0.08984796608048984,84943.1728,84943.4617,10.572743303595983
B3 programme,ALICEUSDT,2024-02-14,S1|tier=programme,ok,False,,-5.050412830602664,1.2691933714534898,13.807478612102091,-14.461385985632395,-7.250346909719353,-1.9231007449837936,0.9307407076631995,405.0,1.0,1290.7678312301912,19411.53436186951,64.47389715412876,0.06929001607119127,85218.2182,85218.2433,-3.2377346881147435
B3 programme,ALICEUSDT,2024-02-15,S1|tier=programme,ok,False,,21.096390933182192,2.3360198017983946,12.877873551105164,-12.293737356800026,18.858860874301676,-1.7518836074932564,-0.09848974291787882,317.0,1.0,1077.5373086573966,17844.78429346289,116.41007804654105,0.07694035800714345,85314.05,85314.3874,13.524541262153138
B3 programme,ALICEUSDT,2024-02-16,S1|tier=programme,ok,False,,-32.11771334844071,0.14450067053121174,23.927029966203783,-25.878924604646446,-31.41925707811757,-2.096395308973875,-0.8429569408543471,409.0,1.0,1332.5462539060225,21139.08767135919,62.54806486445318,0.08660131920152046,84741.6659,84354.2578,-20.59012561924834
B3 programme,ALICEUSDT,2024-02-17,S1|tier=programme,ok,False,,5.579807308999055,-0.4041883885362225,11.914623589320868,-13.81564194923234,6.350280457411952,-1.4968299713752493,-0.36628475987667347,394.0,1.0,859.1882083654441,16768.99869578527,643.1067792974236,0.09745022705084197,85014.5524,85014.3809,3.577120580692534
B3 programme,ALICEUSDT,2024-02-18,S1|tier=programme,ok,False,,-10.745439956112163,-2.6190348261505854,15.567644092471268,-19.994704577364757,-8.463408399134622,-1.8080256587429047,0.33700326917304224,421.0,1.0,996.1584770734983,20527.398918327228,873.9794038921931,0.09330217971236343,84760.4445,84481.3495,-6.888720754498586
B3 programme,ALICEUSDT,2024-02-19,S1|tier=programme,ok,False,,14.012559439792966,0.7332888557788086,12.263965392850492,-12.852045858850353,13.696813586820747,-1.3213693217786693,-0.4175430028065888,180.0,1.0,508.8988335932141,13978.634717762952,273.1933928486645,0.0941542803798225,85281.7151,85281.6698,8.983216083361947
B3 programme,ALICEUSDT,2024-02-20,S1|tier=programme,ok,False,,21.074072780354165,1.4478736319699073,13.482359942930074,-13.220474307392482,19.85471094034614,-1.1859879964323154,-0.22851179196188587,171.0,1.0,721.6470919711176,12603.720052816354,265.6571744618523,0.0995831789255425,85400.1049,85399.8457,13.510233469897404
B3 programme,ALICEUSDT,2024-02-21,S1|tier=programme,ok,False,,-9.183358368269163,5.812555809696507,13.271777663584004,-8.737275058212623,-14.87866548678212,-1.278053204325126,-0.11724869118355002,194.0,1.0,738.5474271155248,13111.428950714324,118.17746695109454,0.09879454428109867,85541.0578,85541.032,-5.887296531912584
B3 programme,ALICEUSDT,2024-02-22,S1|tier=programme,ok,False,,-23.64362642595752,-6.456549131122843,29.699926722705946,-38.572351264381396,-17.247609613932305,-2.4158754105526064,0.06053231909762874,337.0,1.0,937.7494577889684,25485.597821850068,473.8727558299972,0.09918458032960781,85607.1578,85607.1681,-15.15753107712072
B3 programme,ALICEUSDT,2024-02-23,S1|tier=programme,ok,False,,21.10473582630414,0.554744598839547,14.270619641598568,-15.005981664904496,20.65144893254143,-1.2901066221454751,-0.1014577050768402,219.0,1.0,624.9992423415847,13138.801909150305,84.9056027484143,0.09993887871987672,85591.4919,85591.6548,13.52989103272354
B3 programme,ALICEUSDT,2024-02-24,S1|tier=programme,ok,False,,28.895745039907666,2.007733143272001,19.41059595009254,-19.41591125213636,27.24649845726601,-2.0130484453158233,-0.35848656063034534,362.0,1.0,982.9021474345698,20375.589416935894,87.53748706343596,0.09994181148437285,84832.2579,85669.7493,18.524575949064445
B3 programme,ALICEUSDT,2024-02-25,S1|tier=programme,ok,False,,29.146512641482826,-6.689956521338596,21.597920340991724,-30.268613322678313,35.917620030155746,-1.9807364603479933,-0.08115086733432933,313.0,1.0,433.84575717223686,20438.242239812073,225.31344154720074,0.09993545675541637,85674.6605,85674.4275,18.68533883905147
B3 programme,CAKEUSDT,2024-02-01,S1|tier=programme,ok,False,,-0.7711612747837058,0.21883682165378956,1.0822491855933936,-0.7574982573118043,-0.9695261403233255,0.10591410662779968,-0.020471956114169833,27.0,1.0,373.05174268822867,1502.3860955600755,914.831129227883,0.09630904190103551,85657.9784,85658.1915,-0.7522056913613985
B3 programme,CAKEUSDT,2024-02-02,S1|tier=programme,ok,False,,2.496175611214734,0.42698676478445463,0.6908621376948517,-0.3119810272616418,2.0695638364302793,-0.04810565435124467,-0.0003749900000000004,11.0,1.0,42.800000000000004,673.1798059090752,68.61545085593873,0.0904785087272221,85587.6455,85587.7228,2.4348181927572514
B3 programme,CAKEUSDT,2024-02-03,S1|tier=programme,ok,False,,2.2799536485220417,0.19891843852204266,0.4934338500000367,-0.29154999999999404,2.081249999999999,0.002965411477999995,-0.00021479000000000116,10.0,1.0,117.4,562.0207,211.31243385000002,0.08760945265527056,85513.543,85513.6649,2.223911089077294
B3 programme,CAKEUSDT,2024-02-04,S1|tier=programme,ok,False,,2.962776993165404,-0.2859529068346782,1.2240363049999472,-1.5039500000000254,3.1890500000000825,0.006039211834600017,0.05967990000000001,22.0,1.0,243.00000000000003,1309.6433000000004,489.29836369500015,0.0882082356083653,85524.3602,85524.2232,2.8899502469424543
B3 programme,CAKEUSDT,2024-02-05,S1|tier=programme,ok,False,,10.555855217131972,0.037888301423613185,2.5152884547173615,-2.5895224128383036,10.594341311513915,-0.11212225954455532,-0.07637439580555605,38.0,1.0,254.89999999999998,2249.0536884302765,402.796818923116,0.09001295235185382,85638.5849,85638.8525,10.29638628280528
B3 programme,CAKEUSDT,2024-02-06,S1|tier=programme,ok,False,,-1.9280863202971772,0.3775114997027693,0.6778275099999949,-0.34465000000002555,-2.3532999999999467,-0.04433398970280003,0.04770218,9.0,1.0,119.69999999999999,696.6120000000001,90.45432248999997,0.0877489356642234,85504.8877,85504.7573,-1.8806928602196424
B3 programme,CAKEUSDT,2024-02-07,S1|tier=programme,ok,False,,6.742794769094691,0.8775513273072704,2.221957925697838,-1.4840024138329413,5.8910909210417515,-0.13959581544237354,-0.025847479254330022,29.0,1.0,179.40160922197606,2350.2665975356254,340.82444396853253,0.0845670784791855,85546.4471,85546.6428,6.5770530326713725
B3 programme,CAKEUSDT,2024-02-08,S1|tier=programme,ok,False,,4.603397849692815,1.9991144096928282,3.5935582400000454,-1.857000000000017,2.643599999999986,-0.2625561696927999,-0.03931656000000001,42.0,1.0,125.30000000000001,3204.6712999999995,206.82485824000003,0.08470830977520355,85547.2703,85547.4195,4.49024370824504
B3 programme,CAKEUSDT,2024-02-09,S1|tier=programme,ok,False,,2.871831598388747,0.3459525533888397,1.3889049600000118,-1.1558999999999722,2.535999999999907,-0.11294759338879998,-0.010120955000000001,22.0,1.0,120.5,1286.006,55.903595040000035,0.07441605491959555,85622.9895,85622.9061,2.801240341775992
B3 programme,CAKEUSDT,2024-02-10,S1|tier=programme,ok,False,,4.240042170334431,0.7329244281438714,1.8554267787349576,-1.267810576136565,3.4692865431806768,-0.14530822554547876,0.03783119900988251,29.0,1.0,148.1052880682777,1992.6018845741078,192.68558182832874,0.08918774545336607,85530.963,85530.7077,4.135819518469011
B3 programme,CAKEUSDT,2024-02-11,S1|tier=programme,ok,False,,-2.4175240639393993,0.6178659460605906,1.8893033549999725,-1.4067999999999818,-2.99929999999999,-0.1353625910606,-0.036090010000000006,26.0,1.0,169.8,1930.2092000000007,205.92260335500004,0.09620851989937927,85533.452,85533.7251,-2.358099945317401
B3 programme,CAKEUSDT,2024-02-12,S1|tier=programme,ok,False,,3.085453128073263,0.9997152830732238,2.879853309999982,-2.111349999999958,2.116200000000039,-0.2312119730732,-0.03046215499999999,39.0,1.0,203.7,2569.5215,91.92920330999998,0.07648831128574742,85616.5045,85616.5208,3.009610932572438
B3 programme,CAKEUSDT,2024-02-13,S1|tier=programme,ok,False,,-0.5554004135460027,0.3978814001740217,2.154177950000028,-1.8679000000000066,-0.9071500000000243,-0.11160345017400003,-0.04613181372,22.0,1.0,158.5,1932.0285000000001,291.42642794999995,0.0752797449324561,85538.2103,85595.4923,-0.5417483550000026
B3 programme,CAKEUSDT,2024-02-14,S1|tier=programme,ok,False,,28.414847447612118,0.17247137573858354,3.8019959998139994,-3.776871334064519,28.28887199561253,-0.14734670998910318,-0.046495923739,55.0,1.0,354.8999999999999,3487.98508698496,719.4707096764026,0.08735860059478472,85556.8838,85600.86,27.716394310975538
B3 programme,CAKEUSDT,2024-02-15,S1|tier=programme,ok,False,,-9.019245464276004,0.2994855013673108,8.256644450942082,-8.438825176894307,-9.301477790643316,-0.481666227319536,-0.01725317500000001,87.0,1.0,185.5,5704.173841326795,316.96841718979937,0.09750576587485206,85181.5856,85035.3186,-8.797547272996493
B3 programme,CAKEUSDT,2024-02-16,S1|tier=programme,ok,False,,-6.830623448551882,0.9241098375394668,7.163326645000045,-6.521899999999978,-7.626950000000348,-0.2826831925394001,-0.12778328609099998,65.0,1.0,307.4,4916.8353000000025,746.4297766449997,0.09305760096828368,84103.5773,85560.741,-6.662722833156342
B3 programme,CAKEUSDT,2024-02-17,S1|tier=programme,ok,False,,13.342689582042,-0.8241637074024527,4.6925219755554926,-5.767194444444434,14.162316666666676,-0.2505087614864888,0.004536622777777773,43.0,1.0,147.3,3172.7792555555543,238.46130024666664,0.09862937341824149,84976.509,84948.7317,13.014718671519704
B3 programme,CAKEUSDT,2024-02-18,S1|tier=programme,ok,False,,5.283921921044401,0.5914743900413754,4.753668004999941,-4.469349999999966,4.748250000000026,-0.30715638504139997,-0.05580246899699996,55.0,1.0,148.3,3678.1859,216.65073199500014,0.09666371555340014,85455.3362,85344.2799,5.154040110265706
B3 programme,CAKEUSDT,2024-02-19,S1|tier=programme,ok,False,,1.1634927399857677,-0.06330937288421612,1.5876789849999828,-1.749699999999999,1.265099999999984,-0.09871164211579997,-0.03829788713,16.0,1.0,122.1,1357.9118,132.42692101500012,0.09862575431823999,85617.1937,85673.2779,1.134893425659157
B3 programme,CAKEUSDT,2024-02-20,S1|tier=programme,ok,False,,-4.198643339600549,-0.3684222049152355,5.357278344951678,-5.997385180156116,-3.8359601062023314,-0.27168463028920287,0.005738971517018576,70.0,1.0,234.7432132292324,3547.1975251200233,296.55400793856995,0.09958297427478445,84822.2317,85213.1781,-4.095438294577204
B3 programme,CAKEUSDT,2024-02-21,S1|tier=programme,ok,False,,19.621934354958906,0.15256079995871805,3.663207289999997,-3.616350000000079,19.480750000000185,-0.10570350995880004,-0.011376445000000015,40.0,1.0,191.30000000000004,2154.1720000000005,391.8346072900001,0.099502290054146,85601.9566,85648.7971,19.139616030978253
B3 programme,CAKEUSDT,2024-02-22,S1|tier=programme,ok,False,,-1.9642574268418052,-1.6925153298678897,7.634078100000083,-9.721549999999972,-0.2523499999999146,-0.3949565701319999,-0.01939209697400002,75.0,1.0,139.2,4387.5702,156.43017810000018,0.09817565660591807,84508.9167,84150.4322,-1.9159748603607152
B3 programme,CAKEUSDT,2024-02-23,S1|tier=programme,ok,False,,3.951692802512617,-0.6093395228986125,7.16413136717936,-8.038878206724801,4.54789589041123,-0.2654073166468287,0.013136434999999991,59.0,1.0,124.90871731008723,3753.2648799501862,392.5684691006789,0.09973894783811148,76894.1098,76792.3225,3.8545579423650187
B3 programme,CAKEUSDT,2024-02-24,S1|tier=programme,ok,False,,-11.094843955081783,0.20116734491798482,10.70438185000007,-11.032000000000085,-11.382449999999768,-0.5287854949180001,0.08643869999999997,84.0,1.0,173.2,5722.8931,155.37076814999955,0.09970980059566498,82221.6922,77149.7476,-10.822126370544073
B3 programme,CAKEUSDT,2024-02-25,S1|tier=programme,ok,False,,-7.209362278076582,-0.03007645914421761,3.4725943175830656,-3.578702544313779,-6.997065634335753,-0.07603176758649602,-0.1822201845966119,65.0,1.0,272.1105457080263,2930.6698497510465,775.1257763878878,0.0997873608507659,80560.3417,85549.3091,-7.032152046504664
B3 programme,GALAUSDT,2024-02-01,S1|tier=programme,ok,False,,8.258672092701758,4.450873486872888,15.90556168731364,-12.96998711958237,3.4816898960480067,-1.515298919141619,0.3261087097808637,174.0,1.0,156327.5860918074,15506.99930949024,126.43218502644562,0.08424020415802108,85679.5078,85679.5708,0.7146714745456225
B3 programme,GALAUSDT,2024-02-02,S1|tier=programme,ok,False,,91.84665540454388,4.5323658807983165,31.4879829118902,-30.043510956758865,87.04545126490827,-3.087893925666982,0.2688382588373125,470.0,1.0,132660.0,34714.41156465401,1369.8115385658498,0.08650405879582983,85678.9707,85679.2813,7.948031343689708
B3 programme,GALAUSDT,2024-02-03,S1|tier=programme,ok,False,,53.23916873586903,4.7294812405568845,7.398920007965634,-3.170956344455275,48.39876552881214,-0.5015175770465257,0.11092196650000002,276.0,1.0,54716.0,8189.442374370738,1133.6666442519936,0.07604128936899036,85679.6645,85679.6707,4.607098429016262
B3 programme,GALAUSDT,2024-02-04,S1|tier=programme,ok,False,,24.670225446420343,5.723119096021355,14.051565741810974,-9.823475530748414,19.236827013043772,-1.4950288849587952,-0.28972066264478114,322.0,1.0,175889.3847725722,16114.088503635618,415.6427335884614,0.07408752401826278,85679.4842,85679.5498,2.134859720698547
B3 programme,GALAUSDT,2024-02-05,S1|tier=programme,ok,False,,52.05940864632631,5.9971394384287695,16.19478194669105,-11.759350895129678,46.20403239139754,-1.5617083868673958,-0.1417631835,327.0,1.0,145336.95524350146,16539.366029425735,329.3864859828022,0.0734936684890056,85679.6207,85679.627,4.505006848997163
B3 programme,GALAUSDT,2024-02-06,S1|tier=programme,ok,False,,61.74656773495341,10.284262358705213,22.73339339192604,-14.161975748121602,51.580855511264105,-1.712844714900775,-0.11855013501590897,583.0,1.0,130310.21259387129,25064.735890572338,2834.388836272897,0.09401615735250836,85679.4771,85679.2311,5.343293705808583
B3 programme,GALAUSDT,2024-02-07,S1|tier=programme,ok,False,,-45.919587572952246,-27.91051238056691,43.26547975752445,-74.85269260793618,-18.134834352385326,-3.676700469844813,0.12575916,891.0,1.0,253619.0,42982.50112521356,2219.8201524161773,0.09538802574624665,85564.41,85425.7009,-3.9736920164549923
B3 programme,GALAUSDT,2024-02-08,S1|tier=programme,ok,False,,29.2861047449518,12.495648865408196,46.78611604442834,-39.209434110209585,16.689310551043604,-4.91896693118944,0.10114532850000002,220.0,1.0,233316.0,55521.16440496138,2261.2482475240386,0.08167923897065567,85678.5027,85678.4574,2.5342989074803177
B3 programme,GALAUSDT,2024-02-09,S1|tier=programme,ok,False,,-27.486466302988372,4.495336622852092,55.13826788578053,-56.35898128430489,-32.538847409672144,-5.716050021376452,0.5570444838316868,1471.0,1.0,227409.30459653726,68427.21529583224,4023.826815024521,0.09503862192084243,85678.2497,85678.5057,-2.3785656074376185
B3 programme,GALAUSDT,2024-02-10,S1|tier=programme,ok,False,,70.50777353873706,6.4409323719938145,47.81245957302093,-46.60593861903848,64.33810057174324,-5.234411418011367,-0.27125940500000006,966.0,1.0,209186.0,56168.66951978645,1365.9126213121083,0.09748492484537115,85678.4973,85678.3673,6.10145237832943
B3 programme,GALAUSDT,2024-02-11,S1|tier=programme,ok,False,,-8.287772989479537,9.132499146912672,30.719637400732523,-24.712188785811414,-17.379038909993334,-3.1250505319915627,-0.0412332263988742,394.0,1.0,180616.1763515314,39122.30678829998,2811.357667280107,0.0810049560091589,85678.6258,85678.783,-0.7171897463182909
B3 programme,GALAUSDT,2024-02-12,S1|tier=programme,ok,False,,-69.47914751857151,5.310847885927446,24.67757973800026,-22.08840999999945,-74.47010999999895,-2.721678147926633,-0.3198854045,442.0,1.0,238304.0,30524.3215199999,1181.264300262,0.08543667998954005,85678.9486,85678.8465,-6.012439318319777
B3 programme,GALAUSDT,2024-02-13,S1|tier=programme,ok,False,,50.404606946487824,7.454266767454916,32.56886272508096,-28.03510266987618,43.313573325308866,-2.9205067122501362,-0.3632331462759617,242.0,1.0,156371.0,33599.79903999126,1569.547113389275,0.09674561154839054,85595.046,85679.0948,4.361807124195244
B3 programme,GALAUSDT,2024-02-14,S1|tier=programme,ok,False,,-18.627221761893573,-5.623634706825165,31.12339875210875,-39.45882855029456,-13.411972054316621,-2.711795091360649,0.4083849992482138,195.0,1.0,193632.07362021552,36647.666784320805,3403.4699538265927,0.09374789662760924,85678.8604,85679.1612,-1.6119230663032367
B3 programme,GALAUSDT,2024-02-15,S1|tier=programme,ok,False,,168.46488711297394,9.200255322006281,57.927415291917605,-53.45305736670957,159.14363588779457,-4.72589739679825,0.12099590317308528,255.0,1.0,221007.29617325758,51664.61612357626,1573.4436269977682,0.09933357220675201,85647.5575,85392.3856,14.578257609790148
B3 programme,GALAUSDT,2024-02-16,S1|tier=programme,ok,False,,-80.72440119644372,-0.8827537927809628,40.17205739506325,-45.05991570212734,-79.33659831297429,-4.00510451428313,-0.5050490906884799,183.0,1.0,205021.41504224105,44019.43436007769,1417.2818633023028,0.09767964962827151,85678.7753,85678.6078,-6.985557264812237
B3 programme,GALAUSDT,2024-02-17,S1|tier=programme,ok,False,,62.38452457394976,-0.6300335736993357,19.87546727832878,-22.508751264219317,62.929302359253114,-2.0032504121912003,0.08525578839597675,271.0,1.0,103870.79062872758,21288.334464859443,448.51083676702,0.09508865147287986,85679.4148,85679.1387,5.398499863615103
B3 programme,GALAUSDT,2024-02-18,S1|tier=programme,ok,False,,13.790493120109488,-10.946490239107998,48.82453637866567,-64.83050040799479,24.97240632289619,-5.059473790221122,-0.23542296367870374,1267.0,1.0,175296.0,53209.52755160512,933.853446211892,0.09975497534184656,85678.4463,85678.5053,1.1933724867911188
B3 programme,GALAUSDT,2024-02-19,S1|tier=programme,ok,False,,27.98765784093881,0.1884309206290502,35.770188881849855,-38.64802970332312,27.047570353331402,-3.066271742102314,0.7516565669783574,601.0,1.0,132354.2844216203,39260.873309814524,3070.7699602825774,0.0956486274227793,85679.1132,85678.8981,2.421936659276976
B3 programme,GALAUSDT,2024-02-20,S1|tier=programme,ok,False,,131.9130241711334,-4.2883671728600055,47.873652993632774,-56.49211037351348,135.1941233956779,-4.330090207020704,1.0072679483155003,460.0,1.0,166804.0,48371.22793035404,1810.8306643382457,0.09877396476112488,85470.504,85515.4451,11.415209907591223
B3 programme,GALAUSDT,2024-02-21,S1|tier=programme,ok,False,,178.8267056651124,5.1809315791117045,36.358841743999704,-34.464089999999686,173.8683300000007,-3.286179835111686,-0.22255591400000002,205.0,1.0,92974.0,35400.613740000015,906.7197817440001,0.09999843906720507,85678.84,85679.1257,15.474926718396006
B3 programme,GALAUSDT,2024-02-22,S1|tier=programme,ok,False,,229.93050984728632,6.350724847786473,49.405113988051156,-47.557514999999434,223.52482733049985,-4.503125859734751,0.054957669,292.0,1.0,112407.0,48222.5745344841,1139.7556918345026,0.09999823462317244,85671.44,85671.6518,19.897239492145683
B3 programme,GALAUSDT,2024-02-23,S1|tier=programme,ok,False,,41.24261318075071,-4.70941347216037,66.01529164350002,-76.66440500000022,46.23599999999958,-5.9396998843398245,-0.2839733470885,293.0,1.0,114786.0,61912.021049999996,898.2222166434999,0.09999818924127817,85677.7224,85677.7276,3.568965911850285
B3 programme,GALAUSDT,2024-02-24,S1|tier=programme,ok,False,,10.303798465776323,-10.425451608115115,42.701730540499284,-57.30836625491627,20.483960812205787,-4.181184106301874,0.2452892616856499,171.0,1.0,131168.2006634192,47718.04703086648,2109.3592742313426,0.09999821914623482,85678.5202,85678.6673,0.8916482892527906
B3 programme,GALAUSDT,2024-02-25,S1|tier=programme,ok,False,,27.649491021301863,0.32939074198885,38.70419932500001,-42.59500000000016,27.128170000002115,-4.2201914169890005,0.19193027931090006,190.0,1.0,163911.0,43585.64278,494.188789325,0.09999814601620248,85678.7398,85678.7048,2.3926730952415536
B3 programme,JTOUSDT,2024-02-01,S1|tier=programme,ok,False,,47.387290471833566,-4.841277888166197,16.838664880000067,-22.498899999999864,52.62544999999976,-0.8189572318335998,-0.3968816400000001,80.0,1.0,1672.8000000000002,13374.0798,1851.60981488,0.08568215338214229,85678.8022,85678.7779,14.364311926132347
B3 programme,JTOUSDT,2024-02-02,S1|tier=programme,ok,False,,41.74059519038126,-3.628363703562474,10.504868026387946,-14.735874330453203,45.34380897590057,-0.6026426005027834,0.025149918043172605,69.0,1.0,648.8949100814134,8887.663901746673,1021.8706773995881,0.07907360320859466,85619.5134,85617.5909,12.652652711879277
B3 programme,JTOUSDT,2024-02-03,S1|tier=programme,ok,False,,-61.01235549271086,-6.211129442815736,8.019639313438605,-14.23061968613873,-54.21843544901294,0.00014907011561005046,-0.5827906008821839,53.0,1.0,1694.354921534701,8068.304236364947,2882.0696205432314,0.06926917657762523,85678.8685,85679.4518,-18.494421118386054
B3 programme,JTOUSDT,2024-02-04,S1|tier=programme,ok,False,,-7.240188155613113,-8.492220302494855,5.662724643696567,-14.206027172061205,1.2939772572394936,-0.05108222586978228,-0.041945110357751204,47.0,1.0,856.7771720613283,4864.746140034072,1554.9728147629462,0.07357121342318522,85679.4408,85679.7469,-2.194688070062418
B3 programme,JTOUSDT,2024-02-05,S1|tier=programme,ok,False,,23.920534286374448,-1.288394048626041,4.488587949999935,-5.7452499999999755,25.343600000000485,0.03173199862600007,-0.13467166500000005,35.0,1.0,1109.2000000000003,5274.675199999999,1997.1411379500005,0.07259596731894473,85679.4533,85679.7089,7.250931895619968
B3 programme,JTOUSDT,2024-02-06,S1|tier=programme,ok,False,,30.035583831671385,-4.205349734513086,4.928960498903269,-9.290750756016848,34.425008316184474,-0.15644052260049307,-0.18407475000000004,36.0,1.0,1221.0000000000002,4072.5765464658757,895.775471593195,0.0585029706315175,85679.5826,85679.7143,9.104561386519201
B3 programme,JTOUSDT,2024-02-07,S1|tier=programme,ok,False,,40.215721800074256,-4.979560914925832,6.473550264999956,-11.739699999999988,45.36075000000008,-0.28658882007420017,-0.16546728500000002,31.0,1.0,552.8000000000001,4618.7609999999995,626.0259997349999,0.055337845755149724,85679.5002,85679.3317,12.190424194314042
B3 programme,JTOUSDT,2024-02-08,S1|tier=programme,ok,False,,22.702370493483176,-0.6097447215166475,6.601158869999826,-7.715500000000073,23.063899999999826,-0.5045964084836,0.24821521500000002,50.0,1.0,861.1,7478.788999999998,868.8660411300007,0.0776720765039151,85678.553,85678.2984,6.881674980443284
B3 programme,JTOUSDT,2024-02-09,S1|tier=programme,ok,False,,1.1419996391968719,-13.541262751721792,16.082948655653603,-30.521740734685896,14.43955044496489,-0.8975293273105002,0.24371194595377424,115.0,1.0,1276.3420320131772,14909.038868669175,2119.1948555586328,0.09639339982278462,85057.3642,85587.6877,0.34616959259793145
B3 programme,JTOUSDT,2024-02-10,S1|tier=programme,ok,False,,31.876240598241374,-1.1683102017583407,10.876056279999972,-12.981999999999912,33.11174999999972,-0.9376335182415999,-0.06719920000000003,75.0,1.0,669.6999999999999,10574.323600000002,427.85300628000016,0.09202196215743072,85678.8148,85678.8916,9.662512003249926
B3 programme,JTOUSDT,2024-02-11,S1|tier=programme,ok,False,,52.84099825168711,-14.162257538313069,25.337829689999914,-41.053849999999784,67.22755000000018,-1.5537627716868005,-0.22429421000000005,109.0,1.0,1080.6000000000001,21622.86080000001,2173.2975296900004,0.0910436830778667,85626.7008,85606.6251,16.017471643089674
B3 programme,JTOUSDT,2024-02-12,S1|tier=programme,ok,False,,103.50564340957605,-5.517906639240699,12.187371413337202,-18.5894070975818,109.19875706240606,-0.8841290450039017,-0.17520701358931273,61.0,1.0,1021.60523932581,11883.936627834517,1086.659349212681,0.0756806254084035,85678.0612,85678.4268,31.375234440422453
B3 programme,JTOUSDT,2024-02-13,S1|tier=programme,ok,False,,107.31722537987021,-21.689458205640264,26.082540645128425,-49.16576008676712,129.2956254881409,-1.393761235998431,-0.2889419026304352,139.0,1.0,1339.68991323348,19614.01725726971,2027.2874633162116,0.09913517826318445,85315.4079,85461.9838,32.530623402487514
B3 programme,JTOUSDT,2024-02-14,S1|tier=programme,ok,False,,6.26722419330496,-7.784738570896611,32.435969931120454,-42.190814550143074,14.211987089201571,-1.9701060481260089,-0.16002432499999994,205.0,1.0,1366.0000000000002,27251.143972436457,2696.4583897058483,0.09964320735431688,83436.1728,85570.1535,1.8997575579288501
B3 programme,JTOUSDT,2024-02-15,S1|tier=programme,ok,False,,-8.037342536367358,-2.6266265013674244,11.394469170000287,-14.312900000000111,-5.204899999999933,-0.2918043286324,-0.20581603500000017,61.0,1.0,1218.8000000000004,9253.053000000004,2262.503469170001,0.09995113670906729,82096.1364,85679.2068,-2.436326156233285
B3 programme,JTOUSDT,2024-02-16,S1|tier=programme,ok,False,,-54.91281009674998,-2.293663846749637,20.903540180000046,-24.608250000000083,-52.282250000000346,-1.4110459732503997,-0.33689625,116.0,1.0,1469.5999999999995,15995.5039,673.2300598200005,0.09995510575618977,80340.8442,85678.2088,-16.64549133567851
B3 programme,JTOUSDT,2024-02-17,S1|tier=programme,ok,False,,-41.04326449823436,-3.5664791993926275,8.083587651569552,-12.264539187784099,-37.336966683995726,-0.6144723368219193,-0.1398186148460001,72.0,1.0,572.3000000000002,8245.183830842794,750.164450937,0.09995907575190813,85643.6756,85675.5441,-12.441273764530141
B3 programme,JTOUSDT,2024-02-18,S1|tier=programme,ok,False,,11.004584924427284,-11.355106157884668,30.315132696032713,-43.63938314012135,22.482952690747872,-1.9691442862039723,-0.12326160843592054,190.0,1.0,1041.066068527277,25577.76779692904,2102.2589053176152,0.09943398989138011,82320.7751,85649.7141,3.335773978595461
B3 programme,JTOUSDT,2024-02-19,S1|tier=programme,ok,False,,22.663984355823803,-3.5406952671686867,15.372668459999936,-20.198099999999823,26.26635000000049,-1.2847362728312,-0.06167037700800011,108.0,1.0,458.40000000000026,14492.646700000008,587.6014184600006,0.09994739597026785,85678.3064,85678.7088,6.870039150466754
B3 programme,JTOUSDT,2024-02-20,S1|tier=programme,ok,False,,-101.47512686255986,-7.157532313989296,29.48115457358478,-38.2972446774773,-93.43588510171071,-1.6585577899032249,-0.8817094468598619,232.0,1.0,1334.9000000000003,19180.664450217824,926.8166254234177,0.09995299083690658,77665.3867,85426.78,-30.75973241947761
B3 programme,JTOUSDT,2024-02-21,S1|tier=programme,ok,False,,26.875718322273443,1.649627492457824,12.453079409884646,-11.629246829767053,25.165312554815618,-0.8257949123402316,0.06077827499999996,81.0,1.0,596.0999999999998,9886.24411680114,581.5339262138666,0.09996149030914592,85679.1754,85678.7619,8.146724519931567
B3 programme,JTOUSDT,2024-02-22,S1|tier=programme,ok,False,,41.861330409397866,0.6934867004435372,15.293962814144578,-15.351978579907712,41.20061632385587,-0.7515024662066712,-0.032772614901547106,131.0,1.0,741.3544720235549,11739.496613765397,1508.739982749527,0.09859327580367776,85669.9972,85670.2354,12.689250675788086
B3 programme,JTOUSDT,2024-02-23,S1|tier=programme,ok,False,,-25.734137775757983,0.6501269358530164,6.666447617280121,-5.955852018179139,-26.18465271751891,0.060468663247965404,-0.19961199409208522,41.0,1.0,1260.997352533758,6456.54546245068,2521.8686053322626,0.08900801064184567,83661.4781,85679.4867,-7.800681965152042
B3 programme,JTOUSDT,2024-02-24,S1|tier=programme,ok,False,,1.788696561989846,0.19200567450472739,13.763014760282466,-14.6125840740545,1.4787524968931187,-1.0415749882767604,0.11793839059200001,128.0,1.0,1182.7,13458.78288341396,1086.7975002308438,0.09995228165875295,85678.3797,82924.1929,0.5422001364035473
B3 programme,JTOUSDT,2024-02-25,S1|tier=programme,ok,False,,24.020949883870994,0.4914766291674115,6.355880382154143,-6.369973841841192,23.84948841841208,-0.5055700888544608,-0.32001516370850003,58.0,1.0,611.4,6927.773451165535,668.5973437931895,0.09994489963641263,85678.9787,85678.8949,7.281370457317152
B3 programme,ZECUSDT,2024-02-01,S1|tier=programme,ok,False,,8.093084062126318,1.6704842429966895,11.243564838373874,-12.635680251248338,6.3967070673801665,-3.0625996558711535,0.02589275174946219,1453.0,1.0,23.773062035295002,30675.19917269271,17.572362136127666,0.09927261745557683,84092.3686,85302.3347,8.087422866120034
B3 programme,ZECUSDT,2024-02-02,S1|tier=programme,ok,False,,-5.632483558522626,-0.961633976990087,10.597405100115454,-15.074115734985083,-4.66296168495923,-3.5150766578795425,-0.00788789657330732,1761.0,1.0,25.73785903420271,36081.3552769361,332.3531064787584,0.09527532219619841,84017.7454,84410.7617,-5.628543578018014
B3 programme,ZECUSDT,2024-02-03,S1|tier=programme,ok,False,,3.3054642857640246,-0.08250524134961834,8.6965429211027,-12.273468586278277,3.397019176863335,-3.4944204238259577,-0.00904964974969193,1820.0,1.0,25.162089319067565,35552.53780541198,217.2619882687775,0.09669688319416543,83724.8234,84443.8563,3.303152079308509
B3 programme,ZECUSDT,2024-02-04,S1|tier=programme,ok,False,,2.524091203086258,-1.5033064298009444,10.122069577733086,-15.226011157459894,4.041027145350114,-3.6006351499258633,-0.01362951246291138,1645.0,1.0,24.162064352134927,36114.04086269823,38.460486942714724,0.09486656172454076,85227.7401,85285.0082,2.5223255751836295
B3 programme,ZECUSDT,2024-02-05,S1|tier=programme,ok,False,,13.856470021982647,0.9321570935906802,13.39813679108724,-17.106956020413165,12.887956498590725,-4.640976322916606,0.03635642980124217,2139.0,1.0,26.872279125132355,46543.945247111034,47.922149265986995,0.09101656491166457,84524.7847,84250.2538,13.846777277888126
B3 programme,ZECUSDT,2024-02-06,S1|tier=programme,ok,False,,-2.209164465180343,-9.898233452015429,27.15545031261652,-41.95705188130862,7.69306909492753,-4.903368116676674,-0.0040001080924479335,1424.0,1.0,27.51488413404243,49363.06099760709,117.63565387156152,0.09686603923543832,83920.2883,85089.7446,-2.2076191317880913
B3 programme,ZECUSDT,2024-02-07,S1|tier=programme,ok,False,,11.773993597316293,-0.3242932953315636,19.617550690387713,-24.611246505450723,12.097742323584615,-4.669402519731446,0.0005445690632418978,1619.0,1.0,26.552476128303393,46859.83699579777,59.2184994584062,0.09857422815589442,84470.8736,85339.5039,11.765757567019381
B3 programme,ZECUSDT,2024-02-08,S1|tier=programme,ok,False,,7.917779364348537,-0.985519878223041,14.304870776189237,-20.171412071176952,8.886102395241611,-4.881021416764675,0.017196847329966767,2010.0,1.0,28.424861000971948,49608.20823165417,284.99788000261606,0.09719625572349294,84733.1975,83601.3233,7.912240795791483
B3 programme,ZECUSDT,2024-02-09,S1|tier=programme,ok,False,,-1.3787103076773939,0.495747960744243,15.441067416506842,-20.023845811316676,-1.8874211158109375,-5.078526355554077,0.012962847389302472,1797.0,1.0,25.603685228155953,50925.274347094586,50.00385412644511,0.09339048548951956,84384.666,84386.7668,-1.3777458855575038
B3 programme,ZECUSDT,2024-02-10,S1|tier=programme,ok,False,,5.465543004021612,-5.655936732264473,15.031486565651761,-25.720249973284627,11.179048217517494,-5.032826675368393,-0.05756848123140966,1631.0,1.0,27.835031436328585,50639.208478757115,111.05061609751658,0.08314306349384003,83439.6129,82529.91,5.461719800161499
B3 programme,ZECUSDT,2024-02-11,S1|tier=programme,ok,False,,1.6001735935125765,-4.782088811527566,18.82728007439939,-29.923525755490054,6.575015360655726,-6.3141568695630985,-0.19275295561558373,2137.0,1.0,28.578342859475455,63811.691097275114,239.32942915851518,0.07925635001393912,84664.8394,84056.3184,1.599054255533703
B3 programme,ZECUSDT,2024-02-12,S1|tier=programme,ok,False,,9.404212234578385,0.20683506614511504,19.815529307474677,-25.218386443349804,9.287964395592713,-5.609692202020242,-0.09058722715944312,2069.0,1.0,29.662250078077864,56304.143922974086,74.00782241830225,0.087572520139256,85097.4722,84999.2463,9.397633890854786
B3 programme,ZECUSDT,2024-02-13,S1|tier=programme,ok,False,,10.49985039084697,3.949168452257135,20.15912052469035,-21.31506286862512,6.590152233545254,-5.105110796191903,-0.03947029495541996,2399.0,1.0,28.064752661224876,52349.10131007054,463.5690529113214,0.08946110736255862,85431.1403,82979.2585,10.492505636901138
B3 programme,ZECUSDT,2024-02-14,S1|tier=programme,ok,False,,-0.5309189925075015,2.2974400507239334,19.82041095423818,-22.95548522843889,-2.8985226147797043,-5.432514324924641,0.0701635715482693,1893.0,1.0,28.448626148155046,54350.22541675506,8.957916967376473,0.08699627265936435,85535.415,83592.603,-0.5305476091810748
B3 programme,ZECUSDT,2024-02-15,S1|tier=programme,ok,False,,-1.0023271279106667,4.918336212972613,22.713861950601334,-22.58546368149214,-5.891348175624525,-4.789937943863419,-0.029315165258754106,1341.0,1.0,26.240351607206613,48704.413468207065,287.5121534188525,0.08867936648399381,85504.708,85549.9001,-1.0016259897178643
B3 programme,ZECUSDT,2024-02-16,S1|tier=programme,ok,False,,17.929115505676272,4.296809201076694,20.03222055344599,-19.995317455721775,13.62077830186714,-4.25990610335248,0.011528002732436149,1228.0,1.0,22.801697580622154,43292.38770994929,247.61667015161393,0.09547645357567684,85374.8279,84437.5877,17.916573903943515
B3 programme,ZECUSDT,2024-02-17,S1|tier=programme,ok,False,,-9.841083594441503,6.647171563591424,53.39126093761992,-53.04351298629421,-16.708187250969353,-6.299423612265716,0.21993209293642485,1743.0,1.0,25.04881700604964,63738.58838486409,265.84009364535075,0.0946864255250258,85291.6075,84485.4884,-9.834199654683225
B3 programme,ZECUSDT,2024-02-18,S1|tier=programme,ok,False,,-3.2755958253563797,-10.546996561782686,40.795624418674564,-57.47287641397638,7.276897382450812,-6.13025543351913,-0.005496646024505881,1286.0,1.0,22.55077676234049,61865.43967854218,201.03047976816447,0.09523108044556772,85253.9857,85339.9766,-3.2733045121978415
B3 programme,ZECUSDT,2024-02-19,S1|tier=programme,ok,False,,16.92709193347946,-2.8723227356556498,29.266646787032556,-37.192217342309355,19.92669301483368,-5.053247819621149,-0.12727834569857177,1111.0,1.0,22.222078298481826,50593.2603685458,21.707918690837325,0.0980053786447989,85411.583,85212.1493,16.91525125759914
B3 programme,ZECUSDT,2024-02-20,S1|tier=programme,ok,False,,7.238558821568421,4.081246025304706,30.904091771370076,-30.933690033090215,3.467145114443497,-4.110844287024845,-0.3098323181797821,1131.0,1.0,19.313743352956934,41119.407903659914,3.916083361274138,0.09921491555435974,84762.3967,85450.6977,7.233495374806057
B3 programme,ZECUSDT,2024-02-21,S1|tier=programme,ok,False,,5.0791586063947225,-1.162774691110617,17.25425659937937,-21.473299408770842,6.261498181065935,-3.056268118280854,-0.01956488356059576,808.0,1.0,20.25670807480268,30729.532853533747,59.58988240186198,0.09955882147936948,85497.7813,85651.3894,5.075605682417031
B3 programme,ZECUSDT,2024-02-22,S1|tier=programme,ok,False,,-13.926550664793963,0.05558477594400113,61.05176010821123,-66.82687571580671,-13.925366906493892,-5.830700383539482,-0.05676853424407231,1569.0,1.0,20.411291596084844,58328.48874141936,7.673180722976626,0.09979304889640742,84112.6363,83899.429,-13.916808898564968
B3 programme,ZECUSDT,2024-02-23,S1|tier=programme,ok,False,,6.315235341496447,-5.7242695206749215,29.747257046083917,-39.459510992819105,12.105399880836444,-3.987984426060267,-0.06589501866507554,941.0,1.0,18.456406127126627,40923.53786233325,372.7477149037783,0.09983747402370144,85428.5757,85523.0553,6.310817769058106
B3 programme,ZECUSDT,2024-02-24,S1|tier=programme,ok,False,,2.969623305113746,-11.254544114636657,16.596684499731076,-30.97834101993004,14.226859976567287,-3.1271124055623063,-0.0026925568168842473,932.0,1.0,15.783512484336647,31282.49285872269,4.060286821279843,0.0998227038137252,85664.4598,85665.1415,2.967546022897718
B3 programme,ZECUSDT,2024-02-25,S1|tier=programme,ok,False,,1.5453993501545447,-8.886888756387773,15.410407438244226,-27.798580030037094,10.57055001579279,-3.5012838354050944,-0.13826190925047344,1117.0,1.0,20.59203975634346,35358.603560409145,123.48757369935859,0.0983864265206306,85101.0441,85653.0722,1.5443183273254169
B4 G,BICOUSDT,2024-02-01,G[S1/trailing/W=15/mu=0],ok,False,,-0.22256074024262504,0.01597115725737396,0.1470609224999964,-0.10123999999999743,-0.23653499999999894,0.029849765242625,-0.0019968975000000007,13.0,1.0,58.5,138.57403000000002,3.8817440774999996,0.0846854468269448,25563.753,25233.1956,-1.1103941459164866
B4 G,BICOUSDT,2024-02-02,G[S1/trailing/W=15/mu=0],ok,False,,0.38258492482336154,-0.018601040061751978,0.3825020307495866,-0.3232771058340082,0.4032020978851135,0.07782596497733038,-0.002016133,22.0,1.0,170.20000000000002,385.58483237514594,1.2890881860021155,0.0718379517036465,50587.9774,36338.027,1.908782565948699
B4 G,BICOUSDT,2024-02-03,G[S1/trailing/W=15/mu=0],ok,False,,0.0,0.0,0.0,0.0,0.0,0.0,0.0,0.0,0.0,0.0,0.0,0.0,0.06943660512852917,3303.204,3303.204,0.0
B4 G,BICOUSDT,2024-02-04,G[S1/trailing/W=15/mu=0],ok,False,,-0.3906446384862739,-0.01699647048627569,0.08439547949999338,-0.08359499999999406,-0.3736549999999982,0.017796949986275002,6.831999999999855e-06,8.0,1.0,59.0,82.13578000000001,2.4905345205000007,0.08257010631950276,43590.1774,19426.3795,-1.948993875721055
B4 G,BICOUSDT,2024-02-05,G[S1/trailing/W=15/mu=0],ok,False,,0.2735408313908536,0.06988501808022642,0.35098357976317385,-0.2026549999999982,0.20145571901093168,0.07844356168294923,0.0022000942996955168,21.0,1.0,129.07589876366615,342.3474162325043,18.134688066269742,0.07972999932843382,59068.9266,39036.838,1.3647426653704144
B4 G,BICOUSDT,2024-02-06,G[S1/trailing/W=15/mu=0],ok,False,,0.0,0.0,0.0,0.0,0.0,0.0,0.0,0.0,0.0,0.0,0.0,0.0,0.07824424756175778,7237.008,7237.008,0.0
B4 G,BICOUSDT,2024-02-07,G[S1/trailing/W=15/mu=0],ok,False,,-0.35433303042239916,0.0005771144438916631,1.0467659510376024,-0.8772674812493618,-0.3555384968662908,0.1689213553443489,0.0006283519999999986,77.0,1.0,116.29999999999998,809.667596478989,12.705156451910948,0.0876906919973606,55437.0315,33945.1009,-1.767828963261718
B4 G,BICOUSDT,2024-02-08,G[S1/trailing/W=15/mu=0],ok,False,,0.376371919638093,-0.18508962316070887,0.5901349832423469,-0.6518886106402592,0.5631400349901763,0.12333599576279665,-0.0016784921913743879,56.0,1.0,95.39073760164406,570.4564620372219,16.80855155518591,0.08563429899860053,44819.2538,41322.7556,1.8777848051632609
B4 G,BICOUSDT,2024-02-09,G[S1/trailing/W=15/mu=0],ok,False,,0.622782233883006,-0.098433151116954,1.4513711510000065,-1.2859300000000105,0.72529499999996,0.26387430211695,-0.004079614999999998,82.0,1.0,236.89999999999998,1241.0559,28.47840384900003,0.09230256194453151,44227.2527,53273.9888,3.107168613523684
B4 G,BICOUSDT,2024-02-10,G[S1/trailing/W=15/mu=0],ok,False,,0.4648002524902271,-0.18145342850976198,0.4394822905000043,-0.5196199999999913,0.6440249999999891,0.101315719009775,0.002228681,30.0,1.0,98.7,458.0320000000001,17.6533072905,0.07989564299767678,44284.4192,46659.6873,2.3189690995052095
B4 G,BICOUSDT,2024-02-11,G[S1/trailing/W=15/mu=0],ok,False,,0.6402042693123989,0.003179795312397357,0.402735567999992,-0.31751499999999455,0.6359700000000016,0.08204077268760009,0.001054474000000016,31.0,1.0,85.90000000000022,387.1339500000001,8.389059432000083,0.0863148990300933,61304.5028,40788.4006,3.1940901708911613
B4 G,BICOUSDT,2024-02-12,G[S1/trailing/W=15/mu=0],ok,False,,0.12195683684882114,-0.2254146991512039,0.7662738160000008,-0.8519800000000047,0.34506500000002505,0.13970851515119995,0.0023065359999999992,42.0,1.0,131.2,696.82737,0.6237111839999896,0.09389491649761561,52186.3487,45220.3756,0.6084638177595675
B4 G,BICOUSDT,2024-02-13,G[S1/trailing/W=15/mu=0],ok,False,,0.25378386657102214,0.03414159899284308,0.7495899869999924,-0.5819949999999993,0.21524499999997904,0.13345338800715,0.0043972675782000025,50.0,1.0,186.29999999999998,619.9638600000002,17.20112001300002,0.09146550346135748,44816.5836,50199.4471,1.2661717401789225
B4 G,BICOUSDT,2024-02-14,G[S1/trailing/W=15/mu=0],ok,False,,0.3405430761275413,-0.2765538863724591,0.5863138589999997,-0.7490300000000087,0.6191950000000004,0.11383774537245002,-0.002098037500000001,39.0,1.0,139.10000000000002,561.4263600000002,2.8226788589999905,0.08972169109461099,39912.5735,42126.894,1.6990284888169738
B4 G,BICOUSDT,2024-02-15,G[S1/trailing/W=15/mu=0],ok,False,,-0.36361731644519185,-0.07914622120325113,0.3901399149999942,-0.3914399999999953,-0.2725849999999908,0.07784613620325001,-0.011886095241950001,30.0,1.0,79.1,371.3519,6.501374914999999,0.09342249518442017,29504.4276,65980.8196,-1.8141498769928848
B4 G,BICOUSDT,2024-02-16,G[S1/trailing/W=15/mu=0],ok,False,,-0.4778642064813793,-0.3564014334715462,1.1101577790000097,-1.2746550000000059,-0.1148000000000331,0.19190421247155,-0.0066627730098,78.0,1.0,86.5,954.1736400000003,1.9445172210000077,0.093175639081579,54544.2336,44223.1697,-2.3841474324784184
B4 G,BICOUSDT,2024-02-17,G[S1/trailing/W=15/mu=0],ok,False,,1.5413789978998318,-0.5306030221001274,0.9262202724999965,-1.280509999999999,2.0704549999999595,0.17631329460012504,0.001527020000000002,63.0,1.0,275.1,852.1549899999999,10.695084727499989,0.09330569554549752,45910.9961,47898.134,7.690207239788818
B4 G,BICOUSDT,2024-02-18,G[S1/trailing/W=15/mu=0],ok,False,,-0.03414395380742629,-0.2678885349450082,1.0634048999999899,-1.141099999999998,0.23845499999998188,0.19019343494500004,-0.004710418862399998,80.0,1.0,91.10000000000001,925.6629400000002,9.2015399,0.09642406779914117,55798.9765,46972.5074,-0.17035010929995056
B4 G,BICOUSDT,2024-02-19,G[S1/trailing/W=15/mu=0],ok,False,,-0.26598316463418864,-0.10795570137599372,1.3105556799999944,-1.1858649999999882,-0.1441849999999949,0.232646381376,-0.013842463258199992,109.0,1.0,96.59999999999997,1155.29391,2.8865443200000143,0.09443232050373997,50777.1381,55789.9129,-1.3270361547152114
B4 G,BICOUSDT,2024-02-20,G[S1/trailing/W=15/mu=0],ok,False,,-0.42396536076729247,-0.10095530907080866,1.0036771439999936,-0.9616650000000023,-0.3112649999999838,0.14296745307079997,-0.011745051696500006,75.0,1.0,85.90000000000003,703.1296000000001,4.257332855999948,0.09887280909605198,45777.5187,54201.7684,-2.115236740110423
B4 G,BICOUSDT,2024-02-21,G[S1/trailing/W=15/mu=0],ok,False,,0.6611044526005845,0.44004727598609283,1.303328025826019,-0.6390692186162745,0.2241562873574916,0.22421153122365156,-0.003099110742999999,72.0,1.0,160.47109308137044,1097.899668795316,8.421086299251613,0.08983274777460999,33315.8892,73618.4243,3.298364811362266
B4 G,BICOUSDT,2024-02-22,G[S1/trailing/W=15/mu=0],ok,False,,1.8823478074829763,0.08353904795917955,1.661801528804827,-1.2896148370740994,1.799023773661479,0.28864764377154795,-0.00021501413768230146,100.0,1.0,170.90000000000003,1437.7003287033504,2.0137782379591944,0.09361988454236021,54774.8338,50989.7307,9.391359786677791
B4 G,BICOUSDT,2024-02-23,G[S1/trailing/W=15/mu=0],ok,False,,-0.5833983103487346,-0.20466183381599304,0.7109151199999969,-0.7969499999999899,-0.3863799999999916,0.118626953816,0.007643523467250002,50.0,1.0,213.8,559.3180600000002,12.296985119999999,0.09701842842880055,55691.3485,38833.2814,-2.9106753861557153
B4 G,BICOUSDT,2024-02-24,G[S1/trailing/W=15/mu=0],ok,False,,0.0066699986349953964,-0.3167186626613775,0.8355987974999893,-0.9800949999999918,0.3355449999999729,0.172222460161375,-0.012156338703600004,52.0,1.0,123.1,781.8422000000002,28.825491202500007,0.0975505988022426,37384.7662,51648.7361,0.03327778039152737
B4 G,BICOUSDT,2024-02-25,G[S1/trailing/W=15/mu=0],ok,False,,0.9398939738557832,-0.7542328489880034,1.4849268399999969,-2.0016950000000002,1.6839599999999866,0.237464688988,0.010166822843800005,83.0,1.0,101.4,1147.82267,14.363918160000006,0.09117665061512702,42884.5739,51416.8709,4.6892941010795735
B4 base,BICOUSDT,2024-02-01,S1,ok,False,,-0.6404195016852974,-0.03548356932522989,0.6568794214638513,-0.5447864429452461,-0.6147259478600676,0.147576547843835,0.009790015500000002,43.0,1.0,317.70000000000005,610.2034716142629,46.428824583604424,0.0846854468269448,85341.8844,80210.6651,-3.1951640025409733
B4 base,BICOUSDT,2024-02-02,S1,ok,False,,0.7628558003623586,-0.1373215505586609,0.560229730424358,-0.5626421058340102,0.9088711879210195,0.1349091751490087,-0.008693837000000001,34.0,1.0,245.79999999999998,579.4267785831717,34.58876260431704,0.0718379517036465,85203.4965,85203.4197,3.80601993854515
B4 base,BICOUSDT,2024-02-03,S1,ok,False,,0.08946049448244792,0.011613779482449377,0.11342094099999878,-0.06277999999999939,0.07984999999999853,0.03902716151755001,-0.0020032850000000005,11.0,1.0,58.00000000000001,140.19031,19.980180941000008,0.06943660512852917,84810.8892,84810.9866,0.4463339277889376
B4 base,BICOUSDT,2024-02-04,S1,ok,False,,1.604299611400378,0.05132723940037452,0.31208618249999365,-0.19430499999999415,1.5470050000000035,0.06645394309962498,0.005967372000000001,26.0,1.0,174.89999999999998,315.00889000000006,6.276663817499994,0.08257010631950276,85299.1993,85299.1861,8.0041290968617
B4 base,BICOUSDT,2024-02-05,S1,ok,False,,1.5953597588359867,-0.18050616188198576,0.8088640376561587,-0.8082365355280481,1.7782402597397045,0.18113366401009634,-0.0023743390217321136,42.0,1.0,363.1,707.3383965497451,72.11997218208595,0.07972999932843382,78383.11,81873.4749,7.959526621411471
B4 base,BICOUSDT,2024-02-06,S1,ok,False,,-0.7279258456979686,-0.18337731419797926,0.5823408144999962,-0.6565250000000005,-0.5585899999999893,0.109193128697975,0.014041468500000001,33.0,1.0,297.6,498.98779,17.082855814500007,0.07824424756175778,85347.6595,77108.2756,-3.631748334603753
B4 base,BICOUSDT,2024-02-07,S1,ok,False,,-1.0881046463492907,-0.2888762104763325,1.823535855185571,-1.8115413223089578,-0.8010888942173291,0.3008707433529456,0.0018604583443708608,132.0,1.0,191.35298013245034,1471.6901421081284,11.877663511490777,0.0876906919973606,84491.6882,85138.7791,-5.428742859740817
B4 base,BICOUSDT,2024-02-08,S1,ok,False,,-1.3748486727662441,-0.3385173148197891,1.2157413946358437,-1.2979749513820658,-1.0387007658382739,0.25628375807356707,0.002369407891819007,120.0,1.0,263.57831495064255,1194.0006829808,31.788402686194573,0.08563429899860053,84611.3792,77479.4929,-6.859358555765211
B4 base,BICOUSDT,2024-02-09,S1,ok,False,,-0.06594593639235408,0.080446083607641,2.304672923000015,-1.808145000000024,-0.13858499999999507,0.41608183939235005,-0.007807019999999998,134.0,1.0,263.9,1999.1659,29.54301707700003,0.09230256194453151,81424.5824,85153.0157,-0.32901571785402717
B4 base,BICOUSDT,2024-02-10,S1,ok,False,,1.3631881534464394,-0.4172075608035486,0.8520187337500024,-1.0823299999999885,1.780489999999988,0.18689629455356252,-9.428575000000063e-05,55.0,1.0,204.45000000000002,829.3670850000001,38.22341373375001,0.07989564299767678,84533.9083,84538.2322,6.801182201854175
B4 base,BICOUSDT,2024-02-11,S1,ok,False,,0.6365639480588402,-0.1579634569412033,0.6754210159999884,-0.6857799999999916,0.7828200000000435,0.14760447294120008,0.011707405000000004,53.0,1.0,259.1,678.1252500000003,21.780768984,0.0863148990300933,85050.8918,77542.9589,3.1759279765850117
B4 base,BICOUSDT,2024-02-12,S1,ok,False,,0.4453231322162872,-0.1766689002837134,1.4577076660000032,-1.3360300000000167,0.6104200000000006,0.29834656628369993,0.011572032500000001,95.0,1.0,260.5,1345.2971400000001,53.249342334000005,0.09389491649761561,85303.4902,76137.9537,2.2217943673043856
B4 base,BICOUSDT,2024-02-13,S1,ok,False,,-0.369064596131962,-0.2174689854711614,1.6880155069999963,-1.6129000000000075,-0.1418700000000006,0.2925844924711501,-0.0097256106608,103.0,1.0,312.5,1327.3685699999999,49.29232449300001,0.09146550346135748,79262.3002,85255.4253,-1.8413273004179036
B4 base,BICOUSDT,2024-02-14,S1,ok,False,,0.36814026318408405,-0.7639045363159358,1.5368814834999907,-2.0091700000000015,1.1345000000000198,0.291616019815925,-0.0024552004999999952,92.0,1.0,260.00000000000006,1381.71551,27.768941483499955,0.08972169109461099,85337.0362,81985.0489,1.836715642975164
B4 base,BICOUSDT,2024-02-15,S1,ok,False,,1.103178253597008,0.028440555286609187,0.991715842499989,-0.7607050000000047,1.1190649999999986,0.20257028721337508,-0.04432730168959997,79.0,1.0,181.5999999999999,890.5288899999999,44.480925842499964,0.09342249518442017,79390.6182,85209.1644,5.503947701472844
B4 base,BICOUSDT,2024-02-16,S1,ok,False,,-1.6318403324153088,-0.7418962101518852,1.828776087499993,-2.2470450000000035,-0.8591450000000234,0.3236272976518747,-0.03079912226340001,140.0,1.0,234.5,1562.9185400000006,20.079253912499954,0.093175639081579,84942.417,75529.9904,-8.141534532141796
B4 base,BICOUSDT,2024-02-17,S1,ok,False,,3.6650061999301378,-1.0112837888351585,1.7536116466445122,-2.431138423134718,4.673386264892402,0.3337570123449525,0.0029037238728937573,128.0,2.0,314.20000000000005,1569.61714520539,36.061060552499356,0.09330569554549752,74545.2569,76432.9403,18.285351786274475
B4 base,BICOUSDT,2024-02-18,S1,ok,False,,0.460118782449782,-0.2826470540582072,1.870296923999986,-1.7978699999999932,0.7633349999999892,0.35507397805820007,-0.02056916349200002,148.0,1.0,218.30000000000004,1646.782140000001,46.759181924,0.09642406779914117,85062.2494,83852.9971,2.295612433268717
B4 base,BICOUSDT,2024-02-19,S1,ok,False,,-0.29624720852204306,-0.1952063192199852,2.1493498941176554,-1.9777652941176407,-0.08160500000005788,0.36679091921999996,-0.019435889301999968,170.0,1.0,212.69999999999993,1824.0321,3.608180400000064,0.09443232050373997,84157.1387,83027.8153,-1.4780287202871922
B4 base,BICOUSDT,2024-02-20,S1,ok,False,,-0.5656266397115611,-0.21160487884010182,1.8018419820000013,-1.743185000000003,-0.35292999999995933,0.27026186084010007,-0.0010917608715000117,137.0,1.0,188.10000000000014,1335.1941199999999,5.860066982000008,0.09887280909605198,81061.4001,85185.8447,-2.8220094380771785
B4 base,BICOUSDT,2024-02-21,S1,ok,False,,-4.275838961237494,0.5323091374525417,2.019895137773518,-1.1222168220496531,-4.798258781598036,0.36536917827132315,-0.009889317092,131.0,1.0,266.8,1793.8969656032023,11.981427546695969,0.08983274777460999,76748.0083,85593.2696,-21.332902407962195
B4 base,BICOUSDT,2024-02-22,S1,ok,False,,3.1002725889004625,0.06047934183914405,2.7920967523319584,-2.2652606513370968,3.030182840540201,0.4663567591557176,0.009610406521117701,163.0,1.0,235.61475121686942,2324.248328415414,2.7401699502453707,0.09361988454236021,85479.0343,85503.4108,15.467797823225913
B4 base,BICOUSDT,2024-02-23,S1,ok,False,,-0.4960583492917696,-0.36953008755002287,1.303120421597592,-1.4603271471184973,-0.13311214711850883,0.21232336202911756,0.006583885376762145,92.0,1.0,199.60613462431496,983.6839331169454,28.339228010415315,0.09701842842880055,85131.7284,85326.7356,-2.4749211675253187
B4 base,BICOUSDT,2024-02-24,S1,ok,False,,-1.7996190404360568,-1.0692183690502302,1.6601862682979291,-2.425031747469341,-0.6725205247715862,0.30437288987881855,-0.05788014661424047,100.0,1.0,277.86747469344124,1421.2791767688664,36.57646277280965,0.0975505988022426,72096.0134,85439.874,-8.978611614975787
B4 base,BICOUSDT,2024-02-25,S1,ok,False,,0.5778297667856196,-0.9995425885750069,2.2287064999999964,-2.8676750000000033,1.5665150000000265,0.3605740885749999,0.010857355360599993,128.0,1.0,262.3,1736.1312800000003,24.26878650000001,0.09117665061512702,84312.7546,84372.3507,2.882892956213116
