symbol,rung,budget,candidate,net_usd_day,trades,days,making_usd_day,excluded_days,skew_bp,k,min_edge_bp,soft_limit_clips,neighbourhood_usd_day
GALAUSDT,0,5,S1|skew_bp=2/k=0/min_edge_bp=0/soft_limit_clips=3,-452.2708240027776,22362.8,5.0,-445.659195629835,0.0,2,0.0,0,3,
GALAUSDT,0,5,S1|skew_bp=2/k=0/min_edge_bp=0/soft_limit_clips=6,-462.6834668912544,25750.2,5.0,-454.17178747575326,0.0,2,0.0,0,6,
GALAUSDT,0,5,S1|skew_bp=2/k=0/min_edge_bp=0/soft_limit_clips=12,-472.34652167879256,30223.6,5.0,-476.7794176242886,0.0,2,0.0,0,12,
GALAUSDT,0,5,S1|skew_bp=2/k=0/min_edge_bp=1/soft_limit_clips=3,-122.5109305548121,3120.4,5.0,-103.20964358379175,0.0,2,0.0,1,3,
GALAUSDT,0,5,S1|skew_bp=2/k=0/min_edge_bp=1/soft_limit_clips=6,-122.00729606186607,2986.0,5.0,-92.62521321919063,0.0,2,0.0,1,6,
GALAUSDT,0,5,S1|skew_bp=2/k=0/min_edge_bp=1/soft_limit_clips=12,-124.83531516464193,2667.2,5.0,-88.56984966365746,0.0,2,0.0,1,12,
GALAUSDT,0,5,S1|skew_bp=2/k=0/min_edge_bp=2/soft_limit_clips=3,-112.79682065352442,2312.4,5.0,-74.23660105216868,0.0,2,0.0,2,3,
GALAUSDT,0,5,S1|skew_bp=2/k=0/min_edge_bp=2/soft_limit_clips=6,-113.07307676344404,2269.2,5.0,-72.6953722166264,0.0,2,0.0,2,6,
GALAUSDT,0,5,S1|skew_bp=2/k=0/min_edge_bp=2/soft_limit_clips=12,-88.28362509079302,2301.4,5.0,-70.3339450297097,0.0,2,0.0,2,12,
GALAUSDT,0,5,S1|skew_bp=2/k=0/min_edge_bp=4/soft_limit_clips=3,-63.468418703139136,1065.8,5.0,-34.74571019206173,0.0,2,0.0,4,3,
GALAUSDT,0,5,S1|skew_bp=2/k=0/min_edge_bp=4/soft_limit_clips=6,-85.46166925840872,1067.2,5.0,-37.5721400288255,0.0,2,0.0,4,6,
GALAUSDT,0,5,S1|skew_bp=2/k=0/min_edge_bp=4/soft_limit_clips=12,-46.811633259547264,1042.4,5.0,-32.84554646948993,0.0,2,0.0,4,12,
GALAUSDT,0,5,S1|skew_bp=2/k=0.5/min_edge_bp=0/soft_limit_clips=3,-25.719465212691098,443.6,5.0,-10.773105536189478,0.0,2,0.5,0,3,
GALAUSDT,0,5,S1|skew_bp=2/k=0.5/min_edge_bp=0/soft_limit_clips=6,-8.36261007099326,488.0,5.0,-11.163791318967597,0.0,2,0.5,0,6,
GALAUSDT,0,5,S1|skew_bp=2/k=0.5/min_edge_bp=0/soft_limit_clips=12,59.657723403886905,466.4,5.0,-11.346897537267024,0.0,2,0.5,0,12,18.85372458064357
GALAUSDT,0,5,S1|skew_bp=2/k=0.5/min_edge_bp=1/soft_limit_clips=3,-11.21813113297525,237.6,5.0,-7.440790168623389,0.0,2,0.5,1,3,
GALAUSDT,0,5,S1|skew_bp=2/k=0.5/min_edge_bp=1/soft_limit_clips=6,23.821693819782986,357.2,5.0,-7.796192740693991,0.0,2,0.5,1,6,
GALAUSDT,0,5,S1|skew_bp=2/k=0.5/min_edge_bp=1/soft_limit_clips=12,110.06639549852096,295.6,5.0,-7.898610837071281,0.0,2,0.5,1,12,24.88130398331591
GALAUSDT,0,5,S1|skew_bp=2/k=0.5/min_edge_bp=2/soft_limit_clips=3,21.359198966251373,202.0,5.0,-5.362454197793026,0.0,2,0.5,2,3,22.16379564998941
GALAUSDT,0,5,S1|skew_bp=2/k=0.5/min_edge_bp=2/soft_limit_clips=6,47.4365203118782,222.8,5.0,-6.3486337321933926,0.0,2,0.5,2,6,24.92342265757263
GALAUSDT,0,5,S1|skew_bp=2/k=0.5/min_edge_bp=2/soft_limit_clips=12,88.15920637610813,253.2,5.0,-6.4839763894866795,0.0,2,0.5,2,12,26.14110972116247
GALAUSDT,0,5,S1|skew_bp=2/k=0.5/min_edge_bp=4/soft_limit_clips=3,27.347910340051055,153.6,5.0,-2.192115508440444,0.0,2,0.5,4,3,
GALAUSDT,0,5,S1|skew_bp=2/k=0.5/min_edge_bp=4/soft_limit_clips=6,48.07699143594742,183.6,5.0,-2.6950781837102737,0.0,2,0.5,4,6,26.14110972116247
GALAUSDT,0,5,S1|skew_bp=2/k=0.5/min_edge_bp=4/soft_limit_clips=12,68.04170041064938,182.0,5.0,-3.383989200721886,0.0,2,0.5,4,12,27.640930990899133
GALAUSDT,0,5,S1|skew_bp=2/k=1/min_edge_bp=0/soft_limit_clips=3,23.477543479797202,103.0,5.0,-1.3304168490767334,0.0,2,1.0,0,3,
GALAUSDT,0,5,S1|skew_bp=2/k=1/min_edge_bp=0/soft_limit_clips=6,45.70445815834297,173.0,5.0,-2.148937704231356,0.0,2,1.0,0,6,18.85372458064357
GALAUSDT,0,5,S1|skew_bp=2/k=1/min_edge_bp=0/soft_limit_clips=12,55.453176370903485,163.6,5.0,-2.6789781327647795,0.0,2,1.0,0,12,18.85372458064357
GALAUSDT,0,5,S1|skew_bp=2/k=1/min_edge_bp=1/soft_limit_clips=3,40.41058418717575,101.6,5.0,-0.9996681873858531,0.0,2,1.0,1,3,
GALAUSDT,0,5,S1|skew_bp=2/k=1/min_edge_bp=1/soft_limit_clips=6,50.4460842732186,132.2,5.0,-1.3865046069233231,0.0,2,1.0,1,6,20.621855705996023
GALAUSDT,0,5,S1|skew_bp=2/k=1/min_edge_bp=1/soft_limit_clips=12,41.752305707943506,145.4,5.0,-1.9011071721984891,0.0,2,1.0,1,12,24.88130398331591
GALAUSDT,0,5,S1|skew_bp=2/k=1/min_edge_bp=2/soft_limit_clips=3,32.385099366961434,103.2,5.0,-1.7493935129667029,0.0,2,1.0,2,3,
GALAUSDT,0,5,S1|skew_bp=2/k=1/min_edge_bp=2/soft_limit_clips=6,25.39799210244674,120.8,5.0,-1.9514623878620074,0.0,2,1.0,2,6,
GALAUSDT,0,5,S1|skew_bp=2/k=1/min_edge_bp=2/soft_limit_clips=12,24.62488075779863,121.4,5.0,-2.3229817325100908,0.0,2,1.0,2,12,
GALAUSDT,0,5,S1|skew_bp=2/k=1/min_edge_bp=4/soft_limit_clips=3,13.447747395833906,76.6,5.0,-0.9001477561912503,0.0,2,1.0,4,3,
GALAUSDT,0,5,S1|skew_bp=2/k=1/min_edge_bp=4/soft_limit_clips=6,17.367001139124454,76.8,5.0,-0.7372242354026219,0.0,2,1.0,4,6,
GALAUSDT,0,5,S1|skew_bp=2/k=1/min_edge_bp=4/soft_limit_clips=12,15.204862798964834,87.2,5.0,-0.7526465755623984,0.0,2,1.0,4,12,
GALAUSDT,0,5,S1|skew_bp=2/k=2/min_edge_bp=0/soft_limit_clips=3,4.281424996959133,29.8,5.0,-1.0514420090872028,0.0,2,2.0,0,3,
GALAUSDT,0,5,S1|skew_bp=2/k=2/min_edge_bp=0/soft_limit_clips=6,4.281424996959133,29.8,5.0,-1.0514420090872028,0.0,2,2.0,0,6,
GALAUSDT,0,5,S1|skew_bp=2/k=2/min_edge_bp=0/soft_limit_clips=12,4.281424996959133,29.8,5.0,-1.0514420090872028,0.0,2,2.0,0,12,
GALAUSDT,0,5,S1|skew_bp=2/k=2/min_edge_bp=1/soft_limit_clips=3,4.669941603024402,3.2,5.0,-0.43680350382214367,0.0,2,2.0,1,3,
GALAUSDT,0,5,S1|skew_bp=2/k=2/min_edge_bp=1/soft_limit_clips=6,4.669941603024402,3.2,5.0,-0.43680350382214367,0.0,2,2.0,1,6,
GALAUSDT,0,5,S1|skew_bp=2/k=2/min_edge_bp=1/soft_limit_clips=12,4.669941603024402,3.2,5.0,-0.43680350382214367,0.0,2,2.0,1,12,
GALAUSDT,0,5,S1|skew_bp=2/k=2/min_edge_bp=2/soft_limit_clips=3,4.669941603024402,3.2,5.0,-0.43680350382214367,0.0,2,2.0,2,3,
GALAUSDT,0,5,S1|skew_bp=2/k=2/min_edge_bp=2/soft_limit_clips=6,4.669941603024402,3.2,5.0,-0.43680350382214367,0.0,2,2.0,2,6,
GALAUSDT,0,5,S1|skew_bp=2/k=2/min_edge_bp=2/soft_limit_clips=12,4.669941603024402,3.2,5.0,-0.43680350382214367,0.0,2,2.0,2,12,
GALAUSDT,0,5,S1|skew_bp=2/k=2/min_edge_bp=4/soft_limit_clips=3,0.0,0.0,5.0,0.0,0.0,2,2.0,4,3,
GALAUSDT,0,5,S1|skew_bp=2/k=2/min_edge_bp=4/soft_limit_clips=6,0.0,0.0,5.0,0.0,0.0,2,2.0,4,6,
GALAUSDT,0,5,S1|skew_bp=2/k=2/min_edge_bp=4/soft_limit_clips=12,0.0,0.0,5.0,0.0,0.0,2,2.0,4,12,
GALAUSDT,0,5,S1|skew_bp=5/k=0/min_edge_bp=0/soft_limit_clips=3,-446.8136868835103,20819.4,5.0,-447.39182626839363,0.0,5,0.0,0,3,
GALAUSDT,0,5,S1|skew_bp=5/k=0/min_edge_bp=0/soft_limit_clips=6,-453.7804741569453,22099.4,5.0,-444.5423070669931,0.0,5,0.0,0,6,
GALAUSDT,0,5,S1|skew_bp=5/k=0/min_edge_bp=0/soft_limit_clips=12,-455.1132017753084,24679.8,5.0,-452.2257660243499,0.0,5,0.0,0,12,
GALAUSDT,0,5,S1|skew_bp=5/k=0/min_edge_bp=1/soft_limit_clips=3,-132.7946299535872,3918.8,5.0,-123.84554597469855,0.0,5,0.0,1,3,
GALAUSDT,0,5,S1|skew_bp=5/k=0/min_edge_bp=1/soft_limit_clips=6,-123.8261365346768,3170.8,5.0,-108.20205499854464,0.0,5,0.0,1,6,
GALAUSDT,0,5,S1|skew_bp=5/k=0/min_edge_bp=1/soft_limit_clips=12,-128.3468237618122,3197.8,5.0,-99.95951957298385,0.0,5,0.0,1,12,
GALAUSDT,0,5,S1|skew_bp=5/k=0/min_edge_bp=2/soft_limit_clips=3,-105.00208027328135,2934.6,5.0,-93.79491101529365,0.0,5,0.0,2,3,
GALAUSDT,0,5,S1|skew_bp=5/k=0/min_edge_bp=2/soft_limit_clips=6,-107.70451540578401,2504.2,5.0,-83.52644654656766,0.0,5,0.0,2,6,
GALAUSDT,0,5,S1|skew_bp=5/k=0/min_edge_bp=2/soft_limit_clips=12,-108.23244960081126,2375.4,5.0,-77.39723333897443,0.0,5,0.0,2,12,
GALAUSDT,0,5,S1|skew_bp=5/k=0/min_edge_bp=4/soft_limit_clips=3,-60.47309775750123,1367.6,5.0,-43.00409910378695,0.0,5,0.0,4,3,
GALAUSDT,0,5,S1|skew_bp=5/k=0/min_edge_bp=4/soft_limit_clips=6,-65.90586722834547,1185.2,5.0,-33.73918144869268,0.0,5,0.0,4,6,
GALAUSDT,0,5,S1|skew_bp=5/k=0/min_edge_bp=4/soft_limit_clips=12,-63.745307246152194,1054.2,5.0,-32.65839440803563,0.0,5,0.0,4,12,
GALAUSDT,0,5,S1|skew_bp=5/k=0.5/min_edge_bp=0/soft_limit_clips=3,-39.379819626493315,425.4,5.0,-13.070448461050784,0.0,5,0.5,0,3,
GALAUSDT,0,5,S1|skew_bp=5/k=0.5/min_edge_bp=0/soft_limit_clips=6,-23.415957848694145,499.8,5.0,-10.830028681572658,0.0,5,0.5,0,6,
GALAUSDT,0,5,S1|skew_bp=5/k=0.5/min_edge_bp=0/soft_limit_clips=12,-17.063019331225743,522.6,5.0,-11.414143145976468,0.0,5,0.5,0,12,
GALAUSDT,0,5,S1|skew_bp=5/k=0.5/min_edge_bp=1/soft_limit_clips=3,-20.843544255187947,357.2,5.0,-8.073682593253332,0.0,5,0.5,1,3,
GALAUSDT,0,5,S1|skew_bp=5/k=0.5/min_edge_bp=1/soft_limit_clips=6,-14.183478078037083,331.2,5.0,-8.532467833968035,0.0,5,0.5,1,6,
GALAUSDT,0,5,S1|skew_bp=5/k=0.5/min_edge_bp=1/soft_limit_clips=12,15.72456925626916,361.6,5.0,-7.7501294017934015,0.0,5,0.5,1,12,24.88130398331591
GALAUSDT,0,5,S1|skew_bp=5/k=0.5/min_edge_bp=2/soft_limit_clips=3,-6.643419216674045,285.0,5.0,-5.700331916878304,0.0,5,0.5,2,3,
GALAUSDT,0,5,S1|skew_bp=5/k=0.5/min_edge_bp=2/soft_limit_clips=6,25.44028778301073,247.2,5.0,-5.975173007335623,0.0,5,0.5,2,6,
GALAUSDT,0,5,S1|skew_bp=5/k=0.5/min_edge_bp=2/soft_limit_clips=12,42.48783082112708,243.8,5.0,-6.2831434445667975,0.0,5,0.5,2,12,26.14110972116247
GALAUSDT,0,5,S1|skew_bp=5/k=0.5/min_edge_bp=4/soft_limit_clips=3,2.438330530473426,183.8,5.0,-2.097951501235478,0.0,5,0.5,4,3,
GALAUSDT,0,5,S1|skew_bp=5/k=0.5/min_edge_bp=4/soft_limit_clips=6,13.690475678197577,162.4,5.0,-2.3392116810110664,0.0,5,0.5,4,6,
GALAUSDT,0,5,S1|skew_bp=5/k=0.5/min_edge_bp=4/soft_limit_clips=12,34.64757601777892,167.0,5.0,-2.6227578595791363,0.0,5,0.5,4,12,27.640930990899133
GALAUSDT,0,5,S1|skew_bp=5/k=1/min_edge_bp=0/soft_limit_clips=3,12.954078612408605,150.6,5.0,-1.8208271490318793,0.0,5,1.0,0,3,
GALAUSDT,0,5,S1|skew_bp=5/k=1/min_edge_bp=0/soft_limit_clips=6,23.662361518241863,150.6,5.0,-1.8481714798401747,0.0,5,1.0,0,6,
GALAUSDT,0,5,S1|skew_bp=5/k=1/min_edge_bp=0/soft_limit_clips=12,53.209558162581025,170.0,5.0,-2.210533440039595,0.0,5,1.0,0,12,18.85372458064357
GALAUSDT,0,5,S1|skew_bp=5/k=1/min_edge_bp=1/soft_limit_clips=3,23.24360916817452,137.0,5.0,-0.9567825326614052,0.0,5,1.0,1,3,
GALAUSDT,0,5,S1|skew_bp=5/k=1/min_edge_bp=1/soft_limit_clips=6,40.43429589915358,165.4,5.0,-1.2474205601003991,0.0,5,1.0,1,6,
GALAUSDT,0,5,S1|skew_bp=5/k=1/min_edge_bp=1/soft_limit_clips=12,44.51458225312996,132.0,5.0,-1.6562598098120014,0.0,5,1.0,1,12,24.88130398331591
GALAUSDT,0,5,S1|skew_bp=5/k=1/min_edge_bp=2/soft_limit_clips=3,28.277761820482077,94.6,5.0,-1.3432288264136385,0.0,5,1.0,2,3,
GALAUSDT,0,5,S1|skew_bp=5/k=1/min_edge_bp=2/soft_limit_clips=6,17.283861518293985,92.6,5.0,-1.571893642417138,0.0,5,1.0,2,6,
GALAUSDT,0,5,S1|skew_bp=5/k=1/min_edge_bp=2/soft_limit_clips=12,25.33408932444675,120.8,5.0,-2.015365165862005,0.0,5,1.0,2,12,
GALAUSDT,0,5,S1|skew_bp=5/k=1/min_edge_bp=4/soft_limit_clips=3,13.191350502539274,77.0,5.0,-0.9943028864651072,0.0,5,1.0,4,3,
GALAUSDT,0,5,S1|skew_bp=5/k=1/min_edge_bp=4/soft_limit_clips=6,15.138085293002021,76.8,5.0,-0.6342926941110959,0.0,5,1.0,4,6,
GALAUSDT,0,5,S1|skew_bp=5/k=1/min_edge_bp=4/soft_limit_clips=12,17.368299154739844,76.8,5.0,-0.737599676387082,0.0,5,1.0,4,12,
GALAUSDT,0,5,S1|skew_bp=5/k=2/min_edge_bp=0/soft_limit_clips=3,4.281424996959133,29.8,5.0,-1.0514420090872028,0.0,5,2.0,0,3,
GALAUSDT,0,5,S1|skew_bp=5/k=2/min_edge_bp=0/soft_limit_clips=6,4.281424996959133,29.8,5.0,-1.0514420090872028,0.0,5,2.0,0,6,
GALAUSDT,0,5,S1|skew_bp=5/k=2/min_edge_bp=0/soft_limit_clips=12,4.281424996959133,29.8,5.0,-1.0514420090872028,0.0,5,2.0,0,12,
GALAUSDT,0,5,S1|skew_bp=5/k=2/min_edge_bp=1/soft_limit_clips=3,4.669941603024402,3.2,5.0,-0.43680350382214367,0.0,5,2.0,1,3,
GALAUSDT,0,5,S1|skew_bp=5/k=2/min_edge_bp=1/soft_limit_clips=6,4.669941603024402,3.2,5.0,-0.43680350382214367,0.0,5,2.0,1,6,
GALAUSDT,0,5,S1|skew_bp=5/k=2/min_edge_bp=1/soft_limit_clips=12,4.669941603024402,3.2,5.0,-0.43680350382214367,0.0,5,2.0,1,12,
GALAUSDT,0,5,S1|skew_bp=5/k=2/min_edge_bp=2/soft_limit_clips=3,4.669941603024402,3.2,5.0,-0.43680350382214367,0.0,5,2.0,2,3,
GALAUSDT,0,5,S1|skew_bp=5/k=2/min_edge_bp=2/soft_limit_clips=6,4.669941603024402,3.2,5.0,-0.43680350382214367,0.0,5,2.0,2,6,
GALAUSDT,0,5,S1|skew_bp=5/k=2/min_edge_bp=2/soft_limit_clips=12,4.669941603024402,3.2,5.0,-0.43680350382214367,0.0,5,2.0,2,12,
GALAUSDT,0,5,S1|skew_bp=5/k=2/min_edge_bp=4/soft_limit_clips=3,0.0,0.0,5.0,0.0,0.0,5,2.0,4,3,
GALAUSDT,0,5,S1|skew_bp=5/k=2/min_edge_bp=4/soft_limit_clips=6,0.0,0.0,5.0,0.0,0.0,5,2.0,4,6,
GALAUSDT,0,5,S1|skew_bp=5/k=2/min_edge_bp=4/soft_limit_clips=12,0.0,0.0,5.0,0.0,0.0,5,2.0,4,12,
GALAUSDT,0,5,S1|skew_bp=10/k=0/min_edge_bp=0/soft_limit_clips=3,-444.45915596601,20065.6,5.0,-447.40676191943794,0.0,10,0.0,0,3,
GALAUSDT,0,5,S1|skew_bp=10/k=0/min_edge_bp=0/soft_limit_clips=6,-446.042599171176,20788.4,5.0,-446.53279426229847,0.0,10,0.0,0,6,
GALAUSDT,0,5,S1|skew_bp=10/k=0/min_edge_bp=0/soft_limit_clips=12,-453.7804741569453,22099.4,5.0,-444.5423070669931,0.0,10,0.0,0,12,
GALAUSDT,0,5,S1|skew_bp=10/k=0/min_edge_bp=1/soft_limit_clips=3,-151.53328900695223,4549.8,5.0,-145.66046437896358,0.0,10,0.0,1,3,
GALAUSDT,0,5,S1|skew_bp=10/k=0/min_edge_bp=1/soft_limit_clips=6,-132.44751488318704,3918.8,5.0,-123.28783690429857,0.0,10,0.0,1,6,
GALAUSDT,0,5,S1|skew_bp=10/k=0/min_edge_bp=1/soft_limit_clips=12,-123.8261365346768,3170.8,5.0,-108.20205499854464,0.0,10,0.0,1,12,
GALAUSDT,0,5,S1|skew_bp=10/k=0/min_edge_bp=2/soft_limit_clips=3,-113.94567229630725,3454.8,5.0,-113.05098049168855,0.0,10,0.0,2,3,
GALAUSDT,0,5,S1|skew_bp=10/k=0/min_edge_bp=2/soft_limit_clips=6,-105.70580635565014,2957.0,5.0,-92.69004796112924,0.0,10,0.0,2,6,
GALAUSDT,0,5,S1|skew_bp=10/k=0/min_edge_bp=2/soft_limit_clips=12,-107.70451540578401,2504.2,5.0,-83.52644654656766,0.0,10,0.0,2,12,
GALAUSDT,0,5,S1|skew_bp=10/k=0/min_edge_bp=4/soft_limit_clips=3,-65.15987578999898,2037.0,5.0,-55.72897563273962,0.0,10,0.0,4,3,
GALAUSDT,0,5,S1|skew_bp=10/k=0/min_edge_bp=4/soft_limit_clips=6,-58.81966638251205,1342.8,5.0,-42.137608336822176,0.0,10,0.0,4,6,
GALAUSDT,0,5,S1|skew_bp=10/k=0/min_edge_bp=4/soft_limit_clips=12,-65.90586722834547,1185.2,5.0,-33.73918144869268,0.0,10,0.0,4,12,
GALAUSDT,0,5,S1|skew_bp=10/k=0.5/min_edge_bp=0/soft_limit_clips=3,-36.731222897779645,647.6,5.0,-18.134927102357782,0.0,10,0.5,0,3,
GALAUSDT,0,5,S1|skew_bp=10/k=0.5/min_edge_bp=0/soft_limit_clips=6,-40.836003457721276,478.6,5.0,-13.393891539136115,0.0,10,0.5,0,6,
GALAUSDT,0,5,S1|skew_bp=10/k=0.5/min_edge_bp=0/soft_limit_clips=12,-23.415957848694145,499.8,5.0,-10.830028681572658,0.0,10,0.5,0,12,
GALAUSDT,0,5,S1|skew_bp=10/k=0.5/min_edge_bp=1/soft_limit_clips=3,-17.97784258879163,544.4,5.0,-9.846961015001797,0.0,10,0.5,1,3,
GALAUSDT,0,5,S1|skew_bp=10/k=0.5/min_edge_bp=1/soft_limit_clips=6,-20.843544255187947,357.2,5.0,-8.073682593253332,0.0,10,0.5,1,6,
GALAUSDT,0,5,S1|skew_bp=10/k=0.5/min_edge_bp=1/soft_limit_clips=12,-14.183478078037083,331.2,5.0,-8.532467833968035,0.0,10,0.5,1,12,
GALAUSDT,0,5,S1|skew_bp=10/k=0.5/min_edge_bp=2/soft_limit_clips=3,-10.519293977044144,419.6,5.0,-7.317059667579973,0.0,10,0.5,2,3,
GALAUSDT,0,5,S1|skew_bp=10/k=0.5/min_edge_bp=2/soft_limit_clips=6,-6.643419216674045,285.0,5.0,-5.700331916878304,0.0,10,0.5,2,6,
GALAUSDT,0,5,S1|skew_bp=10/k=0.5/min_edge_bp=2/soft_limit_clips=12,25.44028778301073,247.2,5.0,-5.975173007335623,0.0,10,0.5,2,12,
GALAUSDT,0,5,S1|skew_bp=10/k=0.5/min_edge_bp=4/soft_limit_clips=3,-8.184613253098082,195.2,5.0,-4.272456934116254,0.0,10,0.5,4,3,
GALAUSDT,0,5,S1|skew_bp=10/k=0.5/min_edge_bp=4/soft_limit_clips=6,2.438330530473426,183.8,5.0,-2.097951501235478,0.0,10,0.5,4,6,
GALAUSDT,0,5,S1|skew_bp=10/k=0.5/min_edge_bp=4/soft_limit_clips=12,13.690475678197577,162.4,5.0,-2.3392116810110664,0.0,10,0.5,4,12,
GALAUSDT,0,5,S1|skew_bp=10/k=1/min_edge_bp=0/soft_limit_clips=3,2.7258769508697,157.4,5.0,-3.0768048017038616,0.0,10,1.0,0,3,
GALAUSDT,0,5,S1|skew_bp=10/k=1/min_edge_bp=0/soft_limit_clips=6,15.757392064486229,153.2,5.0,-1.8665766701466506,0.0,10,1.0,0,6,
GALAUSDT,0,5,S1|skew_bp=10/k=1/min_edge_bp=0/soft_limit_clips=12,24.481104511575925,151.2,5.0,-1.7415824865061467,0.0,10,1.0,0,12,
GALAUSDT,0,5,S1|skew_bp=10/k=1/min_edge_bp=1/soft_limit_clips=3,1.5564971483321357,73.0,5.0,-1.904925838236243,0.0,10,1.0,1,3,
GALAUSDT,0,5,S1|skew_bp=10/k=1/min_edge_bp=1/soft_limit_clips=6,23.24360916817452,137.0,5.0,-0.9567825326614052,0.0,10,1.0,1,6,
GALAUSDT,0,5,S1|skew_bp=10/k=1/min_edge_bp=1/soft_limit_clips=12,40.43429589915358,165.4,5.0,-1.2474205601003991,0.0,10,1.0,1,12,
GALAUSDT,0,5,S1|skew_bp=10/k=1/min_edge_bp=2/soft_limit_clips=3,13.95525792326912,82.8,5.0,-1.678769812007382,0.0,10,1.0,2,3,
GALAUSDT,0,5,S1|skew_bp=10/k=1/min_edge_bp=2/soft_limit_clips=6,28.277761820482077,94.6,5.0,-1.3432288264136385,0.0,10,1.0,2,6,
GALAUSDT,0,5,S1|skew_bp=10/k=1/min_edge_bp=2/soft_limit_clips=12,17.283861518293985,92.6,5.0,-1.571893642417138,0.0,10,1.0,2,12,
GALAUSDT,0,5,S1|skew_bp=10/k=1/min_edge_bp=4/soft_limit_clips=3,5.510416951125054,51.4,5.0,-0.7727945139318642,0.0,10,1.0,4,3,
GALAUSDT,0,5,S1|skew_bp=10/k=1/min_edge_bp=4/soft_limit_clips=6,13.191350502539274,77.0,5.0,-0.9943028864651072,0.0,10,1.0,4,6,
GALAUSDT,0,5,S1|skew_bp=10/k=1/min_edge_bp=4/soft_limit_clips=12,15.138085293002021,76.8,5.0,-0.6342926941110959,0.0,10,1.0,4,12,
GALAUSDT,0,5,S1|skew_bp=10/k=2/min_edge_bp=0/soft_limit_clips=3,4.435755062311182,30.0,5.0,-1.0469279437351644,0.0,10,2.0,0,3,
GALAUSDT,0,5,S1|skew_bp=10/k=2/min_edge_bp=0/soft_limit_clips=6,4.281424996959133,29.8,5.0,-1.0514420090872028,0.0,10,2.0,0,6,
GALAUSDT,0,5,S1|skew_bp=10/k=2/min_edge_bp=0/soft_limit_clips=12,4.281424996959133,29.8,5.0,-1.0514420090872028,0.0,10,2.0,0,12,
GALAUSDT,0,5,S1|skew_bp=10/k=2/min_edge_bp=1/soft_limit_clips=3,4.669941603024402,3.2,5.0,-0.43680350382214367,0.0,10,2.0,1,3,
GALAUSDT,0,5,S1|skew_bp=10/k=2/min_edge_bp=1/soft_limit_clips=6,4.669941603024402,3.2,5.0,-0.43680350382214367,0.0,10,2.0,1,6,
GALAUSDT,0,5,S1|skew_bp=10/k=2/min_edge_bp=1/soft_limit_clips=12,4.669941603024402,3.2,5.0,-0.43680350382214367,0.0,10,2.0,1,12,
GALAUSDT,0,5,S1|skew_bp=10/k=2/min_edge_bp=2/soft_limit_clips=3,4.669941603024402,3.2,5.0,-0.43680350382214367,0.0,10,2.0,2,3,
GALAUSDT,0,5,S1|skew_bp=10/k=2/min_edge_bp=2/soft_limit_clips=6,4.669941603024402,3.2,5.0,-0.43680350382214367,0.0,10,2.0,2,6,
GALAUSDT,0,5,S1|skew_bp=10/k=2/min_edge_bp=2/soft_limit_clips=12,4.669941603024402,3.2,5.0,-0.43680350382214367,0.0,10,2.0,2,12,
GALAUSDT,0,5,S1|skew_bp=10/k=2/min_edge_bp=4/soft_limit_clips=3,0.0,0.0,5.0,0.0,0.0,10,2.0,4,3,
GALAUSDT,0,5,S1|skew_bp=10/k=2/min_edge_bp=4/soft_limit_clips=6,0.0,0.0,5.0,0.0,0.0,10,2.0,4,6,
GALAUSDT,0,5,S1|skew_bp=10/k=2/min_edge_bp=4/soft_limit_clips=12,0.0,0.0,5.0,0.0,0.0,10,2.0,4,12,
GALAUSDT,1,12,S1|skew_bp=2/k=0.5/min_edge_bp=1/soft_limit_clips=12,72.68955864547542,345.5,12.0,-12.108502415890383,0.0,2,0.5,1,12,24.88130398331591
GALAUSDT,1,12,S1|skew_bp=2/k=0.5/min_edge_bp=2/soft_limit_clips=12,72.42567717327812,255.83333333333334,12.0,-11.384863954473838,0.0,2,0.5,2,12,26.14110972116247
GALAUSDT,1,12,S1|skew_bp=2/k=0.5/min_edge_bp=4/soft_limit_clips=12,48.72816735461194,158.5,12.0,-5.384632508172352,0.0,2,0.5,4,12,27.640930990899133
GALAUSDT,1,12,S1|skew_bp=2/k=0.5/min_edge_bp=0/soft_limit_clips=12,57.939359925452955,474.25,12.0,-16.7010003195651,0.0,2,0.5,0,12,18.85372458064357
GALAUSDT,1,12,S1|skew_bp=2/k=1/min_edge_bp=0/soft_limit_clips=12,40.593317933876186,118.41666666666667,12.0,-4.663046918783833,0.0,2,1.0,0,12,18.85372458064357
GALAUSDT,1,12,S1|skew_bp=5/k=1/min_edge_bp=0/soft_limit_clips=12,34.44183925295646,122.58333333333333,12.0,-4.487806116778858,0.0,5,1.0,0,12,18.85372458064357
GALAUSDT,1,12,S1|skew_bp=2/k=1/min_edge_bp=1/soft_limit_clips=6,36.01654673291422,108.08333333333333,12.0,-3.192150097089312,0.0,2,1.0,1,6,20.621855705996023
GALAUSDT,1,12,S1|skew_bp=2/k=0.5/min_edge_bp=4/soft_limit_clips=6,36.05053247727587,167.41666666666666,12.0,-5.22984725306699,0.0,2,0.5,4,6,26.14110972116247
GALAUSDT,1,12,S1|skew_bp=2/k=0.5/min_edge_bp=2/soft_limit_clips=6,38.906459223791295,249.58333333333334,12.0,-9.540875076169492,0.0,2,0.5,2,6,24.92342265757263
GALAUSDT,1,12,S1|skew_bp=2/k=1/min_edge_bp=0/soft_limit_clips=6,32.60422391606581,122.08333333333333,12.0,-4.35472574740018,0.0,2,1.0,0,6,18.85372458064357
GALAUSDT,1,12,S1|skew_bp=5/k=1/min_edge_bp=1/soft_limit_clips=12,29.479417508874842,112.0,12.0,-3.4446429737537136,0.0,5,1.0,1,12,24.88130398331591
GALAUSDT,1,12,S1|skew_bp=5/k=0.5/min_edge_bp=2/soft_limit_clips=12,38.02183218245573,264.25,12.0,-9.605828919253264,0.0,5,0.5,2,12,26.14110972116247
GALAUSDT,1,12,S1|skew_bp=2/k=1/min_edge_bp=1/soft_limit_clips=12,33.132199331786474,113.58333333333333,12.0,-3.318679825220169,0.0,2,1.0,1,12,24.88130398331591
GALAUSDT,1,12,S1|skew_bp=5/k=1/min_edge_bp=1/soft_limit_clips=6,27.550400977975173,127.66666666666667,12.0,-3.3987946075562774,0.0,5,1.0,1,6,
GALAUSDT,1,12,S1|skew_bp=10/k=1/min_edge_bp=1/soft_limit_clips=12,27.819384574889664,127.91666666666667,12.0,-3.4188610106417734,0.0,10,1.0,1,12,
GALAUSDT,1,12,S1|skew_bp=2/k=1/min_edge_bp=1/soft_limit_clips=3,27.65766298229769,98.66666666666667,12.0,-3.115456717637357,0.0,2,1.0,1,3,
GALAUSDT,1,12,S1|skew_bp=5/k=0.5/min_edge_bp=4/soft_limit_clips=12,38.61947804112344,155.58333333333334,12.0,-4.818553569612518,0.0,5,0.5,4,12,27.640930990899133
GALAUSDT,1,12,S1|skew_bp=2/k=1/min_edge_bp=2/soft_limit_clips=3,26.399759299833494,93.83333333333333,12.0,-2.7487735385117635,0.0,2,1.0,2,3,
GALAUSDT,1,12,S1|skew_bp=5/k=1/min_edge_bp=2/soft_limit_clips=3,18.009985653925423,101.08333333333333,12.0,-3.3846503684181655,0.0,5,1.0,2,3,
GALAUSDT,1,12,S1|skew_bp=10/k=1/min_edge_bp=2/soft_limit_clips=6,18.459804643062746,113.25,12.0,-3.4383950611994933,0.0,10,1.0,2,6,
GALAUSDT,1,12,S1|skew_bp=2/k=0.5/min_edge_bp=4/soft_limit_clips=3,25.43649526425658,139.75,12.0,-4.520500544779267,0.0,2,0.5,4,3,
GALAUSDT,1,12,S1|skew_bp=5/k=0.5/min_edge_bp=2/soft_limit_clips=6,29.22601411039625,280.5833333333333,12.0,-10.180602290931686,0.0,5,0.5,2,6,
GALAUSDT,1,12,S1|skew_bp=10/k=0.5/min_edge_bp=2/soft_limit_clips=12,29.22601411039625,280.5833333333333,12.0,-10.180602290931686,0.0,10,0.5,2,12,
GALAUSDT,1,12,S1|skew_bp=2/k=1/min_edge_bp=2/soft_limit_clips=6,22.64525901318832,102.0,12.0,-3.254420801420027,0.0,2,1.0,2,6,
GALAUSDT,1,12,S1|skew_bp=5/k=1/min_edge_bp=2/soft_limit_clips=12,24.99732136742837,102.25,12.0,-3.1286451138465607,0.0,5,1.0,2,12,
GALAUSDT,1,12,S1|skew_bp=2/k=1/min_edge_bp=2/soft_limit_clips=12,23.069473902616746,102.58333333333333,12.0,-3.5240925786582333,0.0,2,1.0,2,12,
GALAUSDT,1,12,S1|skew_bp=10/k=1/min_edge_bp=0/soft_limit_clips=12,16.374092085240445,119.75,12.0,-4.247152538058355,0.0,10,1.0,0,12,
GALAUSDT,1,12,S1|skew_bp=2/k=0.5/min_edge_bp=1/soft_limit_clips=6,29.32041047336921,361.8333333333333,12.0,-11.732546768513119,0.0,2,0.5,1,6,
GALAUSDT,1,12,S1|skew_bp=5/k=1/min_edge_bp=0/soft_limit_clips=6,15.890760096936715,119.16666666666667,12.0,-4.311370359695373,0.0,5,1.0,0,6,
GALAUSDT,1,12,S1|skew_bp=2/k=1/min_edge_bp=0/soft_limit_clips=3,16.564281549429467,97.5,12.0,-3.5965201838582623,0.0,2,1.0,0,3,
GALAUSDT,1,12,S1|skew_bp=5/k=1/min_edge_bp=1/soft_limit_clips=3,14.67808715935631,115.58333333333333,12.0,-3.1585171714772042,0.0,5,1.0,1,3,
GALAUSDT,1,12,S1|skew_bp=10/k=1/min_edge_bp=1/soft_limit_clips=6,15.013641305271529,127.66666666666667,12.0,-3.2124071922286777,0.0,10,1.0,1,6,
GALAUSDT,1,12,S1|skew_bp=2/k=0.5/min_edge_bp=2/soft_limit_clips=3,30.132207699684134,245.33333333333334,12.0,-7.336039942975603,0.0,2,0.5,2,3,22.16379564998941
GALAUSDT,1,12,S1|skew_bp=5/k=1/min_edge_bp=4/soft_limit_clips=12,21.727266407248536,60.75,12.0,-2.4251651149823017,0.0,5,1.0,4,12,
GALAUSDT,1,12,S1|skew_bp=2/k=1/min_edge_bp=4/soft_limit_clips=6,21.82997285924506,60.833333333333336,12.0,-2.4613091347762395,0.0,2,1.0,4,6,
GALAUSDT,1,12,S1|skew_bp=5/k=1/min_edge_bp=2/soft_limit_clips=6,20.65685449112206,90.08333333333333,12.0,-3.012879297549438,0.0,5,1.0,2,6,
GALAUSDT,1,12,S1|skew_bp=10/k=1/min_edge_bp=2/soft_limit_clips=12,20.925838088036624,101.41666666666667,12.0,-3.0329457006349343,0.0,10,1.0,2,12,
GALAUSDT,1,12,S1|skew_bp=10/k=1/min_edge_bp=0/soft_limit_clips=6,12.614323020056508,151.5,12.0,-4.4277723421974775,0.0,10,1.0,0,6,
GALAUSDT,1,12,S1|skew_bp=5/k=0.5/min_edge_bp=1/soft_limit_clips=12,31.523954357915752,359.75,12.0,-11.817448293550084,0.0,5,0.5,1,12,24.88130398331591
GALAUSDT,1,12,S1|skew_bp=2/k=1/min_edge_bp=4/soft_limit_clips=12,21.336253135194124,65.66666666666667,12.0,-2.5452141807450936,0.0,2,1.0,4,12,
GALAUSDT,1,12,S1|skew_bp=5/k=1/min_edge_bp=4/soft_limit_clips=6,21.599944560309808,60.416666666666664,12.0,-2.2073949435819236,0.0,5,1.0,4,6,
GALAUSDT,1,12,S1|skew_bp=10/k=1/min_edge_bp=4/soft_limit_clips=12,21.599944560309808,60.416666666666664,12.0,-2.2073949435819236,0.0,10,1.0,4,12,
GALAUSDT,1,12,S1|skew_bp=10/k=1/min_edge_bp=2/soft_limit_clips=3,9.127594578026667,112.5,12.0,-3.172151439196268,0.0,10,1.0,2,3,
GALAUSDT,1,12,S1|skew_bp=5/k=0.5/min_edge_bp=4/soft_limit_clips=6,19.053677864627964,145.16666666666666,12.0,-5.147326331406204,0.0,5,0.5,4,6,
GALAUSDT,1,12,S1|skew_bp=10/k=0.5/min_edge_bp=4/soft_limit_clips=12,19.32074889084354,145.58333333333334,12.0,-5.1467878051905975,0.0,10,0.5,4,12,
GALAUSDT,1,12,S1|skew_bp=2/k=1/min_edge_bp=4/soft_limit_clips=3,20.89561036257297,60.416666666666664,12.0,-2.31817129336545,0.0,2,1.0,4,3,
GALAUSDT,1,12,S1|skew_bp=5/k=1/min_edge_bp=4/soft_limit_clips=3,18.873510881563448,61.416666666666664,12.0,-2.0135857368662893,0.0,5,1.0,4,3,
GALAUSDT,1,12,S1|skew_bp=10/k=1/min_edge_bp=4/soft_limit_clips=6,18.873510881563448,61.416666666666664,12.0,-2.0135857368662893,0.0,10,1.0,4,6,
GALAUSDT,2,25,S1|skew_bp=2/k=0.5/min_edge_bp=1/soft_limit_clips=12,56.93149804326529,434.8,25.0,-11.07062986431145,0.0,2,0.5,1,12,24.88130398331591
GALAUSDT,2,25,S1|skew_bp=2/k=0.5/min_edge_bp=2/soft_limit_clips=12,51.767103971648176,346.6,25.0,-9.199338884249364,0.0,2,0.5,2,12,26.14110972116247
GALAUSDT,2,25,S1|skew_bp=2/k=0.5/min_edge_bp=0/soft_limit_clips=12,47.14148971430912,569.44,25.0,-15.256124027737028,0.0,2,0.5,0,12,18.85372458064357
GALAUSDT,2,25,S1|skew_bp=2/k=0.5/min_edge_bp=4/soft_limit_clips=12,21.72277119815699,214.92,25.0,-4.7554188765176315,0.0,2,0.5,4,12,27.640930990899133
GALAUSDT,2,25,S1|skew_bp=2/k=1/min_edge_bp=0/soft_limit_clips=12,17.39724768483275,164.88,25.0,-4.593285895210551,0.0,2,1.0,0,12,18.85372458064357
GALAUSDT,2,25,S1|skew_bp=2/k=0.5/min_edge_bp=2/soft_limit_clips=6,30.767231336801586,353.24,25.0,-8.42428047805729,0.0,2,0.5,2,6,24.92342265757263
GALAUSDT,2,25,S1|skew_bp=5/k=0.5/min_edge_bp=4/soft_limit_clips=12,26.14110972116247,220.84,25.0,-4.211855498889379,0.0,5,0.5,4,12,27.640930990899133
GALAUSDT,2,25,S1|skew_bp=5/k=0.5/min_edge_bp=2/soft_limit_clips=12,29.140752260635796,354.48,25.0,-7.8237738284152485,0.0,5,0.5,2,12,26.14110972116247
GALAUSDT,2,25,S1|skew_bp=2/k=0.5/min_edge_bp=4/soft_limit_clips=6,23.705735593982794,233.44,25.0,-4.6251944002385486,0.0,2,0.5,4,6,26.14110972116247
GALAUSDT,2,25,S1|skew_bp=2/k=1/min_edge_bp=1/soft_limit_clips=6,20.621855705996023,149.4,25.0,-3.0909353119908287,0.0,2,1.0,1,6,20.621855705996023
GALAUSDT,2,25,S1|skew_bp=5/k=1/min_edge_bp=0/soft_limit_clips=12,18.85372458064357,172.88,25.0,-4.126042457805145,0.0,5,1.0,0,12,18.85372458064357
GALAUSDT,2,25,S1|skew_bp=2/k=1/min_edge_bp=1/soft_limit_clips=12,17.497954467416854,152.72,25.0,-3.2937166302680314,0.0,2,1.0,1,12,24.88130398331591
GALAUSDT,2,25,S1|skew_bp=2/k=1/min_edge_bp=0/soft_limit_clips=6,17.879227419914596,171.12,25.0,-4.225754577331708,0.0,2,1.0,0,6,18.85372458064357
GALAUSDT,2,25,S1|skew_bp=5/k=0.5/min_edge_bp=1/soft_limit_clips=12,31.24385834198436,445.44,25.0,-10.640479310841899,0.0,5,0.5,1,12,24.88130398331591
GALAUSDT,2,25,S1|skew_bp=2/k=0.5/min_edge_bp=2/soft_limit_clips=3,18.93399241424834,326.8,25.0,-7.147432495467843,0.0,2,0.5,2,3,22.16379564998941
GALAUSDT,2,25,S1|skew_bp=5/k=1/min_edge_bp=1/soft_limit_clips=12,18.02629586933632,148.56,25.0,-3.0821208343523976,0.0,5,1.0,1,12,24.88130398331591
JTOUSDT,0,5,S1|skew_bp=2/k=0/min_edge_bp=0/soft_limit_clips=3,-376.1976529418945,13470.0,5.0,-377.39210675300865,0.0,2,0.0,0,3,
JTOUSDT,0,5,S1|skew_bp=2/k=0/min_edge_bp=0/soft_limit_clips=6,-411.0512065859566,14973.8,5.0,-417.54494728102765,0.0,2,0.0,0,6,
JTOUSDT,0,5,S1|skew_bp=2/k=0/min_edge_bp=0/soft_limit_clips=12,-443.409644726229,16360.4,5.0,-460.0102738867893,0.0,2,0.0,0,12,
JTOUSDT,0,5,S1|skew_bp=2/k=0/min_edge_bp=1/soft_limit_clips=3,-78.83324574410474,1924.2,5.0,-82.43879235732484,0.0,2,0.0,1,3,
JTOUSDT,0,5,S1|skew_bp=2/k=0/min_edge_bp=1/soft_limit_clips=6,-79.91938959546243,1646.2,5.0,-78.19348118506909,0.0,2,0.0,1,6,
JTOUSDT,0,5,S1|skew_bp=2/k=0/min_edge_bp=1/soft_limit_clips=12,-80.27176641310754,1470.2,5.0,-78.4708747031,0.0,2,0.0,1,12,
JTOUSDT,0,5,S1|skew_bp=2/k=0/min_edge_bp=2/soft_limit_clips=3,-54.307903555936335,1228.8,5.0,-61.658688232254235,0.0,2,0.0,2,3,
JTOUSDT,0,5,S1|skew_bp=2/k=0/min_edge_bp=2/soft_limit_clips=6,-57.251655623461474,1189.4,5.0,-58.79924530475718,0.0,2,0.0,2,6,
JTOUSDT,0,5,S1|skew_bp=2/k=0/min_edge_bp=2/soft_limit_clips=12,-42.383440282536526,1128.8,5.0,-63.661801615446244,0.0,2,0.0,2,12,
JTOUSDT,0,5,S1|skew_bp=2/k=0/min_edge_bp=4/soft_limit_clips=3,-36.4948791918147,686.8,5.0,-35.957973010337966,0.0,2,0.0,4,3,
JTOUSDT,0,5,S1|skew_bp=2/k=0/min_edge_bp=4/soft_limit_clips=6,-27.069825681700593,733.8,5.0,-38.71016032274437,0.0,2,0.0,4,6,
JTOUSDT,0,5,S1|skew_bp=2/k=0/min_edge_bp=4/soft_limit_clips=12,-5.4351706887350035,766.8,5.0,-39.917149590591805,0.0,2,0.0,4,12,
JTOUSDT,0,5,S1|skew_bp=2/k=0.5/min_edge_bp=0/soft_limit_clips=3,-10.602206501144506,105.4,5.0,-7.602463160890144,0.0,2,0.5,0,3,
JTOUSDT,0,5,S1|skew_bp=2/k=0.5/min_edge_bp=0/soft_limit_clips=6,-6.803740652796245,116.8,5.0,-8.427878159762113,0.0,2,0.5,0,6,
JTOUSDT,0,5,S1|skew_bp=2/k=0.5/min_edge_bp=0/soft_limit_clips=12,-0.2327850803036732,136.4,5.0,-10.48396002922686,0.0,2,0.5,0,12,
JTOUSDT,0,5,S1|skew_bp=2/k=0.5/min_edge_bp=1/soft_limit_clips=3,-0.09121368785672992,77.8,5.0,-6.682289016544661,0.0,2,0.5,1,3,
JTOUSDT,0,5,S1|skew_bp=2/k=0.5/min_edge_bp=1/soft_limit_clips=6,7.335802776406669,91.0,5.0,-8.834815697392745,0.0,2,0.5,1,6,2.9784076595039872
JTOUSDT,0,5,S1|skew_bp=2/k=0.5/min_edge_bp=1/soft_limit_clips=12,16.299169514788936,98.0,5.0,-9.790353061201154,0.0,2,0.5,1,12,2.982837934511698
JTOUSDT,0,5,S1|skew_bp=2/k=0.5/min_edge_bp=2/soft_limit_clips=3,6.458257395891752,60.6,5.0,-6.821706192679727,0.0,2,0.5,2,3,1.1562509016085183
JTOUSDT,0,5,S1|skew_bp=2/k=0.5/min_edge_bp=2/soft_limit_clips=6,18.12667927249264,79.6,5.0,-7.885412766087091,0.0,2,0.5,2,6,3.8513571249927923
JTOUSDT,0,5,S1|skew_bp=2/k=0.5/min_edge_bp=2/soft_limit_clips=12,21.555862371166526,82.2,5.0,-8.104111845527898,0.0,2,0.5,2,12,5.61293795733705
JTOUSDT,0,5,S1|skew_bp=2/k=0.5/min_edge_bp=4/soft_limit_clips=3,1.2745288400660362,40.6,5.0,-4.257482678044539,0.0,2,0.5,4,3,
JTOUSDT,0,5,S1|skew_bp=2/k=0.5/min_edge_bp=4/soft_limit_clips=6,-0.26122012061745786,48.0,5.0,-6.775936580525958,0.0,2,0.5,4,6,
JTOUSDT,0,5,S1|skew_bp=2/k=0.5/min_edge_bp=4/soft_limit_clips=12,13.287624364236805,58.6,5.0,-6.507979417123221,0.0,2,0.5,4,12,7.903916922641715
JTOUSDT,0,5,S1|skew_bp=2/k=1/min_edge_bp=0/soft_limit_clips=3,-0.25604466223585,19.0,5.0,-2.730742113791774,0.0,2,1.0,0,3,
JTOUSDT,0,5,S1|skew_bp=2/k=1/min_edge_bp=0/soft_limit_clips=6,6.544497232386635,20.4,5.0,-2.9380702322796903,0.0,2,1.0,0,6,
JTOUSDT,0,5,S1|skew_bp=2/k=1/min_edge_bp=0/soft_limit_clips=12,14.493009017610808,21.4,5.0,-2.4471944469643736,0.0,2,1.0,0,12,2.4220266046254544
JTOUSDT,0,5,S1|skew_bp=2/k=1/min_edge_bp=1/soft_limit_clips=3,5.208545521709873,18.2,5.0,-1.866301759843751,0.0,2,1.0,1,3,
JTOUSDT,0,5,S1|skew_bp=2/k=1/min_edge_bp=1/soft_limit_clips=6,7.868584264321025,21.4,5.0,-2.620834352554797,0.0,2,1.0,1,6,2.9784076595039872
JTOUSDT,0,5,S1|skew_bp=2/k=1/min_edge_bp=1/soft_limit_clips=12,18.537685404037397,22.4,5.0,-2.0569945518132,0.0,2,1.0,1,12,
JTOUSDT,0,5,S1|skew_bp=2/k=1/min_edge_bp=2/soft_limit_clips=3,4.62674669246342,16.2,5.0,-1.5869703506155548,0.0,2,1.0,2,3,
JTOUSDT,0,5,S1|skew_bp=2/k=1/min_edge_bp=2/soft_limit_clips=6,10.399573845273704,16.0,5.0,-1.8842864851027934,0.0,2,1.0,2,6,
JTOUSDT,0,5,S1|skew_bp=2/k=1/min_edge_bp=2/soft_limit_clips=12,14.718019417945177,18.2,5.0,-1.2556847090004677,0.0,2,1.0,2,12,
JTOUSDT,0,5,S1|skew_bp=2/k=1/min_edge_bp=4/soft_limit_clips=3,2.203982227490443,13.6,5.0,-1.301341208004108,0.0,2,1.0,4,3,
JTOUSDT,0,5,S1|skew_bp=2/k=1/min_edge_bp=4/soft_limit_clips=6,9.497978860169503,14.8,5.0,-1.337233599399128,0.0,2,1.0,4,6,
JTOUSDT,0,5,S1|skew_bp=2/k=1/min_edge_bp=4/soft_limit_clips=12,19.381983292270114,15.6,5.0,-0.500095650510062,0.0,2,1.0,4,12,
JTOUSDT,0,5,S1|skew_bp=2/k=2/min_edge_bp=0/soft_limit_clips=3,0.7969513020221923,1.0,5.0,-0.25641133397379884,0.0,2,2.0,0,3,
JTOUSDT,0,5,S1|skew_bp=2/k=2/min_edge_bp=0/soft_limit_clips=6,3.2153769526192413,1.8,5.0,0.06496547362325364,0.0,2,2.0,0,6,
JTOUSDT,0,5,S1|skew_bp=2/k=2/min_edge_bp=0/soft_limit_clips=12,3.1890773126432572,1.6,5.0,-0.04298416635270293,0.0,2,2.0,0,12,
JTOUSDT,0,5,S1|skew_bp=2/k=2/min_edge_bp=1/soft_limit_clips=3,0.7706516620462465,0.8,5.0,-0.3643609739497555,0.0,2,2.0,1,3,
JTOUSDT,0,5,S1|skew_bp=2/k=2/min_edge_bp=1/soft_limit_clips=6,3.1890773126432572,1.6,5.0,-0.04298416635270293,0.0,2,2.0,1,6,
JTOUSDT,0,5,S1|skew_bp=2/k=2/min_edge_bp=1/soft_limit_clips=12,3.188841163536123,1.6,5.0,-0.04304031545985303,0.0,2,2.0,1,12,
JTOUSDT,0,5,S1|skew_bp=2/k=2/min_edge_bp=2/soft_limit_clips=3,0.8163289420578701,0.6,5.0,-0.33615862894211224,0.0,2,2.0,2,3,
JTOUSDT,0,5,S1|skew_bp=2/k=2/min_edge_bp=2/soft_limit_clips=6,3.2347545926549146,1.4,5.0,-0.01478182134505981,0.0,2,2.0,2,6,
JTOUSDT,0,5,S1|skew_bp=2/k=2/min_edge_bp=2/soft_limit_clips=12,3.2347545926549146,1.4,5.0,-0.01478182134505981,0.0,2,2.0,2,12,
JTOUSDT,0,5,S1|skew_bp=2/k=2/min_edge_bp=4/soft_limit_clips=3,0.8445832900578931,2.6,5.0,-0.30790428094211536,0.0,2,2.0,4,3,
JTOUSDT,0,5,S1|skew_bp=2/k=2/min_edge_bp=4/soft_limit_clips=6,0.5623851070136388,2.4,5.0,-0.37500246398635556,0.0,2,2.0,4,6,
JTOUSDT,0,5,S1|skew_bp=2/k=2/min_edge_bp=4/soft_limit_clips=12,0.5623851070136388,2.4,5.0,-0.37500246398635556,0.0,2,2.0,4,12,
JTOUSDT,0,5,S1|skew_bp=5/k=0/min_edge_bp=0/soft_limit_clips=3,-332.4668814410219,11893.0,5.0,-334.97463779466636,0.0,5,0.0,0,3,
JTOUSDT,0,5,S1|skew_bp=5/k=0/min_edge_bp=0/soft_limit_clips=6,-366.76576199634127,13018.4,5.0,-368.09747711658576,0.0,5,0.0,0,6,
JTOUSDT,0,5,S1|skew_bp=5/k=0/min_edge_bp=0/soft_limit_clips=12,-400.7045640902347,14512.0,5.0,-406.15187784297416,0.0,5,0.0,0,12,
JTOUSDT,0,5,S1|skew_bp=5/k=0/min_edge_bp=1/soft_limit_clips=3,-98.83259113801671,2599.8,5.0,-100.36608681160092,0.0,5,0.0,1,3,
JTOUSDT,0,5,S1|skew_bp=5/k=0/min_edge_bp=1/soft_limit_clips=6,-89.73936412792501,2138.8,5.0,-89.11796933424105,0.0,5,0.0,1,6,
JTOUSDT,0,5,S1|skew_bp=5/k=0/min_edge_bp=1/soft_limit_clips=12,-76.73169419171313,1754.4,5.0,-77.64279957207116,0.0,5,0.0,1,12,
JTOUSDT,0,5,S1|skew_bp=5/k=0/min_edge_bp=2/soft_limit_clips=3,-67.34315547376147,1678.0,5.0,-70.53976152643651,0.0,5,0.0,2,3,
JTOUSDT,0,5,S1|skew_bp=5/k=0/min_edge_bp=2/soft_limit_clips=6,-61.46725206279124,1433.2,5.0,-64.2785274063987,0.0,5,0.0,2,6,
JTOUSDT,0,5,S1|skew_bp=5/k=0/min_edge_bp=2/soft_limit_clips=12,-57.836529834196355,1243.0,5.0,-60.189089453641216,0.0,5,0.0,2,12,
JTOUSDT,0,5,S1|skew_bp=5/k=0/min_edge_bp=4/soft_limit_clips=3,-38.77777652952318,869.8,5.0,-40.10691409108419,0.0,5,0.0,4,3,
JTOUSDT,0,5,S1|skew_bp=5/k=0/min_edge_bp=4/soft_limit_clips=6,-39.14393806313784,789.8,5.0,-38.78711415513636,0.0,5,0.0,4,6,
JTOUSDT,0,5,S1|skew_bp=5/k=0/min_edge_bp=4/soft_limit_clips=12,-32.818039255904814,764.8,5.0,-39.75804512864013,0.0,5,0.0,4,12,
JTOUSDT,0,5,S1|skew_bp=5/k=0.5/min_edge_bp=0/soft_limit_clips=3,-4.945660259782486,136.2,5.0,-9.592125862852455,0.0,5,0.5,0,3,
JTOUSDT,0,5,S1|skew_bp=5/k=0.5/min_edge_bp=0/soft_limit_clips=6,-5.5880605952507345,153.8,5.0,-10.025110840104066,0.0,5,0.5,0,6,
JTOUSDT,0,5,S1|skew_bp=5/k=0.5/min_edge_bp=0/soft_limit_clips=12,-4.210446557834743,146.4,5.0,-10.117079626294451,0.0,5,0.5,0,12,
JTOUSDT,0,5,S1|skew_bp=5/k=0.5/min_edge_bp=1/soft_limit_clips=3,-8.127022355735283,104.6,5.0,-7.926308409596537,0.0,5,0.5,1,3,
JTOUSDT,0,5,S1|skew_bp=5/k=0.5/min_edge_bp=1/soft_limit_clips=6,0.5839611794624497,105.0,5.0,-8.851878252499498,0.0,5,0.5,1,6,
JTOUSDT,0,5,S1|skew_bp=5/k=0.5/min_edge_bp=1/soft_limit_clips=12,6.33696296169156,103.0,5.0,-8.623641221554376,0.0,5,0.5,1,12,2.9739773844962762
JTOUSDT,0,5,S1|skew_bp=5/k=0.5/min_edge_bp=2/soft_limit_clips=3,-4.892719116315943,88.8,5.0,-6.381470138181787,0.0,5,0.5,2,3,
JTOUSDT,0,5,S1|skew_bp=5/k=0.5/min_edge_bp=2/soft_limit_clips=6,5.944852564467011,86.8,5.0,-8.36388076187828,0.0,5,0.5,2,6,
JTOUSDT,0,5,S1|skew_bp=5/k=0.5/min_edge_bp=2/soft_limit_clips=12,18.914128401497294,85.2,5.0,-8.188145736350382,0.0,5,0.5,2,12,2.9739773844962762
JTOUSDT,0,5,S1|skew_bp=5/k=0.5/min_edge_bp=4/soft_limit_clips=3,7.620297552034948,55.6,5.0,-5.887844268432268,0.0,5,0.5,4,3,-0.7570759034137808
JTOUSDT,0,5,S1|skew_bp=5/k=0.5/min_edge_bp=4/soft_limit_clips=6,2.7502342342893167,48.8,5.0,-6.2753546190170235,0.0,5,0.5,4,6,
JTOUSDT,0,5,S1|skew_bp=5/k=0.5/min_edge_bp=4/soft_limit_clips=12,5.630894691569947,49.4,5.0,-6.59432318389486,0.0,5,0.5,4,12,
JTOUSDT,0,5,S1|skew_bp=5/k=1/min_edge_bp=0/soft_limit_clips=3,-0.14640256735816876,19.8,5.0,-2.629043840704253,0.0,5,1.0,0,3,
JTOUSDT,0,5,S1|skew_bp=5/k=1/min_edge_bp=0/soft_limit_clips=6,5.944604306851124,23.4,5.0,-2.593038099198982,0.0,5,1.0,0,6,
JTOUSDT,0,5,S1|skew_bp=5/k=1/min_edge_bp=0/soft_limit_clips=12,9.893772367252936,22.0,5.0,-2.1028499825763847,0.0,5,1.0,0,12,1.870075824754632
JTOUSDT,0,5,S1|skew_bp=5/k=1/min_edge_bp=1/soft_limit_clips=3,2.3492381026408515,20.6,5.0,-2.257343082118791,0.0,5,1.0,1,3,
JTOUSDT,0,5,S1|skew_bp=5/k=1/min_edge_bp=1/soft_limit_clips=6,7.946466716298204,20.0,5.0,-2.244880654171193,0.0,5,1.0,1,6,
JTOUSDT,0,5,S1|skew_bp=5/k=1/min_edge_bp=1/soft_limit_clips=12,13.093122575463363,20.2,5.0,-1.9252063018736394,0.0,5,1.0,1,12,
JTOUSDT,0,5,S1|skew_bp=5/k=1/min_edge_bp=2/soft_limit_clips=3,-0.30607813575498904,18.6,5.0,-1.7857101407755482,0.0,5,1.0,2,3,
JTOUSDT,0,5,S1|skew_bp=5/k=1/min_edge_bp=2/soft_limit_clips=6,5.739532998845856,20.4,5.0,-1.6530200445795746,0.0,5,1.0,2,6,
JTOUSDT,0,5,S1|skew_bp=5/k=1/min_edge_bp=2/soft_limit_clips=12,13.332010913428968,16.0,5.0,-1.4433673001592189,0.0,5,1.0,2,12,
JTOUSDT,0,5,S1|skew_bp=5/k=1/min_edge_bp=4/soft_limit_clips=3,-2.2577438250867523,11.2,5.0,-1.3720714745053164,0.0,5,1.0,4,3,
JTOUSDT,0,5,S1|skew_bp=5/k=1/min_edge_bp=4/soft_limit_clips=6,5.4170951710114235,16.2,5.0,-0.988766567477238,0.0,5,1.0,4,6,
JTOUSDT,0,5,S1|skew_bp=5/k=1/min_edge_bp=4/soft_limit_clips=12,9.70390240016943,15.2,5.0,-1.1416600593991286,0.0,5,1.0,4,12,
JTOUSDT,0,5,S1|skew_bp=5/k=2/min_edge_bp=0/soft_limit_clips=3,0.7969513020221923,1.0,5.0,-0.25641133397379884,0.0,5,2.0,0,3,
JTOUSDT,0,5,S1|skew_bp=5/k=2/min_edge_bp=0/soft_limit_clips=6,3.2153769526192413,1.8,5.0,0.06496547362325364,0.0,5,2.0,0,6,
JTOUSDT,0,5,S1|skew_bp=5/k=2/min_edge_bp=0/soft_limit_clips=12,3.2153769526192413,1.8,5.0,0.06496547362325364,0.0,5,2.0,0,12,
JTOUSDT,0,5,S1|skew_bp=5/k=2/min_edge_bp=1/soft_limit_clips=3,0.7969513020221923,1.0,5.0,-0.25641133397379884,0.0,5,2.0,1,3,
JTOUSDT,0,5,S1|skew_bp=5/k=2/min_edge_bp=1/soft_limit_clips=6,0.7967998211327924,1.6,5.0,-0.2570331032257051,0.0,5,2.0,1,6,
JTOUSDT,0,5,S1|skew_bp=5/k=2/min_edge_bp=1/soft_limit_clips=12,3.1890773126432572,1.6,5.0,-0.04298416635270293,0.0,5,2.0,1,12,
JTOUSDT,0,5,S1|skew_bp=5/k=2/min_edge_bp=2/soft_limit_clips=3,0.8708829300338587,2.8,5.0,-0.19995464096615873,0.0,5,2.0,2,3,
JTOUSDT,0,5,S1|skew_bp=5/k=2/min_edge_bp=2/soft_limit_clips=6,0.8163289420578701,0.6,5.0,-0.33615862894211224,0.0,5,2.0,2,6,
JTOUSDT,0,5,S1|skew_bp=5/k=2/min_edge_bp=2/soft_limit_clips=12,3.2347545926549146,1.4,5.0,-0.01478182134505981,0.0,5,2.0,2,12,
JTOUSDT,0,5,S1|skew_bp=5/k=2/min_edge_bp=4/soft_limit_clips=3,0.8445832900578931,2.6,5.0,-0.30790428094211536,0.0,5,2.0,4,3,
JTOUSDT,0,5,S1|skew_bp=5/k=2/min_edge_bp=4/soft_limit_clips=6,0.8445832900578931,2.6,5.0,-0.30790428094211536,0.0,5,2.0,4,6,
JTOUSDT,0,5,S1|skew_bp=5/k=2/min_edge_bp=4/soft_limit_clips=12,0.8445832900578931,2.6,5.0,-0.30790428094211536,0.0,5,2.0,4,12,
JTOUSDT,0,5,S1|skew_bp=10/k=0/min_edge_bp=0/soft_limit_clips=3,-314.9792206625096,10915.8,5.0,-314.5784913834592,0.0,10,0.0,0,3,
JTOUSDT,0,5,S1|skew_bp=10/k=0/min_edge_bp=0/soft_limit_clips=6,-333.90593518081033,11903.0,5.0,-336.14290201091086,0.0,10,0.0,0,6,
JTOUSDT,0,5,S1|skew_bp=10/k=0/min_edge_bp=0/soft_limit_clips=12,-367.1883113283423,13020.8,5.0,-368.97175329342105,0.0,10,0.0,0,12,
JTOUSDT,0,5,S1|skew_bp=10/k=0/min_edge_bp=1/soft_limit_clips=3,-120.71918450512507,3444.4,5.0,-121.08376659256949,0.0,10,0.0,1,3,
JTOUSDT,0,5,S1|skew_bp=10/k=0/min_edge_bp=1/soft_limit_clips=6,-102.1595798973611,2805.0,5.0,-100.62251831273561,0.0,10,0.0,1,6,
JTOUSDT,0,5,S1|skew_bp=10/k=0/min_edge_bp=1/soft_limit_clips=12,-89.28680682852823,2122.6,5.0,-88.3117721396121,0.0,10,0.0,1,12,
JTOUSDT,0,5,S1|skew_bp=10/k=0/min_edge_bp=2/soft_limit_clips=3,-82.43781193040302,2025.0,5.0,-82.59372321425118,0.0,10,0.0,2,3,
JTOUSDT,0,5,S1|skew_bp=10/k=0/min_edge_bp=2/soft_limit_clips=6,-67.81618238149834,1659.6,5.0,-69.67687187575949,0.0,10,0.0,2,6,
JTOUSDT,0,5,S1|skew_bp=10/k=0/min_edge_bp=2/soft_limit_clips=12,-61.810040606791155,1433.0,5.0,-64.6213159503987,0.0,10,0.0,2,12,
JTOUSDT,0,5,S1|skew_bp=10/k=0/min_edge_bp=4/soft_limit_clips=3,-48.60705473370458,1092.2,5.0,-52.0933989982071,0.0,10,0.0,4,3,
JTOUSDT,0,5,S1|skew_bp=10/k=0/min_edge_bp=4/soft_limit_clips=6,-38.82096332227779,888.2,5.0,-39.66421541236592,0.0,10,0.0,4,6,
JTOUSDT,0,5,S1|skew_bp=10/k=0/min_edge_bp=4/soft_limit_clips=12,-39.272483767137714,789.6,5.0,-38.915659859136355,0.0,10,0.0,4,12,
JTOUSDT,0,5,S1|skew_bp=10/k=0.5/min_edge_bp=0/soft_limit_clips=3,-10.97095867645407,171.8,5.0,-9.38526270831979,0.0,10,0.5,0,3,
JTOUSDT,0,5,S1|skew_bp=10/k=0.5/min_edge_bp=0/soft_limit_clips=6,-9.092316644305967,144.4,5.0,-8.30480256732181,0.0,10,0.5,0,6,
JTOUSDT,0,5,S1|skew_bp=10/k=0.5/min_edge_bp=0/soft_limit_clips=12,-5.5880605952507345,153.8,5.0,-10.025110840104066,0.0,10,0.5,0,12,
JTOUSDT,0,5,S1|skew_bp=10/k=0.5/min_edge_bp=1/soft_limit_clips=3,-5.395054625343156,125.4,5.0,-10.293378615930088,0.0,10,0.5,1,3,
JTOUSDT,0,5,S1|skew_bp=10/k=0.5/min_edge_bp=1/soft_limit_clips=6,-8.955846601555736,108.6,5.0,-8.363209780494646,0.0,10,0.5,1,6,
JTOUSDT,0,5,S1|skew_bp=10/k=0.5/min_edge_bp=1/soft_limit_clips=12,0.5839611794624497,105.0,5.0,-8.851878252499498,0.0,10,0.5,1,12,
JTOUSDT,0,5,S1|skew_bp=10/k=0.5/min_edge_bp=2/soft_limit_clips=3,-6.223288598436783,101.8,5.0,-6.53555569197813,0.0,10,0.5,2,3,
JTOUSDT,0,5,S1|skew_bp=10/k=0.5/min_edge_bp=2/soft_limit_clips=6,-3.377540588995229,92.6,5.0,-6.31367980191455,0.0,10,0.5,2,6,
JTOUSDT,0,5,S1|skew_bp=10/k=0.5/min_edge_bp=2/soft_limit_clips=12,5.944852564467011,86.8,5.0,-8.36388076187828,0.0,10,0.5,2,12,
JTOUSDT,0,5,S1|skew_bp=10/k=0.5/min_edge_bp=4/soft_limit_clips=3,-4.866136642571616,75.6,5.0,-6.406246314019429,0.0,10,0.5,4,3,
JTOUSDT,0,5,S1|skew_bp=10/k=0.5/min_edge_bp=4/soft_limit_clips=6,7.514424428869762,57.8,5.0,-5.547591273135021,0.0,10,0.5,4,6,-0.8554612612735286
JTOUSDT,0,5,S1|skew_bp=10/k=0.5/min_edge_bp=4/soft_limit_clips=12,2.7502342342893167,48.8,5.0,-6.2753546190170235,0.0,10,0.5,4,12,
JTOUSDT,0,5,S1|skew_bp=10/k=1/min_edge_bp=0/soft_limit_clips=3,-1.6064380355413228,25.6,5.0,-3.1903773362371304,0.0,10,1.0,0,3,
JTOUSDT,0,5,S1|skew_bp=10/k=1/min_edge_bp=0/soft_limit_clips=6,2.9223609156500165,25.6,5.0,-2.275246794075797,0.0,10,1.0,0,6,
JTOUSDT,0,5,S1|skew_bp=10/k=1/min_edge_bp=0/soft_limit_clips=12,5.944604306851124,23.4,5.0,-2.593038099198982,0.0,10,1.0,0,12,
JTOUSDT,0,5,S1|skew_bp=10/k=1/min_edge_bp=1/soft_limit_clips=3,1.6389806633170103,25.8,5.0,-2.8689698823418697,0.0,10,1.0,1,3,-0.3492654764992129
JTOUSDT,0,5,S1|skew_bp=10/k=1/min_edge_bp=1/soft_limit_clips=6,3.3256016285448085,24.0,5.0,-1.9168918730012858,0.0,10,1.0,1,6,0.042842938406697346
JTOUSDT,0,5,S1|skew_bp=10/k=1/min_edge_bp=1/soft_limit_clips=12,7.946466716298204,20.0,5.0,-2.244880654171193,0.0,10,1.0,1,12,
JTOUSDT,0,5,S1|skew_bp=10/k=1/min_edge_bp=2/soft_limit_clips=3,2.3567058492248236,19.4,5.0,-1.8397668771128342,0.0,10,1.0,2,3,
JTOUSDT,0,5,S1|skew_bp=10/k=1/min_edge_bp=2/soft_limit_clips=6,-0.9469315580269188,21.8,5.0,-1.958865879833955,0.0,10,1.0,2,6,-0.3492654764992129
JTOUSDT,0,5,S1|skew_bp=10/k=1/min_edge_bp=2/soft_limit_clips=12,5.739532998845856,20.4,5.0,-1.6530200445795746,0.0,10,1.0,2,12,
JTOUSDT,0,5,S1|skew_bp=10/k=1/min_edge_bp=4/soft_limit_clips=3,-1.4326411582352656,14.4,5.0,-1.6265783313784457,0.0,10,1.0,4,3,
JTOUSDT,0,5,S1|skew_bp=10/k=1/min_edge_bp=4/soft_limit_clips=6,-1.1337737085348294,11.8,5.0,-1.148910871027424,0.0,10,1.0,4,6,
JTOUSDT,0,5,S1|skew_bp=10/k=1/min_edge_bp=4/soft_limit_clips=12,5.4170951710114235,16.2,5.0,-0.988766567477238,0.0,10,1.0,4,12,
JTOUSDT,0,5,S1|skew_bp=10/k=2/min_edge_bp=0/soft_limit_clips=3,0.7683981889150254,4.2,5.0,-0.28478444708096023,0.0,10,2.0,0,3,
JTOUSDT,0,5,S1|skew_bp=10/k=2/min_edge_bp=0/soft_limit_clips=6,0.7969513020221923,1.0,5.0,-0.25641133397379884,0.0,10,2.0,0,6,
JTOUSDT,0,5,S1|skew_bp=10/k=2/min_edge_bp=0/soft_limit_clips=12,3.2153769526192413,1.8,5.0,0.06496547362325364,0.0,10,2.0,0,12,
JTOUSDT,0,5,S1|skew_bp=10/k=2/min_edge_bp=1/soft_limit_clips=3,0.7925391180221955,3.0,5.0,-0.26082351797381287,0.0,10,2.0,1,3,
JTOUSDT,0,5,S1|skew_bp=10/k=2/min_edge_bp=1/soft_limit_clips=6,0.7969513020221923,1.0,5.0,-0.25641133397379884,0.0,10,2.0,1,6,
JTOUSDT,0,5,S1|skew_bp=10/k=2/min_edge_bp=1/soft_limit_clips=12,0.7967998211327924,1.6,5.0,-0.2570331032257051,0.0,10,2.0,1,12,
JTOUSDT,0,5,S1|skew_bp=10/k=2/min_edge_bp=2/soft_limit_clips=3,0.8382163980338376,2.8,5.0,-0.23262117296616963,0.0,10,2.0,2,3,
JTOUSDT,0,5,S1|skew_bp=10/k=2/min_edge_bp=2/soft_limit_clips=6,0.8708829300338587,2.8,5.0,-0.19995464096615873,0.0,10,2.0,2,6,
JTOUSDT,0,5,S1|skew_bp=10/k=2/min_edge_bp=2/soft_limit_clips=12,0.8163289420578701,0.6,5.0,-0.33615862894211224,0.0,10,2.0,2,12,
JTOUSDT,0,5,S1|skew_bp=10/k=2/min_edge_bp=4/soft_limit_clips=3,0.899137278033859,0.8,5.0,-0.17170029296614936,0.0,10,2.0,4,3,
JTOUSDT,0,5,S1|skew_bp=10/k=2/min_edge_bp=4/soft_limit_clips=6,0.8445832900578931,2.6,5.0,-0.30790428094211536,0.0,10,2.0,4,6,
JTOUSDT,0,5,S1|skew_bp=10/k=2/min_edge_bp=4/soft_limit_clips=12,0.8445832900578931,2.6,5.0,-0.30790428094211536,0.0,10,2.0,4,12,
JTOUSDT,1,12,S1|skew_bp=2/k=0.5/min_edge_bp=2/soft_limit_clips=12,4.335961469670637,62.083333333333336,12.0,-6.231560984920478,0.0,2,0.5,2,12,5.61293795733705
JTOUSDT,1,12,S1|skew_bp=5/k=0.5/min_edge_bp=2/soft_limit_clips=12,3.7493855290851736,62.916666666666664,12.0,-6.0472877141313335,0.0,5,0.5,2,12,2.9739773844962762
JTOUSDT,1,12,S1|skew_bp=2/k=1/min_edge_bp=1/soft_limit_clips=12,4.745063291018579,19.5,12.0,-2.4738442050238563,0.0,2,1.0,1,12,
JTOUSDT,1,12,S1|skew_bp=2/k=0.5/min_edge_bp=2/soft_limit_clips=6,4.618550781010245,61.25,12.0,-5.777802415680603,0.0,2,0.5,2,6,3.8513571249927923
JTOUSDT,1,12,S1|skew_bp=2/k=0.5/min_edge_bp=1/soft_limit_clips=12,0.8454026541641873,82.16666666666667,12.0,-7.571029535662802,0.0,2,0.5,1,12,2.982837934511698
JTOUSDT,1,12,S1|skew_bp=2/k=1/min_edge_bp=0/soft_limit_clips=12,-0.11539555066780764,20.083333333333332,12.0,-2.803862204253304,0.0,2,1.0,0,12,2.4220266046254544
JTOUSDT,1,12,S1|skew_bp=2/k=0.5/min_edge_bp=4/soft_limit_clips=12,0.8323081297881171,42.75,12.0,-4.830842705674697,0.0,2,0.5,4,12,7.903916922641715
JTOUSDT,1,12,S1|skew_bp=5/k=1/min_edge_bp=1/soft_limit_clips=12,1.2246160601696017,19.583333333333332,12.0,-2.346301698261861,0.0,5,1.0,1,12,
JTOUSDT,1,12,S1|skew_bp=5/k=1/min_edge_bp=0/soft_limit_clips=12,-1.363464053929459,21.333333333333332,12.0,-2.3738914380375173,0.0,5,1.0,0,12,1.870075824754632
JTOUSDT,1,12,S1|skew_bp=5/k=1/min_edge_bp=1/soft_limit_clips=6,-0.06147561494176242,19.833333333333332,12.0,-2.171294478440156,0.0,5,1.0,1,6,
JTOUSDT,1,12,S1|skew_bp=10/k=1/min_edge_bp=1/soft_limit_clips=12,-0.06147561494176242,19.833333333333332,12.0,-2.171294478440156,0.0,10,1.0,1,12,
JTOUSDT,1,12,S1|skew_bp=2/k=1/min_edge_bp=1/soft_limit_clips=6,-0.9614162724082821,20.083333333333332,12.0,-2.6453105077309202,0.0,2,1.0,1,6,2.9784076595039872
JTOUSDT,1,12,S1|skew_bp=5/k=0.5/min_edge_bp=4/soft_limit_clips=3,-1.624433745605506,43.833333333333336,12.0,-4.62468387291637,0.0,5,0.5,4,3,-0.7570759034137808
JTOUSDT,1,12,S1|skew_bp=10/k=0.5/min_edge_bp=4/soft_limit_clips=6,-1.7106289962293897,47.25,12.0,-4.448440100882237,0.0,10,0.5,4,6,-0.8554612612735286
JTOUSDT,1,12,S1|skew_bp=2/k=0.5/min_edge_bp=1/soft_limit_clips=6,-1.4964946147296698,74.25,12.0,-6.542243064799362,0.0,2,0.5,1,6,2.9784076595039872
JTOUSDT,1,12,S1|skew_bp=2/k=1/min_edge_bp=0/soft_limit_clips=6,-2.8842284050634865,19.666666666666668,12.0,-2.8699848953536584,0.0,2,1.0,0,6,
JTOUSDT,1,12,S1|skew_bp=2/k=0.5/min_edge_bp=2/soft_limit_clips=3,-1.7881865985711898,49.333333333333336,12.0,-4.8132170677670425,0.0,2,0.5,2,3,1.1562509016085183
JTOUSDT,1,12,S1|skew_bp=5/k=0.5/min_edge_bp=1/soft_limit_clips=12,-0.5097649692537377,81.91666666666667,12.0,-6.856694772266697,0.0,5,0.5,1,12,2.9739773844962762
JTOUSDT,1,12,S1|skew_bp=5/k=0.5/min_edge_bp=2/soft_limit_clips=6,-3.603141340800857,65.41666666666667,12.0,-6.148409357081085,0.0,5,0.5,2,6,
JTOUSDT,1,12,S1|skew_bp=10/k=0.5/min_edge_bp=2/soft_limit_clips=12,-3.603141340800857,65.41666666666667,12.0,-6.148409357081085,0.0,10,0.5,2,12,
JTOUSDT,1,12,S1|skew_bp=5/k=1/min_edge_bp=0/soft_limit_clips=6,-2.499200776067719,23.166666666666668,12.0,-2.574055554896281,0.0,5,1.0,0,6,
JTOUSDT,1,12,S1|skew_bp=10/k=1/min_edge_bp=0/soft_limit_clips=12,-2.499200776067719,23.166666666666668,12.0,-2.574055554896281,0.0,10,1.0,0,12,
JTOUSDT,1,12,S1|skew_bp=5/k=1/min_edge_bp=2/soft_limit_clips=6,0.08774226320488054,18.833333333333332,12.0,-1.64029383486984,0.0,5,1.0,2,6,
JTOUSDT,1,12,S1|skew_bp=10/k=1/min_edge_bp=2/soft_limit_clips=12,0.08774226320488054,18.833333333333332,12.0,-1.64029383486984,0.0,10,1.0,2,12,
JTOUSDT,1,12,S1|skew_bp=5/k=0.5/min_edge_bp=4/soft_limit_clips=12,-4.540632281266933,39.416666666666664,12.0,-4.976833189397829,0.0,5,0.5,4,12,
JTOUSDT,1,12,S1|skew_bp=10/k=1/min_edge_bp=1/soft_limit_clips=6,-0.5755235535726053,21.083333333333332,12.0,-1.9491002972319007,0.0,10,1.0,1,6,0.042842938406697346
JTOUSDT,1,12,S1|skew_bp=10/k=1/min_edge_bp=0/soft_limit_clips=6,-2.9434599302007016,24.833333333333332,12.0,-2.126563730041579,0.0,10,1.0,0,6,
JTOUSDT,1,12,S1|skew_bp=5/k=0.5/min_edge_bp=4/soft_limit_clips=6,-5.323715202565247,39.333333333333336,12.0,-4.9345391562711605,0.0,5,0.5,4,6,
JTOUSDT,1,12,S1|skew_bp=10/k=0.5/min_edge_bp=4/soft_limit_clips=12,-4.939703937148562,39.416666666666664,12.0,-4.928861224187808,0.0,10,0.5,4,12,
JTOUSDT,1,12,S1|skew_bp=5/k=1/min_edge_bp=1/soft_limit_clips=3,-0.7359972032365455,19.416666666666668,12.0,-2.248810788844836,0.0,5,1.0,1,3,
JTOUSDT,1,12,S1|skew_bp=10/k=1/min_edge_bp=1/soft_limit_clips=3,-1.1321457076363821,24.5,12.0,-2.741679876344099,0.0,10,1.0,1,3,-0.3492654764992129
JTOUSDT,1,12,S1|skew_bp=2/k=0.5/min_edge_bp=4/soft_limit_clips=3,-4.67414808673795,32.833333333333336,12.0,-3.86992763788654,0.0,2,0.5,4,3,
JTOUSDT,1,12,S1|skew_bp=5/k=0.5/min_edge_bp=1/soft_limit_clips=6,-2.94941069958668,86.91666666666667,12.0,-6.849514286651325,0.0,5,0.5,1,6,
JTOUSDT,1,12,S1|skew_bp=10/k=0.5/min_edge_bp=1/soft_limit_clips=12,-2.9821667192533154,87.33333333333333,12.0,-6.8929953063179825,0.0,10,0.5,1,12,
JTOUSDT,1,12,S1|skew_bp=2/k=0.5/min_edge_bp=1/soft_limit_clips=3,-5.2872714829450365,65.91666666666667,12.0,-5.484452878197161,0.0,2,0.5,1,3,
JTOUSDT,1,12,S1|skew_bp=2/k=0.5/min_edge_bp=0/soft_limit_clips=12,-7.253851580907859,115.66666666666667,12.0,-8.481825060442787,0.0,2,0.5,0,12,
JTOUSDT,1,12,S1|skew_bp=2/k=0.5/min_edge_bp=4/soft_limit_clips=6,-7.733706447148297,37.916666666666664,12.0,-4.943373025339689,0.0,2,0.5,4,6,
JTOUSDT,1,12,S1|skew_bp=10/k=1/min_edge_bp=2/soft_limit_clips=6,-2.1573074880004546,20.25,12.0,-1.8813881567580903,0.0,10,1.0,2,6,-0.3492654764992129
JTOUSDT,1,12,S1|skew_bp=10/k=1/min_edge_bp=0/soft_limit_clips=3,-4.962636680595906,26.583333333333332,12.0,-3.1113876593629457,0.0,10,1.0,0,3,
JTOUSDT,1,12,S1|skew_bp=10/k=0.5/min_edge_bp=2/soft_limit_clips=6,-6.467060749185173,70.0,12.0,-5.512340766057764,0.0,10,0.5,2,6,
JTOUSDT,1,12,S1|skew_bp=5/k=0.5/min_edge_bp=0/soft_limit_clips=12,-5.634505851856651,122.41666666666667,12.0,-7.98653662373563,0.0,5,0.5,0,12,
JTOUSDT,1,12,S1|skew_bp=10/k=0.5/min_edge_bp=4/soft_limit_clips=3,-5.658302446324371,55.583333333333336,12.0,-5.04478784851442,0.0,10,0.5,4,3,
JTOUSDT,1,12,S1|skew_bp=5/k=0.5/min_edge_bp=2/soft_limit_clips=3,-6.206402924894603,64.33333333333333,12.0,-5.359903025582491,0.0,5,0.5,2,3,
JTOUSDT,1,12,S1|skew_bp=5/k=0.5/min_edge_bp=0/soft_limit_clips=3,-5.430203335235048,114.75,12.0,-7.4576033494705065,0.0,5,0.5,0,3,
JTOUSDT,1,12,S1|skew_bp=10/k=0.5/min_edge_bp=1/soft_limit_clips=3,-5.6968269412002455,104.16666666666667,12.0,-7.715852864042901,0.0,10,0.5,1,3,
JTOUSDT,1,12,S1|skew_bp=2/k=0/min_edge_bp=4/soft_limit_clips=12,-10.146172067631944,519.8333333333334,12.0,-24.992810782990343,0.0,2,0.0,4,12,
JTOUSDT,1,12,S1|skew_bp=5/k=0.5/min_edge_bp=0/soft_limit_clips=6,-6.889471616567557,125.5,12.0,-7.842331084511063,0.0,5,0.5,0,6,
JTOUSDT,1,12,S1|skew_bp=10/k=0.5/min_edge_bp=0/soft_limit_clips=12,-6.9222276362342035,125.91666666666667,12.0,-7.885812104177727,0.0,10,0.5,0,12,
JTOUSDT,2,25,S1|skew_bp=2/k=0.5/min_edge_bp=2/soft_limit_clips=6,6.497139049184792,68.48,25.0,-7.02472941817013,0.0,2,0.5,2,6,3.8513571249927923
JTOUSDT,2,25,S1|skew_bp=2/k=0.5/min_edge_bp=2/soft_limit_clips=12,11.687960542010916,71.88,25.0,-7.552242457275463,0.0,2,0.5,2,12,5.61293795733705
JTOUSDT,2,25,S1|skew_bp=5/k=0.5/min_edge_bp=2/soft_limit_clips=12,4.728736865489308,72.48,25.0,-7.572972851875766,0.0,5,0.5,2,12,2.9739773844962762
JTOUSDT,2,25,S1|skew_bp=2/k=0.5/min_edge_bp=1/soft_limit_clips=12,9.476244413383068,91.92,25.0,-9.031548430769007,0.0,2,0.5,1,12,2.982837934511698
JTOUSDT,2,25,S1|skew_bp=2/k=0.5/min_edge_bp=4/soft_limit_clips=12,9.310694796098637,50.32,25.0,-5.902507716071361,0.0,2,0.5,4,12,7.903916922641715
JTOUSDT,2,25,S1|skew_bp=2/k=1/min_edge_bp=0/soft_limit_clips=12,2.982837934511698,25.2,25.0,-3.6528409228832883,0.0,2,1.0,0,12,2.4220266046254544
JTOUSDT,2,25,S1|skew_bp=5/k=0.5/min_edge_bp=1/soft_limit_clips=12,0.014564206637735565,93.52,25.0,-8.711051302146632,0.0,5,0.5,1,12,2.9739773844962762
JTOUSDT,2,25,S1|skew_bp=10/k=1/min_edge_bp=1/soft_limit_clips=6,0.07112167017565912,24.88,25.0,-3.098661441143142,0.0,10,1.0,1,6,0.042842938406697346
JTOUSDT,2,25,S1|skew_bp=2/k=1/min_edge_bp=1/soft_limit_clips=6,1.1562509016085183,23.52,25.0,-3.2546814060005493,0.0,2,1.0,1,6,2.9784076595039872
JTOUSDT,2,25,S1|skew_bp=10/k=1/min_edge_bp=1/soft_limit_clips=3,-0.3492654764992129,27.8,25.0,-3.842608127644719,0.0,10,1.0,1,3,-0.3492654764992129
JTOUSDT,2,25,S1|skew_bp=5/k=1/min_edge_bp=0/soft_limit_clips=12,1.870075824754632,25.12,25.0,-3.5092831428677846,0.0,5,1.0,0,12,1.870075824754632
JTOUSDT,2,25,S1|skew_bp=2/k=0.5/min_edge_bp=1/soft_limit_clips=6,2.9739773844962762,84.16,25.0,-8.109719382464064,0.0,2,0.5,1,6,2.9784076595039872
JTOUSDT,2,25,S1|skew_bp=5/k=0.5/min_edge_bp=4/soft_limit_clips=3,-0.9538466191332763,50.84,25.0,-6.125150563890575,0.0,5,0.5,4,3,-0.7570759034137808
JTOUSDT,2,25,S1|skew_bp=10/k=0.5/min_edge_bp=4/soft_limit_clips=6,-1.1031599186898604,54.48,25.0,-6.239162719798165,0.0,10,0.5,4,6,-0.8554612612735286
JTOUSDT,2,25,S1|skew_bp=2/k=0.5/min_edge_bp=2/soft_limit_clips=3,0.7214272355750865,58.32,25.0,-6.338684727852417,0.0,2,0.5,2,3,1.1562509016085183
JTOUSDT,2,25,S1|skew_bp=10/k=1/min_edge_bp=2/soft_limit_clips=6,-0.7570759034137808,23.68,25.0,-2.868173234385962,0.0,10,1.0,2,6,-0.3492654764992129
ALGOUSDT,0,5,S1|skew_bp=2/k=0/min_edge_bp=0/soft_limit_clips=3,-245.87932771299833,9146.4,5.0,-242.25283187366753,0.0,2,0.0,0,3,
ALGOUSDT,0,5,S1|skew_bp=2/k=0/min_edge_bp=0/soft_limit_clips=6,-271.46073477205516,10094.0,5.0,-266.42238148789784,0.0,2,0.0,0,6,
ALGOUSDT,0,5,S1|skew_bp=2/k=0/min_edge_bp=0/soft_limit_clips=12,-286.781219803408,10936.4,5.0,-287.1918165558873,0.0,2,0.0,0,12,
ALGOUSDT,0,5,S1|skew_bp=2/k=0/min_edge_bp=1/soft_limit_clips=3,-85.2492877001626,2504.6,5.0,-82.6058177519714,0.0,2,0.0,1,3,
ALGOUSDT,0,5,S1|skew_bp=2/k=0/min_edge_bp=1/soft_limit_clips=6,-82.16518931504888,2386.8,5.0,-75.88539817089905,0.0,2,0.0,1,6,
ALGOUSDT,0,5,S1|skew_bp=2/k=0/min_edge_bp=1/soft_limit_clips=12,-77.01751903607394,2307.4,5.0,-70.10650655045849,0.0,2,0.0,1,12,
ALGOUSDT,0,5,S1|skew_bp=2/k=0/min_edge_bp=2/soft_limit_clips=3,-40.8205451856437,734.4,5.0,-38.94575655105652,0.0,2,0.0,2,3,
ALGOUSDT,0,5,S1|skew_bp=2/k=0/min_edge_bp=2/soft_limit_clips=6,-43.14723045225281,630.2,5.0,-35.609494950290696,0.0,2,0.0,2,6,
ALGOUSDT,0,5,S1|skew_bp=2/k=0/min_edge_bp=2/soft_limit_clips=12,-30.489496495014173,520.0,5.0,-30.314509709567893,0.0,2,0.0,2,12,
ALGOUSDT,0,5,S1|skew_bp=2/k=0/min_edge_bp=4/soft_limit_clips=3,-24.25562297307379,398.2,5.0,-23.411793620297942,0.0,2,0.0,4,3,
ALGOUSDT,0,5,S1|skew_bp=2/k=0/min_edge_bp=4/soft_limit_clips=6,-32.56843512231434,355.8,5.0,-21.25415168161526,0.0,2,0.0,4,6,
ALGOUSDT,0,5,S1|skew_bp=2/k=0/min_edge_bp=4/soft_limit_clips=12,-31.306839529231752,328.4,5.0,-21.730039332981285,0.0,2,0.0,4,12,
ALGOUSDT,0,5,S1|skew_bp=2/k=0.5/min_edge_bp=0/soft_limit_clips=3,-15.632725212764962,163.8,5.0,-10.088968532547497,0.0,2,0.5,0,3,
ALGOUSDT,0,5,S1|skew_bp=2/k=0.5/min_edge_bp=0/soft_limit_clips=6,-26.65554186853936,158.2,5.0,-11.382207901814123,0.0,2,0.5,0,6,
ALGOUSDT,0,5,S1|skew_bp=2/k=0.5/min_edge_bp=0/soft_limit_clips=12,-30.053322258419268,152.2,5.0,-12.121137164259022,0.0,2,0.5,0,12,
ALGOUSDT,0,5,S1|skew_bp=2/k=0.5/min_edge_bp=1/soft_limit_clips=3,-15.339041459950261,106.6,5.0,-7.265966569323173,0.0,2,0.5,1,3,
ALGOUSDT,0,5,S1|skew_bp=2/k=0.5/min_edge_bp=1/soft_limit_clips=6,-19.874246321637525,109.6,5.0,-9.100119572225536,0.0,2,0.5,1,6,
ALGOUSDT,0,5,S1|skew_bp=2/k=0.5/min_edge_bp=1/soft_limit_clips=12,-12.983623853063369,114.0,5.0,-9.393550048678076,0.0,2,0.5,1,12,
ALGOUSDT,0,5,S1|skew_bp=2/k=0.5/min_edge_bp=2/soft_limit_clips=3,-11.430339024425722,76.6,5.0,-6.309332255144628,0.0,2,0.5,2,3,
ALGOUSDT,0,5,S1|skew_bp=2/k=0.5/min_edge_bp=2/soft_limit_clips=6,-17.000113124310882,94.8,5.0,-6.711538884338465,0.0,2,0.5,2,6,
ALGOUSDT,0,5,S1|skew_bp=2/k=0.5/min_edge_bp=2/soft_limit_clips=12,-17.55180308558485,86.8,5.0,-7.1110040643030645,0.0,2,0.5,2,12,
ALGOUSDT,0,5,S1|skew_bp=2/k=0.5/min_edge_bp=4/soft_limit_clips=3,-13.980425263867392,54.0,5.0,-3.8737056571133563,0.0,2,0.5,4,3,
ALGOUSDT,0,5,S1|skew_bp=2/k=0.5/min_edge_bp=4/soft_limit_clips=6,-9.608672823222983,64.8,5.0,-4.742300989856585,0.0,2,0.5,4,6,
ALGOUSDT,0,5,S1|skew_bp=2/k=0.5/min_edge_bp=4/soft_limit_clips=12,0.20532610889071207,61.0,5.0,-4.568166594062032,0.0,2,0.5,4,12,0.24116689780354827
ALGOUSDT,0,5,S1|skew_bp=2/k=1/min_edge_bp=0/soft_limit_clips=3,-2.533061895240971,58.6,5.0,-4.185572431820757,0.0,2,1.0,0,3,-0.6736871046251551
ALGOUSDT,0,5,S1|skew_bp=2/k=1/min_edge_bp=0/soft_limit_clips=6,5.04449730365642,57.0,5.0,-4.098549877780545,0.0,2,1.0,0,6,-1.02140065044662
ALGOUSDT,0,5,S1|skew_bp=2/k=1/min_edge_bp=0/soft_limit_clips=12,9.918061360973953,51.0,5.0,-3.9469062945760847,0.0,2,1.0,0,12,-1.2951406048015865
ALGOUSDT,0,5,S1|skew_bp=2/k=1/min_edge_bp=1/soft_limit_clips=3,0.4820296087909849,39.0,5.0,-2.9720822720177136,0.0,2,1.0,1,3,-0.6299287999497685
ALGOUSDT,0,5,S1|skew_bp=2/k=1/min_edge_bp=1/soft_limit_clips=6,7.370863457154906,41.8,5.0,-3.238574646280837,0.0,2,1.0,1,6,-0.8877865587990541
ALGOUSDT,0,5,S1|skew_bp=2/k=1/min_edge_bp=1/soft_limit_clips=12,7.371484210241475,41.8,5.0,-3.2387161227942527,0.0,2,1.0,1,12,-1.3761742822286047
ALGOUSDT,0,5,S1|skew_bp=2/k=1/min_edge_bp=2/soft_limit_clips=3,1.646965259026074,32.0,5.0,-2.9037051443905435,0.0,2,1.0,2,3,-0.6299287999497685
ALGOUSDT,0,5,S1|skew_bp=2/k=1/min_edge_bp=2/soft_limit_clips=6,-0.13427877163318627,33.6,5.0,-2.9135781393835614,0.0,2,1.0,2,6,
ALGOUSDT,0,5,S1|skew_bp=2/k=1/min_edge_bp=2/soft_limit_clips=12,2.604540179380773,33.0,5.0,-2.9805028655499166,0.0,2,1.0,2,12,
ALGOUSDT,0,5,S1|skew_bp=2/k=1/min_edge_bp=4/soft_limit_clips=3,-14.105009991178514,22.0,5.0,-2.1019442349243604,0.0,2,1.0,4,3,
ALGOUSDT,0,5,S1|skew_bp=2/k=1/min_edge_bp=4/soft_limit_clips=6,-20.666450460973046,14.4,5.0,-3.1536387561021284,0.0,2,1.0,4,6,
ALGOUSDT,0,5,S1|skew_bp=2/k=1/min_edge_bp=4/soft_limit_clips=12,-21.130969359726922,20.0,5.0,-2.96562065485587,0.0,2,1.0,4,12,
ALGOUSDT,0,5,S1|skew_bp=2/k=2/min_edge_bp=0/soft_limit_clips=3,-12.219845293383482,13.0,5.0,-1.3546464398154474,0.0,2,2.0,0,3,
ALGOUSDT,0,5,S1|skew_bp=2/k=2/min_edge_bp=0/soft_limit_clips=6,-15.100222149402734,12.8,5.0,-1.5774648184347064,0.0,2,2.0,0,6,
ALGOUSDT,0,5,S1|skew_bp=2/k=2/min_edge_bp=0/soft_limit_clips=12,-15.09984708100969,12.8,5.0,-1.5774476386416965,0.0,2,2.0,0,12,
ALGOUSDT,0,5,S1|skew_bp=2/k=2/min_edge_bp=1/soft_limit_clips=3,-16.98792646373904,10.0,5.0,-1.3046295521709803,0.0,2,2.0,1,3,
ALGOUSDT,0,5,S1|skew_bp=2/k=2/min_edge_bp=1/soft_limit_clips=6,-14.826208180330337,10.0,5.0,-1.3151622952623687,0.0,2,2.0,1,6,
ALGOUSDT,0,5,S1|skew_bp=2/k=2/min_edge_bp=1/soft_limit_clips=12,-14.825064712754415,10.0,5.0,-1.3151048453864032,0.0,2,2.0,1,12,
ALGOUSDT,0,5,S1|skew_bp=2/k=2/min_edge_bp=2/soft_limit_clips=3,-14.25750119582105,10.4,5.0,-1.1633022312529897,0.0,2,2.0,2,3,
ALGOUSDT,0,5,S1|skew_bp=2/k=2/min_edge_bp=2/soft_limit_clips=6,-15.524212103235303,9.8,5.0,-1.5246647867672378,0.0,2,2.0,2,6,
ALGOUSDT,0,5,S1|skew_bp=2/k=2/min_edge_bp=2/soft_limit_clips=12,-19.153128328773455,10.2,5.0,-1.4331330123053605,0.0,2,2.0,2,12,
ALGOUSDT,0,5,S1|skew_bp=2/k=2/min_edge_bp=4/soft_limit_clips=3,-14.756187676800085,9.0,5.0,-1.2218268967250943,0.0,2,2.0,4,3,
ALGOUSDT,0,5,S1|skew_bp=2/k=2/min_edge_bp=4/soft_limit_clips=6,-14.756187676800085,9.0,5.0,-1.2218268967250943,0.0,2,2.0,4,6,
ALGOUSDT,0,5,S1|skew_bp=2/k=2/min_edge_bp=4/soft_limit_clips=12,-14.756187676800085,9.0,5.0,-1.2218268967250943,0.0,2,2.0,4,12,
ALGOUSDT,0,5,S1|skew_bp=5/k=0/min_edge_bp=0/soft_limit_clips=3,-218.5405301901332,8128.0,5.0,-218.37621039832302,0.0,5,0.0,0,3,
ALGOUSDT,0,5,S1|skew_bp=5/k=0/min_edge_bp=0/soft_limit_clips=6,-236.01416162768936,8919.8,5.0,-238.46187133476087,0.0,5,0.0,0,6,
ALGOUSDT,0,5,S1|skew_bp=5/k=0/min_edge_bp=0/soft_limit_clips=12,-260.8924379078057,9865.2,5.0,-259.890624145333,0.0,5,0.0,0,12,
ALGOUSDT,0,5,S1|skew_bp=5/k=0/min_edge_bp=1/soft_limit_clips=3,-98.00063552266559,2845.6,5.0,-93.27241746190795,0.0,5,0.0,1,3,
ALGOUSDT,0,5,S1|skew_bp=5/k=0/min_edge_bp=1/soft_limit_clips=6,-88.089466266773,2617.2,5.0,-85.6135151135707,0.0,5,0.0,1,6,
ALGOUSDT,0,5,S1|skew_bp=5/k=0/min_edge_bp=1/soft_limit_clips=12,-84.94164486489885,2425.0,5.0,-79.9539936908631,0.0,5,0.0,1,12,
ALGOUSDT,0,5,S1|skew_bp=5/k=0/min_edge_bp=2/soft_limit_clips=3,-48.305761040516856,1004.0,5.0,-49.93397670945568,0.0,5,0.0,2,3,
ALGOUSDT,0,5,S1|skew_bp=5/k=0/min_edge_bp=2/soft_limit_clips=6,-37.058212693352424,798.6,5.0,-39.481203994142916,0.0,5,0.0,2,6,
ALGOUSDT,0,5,S1|skew_bp=5/k=0/min_edge_bp=2/soft_limit_clips=12,-33.88768770995732,645.2,5.0,-37.08005326647687,0.0,5,0.0,2,12,
ALGOUSDT,0,5,S1|skew_bp=5/k=0/min_edge_bp=4/soft_limit_clips=3,-25.373768540935572,587.0,5.0,-30.41166702502515,0.0,5,0.0,4,3,
ALGOUSDT,0,5,S1|skew_bp=5/k=0/min_edge_bp=4/soft_limit_clips=6,-26.079626603612223,469.6,5.0,-25.76194790707829,0.0,5,0.0,4,6,
ALGOUSDT,0,5,S1|skew_bp=5/k=0/min_edge_bp=4/soft_limit_clips=12,-23.407353030747196,370.8,5.0,-22.06074662303019,0.0,5,0.0,4,12,
ALGOUSDT,0,5,S1|skew_bp=5/k=0.5/min_edge_bp=0/soft_limit_clips=3,-8.696818332241344,210.6,5.0,-13.667435521702123,0.0,5,0.5,0,3,
ALGOUSDT,0,5,S1|skew_bp=5/k=0.5/min_edge_bp=0/soft_limit_clips=6,-19.912373190783597,184.0,5.0,-11.474525340403824,0.0,5,0.5,0,6,
ALGOUSDT,0,5,S1|skew_bp=5/k=0.5/min_edge_bp=0/soft_limit_clips=12,-31.095409182154935,172.8,5.0,-11.724278669684772,0.0,5,0.5,0,12,
ALGOUSDT,0,5,S1|skew_bp=5/k=0.5/min_edge_bp=1/soft_limit_clips=3,-8.846596920036799,140.0,5.0,-11.235783776394237,0.0,5,0.5,1,3,
ALGOUSDT,0,5,S1|skew_bp=5/k=0.5/min_edge_bp=1/soft_limit_clips=6,-15.307195730664958,127.4,5.0,-9.061501494749269,0.0,5,0.5,1,6,
ALGOUSDT,0,5,S1|skew_bp=5/k=0.5/min_edge_bp=1/soft_limit_clips=12,-19.792149906701095,113.0,5.0,-8.769368294251594,0.0,5,0.5,1,12,
ALGOUSDT,0,5,S1|skew_bp=5/k=0.5/min_edge_bp=2/soft_limit_clips=3,-4.346225824017775,104.8,5.0,-7.568717114757345,0.0,5,0.5,2,3,
ALGOUSDT,0,5,S1|skew_bp=5/k=0.5/min_edge_bp=2/soft_limit_clips=6,-16.749723038409492,93.2,5.0,-7.209316042396989,0.0,5,0.5,2,6,
ALGOUSDT,0,5,S1|skew_bp=5/k=0.5/min_edge_bp=2/soft_limit_clips=12,-9.634773828780164,91.6,5.0,-6.765767468169848,0.0,5,0.5,2,12,
ALGOUSDT,0,5,S1|skew_bp=5/k=0.5/min_edge_bp=4/soft_limit_clips=3,-9.474324088181572,65.0,5.0,-5.132116749761998,0.0,5,0.5,4,3,
ALGOUSDT,0,5,S1|skew_bp=5/k=0.5/min_edge_bp=4/soft_limit_clips=6,-16.38235782375464,59.2,5.0,-5.09323708743427,0.0,5,0.5,4,6,
ALGOUSDT,0,5,S1|skew_bp=5/k=0.5/min_edge_bp=4/soft_limit_clips=12,-14.497242358279909,64.6,5.0,-4.297203479847903,0.0,5,0.5,4,12,
ALGOUSDT,0,5,S1|skew_bp=5/k=1/min_edge_bp=0/soft_limit_clips=3,-2.520791087599541,58.4,5.0,-3.859061635960361,0.0,5,1.0,0,3,
ALGOUSDT,0,5,S1|skew_bp=5/k=1/min_edge_bp=0/soft_limit_clips=6,-1.8541415890084731,63.0,5.0,-4.200617577083706,0.0,5,1.0,0,6,
ALGOUSDT,0,5,S1|skew_bp=5/k=1/min_edge_bp=0/soft_limit_clips=12,1.371640627629858,58.2,5.0,-3.9787509614129197,0.0,5,1.0,0,12,-1.2951406048015865
ALGOUSDT,0,5,S1|skew_bp=5/k=1/min_edge_bp=1/soft_limit_clips=3,-6.127965343512175,37.8,5.0,-3.3988249124139998,0.0,5,1.0,1,3,-0.8477951407805642
ALGOUSDT,0,5,S1|skew_bp=5/k=1/min_edge_bp=1/soft_limit_clips=6,-0.4609646057378587,40.8,5.0,-2.91724723142468,0.0,5,1.0,1,6,-1.0656614816113599
ALGOUSDT,0,5,S1|skew_bp=5/k=1/min_edge_bp=1/soft_limit_clips=12,4.280836575322256,36.0,5.0,-3.134671004964615,0.0,5,1.0,1,12,-1.3761742822286047
ALGOUSDT,0,5,S1|skew_bp=5/k=1/min_edge_bp=2/soft_limit_clips=3,-8.923944125462194,41.4,5.0,-3.1561775357881316,0.0,5,1.0,2,3,-0.8477951407805642
ALGOUSDT,0,5,S1|skew_bp=5/k=1/min_edge_bp=2/soft_limit_clips=6,-2.089619005641958,33.4,5.0,-2.7094157052585652,0.0,5,1.0,2,6,-0.976724020205207
ALGOUSDT,0,5,S1|skew_bp=5/k=1/min_edge_bp=2/soft_limit_clips=12,-0.19000785785408353,33.4,5.0,-2.9717192256045415,0.0,5,1.0,2,12,
ALGOUSDT,0,5,S1|skew_bp=5/k=1/min_edge_bp=4/soft_limit_clips=3,-5.868814267405331,26.6,5.0,-2.8045891594585695,0.0,5,1.0,4,3,
ALGOUSDT,0,5,S1|skew_bp=5/k=1/min_edge_bp=4/soft_limit_clips=6,-13.210381047525306,23.6,5.0,-2.6354438990029827,0.0,5,1.0,4,6,
ALGOUSDT,0,5,S1|skew_bp=5/k=1/min_edge_bp=4/soft_limit_clips=12,-16.304336004505352,18.6,5.0,-2.988763863551273,0.0,5,1.0,4,12,
ALGOUSDT,0,5,S1|skew_bp=5/k=2/min_edge_bp=0/soft_limit_clips=3,-17.238305403542512,12.6,5.0,-1.5594054411644165,0.0,5,2.0,0,3,
ALGOUSDT,0,5,S1|skew_bp=5/k=2/min_edge_bp=0/soft_limit_clips=6,-13.36570437256314,13.8,5.0,-1.4375335613554752,0.0,5,2.0,0,6,
ALGOUSDT,0,5,S1|skew_bp=5/k=2/min_edge_bp=0/soft_limit_clips=12,-15.100222149402734,12.8,5.0,-1.5774648184347064,0.0,5,2.0,0,12,
ALGOUSDT,0,5,S1|skew_bp=5/k=2/min_edge_bp=1/soft_limit_clips=3,-13.417490050358287,11.0,5.0,-1.1348282944902397,0.0,5,2.0,1,3,
ALGOUSDT,0,5,S1|skew_bp=5/k=2/min_edge_bp=1/soft_limit_clips=6,-14.788120347057452,10.6,5.0,-1.2736032240894106,0.0,5,2.0,1,6,
ALGOUSDT,0,5,S1|skew_bp=5/k=2/min_edge_bp=1/soft_limit_clips=12,-14.890002365876887,10.8,5.0,-1.3763326682087886,0.0,5,2.0,1,12,
ALGOUSDT,0,5,S1|skew_bp=5/k=2/min_edge_bp=2/soft_limit_clips=3,-14.319063233406325,10.4,5.0,-1.2243754359382855,0.0,5,2.0,2,3,
ALGOUSDT,0,5,S1|skew_bp=5/k=2/min_edge_bp=2/soft_limit_clips=6,-14.25750119582105,10.4,5.0,-1.1633022312529897,0.0,5,2.0,2,6,
ALGOUSDT,0,5,S1|skew_bp=5/k=2/min_edge_bp=2/soft_limit_clips=12,-14.773292838556936,10.0,5.0,-1.3820765220888824,0.0,5,2.0,2,12,
ALGOUSDT,0,5,S1|skew_bp=5/k=2/min_edge_bp=4/soft_limit_clips=3,-9.923450404841509,9.4,5.0,-1.010052721066526,0.0,5,2.0,4,3,
ALGOUSDT,0,5,S1|skew_bp=5/k=2/min_edge_bp=4/soft_limit_clips=6,-10.669306392030775,9.2,5.0,-1.152530611955736,0.0,5,2.0,4,6,
ALGOUSDT,0,5,S1|skew_bp=5/k=2/min_edge_bp=4/soft_limit_clips=12,-14.756187676800085,9.0,5.0,-1.2218268967250943,0.0,5,2.0,4,12,
ALGOUSDT,0,5,S1|skew_bp=10/k=0/min_edge_bp=0/soft_limit_clips=3,-201.17077296366986,7465.4,5.0,-201.67316677084256,0.0,10,0.0,0,3,
ALGOUSDT,0,5,S1|skew_bp=10/k=0/min_edge_bp=0/soft_limit_clips=6,-217.35020262939634,8139.8,5.0,-217.13487224185837,0.0,10,0.0,0,6,
ALGOUSDT,0,5,S1|skew_bp=10/k=0/min_edge_bp=0/soft_limit_clips=12,-236.01416162768936,8919.8,5.0,-238.46187133476087,0.0,10,0.0,0,12,
ALGOUSDT,0,5,S1|skew_bp=10/k=0/min_edge_bp=1/soft_limit_clips=3,-107.5723331479904,3284.8,5.0,-103.67563658965067,0.0,10,0.0,1,3,
ALGOUSDT,0,5,S1|skew_bp=10/k=0/min_edge_bp=1/soft_limit_clips=6,-98.00063552266559,2845.6,5.0,-93.27241746190795,0.0,10,0.0,1,6,
ALGOUSDT,0,5,S1|skew_bp=10/k=0/min_edge_bp=1/soft_limit_clips=12,-88.089466266773,2617.2,5.0,-85.6135151135707,0.0,10,0.0,1,12,
ALGOUSDT,0,5,S1|skew_bp=10/k=0/min_edge_bp=2/soft_limit_clips=3,-58.834389855926226,1417.6,5.0,-57.74257416329806,0.0,10,0.0,2,3,
ALGOUSDT,0,5,S1|skew_bp=10/k=0/min_edge_bp=2/soft_limit_clips=6,-48.305761040516856,1004.0,5.0,-49.93397670945568,0.0,10,0.0,2,6,
ALGOUSDT,0,5,S1|skew_bp=10/k=0/min_edge_bp=2/soft_limit_clips=12,-37.058212693352424,798.6,5.0,-39.481203994142916,0.0,10,0.0,2,12,
ALGOUSDT,0,5,S1|skew_bp=10/k=0/min_edge_bp=4/soft_limit_clips=3,-35.39046943934941,771.8,5.0,-36.184904094629225,0.0,10,0.0,4,3,
ALGOUSDT,0,5,S1|skew_bp=10/k=0/min_edge_bp=4/soft_limit_clips=6,-27.059485877183466,590.0,5.0,-31.089223142129043,0.0,10,0.0,4,6,
ALGOUSDT,0,5,S1|skew_bp=10/k=0/min_edge_bp=4/soft_limit_clips=12,-26.079626603612223,469.6,5.0,-25.76194790707829,0.0,10,0.0,4,12,
ALGOUSDT,0,5,S1|skew_bp=10/k=0.5/min_edge_bp=0/soft_limit_clips=3,-12.194099414705414,311.2,5.0,-15.792659289779962,0.0,10,0.5,0,3,
ALGOUSDT,0,5,S1|skew_bp=10/k=0.5/min_edge_bp=0/soft_limit_clips=6,-10.569602067040018,215.4,5.0,-13.103191440293742,0.0,10,0.5,0,6,
ALGOUSDT,0,5,S1|skew_bp=10/k=0.5/min_edge_bp=0/soft_limit_clips=12,-19.912373190783597,184.0,5.0,-11.474525340403824,0.0,10,0.5,0,12,
ALGOUSDT,0,5,S1|skew_bp=10/k=0.5/min_edge_bp=1/soft_limit_clips=3,-10.815700241162975,224.6,5.0,-11.760899196874743,0.0,10,0.5,1,3,
ALGOUSDT,0,5,S1|skew_bp=10/k=0.5/min_edge_bp=1/soft_limit_clips=6,-8.827008137090797,137.8,5.0,-10.605295821809062,0.0,10,0.5,1,6,
ALGOUSDT,0,5,S1|skew_bp=10/k=0.5/min_edge_bp=1/soft_limit_clips=12,-15.307195730664958,127.4,5.0,-9.061501494749269,0.0,10,0.5,1,12,
ALGOUSDT,0,5,S1|skew_bp=10/k=0.5/min_edge_bp=2/soft_limit_clips=3,-5.906856943154696,165.8,5.0,-9.857696164165352,0.0,10,0.5,2,3,
ALGOUSDT,0,5,S1|skew_bp=10/k=0.5/min_edge_bp=2/soft_limit_clips=6,-2.9711189212102114,106.8,5.0,-7.921136525202343,0.0,10,0.5,2,6,
ALGOUSDT,0,5,S1|skew_bp=10/k=0.5/min_edge_bp=2/soft_limit_clips=12,-16.749723038409492,93.2,5.0,-7.209316042396989,0.0,10,0.5,2,12,
ALGOUSDT,0,5,S1|skew_bp=10/k=0.5/min_edge_bp=4/soft_limit_clips=3,-9.40081452967678,99.8,5.0,-6.147428095236591,0.0,10,0.5,4,3,
ALGOUSDT,0,5,S1|skew_bp=10/k=0.5/min_edge_bp=4/soft_limit_clips=6,-10.44947300672806,65.2,5.0,-5.108125371061362,0.0,10,0.5,4,6,
ALGOUSDT,0,5,S1|skew_bp=10/k=0.5/min_edge_bp=4/soft_limit_clips=12,-16.38235782375464,59.2,5.0,-5.09323708743427,0.0,10,0.5,4,12,
ALGOUSDT,0,5,S1|skew_bp=10/k=1/min_edge_bp=0/soft_limit_clips=3,-5.044489061304791,78.2,5.0,-4.490456225361837,0.0,10,1.0,0,3,
ALGOUSDT,0,5,S1|skew_bp=10/k=1/min_edge_bp=0/soft_limit_clips=6,-2.9059646147341462,59.6,5.0,-3.801887460342113,0.0,10,1.0,0,6,
ALGOUSDT,0,5,S1|skew_bp=10/k=1/min_edge_bp=0/soft_limit_clips=12,-1.8541415890084731,63.0,5.0,-4.200617577083706,0.0,10,1.0,0,12,
ALGOUSDT,0,5,S1|skew_bp=10/k=1/min_edge_bp=1/soft_limit_clips=3,-5.627332721572088,51.6,5.0,-3.805559024405028,0.0,10,1.0,1,3,
ALGOUSDT,0,5,S1|skew_bp=10/k=1/min_edge_bp=1/soft_limit_clips=6,-6.206532514004203,39.2,5.0,-3.281615082906117,0.0,10,1.0,1,6,
ALGOUSDT,0,5,S1|skew_bp=10/k=1/min_edge_bp=1/soft_limit_clips=12,-0.4609646057378587,40.8,5.0,-2.91724723142468,0.0,10,1.0,1,12,
ALGOUSDT,0,5,S1|skew_bp=10/k=1/min_edge_bp=2/soft_limit_clips=3,-10.84144767650875,30.4,5.0,-3.455514321592146,0.0,10,1.0,2,3,
ALGOUSDT,0,5,S1|skew_bp=10/k=1/min_edge_bp=2/soft_limit_clips=6,-8.923944125462194,41.4,5.0,-3.1561775357881316,0.0,10,1.0,2,6,-1.155014742094186
ALGOUSDT,0,5,S1|skew_bp=10/k=1/min_edge_bp=2/soft_limit_clips=12,-2.089619005641958,33.4,5.0,-2.7094157052585652,0.0,10,1.0,2,12,-1.8412742870007548
ALGOUSDT,0,5,S1|skew_bp=10/k=1/min_edge_bp=4/soft_limit_clips=3,-3.386181520747661,20.8,5.0,-2.9782585850951255,0.0,10,1.0,4,3,
ALGOUSDT,0,5,S1|skew_bp=10/k=1/min_edge_bp=4/soft_limit_clips=6,-5.868814267405331,26.6,5.0,-2.8045891594585695,0.0,10,1.0,4,6,
ALGOUSDT,0,5,S1|skew_bp=10/k=1/min_edge_bp=4/soft_limit_clips=12,-13.210381047525306,23.6,5.0,-2.6354438990029827,0.0,10,1.0,4,12,
ALGOUSDT,0,5,S1|skew_bp=10/k=2/min_edge_bp=0/soft_limit_clips=3,-5.90963336219964,18.4,5.0,-1.4561315647747244,0.0,10,2.0,0,3,
ALGOUSDT,0,5,S1|skew_bp=10/k=2/min_edge_bp=0/soft_limit_clips=6,-17.238305403542512,12.6,5.0,-1.5594054411644165,0.0,10,2.0,0,6,
ALGOUSDT,0,5,S1|skew_bp=10/k=2/min_edge_bp=0/soft_limit_clips=12,-13.36570437256314,13.8,5.0,-1.4375335613554752,0.0,10,2.0,0,12,
ALGOUSDT,0,5,S1|skew_bp=10/k=2/min_edge_bp=1/soft_limit_clips=3,-9.44708551482583,11.6,5.0,-1.3562914218463593,0.0,10,2.0,1,3,
ALGOUSDT,0,5,S1|skew_bp=10/k=2/min_edge_bp=1/soft_limit_clips=6,-13.417490050358287,11.0,5.0,-1.1348282944902397,0.0,10,2.0,1,6,
ALGOUSDT,0,5,S1|skew_bp=10/k=2/min_edge_bp=1/soft_limit_clips=12,-14.788120347057452,10.6,5.0,-1.2736032240894106,0.0,10,2.0,1,12,
ALGOUSDT,0,5,S1|skew_bp=10/k=2/min_edge_bp=2/soft_limit_clips=3,-7.7089243137406696,10.8,5.0,-0.8872921282839223,0.0,10,2.0,2,3,
ALGOUSDT,0,5,S1|skew_bp=10/k=2/min_edge_bp=2/soft_limit_clips=6,-14.319063233406325,10.4,5.0,-1.2243754359382855,0.0,10,2.0,2,6,
ALGOUSDT,0,5,S1|skew_bp=10/k=2/min_edge_bp=2/soft_limit_clips=12,-14.25750119582105,10.4,5.0,-1.1633022312529897,0.0,10,2.0,2,12,
ALGOUSDT,0,5,S1|skew_bp=10/k=2/min_edge_bp=4/soft_limit_clips=3,-2.266065984878047,8.6,5.0,-0.921089009240597,0.0,10,2.0,4,3,
ALGOUSDT,0,5,S1|skew_bp=10/k=2/min_edge_bp=4/soft_limit_clips=6,-9.923450404841509,9.4,5.0,-1.010052721066526,0.0,10,2.0,4,6,
ALGOUSDT,0,5,S1|skew_bp=10/k=2/min_edge_bp=4/soft_limit_clips=12,-10.669306392030775,9.2,5.0,-1.152530611955736,0.0,10,2.0,4,12,
ALGOUSDT,1,12,S1|skew_bp=2/k=1/min_edge_bp=0/soft_limit_clips=12,2.342262434230992,50.5,12.0,-3.8911631761098135,0.0,2,1.0,0,12,-1.2951406048015865
ALGOUSDT,1,12,S1|skew_bp=2/k=1/min_edge_bp=1/soft_limit_clips=12,-0.5395685813310461,37.5,12.0,-2.7491883053875967,0.0,2,1.0,1,12,-1.3761742822286047
ALGOUSDT,1,12,S1|skew_bp=2/k=1/min_edge_bp=1/soft_limit_clips=6,0.20279274154621726,34.5,12.0,-2.7002942768509626,0.0,2,1.0,1,6,-0.8877865587990541
ALGOUSDT,1,12,S1|skew_bp=2/k=1/min_edge_bp=0/soft_limit_clips=6,0.09857767299720661,49.583333333333336,12.0,-3.5490774501104663,0.0,2,1.0,0,6,-1.02140065044662
ALGOUSDT,1,12,S1|skew_bp=5/k=1/min_edge_bp=1/soft_limit_clips=12,-1.1188866171638043,34.666666666666664,12.0,-2.7271184175819996,0.0,5,1.0,1,12,-1.3761742822286047
ALGOUSDT,1,12,S1|skew_bp=2/k=1/min_edge_bp=2/soft_limit_clips=12,-2.900445702910781,28.916666666666668,12.0,-2.3622865267885813,0.0,2,1.0,2,12,
ALGOUSDT,1,12,S1|skew_bp=2/k=1/min_edge_bp=2/soft_limit_clips=3,0.18351085787883248,24.333333333333332,12.0,-2.2247302621398277,0.0,2,1.0,2,3,-0.6299287999497685
ALGOUSDT,1,12,S1|skew_bp=5/k=1/min_edge_bp=0/soft_limit_clips=12,-0.9341495493603377,54.5,12.0,-3.485405399684783,0.0,5,1.0,0,12,-1.2951406048015865
ALGOUSDT,1,12,S1|skew_bp=2/k=1/min_edge_bp=1/soft_limit_clips=3,1.9438626752153645,32.916666666666664,12.0,-2.508554473623916,0.0,2,1.0,1,3,-0.6299287999497685
ALGOUSDT,1,12,S1|skew_bp=2/k=0.5/min_edge_bp=4/soft_limit_clips=12,-1.7448273015212619,45.25,12.0,-3.811906437267032,0.0,2,0.5,4,12,0.24116689780354827
ALGOUSDT,1,12,S1|skew_bp=2/k=1/min_edge_bp=2/soft_limit_clips=6,-4.031616721499398,26.25,12.0,-2.3063059672749695,0.0,2,1.0,2,6,
ALGOUSDT,1,12,S1|skew_bp=5/k=1/min_edge_bp=2/soft_limit_clips=12,-4.015556340603842,28.333333333333332,12.0,-2.415891419712867,0.0,5,1.0,2,12,
ALGOUSDT,1,12,S1|skew_bp=5/k=1/min_edge_bp=1/soft_limit_clips=6,-1.8226124179490604,38.166666666666664,12.0,-2.339089159965902,0.0,5,1.0,1,6,-1.0656614816113599
ALGOUSDT,1,12,S1|skew_bp=10/k=1/min_edge_bp=1/soft_limit_clips=12,-1.8226124179490604,38.166666666666664,12.0,-2.339089159965902,0.0,10,1.0,1,12,
ALGOUSDT,1,12,S1|skew_bp=5/k=1/min_edge_bp=0/soft_limit_clips=6,-2.582729956823401,52.083333333333336,12.0,-3.5433388141868,0.0,5,1.0,0,6,
ALGOUSDT,1,12,S1|skew_bp=10/k=1/min_edge_bp=0/soft_limit_clips=12,-2.8363963668736933,55.416666666666664,12.0,-3.5581670963384826,0.0,10,1.0,0,12,
ALGOUSDT,1,12,S1|skew_bp=5/k=1/min_edge_bp=2/soft_limit_clips=6,-0.7119772934342864,26.0,12.0,-1.9670607373169664,0.0,5,1.0,2,6,-0.976724020205207
ALGOUSDT,1,12,S1|skew_bp=10/k=1/min_edge_bp=2/soft_limit_clips=12,-0.8929707058357975,26.416666666666668,12.0,-1.9918244884308176,0.0,10,1.0,2,12,-1.8412742870007548
ALGOUSDT,1,12,S1|skew_bp=5/k=1/min_edge_bp=0/soft_limit_clips=3,-3.529660913321385,51.75,12.0,-3.24898566758778,0.0,5,1.0,0,3,
ALGOUSDT,1,12,S1|skew_bp=2/k=1/min_edge_bp=0/soft_limit_clips=3,1.2733522552675838,49.083333333333336,12.0,-3.4273548704846912,0.0,2,1.0,0,3,-0.6736871046251551
ALGOUSDT,1,12,S1|skew_bp=10/k=1/min_edge_bp=0/soft_limit_clips=6,-4.103587504523485,53.166666666666664,12.0,-3.158760788824436,0.0,10,1.0,0,6,
ALGOUSDT,1,12,S1|skew_bp=10/k=0.5/min_edge_bp=2/soft_limit_clips=6,-2.6794733679898997,92.83333333333333,12.0,-5.439983077174721,0.0,10,0.5,2,6,
ALGOUSDT,1,12,S1|skew_bp=10/k=1/min_edge_bp=4/soft_limit_clips=3,-1.7950457028919267,17.083333333333332,12.0,-1.9393286808397299,0.0,10,1.0,4,3,
ALGOUSDT,1,12,S1|skew_bp=5/k=0.5/min_edge_bp=2/soft_limit_clips=3,-2.8380814299555754,87.08333333333333,12.0,-5.205740297814443,0.0,5,0.5,2,3,
ALGOUSDT,1,12,S1|skew_bp=10/k=1/min_edge_bp=0/soft_limit_clips=3,-2.366182052586542,69.25,12.0,-3.645008633473458,0.0,10,1.0,0,3,
ALGOUSDT,1,12,S1|skew_bp=10/k=1/min_edge_bp=1/soft_limit_clips=3,-3.329571599933015,41.75,12.0,-2.6955964814990057,0.0,10,1.0,1,3,
ALGOUSDT,1,12,S1|skew_bp=5/k=1/min_edge_bp=4/soft_limit_clips=3,-4.492508718912663,18.25,12.0,-1.7768804301160932,0.0,5,1.0,4,3,
ALGOUSDT,1,12,S1|skew_bp=10/k=1/min_edge_bp=4/soft_limit_clips=6,-6.791789430390136,18.916666666666668,12.0,-1.838185943951643,0.0,10,1.0,4,6,
ALGOUSDT,1,12,S1|skew_bp=10/k=0.5/min_edge_bp=2/soft_limit_clips=3,-5.652755748637137,124.41666666666667,12.0,-6.314946432986429,0.0,10,0.5,2,3,
ALGOUSDT,1,12,S1|skew_bp=5/k=1/min_edge_bp=1/soft_limit_clips=3,-1.3101499397687173,30.25,12.0,-2.4445815668661557,0.0,5,1.0,1,3,-0.8477951407805642
ALGOUSDT,1,12,S1|skew_bp=10/k=1/min_edge_bp=1/soft_limit_clips=6,-2.4582920139311915,33.083333333333336,12.0,-2.6304006595027065,0.0,10,1.0,1,6,
ALGOUSDT,1,12,S1|skew_bp=5/k=0.5/min_edge_bp=0/soft_limit_clips=3,-6.463573173075699,205.91666666666666,12.0,-9.922403403247598,0.0,5,0.5,0,3,
ALGOUSDT,1,12,S1|skew_bp=10/k=0.5/min_edge_bp=1/soft_limit_clips=6,-6.01414211095544,112.83333333333333,12.0,-6.988192169873147,0.0,10,0.5,1,6,
ALGOUSDT,1,12,S1|skew_bp=5/k=0.5/min_edge_bp=1/soft_limit_clips=3,-5.898491280256889,109.83333333333333,12.0,-7.090564327357435,0.0,5,0.5,1,3,
ALGOUSDT,1,12,S1|skew_bp=5/k=1/min_edge_bp=2/soft_limit_clips=3,0.5702075270222423,30.083333333333332,12.0,-1.9751699591096574,0.0,5,1.0,2,3,-0.8477951407805642
ALGOUSDT,1,12,S1|skew_bp=10/k=1/min_edge_bp=2/soft_limit_clips=6,0.3144124944831163,30.666666666666668,12.0,-1.9062541974600895,0.0,10,1.0,2,6,-1.155014742094186
ALGOUSDT,1,12,S1|skew_bp=10/k=0.5/min_edge_bp=4/soft_limit_clips=3,-3.2979624944611245,67.66666666666667,12.0,-4.051014373312874,0.0,10,0.5,4,3,
ALGOUSDT,1,12,S1|skew_bp=5/k=0.5/min_edge_bp=4/soft_limit_clips=3,-4.461557912072506,51.5,12.0,-3.831316720989181,0.0,5,0.5,4,3,
ALGOUSDT,1,12,S1|skew_bp=2/k=0.5/min_edge_bp=4/soft_limit_clips=6,-2.795630360917492,43.666666666666664,12.0,-3.683266677325163,0.0,2,0.5,4,6,
ALGOUSDT,1,12,S1|skew_bp=5/k=0.5/min_edge_bp=2/soft_limit_clips=12,-4.909334014769704,72.33333333333333,12.0,-5.033301548836053,0.0,5,0.5,2,12,
ALGOUSDT,1,12,S1|skew_bp=10/k=0.5/min_edge_bp=4/soft_limit_clips=6,-5.040910821502528,52.25,12.0,-3.8480467676141714,0.0,10,0.5,4,6,
ALGOUSDT,1,12,S1|skew_bp=10/k=0.5/min_edge_bp=0/soft_limit_clips=6,-7.5647349957236,212.91666666666666,12.0,-9.9034917136508,0.0,10,0.5,0,6,
ALGOUSDT,1,12,S1|skew_bp=10/k=0.5/min_edge_bp=1/soft_limit_clips=3,-5.192182313522093,177.75,12.0,-8.186406984815557,0.0,10,0.5,1,3,
ALGOUSDT,1,12,S1|skew_bp=10/k=1/min_edge_bp=2/soft_limit_clips=3,-3.6090136671970776,27.916666666666668,12.0,-2.16166953632456,0.0,10,1.0,2,3,
ALGOUSDT,1,12,S1|skew_bp=2/k=0.5/min_edge_bp=2/soft_limit_clips=3,-8.661159569196064,62.666666666666664,12.0,-4.465596412889128,0.0,2,0.5,2,3,
ALGOUSDT,1,12,S1|skew_bp=10/k=0.5/min_edge_bp=0/soft_limit_clips=3,-10.603250169130147,289.1666666666667,12.0,-12.19339275488531,0.0,10,0.5,0,3,
ALGOUSDT,1,12,S1|skew_bp=2/k=0.5/min_edge_bp=1/soft_limit_clips=12,-5.50323011762044,93.08333333333333,12.0,-7.195018660677104,0.0,2,0.5,1,12,
ALGOUSDT,1,12,S1|skew_bp=5/k=1/min_edge_bp=4/soft_limit_clips=6,-8.59763437415494,15.666666666666666,12.0,-1.7318804283974396,0.0,5,1.0,4,6,
ALGOUSDT,2,25,S1|skew_bp=2/k=1/min_edge_bp=0/soft_limit_clips=12,0.1929753880541037,47.56,25.0,-4.1626692143884325,0.0,2,1.0,0,12,-1.2951406048015865
ALGOUSDT,2,25,S1|skew_bp=2/k=1/min_edge_bp=1/soft_limit_clips=3,-0.1923594671561243,27.36,25.0,-2.2480853625642556,0.0,2,1.0,1,3,-0.6299287999497685
ALGOUSDT,2,25,S1|skew_bp=2/k=1/min_edge_bp=0/soft_limit_clips=3,-0.02049680394890123,41.2,25.0,-3.0794773443194368,0.0,2,1.0,0,3,-0.6736871046251551
ALGOUSDT,2,25,S1|skew_bp=5/k=1/min_edge_bp=2/soft_limit_clips=3,-0.6299287999497685,27.0,25.0,-2.0349774881075033,0.0,5,1.0,2,3,-0.8477951407805642
ALGOUSDT,2,25,S1|skew_bp=10/k=1/min_edge_bp=2/soft_limit_clips=6,-1.0656614816113599,28.44,25.0,-2.126654730547992,0.0,10,1.0,2,6,-1.155014742094186
ALGOUSDT,2,25,S1|skew_bp=2/k=1/min_edge_bp=1/soft_limit_clips=6,0.08880322894933172,31.92,25.0,-2.898418723767736,0.0,2,1.0,1,6,-0.8877865587990541
ALGOUSDT,2,25,S1|skew_bp=2/k=1/min_edge_bp=2/soft_limit_clips=3,0.2601605952424661,22.6,25.0,-2.1166828905979123,0.0,2,1.0,2,3,-0.6299287999497685
ALGOUSDT,2,25,S1|skew_bp=2/k=1/min_edge_bp=0/soft_limit_clips=6,-1.2951406048015865,46.36,25.0,-3.528605772626347,0.0,2,1.0,0,6,-1.02140065044662
ALGOUSDT,2,25,S1|skew_bp=2/k=1/min_edge_bp=1/soft_limit_clips=12,-1.7507341998103145,34.36,25.0,-3.2359301969904664,0.0,2,1.0,1,12,-1.3761742822286047
ALGOUSDT,2,25,S1|skew_bp=5/k=1/min_edge_bp=2/soft_limit_clips=6,-1.8412742870007548,25.48,25.0,-2.0287482404421477,0.0,5,1.0,2,6,-0.976724020205207
ALGOUSDT,2,25,S1|skew_bp=10/k=1/min_edge_bp=2/soft_limit_clips=12,-2.1372269939552084,26.0,25.0,-2.0579676361618455,0.0,10,1.0,2,12,-1.8412742870007548
ALGOUSDT,2,25,S1|skew_bp=5/k=1/min_edge_bp=0/soft_limit_clips=12,-1.4572079596556227,50.36,25.0,-3.5221095794014046,0.0,5,1.0,0,12,-1.2951406048015865
ALGOUSDT,2,25,S1|skew_bp=5/k=1/min_edge_bp=1/soft_limit_clips=12,-0.8877865587990541,33.24,25.0,-2.9884666584646236,0.0,5,1.0,1,12,-1.3761742822286047
ALGOUSDT,2,25,S1|skew_bp=5/k=1/min_edge_bp=1/soft_limit_clips=3,-1.155014742094186,28.52,25.0,-2.5272656801001134,0.0,5,1.0,1,3,-0.8477951407805642
ALGOUSDT,2,25,S1|skew_bp=2/k=0.5/min_edge_bp=4/soft_limit_clips=12,2.3236080826078513,42.8,25.0,-4.003528053888681,0.0,2,0.5,4,12,0.24116689780354827
ALGOUSDT,2,25,S1|skew_bp=5/k=1/min_edge_bp=1/soft_limit_clips=6,-2.1272475961462614,33.84,25.0,-2.392258012975465,0.0,5,1.0,1,6,-1.0656614816113599
ZECUSDT,0,5,S1|skew_bp=2/k=0/min_edge_bp=0/soft_limit_clips=3,-45.86949488412462,4107.0,5.0,-48.1122961848579,0.0,2,0.0,0,3,
ZECUSDT,0,5,S1|skew_bp=2/k=0/min_edge_bp=0/soft_limit_clips=6,-44.19728524659898,4210.8,5.0,-49.29786834295292,0.0,2,0.0,0,6,
ZECUSDT,0,5,S1|skew_bp=2/k=0/min_edge_bp=0/soft_limit_clips=12,-42.86335266815637,4225.4,5.0,-49.31183252687263,0.0,2,0.0,0,12,
ZECUSDT,0,5,S1|skew_bp=2/k=0/min_edge_bp=1/soft_limit_clips=3,-17.70430899966334,1300.4,5.0,-19.630624879965907,0.0,2,0.0,1,3,
ZECUSDT,0,5,S1|skew_bp=2/k=0/min_edge_bp=1/soft_limit_clips=6,-17.05692971403239,1161.6,5.0,-18.15680612422945,0.0,2,0.0,1,6,
ZECUSDT,0,5,S1|skew_bp=2/k=0/min_edge_bp=1/soft_limit_clips=12,-16.057098152141275,1043.0,5.0,-16.282329225653296,0.0,2,0.0,1,12,
ZECUSDT,0,5,S1|skew_bp=2/k=0/min_edge_bp=2/soft_limit_clips=3,-13.122146743131907,907.0,5.0,-14.318136410297763,0.0,2,0.0,2,3,
ZECUSDT,0,5,S1|skew_bp=2/k=0/min_edge_bp=2/soft_limit_clips=6,-14.232505040328084,853.0,5.0,-13.412594400158616,0.0,2,0.0,2,6,
ZECUSDT,0,5,S1|skew_bp=2/k=0/min_edge_bp=2/soft_limit_clips=12,-12.280813739711633,791.2,5.0,-12.759649145222728,0.0,2,0.0,2,12,
ZECUSDT,0,5,S1|skew_bp=2/k=0/min_edge_bp=4/soft_limit_clips=3,-5.9092328584249785,510.8,5.0,-7.264629687449903,0.0,2,0.0,4,3,
ZECUSDT,0,5,S1|skew_bp=2/k=0/min_edge_bp=4/soft_limit_clips=6,-4.962138337287117,495.4,5.0,-6.822337516495042,0.0,2,0.0,4,6,
ZECUSDT,0,5,S1|skew_bp=2/k=0/min_edge_bp=4/soft_limit_clips=12,-4.062770870560861,476.0,5.0,-6.369981375212305,0.0,2,0.0,4,12,
ZECUSDT,0,5,S1|skew_bp=2/k=0.5/min_edge_bp=0/soft_limit_clips=3,-0.5476411625441002,191.4,5.0,-1.9829686065906713,0.0,2,0.5,0,3,
ZECUSDT,0,5,S1|skew_bp=2/k=0.5/min_edge_bp=0/soft_limit_clips=6,2.277428592695754,212.2,5.0,-1.7936244613853691,0.0,2,0.5,0,6,0.5259242204903785
ZECUSDT,0,5,S1|skew_bp=2/k=0.5/min_edge_bp=0/soft_limit_clips=12,0.8762797170006141,222.0,5.0,-1.5914120659891609,0.0,2,0.5,0,12,
ZECUSDT,0,5,S1|skew_bp=2/k=0.5/min_edge_bp=1/soft_limit_clips=3,-0.7635886203029296,154.8,5.0,-1.058854960911847,0.0,2,0.5,1,3,
ZECUSDT,0,5,S1|skew_bp=2/k=0.5/min_edge_bp=1/soft_limit_clips=6,-0.23348187744682886,157.2,5.0,-1.1348070813019373,0.0,2,0.5,1,6,
ZECUSDT,0,5,S1|skew_bp=2/k=0.5/min_edge_bp=1/soft_limit_clips=12,-4.324390440465889,162.4,5.0,-1.404366996643531,0.0,2,0.5,1,12,
ZECUSDT,0,5,S1|skew_bp=2/k=0.5/min_edge_bp=2/soft_limit_clips=3,0.43361770464420407,117.0,5.0,-0.8110832794360385,0.0,2,0.5,2,3,0.5065092500219117
ZECUSDT,0,5,S1|skew_bp=2/k=0.5/min_edge_bp=2/soft_limit_clips=6,-0.4658785713231025,124.8,5.0,-0.9229921551508877,0.0,2,0.5,2,6,
ZECUSDT,0,5,S1|skew_bp=2/k=0.5/min_edge_bp=2/soft_limit_clips=12,-3.62418058199036,129.0,5.0,-0.8945808249486571,0.0,2,0.5,2,12,
ZECUSDT,0,5,S1|skew_bp=2/k=0.5/min_edge_bp=4/soft_limit_clips=3,-0.29089845047202967,65.0,5.0,-0.5170046978365728,0.0,2,0.5,4,3,
ZECUSDT,0,5,S1|skew_bp=2/k=0.5/min_edge_bp=4/soft_limit_clips=6,0.006446594101474102,72.2,5.0,-0.23061322278482915,0.0,2,0.5,4,6,
ZECUSDT,0,5,S1|skew_bp=2/k=0.5/min_edge_bp=4/soft_limit_clips=12,-9.154011590520614,73.6,5.0,-0.08346421112834879,0.0,2,0.5,4,12,
ZECUSDT,0,5,S1|skew_bp=2/k=1/min_edge_bp=0/soft_limit_clips=3,-0.9561218310427101,53.2,5.0,-0.2562228522487113,0.0,2,1.0,0,3,0.4958102602449157
ZECUSDT,0,5,S1|skew_bp=2/k=1/min_edge_bp=0/soft_limit_clips=6,-3.774101093299786,65.2,5.0,-0.5760537085656059,0.0,2,1.0,0,6,
ZECUSDT,0,5,S1|skew_bp=2/k=1/min_edge_bp=0/soft_limit_clips=12,-9.76397927202055,70.6,5.0,-0.7444733143421597,0.0,2,1.0,0,12,
ZECUSDT,0,5,S1|skew_bp=2/k=1/min_edge_bp=1/soft_limit_clips=3,-2.821292315260885,35.6,5.0,-0.35180581518882653,0.0,2,1.0,1,3,
ZECUSDT,0,5,S1|skew_bp=2/k=1/min_edge_bp=1/soft_limit_clips=6,-6.137966054653871,46.6,5.0,-0.40586761451518205,0.0,2,1.0,1,6,
ZECUSDT,0,5,S1|skew_bp=2/k=1/min_edge_bp=1/soft_limit_clips=12,-12.954873941123196,51.2,5.0,-0.6153616864241123,0.0,2,1.0,1,12,
ZECUSDT,0,5,S1|skew_bp=2/k=1/min_edge_bp=2/soft_limit_clips=3,-2.1822388096769947,33.2,5.0,-0.3466392856408655,0.0,2,1.0,2,3,0.5065092500219117
ZECUSDT,0,5,S1|skew_bp=2/k=1/min_edge_bp=2/soft_limit_clips=6,-5.314656285036042,38.0,5.0,-0.15020347194273165,0.0,2,1.0,2,6,
ZECUSDT,0,5,S1|skew_bp=2/k=1/min_edge_bp=2/soft_limit_clips=12,-11.636385725739796,39.4,5.0,-0.4478422634733169,0.0,2,1.0,2,12,
ZECUSDT,0,5,S1|skew_bp=2/k=1/min_edge_bp=4/soft_limit_clips=3,-2.7227466292057256,23.0,5.0,-0.14010064167479128,0.0,2,1.0,4,3,
ZECUSDT,0,5,S1|skew_bp=2/k=1/min_edge_bp=4/soft_limit_clips=6,-6.2864704268098,22.6,5.0,-0.23955291520287725,0.0,2,1.0,4,6,
ZECUSDT,0,5,S1|skew_bp=2/k=1/min_edge_bp=4/soft_limit_clips=12,-12.457637691605338,25.8,5.0,-0.47613334055098083,0.0,2,1.0,4,12,
ZECUSDT,0,5,S1|skew_bp=2/k=2/min_edge_bp=0/soft_limit_clips=3,-2.8827091510921927,8.2,5.0,-0.46360602604639933,0.0,2,2.0,0,3,
ZECUSDT,0,5,S1|skew_bp=2/k=2/min_edge_bp=0/soft_limit_clips=6,-4.817414867077151,8.8,5.0,-0.6237566921609538,0.0,2,2.0,0,6,
ZECUSDT,0,5,S1|skew_bp=2/k=2/min_edge_bp=0/soft_limit_clips=12,-6.360220143193855,9.8,5.0,-0.6788122185619676,0.0,2,2.0,0,12,
ZECUSDT,0,5,S1|skew_bp=2/k=2/min_edge_bp=1/soft_limit_clips=3,-3.2134886740672117,6.0,5.0,-0.3371525893613994,0.0,2,2.0,1,3,
ZECUSDT,0,5,S1|skew_bp=2/k=2/min_edge_bp=1/soft_limit_clips=6,-5.546751005896979,6.8,5.0,-0.46644964215360407,0.0,2,2.0,1,6,
ZECUSDT,0,5,S1|skew_bp=2/k=2/min_edge_bp=1/soft_limit_clips=12,-5.20402134372502,7.8,5.0,-0.4270002243910763,0.0,2,2.0,1,12,
ZECUSDT,0,5,S1|skew_bp=2/k=2/min_edge_bp=2/soft_limit_clips=3,-3.0566930763874707,6.0,5.0,-0.3685677325136996,0.0,2,2.0,2,3,
ZECUSDT,0,5,S1|skew_bp=2/k=2/min_edge_bp=2/soft_limit_clips=6,-4.203569342188294,6.4,5.0,-0.390692543250406,0.0,2,2.0,2,6,
ZECUSDT,0,5,S1|skew_bp=2/k=2/min_edge_bp=2/soft_limit_clips=12,-4.490987922196884,7.0,5.0,-0.38632491636245253,0.0,2,2.0,2,12,
ZECUSDT,0,5,S1|skew_bp=2/k=2/min_edge_bp=4/soft_limit_clips=3,-3.010503690307226,5.0,5.0,-0.33833365226383744,0.0,2,2.0,4,3,
ZECUSDT,0,5,S1|skew_bp=2/k=2/min_edge_bp=4/soft_limit_clips=6,-3.4903757398374156,7.0,5.0,-0.3467597393069993,0.0,2,2.0,4,6,
ZECUSDT,0,5,S1|skew_bp=2/k=2/min_edge_bp=4/soft_limit_clips=12,-3.4491818195896267,5.8,5.0,-0.3705458190592027,0.0,2,2.0,4,12,
ZECUSDT,0,5,S1|skew_bp=5/k=0/min_edge_bp=0/soft_limit_clips=3,-44.95367059802821,4002.6,5.0,-46.5028884169862,0.0,5,0.0,0,3,
ZECUSDT,0,5,S1|skew_bp=5/k=0/min_edge_bp=0/soft_limit_clips=6,-45.11219686959947,4118.6,5.0,-47.4680733852173,0.0,5,0.0,0,6,
ZECUSDT,0,5,S1|skew_bp=5/k=0/min_edge_bp=0/soft_limit_clips=12,-43.746729485829384,4156.2,5.0,-48.62688034869816,0.0,5,0.0,0,12,
ZECUSDT,0,5,S1|skew_bp=5/k=0/min_edge_bp=1/soft_limit_clips=3,-21.458032727160287,1639.2,5.0,-22.755896346628575,0.0,5,0.0,1,3,
ZECUSDT,0,5,S1|skew_bp=5/k=0/min_edge_bp=1/soft_limit_clips=6,-18.41111108890191,1396.6,5.0,-19.419105660645403,0.0,5,0.0,1,6,
ZECUSDT,0,5,S1|skew_bp=5/k=0/min_edge_bp=1/soft_limit_clips=12,-17.302813750537393,1217.6,5.0,-17.87879983866187,0.0,5,0.0,1,12,
ZECUSDT,0,5,S1|skew_bp=5/k=0/min_edge_bp=2/soft_limit_clips=3,-16.380105617193895,1184.8,5.0,-17.46151127793944,0.0,5,0.0,2,3,
ZECUSDT,0,5,S1|skew_bp=5/k=0/min_edge_bp=2/soft_limit_clips=6,-14.81648974527194,1033.2,5.0,-14.964699090339815,0.0,5,0.0,2,6,
ZECUSDT,0,5,S1|skew_bp=5/k=0/min_edge_bp=2/soft_limit_clips=12,-14.806959375520112,899.2,5.0,-13.846408414447344,0.0,5,0.0,2,12,
ZECUSDT,0,5,S1|skew_bp=5/k=0/min_edge_bp=4/soft_limit_clips=3,-8.995348051230982,644.8,5.0,-9.441649727023744,0.0,5,0.0,4,3,
ZECUSDT,0,5,S1|skew_bp=5/k=0/min_edge_bp=4/soft_limit_clips=6,-7.912440031344596,589.0,5.0,-7.729102035818542,0.0,5,0.0,4,6,
ZECUSDT,0,5,S1|skew_bp=5/k=0/min_edge_bp=4/soft_limit_clips=12,-7.15234663928037,532.2,5.0,-7.000264822082764,0.0,5,0.0,4,12,
ZECUSDT,0,5,S1|skew_bp=5/k=0.5/min_edge_bp=0/soft_limit_clips=3,-1.8120899453504058,280.2,5.0,-3.236505104587517,0.0,5,0.5,0,3,
ZECUSDT,0,5,S1|skew_bp=5/k=0.5/min_edge_bp=0/soft_limit_clips=6,-0.535271545153645,258.6,5.0,-2.665415711699059,0.0,5,0.5,0,6,0.4958102602449157
ZECUSDT,0,5,S1|skew_bp=5/k=0.5/min_edge_bp=0/soft_limit_clips=12,1.404710787843284,249.4,5.0,-2.3805707076938414,0.0,5,0.5,0,12,
ZECUSDT,0,5,S1|skew_bp=5/k=0.5/min_edge_bp=1/soft_limit_clips=3,-2.0649020358952486,226.8,5.0,-2.446567052138461,0.0,5,0.5,1,3,
ZECUSDT,0,5,S1|skew_bp=5/k=0.5/min_edge_bp=1/soft_limit_clips=6,-1.0646309490140016,193.0,5.0,-1.995138532396766,0.0,5,0.5,1,6,0.4958102602449157
ZECUSDT,0,5,S1|skew_bp=5/k=0.5/min_edge_bp=1/soft_limit_clips=12,-1.3666393007782425,175.4,5.0,-1.6837106322767847,0.0,5,0.5,1,12,0.4911990328691651
ZECUSDT,0,5,S1|skew_bp=5/k=0.5/min_edge_bp=2/soft_limit_clips=3,-1.4367693929845977,163.4,5.0,-1.9624901324312212,0.0,5,0.5,2,3,
ZECUSDT,0,5,S1|skew_bp=5/k=0.5/min_edge_bp=2/soft_limit_clips=6,-1.1118240419361176,145.0,5.0,-1.2988093758809176,0.0,5,0.5,2,6,0.49353229876606675
ZECUSDT,0,5,S1|skew_bp=5/k=0.5/min_edge_bp=2/soft_limit_clips=12,-2.4798510560185347,135.8,5.0,-1.0816313551165915,0.0,5,0.5,2,12,
ZECUSDT,0,5,S1|skew_bp=5/k=0.5/min_edge_bp=4/soft_limit_clips=3,-0.8825482259645367,95.4,5.0,-0.6994367143782615,0.0,5,0.5,4,3,
ZECUSDT,0,5,S1|skew_bp=5/k=0.5/min_edge_bp=4/soft_limit_clips=6,-0.6428621559160541,81.0,5.0,-0.6882995531012033,0.0,5,0.5,4,6,
ZECUSDT,0,5,S1|skew_bp=5/k=0.5/min_edge_bp=4/soft_limit_clips=12,-1.1886515263407642,77.4,5.0,-0.354703739592098,0.0,5,0.5,4,12,
ZECUSDT,0,5,S1|skew_bp=5/k=1/min_edge_bp=0/soft_limit_clips=3,-2.0145721683444133,82.8,5.0,-0.17783887890165992,0.0,5,1.0,0,3,
ZECUSDT,0,5,S1|skew_bp=5/k=1/min_edge_bp=0/soft_limit_clips=6,-2.881960097759123,77.0,5.0,-0.43280849852550335,0.0,5,1.0,0,6,
ZECUSDT,0,5,S1|skew_bp=5/k=1/min_edge_bp=0/soft_limit_clips=12,-4.999299316462594,73.8,5.0,-0.5281061582522394,0.0,5,1.0,0,12,
ZECUSDT,0,5,S1|skew_bp=5/k=1/min_edge_bp=1/soft_limit_clips=3,-1.367623854326479,56.4,5.0,-0.06298686324603162,0.0,5,1.0,1,3,0.5259242204903785
ZECUSDT,0,5,S1|skew_bp=5/k=1/min_edge_bp=1/soft_limit_clips=6,-3.601077670028284,53.4,5.0,-0.615574623206151,0.0,5,1.0,1,6,
ZECUSDT,0,5,S1|skew_bp=5/k=1/min_edge_bp=1/soft_limit_clips=12,-7.667614754557401,56.4,5.0,-0.28381121009993093,0.0,5,1.0,1,12,
ZECUSDT,0,5,S1|skew_bp=5/k=1/min_edge_bp=2/soft_limit_clips=3,-1.5749070677666348,42.0,5.0,-0.04970645803902625,0.0,5,1.0,2,3,
ZECUSDT,0,5,S1|skew_bp=5/k=1/min_edge_bp=2/soft_limit_clips=6,-5.3282831604479135,41.6,5.0,-0.15793699520486734,0.0,5,1.0,2,6,
ZECUSDT,0,5,S1|skew_bp=5/k=1/min_edge_bp=2/soft_limit_clips=12,-9.033990780679735,43.6,5.0,-0.22602113117564332,0.0,5,1.0,2,12,
ZECUSDT,0,5,S1|skew_bp=5/k=1/min_edge_bp=4/soft_limit_clips=3,-2.085715014413453,33.6,5.0,-0.076372058180127,0.0,5,1.0,4,3,0.49114372845111254
ZECUSDT,0,5,S1|skew_bp=5/k=1/min_edge_bp=4/soft_limit_clips=6,-3.1339293340571,28.0,5.0,-0.08764664795011541,0.0,5,1.0,4,6,
ZECUSDT,0,5,S1|skew_bp=5/k=1/min_edge_bp=4/soft_limit_clips=12,-7.793659060383277,24.2,5.0,-0.44833735629242655,0.0,5,1.0,4,12,
ZECUSDT,0,5,S1|skew_bp=5/k=2/min_edge_bp=0/soft_limit_clips=3,-2.359728864829607,11.4,5.0,-0.4168599097806907,0.0,5,2.0,0,3,
ZECUSDT,0,5,S1|skew_bp=5/k=2/min_edge_bp=0/soft_limit_clips=6,-3.5259545592945742,9.6,5.0,-0.5534186294970862,0.0,5,2.0,0,6,
ZECUSDT,0,5,S1|skew_bp=5/k=2/min_edge_bp=0/soft_limit_clips=12,-4.856988534983361,11.0,5.0,-0.6106706044766327,0.0,5,2.0,0,12,
ZECUSDT,0,5,S1|skew_bp=5/k=2/min_edge_bp=1/soft_limit_clips=3,-2.7767249765999567,6.8,5.0,-0.34706043556334915,0.0,5,2.0,1,3,
ZECUSDT,0,5,S1|skew_bp=5/k=2/min_edge_bp=1/soft_limit_clips=6,-4.969447511205182,8.0,5.0,-0.4396979202982039,0.0,5,2.0,1,6,
ZECUSDT,0,5,S1|skew_bp=5/k=2/min_edge_bp=1/soft_limit_clips=12,-5.197859476427036,9.0,5.0,-0.4208383570931059,0.0,5,2.0,1,12,
ZECUSDT,0,5,S1|skew_bp=5/k=2/min_edge_bp=2/soft_limit_clips=3,-3.127288925493895,7.0,5.0,-0.3327193296421016,0.0,5,2.0,2,3,
ZECUSDT,0,5,S1|skew_bp=5/k=2/min_edge_bp=2/soft_limit_clips=6,-3.8591602595796686,6.8,5.0,-0.3634579514118038,0.0,5,2.0,2,6,
ZECUSDT,0,5,S1|skew_bp=5/k=2/min_edge_bp=2/soft_limit_clips=12,-4.500583866196907,8.0,5.0,-0.39600706725900575,0.0,5,2.0,2,12,
ZECUSDT,0,5,S1|skew_bp=5/k=2/min_edge_bp=4/soft_limit_clips=3,-2.7739491669467364,5.0,5.0,-0.3470061084397479,0.0,5,2.0,4,3,
ZECUSDT,0,5,S1|skew_bp=5/k=2/min_edge_bp=4/soft_limit_clips=6,-3.4886905216123076,6.4,5.0,-0.34372072797845366,0.0,5,2.0,4,6,
ZECUSDT,0,5,S1|skew_bp=5/k=2/min_edge_bp=4/soft_limit_clips=12,-3.43525976358963,6.8,5.0,-0.3567099699557522,0.0,5,2.0,4,12,
ZECUSDT,0,5,S1|skew_bp=10/k=0/min_edge_bp=0/soft_limit_clips=3,-42.55862201985671,3839.8,5.0,-44.105826943633076,0.0,10,0.0,0,3,
ZECUSDT,0,5,S1|skew_bp=10/k=0/min_edge_bp=0/soft_limit_clips=6,-43.47453801048901,3957.8,5.0,-45.76545720175769,0.0,10,0.0,0,6,
ZECUSDT,0,5,S1|skew_bp=10/k=0/min_edge_bp=0/soft_limit_clips=12,-44.844573686993115,4119.2,5.0,-47.44153571364298,0.0,10,0.0,0,12,
ZECUSDT,0,5,S1|skew_bp=10/k=0/min_edge_bp=1/soft_limit_clips=3,-25.311962227374664,1979.8,5.0,-25.881781111038038,0.0,10,0.0,1,3,
ZECUSDT,0,5,S1|skew_bp=10/k=0/min_edge_bp=1/soft_limit_clips=6,-21.81201822775903,1670.2,5.0,-22.922421590621376,0.0,10,0.0,1,6,
ZECUSDT,0,5,S1|skew_bp=10/k=0/min_edge_bp=1/soft_limit_clips=12,-18.339647433556777,1401.2,5.0,-19.513528164489408,0.0,10,0.0,1,12,
ZECUSDT,0,5,S1|skew_bp=10/k=0/min_edge_bp=2/soft_limit_clips=3,-18.965681704110928,1472.6,5.0,-20.11346020185891,0.0,10,0.0,2,3,
ZECUSDT,0,5,S1|skew_bp=10/k=0/min_edge_bp=2/soft_limit_clips=6,-16.768160252992722,1207.8,5.0,-17.358232152688387,0.0,10,0.0,2,6,
ZECUSDT,0,5,S1|skew_bp=10/k=0/min_edge_bp=2/soft_limit_clips=12,-14.823807934773367,1035.4,5.0,-14.960647782762129,0.0,10,0.0,2,12,
ZECUSDT,0,5,S1|skew_bp=10/k=0/min_edge_bp=4/soft_limit_clips=3,-10.820947028208701,865.0,5.0,-12.2573702612714,0.0,10,0.0,4,3,
ZECUSDT,0,5,S1|skew_bp=10/k=0/min_edge_bp=4/soft_limit_clips=6,-8.600861142322426,653.8,5.0,-9.293308235932788,0.0,10,0.0,4,6,
ZECUSDT,0,5,S1|skew_bp=10/k=0/min_edge_bp=4/soft_limit_clips=12,-8.02122409226881,590.8,5.0,-7.7385058813786785,0.0,10,0.0,4,12,
ZECUSDT,0,5,S1|skew_bp=10/k=0.5/min_edge_bp=0/soft_limit_clips=3,-2.8768174333645105,420.8,5.0,-5.344850593216013,0.0,10,0.5,0,3,
ZECUSDT,0,5,S1|skew_bp=10/k=0.5/min_edge_bp=0/soft_limit_clips=6,-1.1942483486982607,306.2,5.0,-3.3460509910481484,0.0,10,0.5,0,6,
ZECUSDT,0,5,S1|skew_bp=10/k=0.5/min_edge_bp=0/soft_limit_clips=12,-0.28221417602416504,264.8,5.0,-2.629042814039663,0.0,10,0.5,0,12,0.47692175468756876
ZECUSDT,0,5,S1|skew_bp=10/k=0.5/min_edge_bp=1/soft_limit_clips=3,-2.0578732430981495,302.4,5.0,-3.661059105769546,0.0,10,0.5,1,3,
ZECUSDT,0,5,S1|skew_bp=10/k=0.5/min_edge_bp=1/soft_limit_clips=6,-1.8426579060748953,238.6,5.0,-2.570775883470449,0.0,10,0.5,1,6,
ZECUSDT,0,5,S1|skew_bp=10/k=0.5/min_edge_bp=1/soft_limit_clips=12,-1.09531406344003,195.4,5.0,-2.042796967932781,0.0,10,0.5,1,12,0.49114372845111254
ZECUSDT,0,5,S1|skew_bp=10/k=0.5/min_edge_bp=2/soft_limit_clips=3,-2.5238618818865177,209.4,5.0,-2.5515080820192506,0.0,10,0.5,2,3,
ZECUSDT,0,5,S1|skew_bp=10/k=0.5/min_edge_bp=2/soft_limit_clips=6,-1.378521008891731,177.6,5.0,-1.9889911929639488,0.0,10,0.5,2,6,
ZECUSDT,0,5,S1|skew_bp=10/k=0.5/min_edge_bp=2/soft_limit_clips=12,-1.3088009437716948,148.6,5.0,-1.3529836464471607,0.0,10,0.5,2,12,
ZECUSDT,0,5,S1|skew_bp=10/k=0.5/min_edge_bp=4/soft_limit_clips=3,-0.8195174932559721,126.8,5.0,-0.9441939412844682,0.0,10,0.5,4,3,
ZECUSDT,0,5,S1|skew_bp=10/k=0.5/min_edge_bp=4/soft_limit_clips=6,-1.2370211351280112,103.0,5.0,-0.7257018912183903,0.0,10,0.5,4,6,
ZECUSDT,0,5,S1|skew_bp=10/k=0.5/min_edge_bp=4/soft_limit_clips=12,-0.8922659721688853,82.0,5.0,-0.6905213678200148,0.0,10,0.5,4,12,
ZECUSDT,0,5,S1|skew_bp=10/k=1/min_edge_bp=0/soft_limit_clips=3,-1.67332775080488,100.6,5.0,-0.7811950164386285,0.0,10,1.0,0,3,
ZECUSDT,0,5,S1|skew_bp=10/k=1/min_edge_bp=0/soft_limit_clips=6,-2.376682597451731,96.6,5.0,-0.5019586623644507,0.0,10,1.0,0,6,
ZECUSDT,0,5,S1|skew_bp=10/k=1/min_edge_bp=0/soft_limit_clips=12,-3.0360342903459654,79.2,5.0,-0.4783194571052373,0.0,10,1.0,0,12,
ZECUSDT,0,5,S1|skew_bp=10/k=1/min_edge_bp=1/soft_limit_clips=3,-0.7735135703426802,71.8,5.0,-0.4649142442924864,0.0,10,1.0,1,3,
ZECUSDT,0,5,S1|skew_bp=10/k=1/min_edge_bp=1/soft_limit_clips=6,-1.2044464884122061,65.6,5.0,-0.26425518788416036,0.0,10,1.0,1,6,0.49114372845111254
ZECUSDT,0,5,S1|skew_bp=10/k=1/min_edge_bp=1/soft_limit_clips=12,-3.9432239473535384,54.0,5.0,-0.5856369685813789,0.0,10,1.0,1,12,
ZECUSDT,0,5,S1|skew_bp=10/k=1/min_edge_bp=2/soft_limit_clips=3,-1.2001697779066227,55.4,5.0,-0.2949117175858612,0.0,10,1.0,2,3,0.4911990328691651
ZECUSDT,0,5,S1|skew_bp=10/k=1/min_edge_bp=2/soft_limit_clips=6,-1.8851569388072815,47.2,5.0,-0.15195493228232154,0.0,10,1.0,2,6,
ZECUSDT,0,5,S1|skew_bp=10/k=1/min_edge_bp=2/soft_limit_clips=12,-5.326831244796269,43.8,5.0,-0.17625388736303887,0.0,10,1.0,2,12,
ZECUSDT,0,5,S1|skew_bp=10/k=1/min_edge_bp=4/soft_limit_clips=3,-1.946033486284626,33.0,5.0,-0.0360090201851679,0.0,10,1.0,4,3,0.3838664022776399
ZECUSDT,0,5,S1|skew_bp=10/k=1/min_edge_bp=4/soft_limit_clips=6,-2.4797021374251416,29.8,5.0,-0.0038831923094645227,0.0,10,1.0,4,6,0.3838664022776399
ZECUSDT,0,5,S1|skew_bp=10/k=1/min_edge_bp=4/soft_limit_clips=12,-2.9031566797179,28.2,5.0,-0.1386751624498624,0.0,10,1.0,4,12,
ZECUSDT,0,5,S1|skew_bp=10/k=2/min_edge_bp=0/soft_limit_clips=3,-0.5110789501000268,11.0,5.0,-0.34178532280466917,0.0,10,2.0,0,3,
ZECUSDT,0,5,S1|skew_bp=10/k=2/min_edge_bp=0/soft_limit_clips=6,-2.5007206423987984,12.0,5.0,-0.41885925906038174,0.0,10,2.0,0,6,
ZECUSDT,0,5,S1|skew_bp=10/k=2/min_edge_bp=0/soft_limit_clips=12,-3.8221504200051983,9.8,5.0,-0.5579144902077036,0.0,10,2.0,0,12,
ZECUSDT,0,5,S1|skew_bp=10/k=2/min_edge_bp=1/soft_limit_clips=3,-0.5683894833925006,8.8,5.0,-0.19703308961453359,0.0,10,2.0,1,3,
ZECUSDT,0,5,S1|skew_bp=10/k=2/min_edge_bp=1/soft_limit_clips=6,-2.854752532486357,8.0,5.0,-0.30736248271524846,0.0,10,2.0,1,6,
ZECUSDT,0,5,S1|skew_bp=10/k=2/min_edge_bp=1/soft_limit_clips=12,-4.2470633454788125,7.8,5.0,-0.37727399898130376,0.0,10,2.0,1,12,
ZECUSDT,0,5,S1|skew_bp=10/k=2/min_edge_bp=2/soft_limit_clips=3,-0.47457394116514406,8.0,5.0,-0.20938921686864287,0.0,10,2.0,2,3,
ZECUSDT,0,5,S1|skew_bp=10/k=2/min_edge_bp=2/soft_limit_clips=6,-3.0625163419336587,8.2,5.0,-0.27788978178780355,0.0,10,2.0,2,6,
ZECUSDT,0,5,S1|skew_bp=10/k=2/min_edge_bp=2/soft_limit_clips=12,-3.8591602595796686,6.8,5.0,-0.3634579514118038,0.0,10,2.0,2,12,
ZECUSDT,0,5,S1|skew_bp=10/k=2/min_edge_bp=4/soft_limit_clips=3,-1.5207378414200057,4.8,5.0,-0.28252308318400077,0.0,10,2.0,4,3,
ZECUSDT,0,5,S1|skew_bp=10/k=2/min_edge_bp=4/soft_limit_clips=6,-3.1552507963229366,5.2,5.0,-0.3723677378159512,0.0,10,2.0,4,6,
ZECUSDT,0,5,S1|skew_bp=10/k=2/min_edge_bp=4/soft_limit_clips=12,-3.4886905216123076,6.4,5.0,-0.34372072797845366,0.0,10,2.0,4,12,
ZECUSDT,1,12,S1|skew_bp=2/k=0.5/min_edge_bp=0/soft_limit_clips=6,-0.7395218568533929,294.5833333333333,12.0,-2.901596732908755,0.0,2,0.5,0,6,0.5259242204903785
ZECUSDT,1,12,S1|skew_bp=5/k=0.5/min_edge_bp=0/soft_limit_clips=12,-1.294669099579109,328.4166666666667,12.0,-2.923781556558492,0.0,5,0.5,0,12,
ZECUSDT,1,12,S1|skew_bp=2/k=0.5/min_edge_bp=0/soft_limit_clips=12,-1.2889340269726648,303.8333333333333,12.0,-2.3350459695978363,0.0,2,0.5,0,12,
ZECUSDT,1,12,S1|skew_bp=2/k=0.5/min_edge_bp=2/soft_limit_clips=3,-0.2799496989577718,171.66666666666666,12.0,-1.5118223847657806,0.0,2,0.5,2,3,0.5065092500219117
ZECUSDT,1,12,S1|skew_bp=2/k=0.5/min_edge_bp=4/soft_limit_clips=6,-1.6240593517520072,114.66666666666667,12.0,-0.4577379455969101,0.0,2,0.5,4,6,
ZECUSDT,1,12,S1|skew_bp=2/k=0.5/min_edge_bp=1/soft_limit_clips=6,-1.8863979109873708,237.0,12.0,-2.0260650399561944,0.0,2,0.5,1,6,
ZECUSDT,1,12,S1|skew_bp=10/k=0.5/min_edge_bp=0/soft_limit_clips=12,-0.7607974704797466,340.75,12.0,-3.6357830981368733,0.0,10,0.5,0,12,0.47692175468756876
ZECUSDT,1,12,S1|skew_bp=2/k=0.5/min_edge_bp=4/soft_limit_clips=3,-1.968220277327762,104.83333333333333,12.0,-0.6740676370061092,0.0,2,0.5,4,3,
ZECUSDT,1,12,S1|skew_bp=2/k=0.5/min_edge_bp=2/soft_limit_clips=6,-1.5227788280025545,191.5,12.0,-1.3036998480762874,0.0,2,0.5,2,6,
ZECUSDT,1,12,S1|skew_bp=5/k=0.5/min_edge_bp=0/soft_limit_clips=6,-0.8483426967152754,338.25,12.0,-3.6527351943784847,0.0,5,0.5,0,6,0.4958102602449157
ZECUSDT,1,12,S1|skew_bp=2/k=0.5/min_edge_bp=0/soft_limit_clips=3,-1.2764089162399113,281.6666666666667,12.0,-3.234793533630571,0.0,2,0.5,0,3,
ZECUSDT,1,12,S1|skew_bp=5/k=0.5/min_edge_bp=4/soft_limit_clips=6,-1.2290560473242216,125.41666666666667,12.0,-0.8316435546448234,0.0,5,0.5,4,6,
ZECUSDT,1,12,S1|skew_bp=2/k=0.5/min_edge_bp=1/soft_limit_clips=3,-1.3396546022428597,221.91666666666666,12.0,-2.367221564200817,0.0,2,0.5,1,3,
ZECUSDT,1,12,S1|skew_bp=10/k=1/min_edge_bp=1/soft_limit_clips=3,-1.0255522860914568,76.5,12.0,-1.0192270959244667,0.0,10,1.0,1,3,
ZECUSDT,1,12,S1|skew_bp=10/k=0.5/min_edge_bp=4/soft_limit_clips=3,-1.607241529260321,192.75,12.0,-2.0606988846802103,0.0,10,0.5,4,3,
ZECUSDT,1,12,S1|skew_bp=5/k=0.5/min_edge_bp=4/soft_limit_clips=3,-1.1344443245164195,139.41666666666666,12.0,-1.1955347915302854,0.0,5,0.5,4,3,
ZECUSDT,1,12,S1|skew_bp=10/k=0.5/min_edge_bp=4/soft_limit_clips=12,-1.3207026467132148,126.08333333333333,12.0,-0.8353476533946655,0.0,10,0.5,4,12,
ZECUSDT,1,12,S1|skew_bp=2/k=1/min_edge_bp=0/soft_limit_clips=3,-0.4923771754628268,64.66666666666667,12.0,-0.7456889895236527,0.0,2,1.0,0,3,0.4958102602449157
ZECUSDT,1,12,S1|skew_bp=5/k=0.5/min_edge_bp=1/soft_limit_clips=6,-0.7904216492157229,261.25,12.0,-2.538846113858868,0.0,5,0.5,1,6,0.4958102602449157
ZECUSDT,1,12,S1|skew_bp=10/k=0.5/min_edge_bp=1/soft_limit_clips=12,-0.7972040718932272,262.4166666666667,12.0,-2.559993253665541,0.0,10,0.5,1,12,0.49114372845111254
ZECUSDT,1,12,S1|skew_bp=5/k=0.5/min_edge_bp=2/soft_limit_clips=6,-0.9988438027285881,204.66666666666666,12.0,-1.696501255391017,0.0,5,0.5,2,6,0.49353229876606675
ZECUSDT,1,12,S1|skew_bp=5/k=0.5/min_edge_bp=4/soft_limit_clips=12,-2.3148354433759724,120.33333333333333,12.0,-0.5155670944133108,0.0,5,0.5,4,12,
ZECUSDT,1,12,S1|skew_bp=10/k=0.5/min_edge_bp=0/soft_limit_clips=6,-1.8420228664817397,405.5833333333333,12.0,-4.78164669780738,0.0,10,0.5,0,6,
ZECUSDT,1,12,S1|skew_bp=10/k=1/min_edge_bp=2/soft_limit_clips=3,-0.7514817420761307,63.083333333333336,12.0,-0.6681554817962825,0.0,10,1.0,2,3,0.4911990328691651
ZECUSDT,1,12,S1|skew_bp=10/k=1/min_edge_bp=1/soft_limit_clips=6,-0.5277259841815763,69.58333333333333,12.0,-0.74297837148072,0.0,10,1.0,1,6,0.49114372845111254
ZECUSDT,1,12,S1|skew_bp=10/k=0.5/min_edge_bp=4/soft_limit_clips=6,-1.51366913322631,144.58333333333334,12.0,-1.2857721746071549,0.0,10,0.5,4,6,
ZECUSDT,1,12,S1|skew_bp=10/k=0.5/min_edge_bp=2/soft_limit_clips=12,-1.0440304222414574,206.5,12.0,-1.7196267672916594,0.0,10,0.5,2,12,
ZECUSDT,1,12,S1|skew_bp=5/k=0.5/min_edge_bp=1/soft_limit_clips=12,-0.6170186203866382,249.66666666666666,12.0,-2.1114254436310564,0.0,5,0.5,1,12,0.4911990328691651
ZECUSDT,1,12,S1|skew_bp=5/k=1/min_edge_bp=1/soft_limit_clips=3,-0.7329415279530753,63.333333333333336,12.0,-0.6260198075995467,0.0,5,1.0,1,3,0.5259242204903785
ZECUSDT,1,12,S1|skew_bp=10/k=0.5/min_edge_bp=2/soft_limit_clips=6,-1.1248706373263178,241.08333333333334,12.0,-2.506395696976978,0.0,10,0.5,2,6,
ZECUSDT,1,12,S1|skew_bp=5/k=0.5/min_edge_bp=2/soft_limit_clips=3,-1.1997229387436252,231.33333333333334,12.0,-2.448453046396023,0.0,5,0.5,2,3,
ZECUSDT,1,12,S1|skew_bp=5/k=1/min_edge_bp=2/soft_limit_clips=3,-1.0776808713914274,48.833333333333336,12.0,-0.49524349882026586,0.0,5,1.0,2,3,
ZECUSDT,1,12,S1|skew_bp=10/k=1/min_edge_bp=0/soft_limit_clips=3,-1.0279170699194549,106.58333333333333,12.0,-1.3426470236183354,0.0,10,1.0,0,3,
ZECUSDT,1,12,S1|skew_bp=5/k=0.5/min_edge_bp=0/soft_limit_clips=3,-2.447522036163059,385.5,12.0,-4.696122662163025,0.0,5,0.5,0,3,
ZECUSDT,1,12,S1|skew_bp=10/k=0.5/min_edge_bp=1/soft_limit_clips=6,-1.6339267681859313,308.0833333333333,12.0,-3.468561867610975,0.0,10,0.5,1,6,
ZECUSDT,1,12,S1|skew_bp=10/k=1/min_edge_bp=2/soft_limit_clips=6,-1.053982102365007,51.666666666666664,12.0,-0.5422108144616177,0.0,10,1.0,2,6,
ZECUSDT,1,12,S1|skew_bp=10/k=1/min_edge_bp=4/soft_limit_clips=3,-0.9837792784842193,39.083333333333336,12.0,-0.4683344257232183,0.0,10,1.0,4,3,0.3838664022776399
ZECUSDT,1,12,S1|skew_bp=5/k=1/min_edge_bp=0/soft_limit_clips=3,-1.1778262844086298,85.41666666666667,12.0,-0.796841006521228,0.0,5,1.0,0,3,
ZECUSDT,1,12,S1|skew_bp=10/k=0.5/min_edge_bp=1/soft_limit_clips=3,-3.864133635452713,415.6666666666667,12.0,-5.406525319401532,0.0,10,0.5,1,3,
ZECUSDT,1,12,S1|skew_bp=5/k=0.5/min_edge_bp=1/soft_limit_clips=3,-1.8237920148513576,302.1666666666667,12.0,-3.407570085648299,0.0,5,0.5,1,3,
ZECUSDT,1,12,S1|skew_bp=5/k=1/min_edge_bp=4/soft_limit_clips=3,-0.43271397149962004,35.583333333333336,12.0,-0.4751839871373069,0.0,5,1.0,4,3,0.49114372845111254
ZECUSDT,1,12,S1|skew_bp=2/k=1/min_edge_bp=2/soft_limit_clips=3,-0.7788520173460776,42.25,12.0,-0.6655497391361068,0.0,2,1.0,2,3,0.5065092500219117
ZECUSDT,1,12,S1|skew_bp=10/k=1/min_edge_bp=0/soft_limit_clips=6,-1.4638694078009307,94.58333333333333,12.0,-0.9590849586962674,0.0,10,1.0,0,6,
ZECUSDT,1,12,S1|skew_bp=10/k=1/min_edge_bp=4/soft_limit_clips=6,-0.47641205484648164,34.083333333333336,12.0,-0.4453009234849589,0.0,10,1.0,4,6,0.3838664022776399
ZECUSDT,1,12,S1|skew_bp=5/k=0.5/min_edge_bp=2/soft_limit_clips=12,-2.2478430886567784,199.83333333333334,12.0,-1.2092201588791365,0.0,5,0.5,2,12,
ZECUSDT,1,12,S1|skew_bp=10/k=0.5/min_edge_bp=2/soft_limit_clips=3,-3.164408120887327,307.0,12.0,-3.659178835244345,0.0,10,0.5,2,3,
ZECUSDT,1,12,S1|skew_bp=2/k=1/min_edge_bp=4/soft_limit_clips=3,-1.2983823038099984,26.0,12.0,-0.38447656552436005,0.0,2,1.0,4,3,
ZECUSDT,1,12,S1|skew_bp=2/k=1/min_edge_bp=1/soft_limit_clips=3,-1.2445643108655189,48.166666666666664,12.0,-0.779892745926388,0.0,2,1.0,1,3,
ZECUSDT,2,25,S1|skew_bp=2/k=0.5/min_edge_bp=2/soft_limit_clips=3,0.758374166013351,144.44,25.0,-1.3182779748998015,0.0,2,0.5,2,3,0.5065092500219117
ZECUSDT,2,25,S1|skew_bp=5/k=1/min_edge_bp=4/soft_limit_clips=3,0.5172082397989076,30.84,25.0,-0.4993470825704241,0.0,5,1.0,4,3,0.49114372845111254
ZECUSDT,2,25,S1|skew_bp=10/k=1/min_edge_bp=4/soft_limit_clips=6,0.3838664022776399,32.04,25.0,-0.4969313605657702,0.0,10,1.0,4,6,0.3838664022776399
ZECUSDT,2,25,S1|skew_bp=2/k=1/min_edge_bp=0/soft_limit_clips=3,0.7913332375110059,62.28,25.0,-0.7053390420598744,0.0,2,1.0,0,3,0.4958102602449157
ZECUSDT,2,25,S1|skew_bp=10/k=1/min_edge_bp=1/soft_limit_clips=6,0.6168111233105128,66.96,25.0,-0.6836787590819065,0.0,10,1.0,1,6,0.49114372845111254
ZECUSDT,2,25,S1|skew_bp=5/k=0.5/min_edge_bp=1/soft_limit_clips=12,0.865624918387453,218.52,25.0,-1.8746475259036086,0.0,5,0.5,1,12,0.4911990328691651
ZECUSDT,2,25,S1|skew_bp=5/k=1/min_edge_bp=1/soft_limit_clips=3,0.4958102602449157,60.16,25.0,-0.6358734968823746,0.0,5,1.0,1,3,0.5259242204903785
ZECUSDT,2,25,S1|skew_bp=2/k=0.5/min_edge_bp=0/soft_limit_clips=6,0.5560381807358412,259.4,25.0,-2.807151050403371,0.0,2,0.5,0,6,0.5259242204903785
ZECUSDT,2,25,S1|skew_bp=10/k=1/min_edge_bp=2/soft_limit_clips=3,-0.28875987008619647,58.24,25.0,-0.7043066382243248,0.0,10,1.0,2,3,0.4911990328691651
ZECUSDT,2,25,S1|skew_bp=10/k=0.5/min_edge_bp=0/soft_limit_clips=12,-0.31985241252660546,304.16,25.0,-3.308218806682885,0.0,10,0.5,0,12,0.47692175468756876
ZECUSDT,2,25,S1|skew_bp=2/k=1/min_edge_bp=2/soft_limit_clips=3,0.9471708692787907,38.56,25.0,-0.6674056771397116,0.0,2,1.0,2,3,0.5065092500219117
ZECUSDT,2,25,S1|skew_bp=5/k=0.5/min_edge_bp=1/soft_limit_clips=6,0.49125433728721773,227.24,25.0,-2.2181463447217338,0.0,5,0.5,1,6,0.4958102602449157
ZECUSDT,2,25,S1|skew_bp=10/k=0.5/min_edge_bp=1/soft_limit_clips=12,0.4625891720879198,228.72,25.0,-2.217131633594862,0.0,10,0.5,1,12,0.49114372845111254
ZECUSDT,2,25,S1|skew_bp=5/k=0.5/min_edge_bp=0/soft_limit_clips=6,-0.3598897762584892,301.64,25.0,-3.310061949238816,0.0,5,0.5,0,6,0.4958102602449157
ZECUSDT,2,25,S1|skew_bp=10/k=1/min_edge_bp=4/soft_limit_clips=3,-0.25895651892785226,37.56,25.0,-0.5219136420799374,0.0,10,1.0,4,3,0.3838664022776399
ZECUSDT,2,25,S1|skew_bp=5/k=0.5/min_edge_bp=2/soft_limit_clips=6,0.49114372845111254,180.36,25.0,-1.3852041640348043,0.0,5,0.5,2,6,0.49353229876606675
CAKEUSDT,0,5,S1|skew_bp=2/k=0/min_edge_bp=0/soft_limit_clips=3,-25.274454442311708,2285.6,5.0,-25.494423253212723,0.0,2,0.0,0,3,
CAKEUSDT,0,5,S1|skew_bp=2/k=0/min_edge_bp=0/soft_limit_clips=6,-23.251075935864996,2110.8,5.0,-23.494680906988133,0.0,2,0.0,0,6,
CAKEUSDT,0,5,S1|skew_bp=2/k=0/min_edge_bp=0/soft_limit_clips=12,-21.45650551223313,1977.2,5.0,-22.009959543307502,0.0,2,0.0,0,12,
CAKEUSDT,0,5,S1|skew_bp=2/k=0/min_edge_bp=1/soft_limit_clips=3,-10.952686526495864,887.0,5.0,-10.784762591589848,0.0,2,0.0,1,3,
CAKEUSDT,0,5,S1|skew_bp=2/k=0/min_edge_bp=1/soft_limit_clips=6,-11.928465267731559,778.8,5.0,-9.935990945393096,0.0,2,0.0,1,6,
CAKEUSDT,0,5,S1|skew_bp=2/k=0/min_edge_bp=1/soft_limit_clips=12,-14.923164988451148,712.6,5.0,-8.900876258220018,0.0,2,0.0,1,12,
CAKEUSDT,0,5,S1|skew_bp=2/k=0/min_edge_bp=2/soft_limit_clips=3,-7.620024372910781,526.8,5.0,-6.471142723061584,0.0,2,0.0,2,3,
CAKEUSDT,0,5,S1|skew_bp=2/k=0/min_edge_bp=2/soft_limit_clips=6,-8.95925183038614,490.0,5.0,-6.035041268258091,0.0,2,0.0,2,6,
CAKEUSDT,0,5,S1|skew_bp=2/k=0/min_edge_bp=2/soft_limit_clips=12,-12.140885293946123,468.4,5.0,-5.846980371829826,0.0,2,0.0,2,12,
CAKEUSDT,0,5,S1|skew_bp=2/k=0/min_edge_bp=4/soft_limit_clips=3,-2.9371783577272894,226.0,5.0,-2.592712615944488,0.0,2,0.0,4,3,
CAKEUSDT,0,5,S1|skew_bp=2/k=0/min_edge_bp=4/soft_limit_clips=6,-5.051899913083955,209.2,5.0,-2.5890581292833135,0.0,2,0.0,4,6,
CAKEUSDT,0,5,S1|skew_bp=2/k=0/min_edge_bp=4/soft_limit_clips=12,-7.449337165148444,201.8,5.0,-2.4251737865436587,0.0,2,0.0,4,12,
CAKEUSDT,0,5,S1|skew_bp=2/k=0.5/min_edge_bp=0/soft_limit_clips=3,-5.1336242577831435,157.6,5.0,-1.6955827795218592,0.0,2,0.5,0,3,
CAKEUSDT,0,5,S1|skew_bp=2/k=0.5/min_edge_bp=0/soft_limit_clips=6,-6.518200617154347,169.4,5.0,-2.046405981428124,0.0,2,0.5,0,6,
CAKEUSDT,0,5,S1|skew_bp=2/k=0.5/min_edge_bp=0/soft_limit_clips=12,-9.68646618385559,174.0,5.0,-2.0540926315906445,0.0,2,0.5,0,12,
CAKEUSDT,0,5,S1|skew_bp=2/k=0.5/min_edge_bp=1/soft_limit_clips=3,-3.6785665657001063,108.4,5.0,-0.9955983798399061,0.0,2,0.5,1,3,
CAKEUSDT,0,5,S1|skew_bp=2/k=0.5/min_edge_bp=1/soft_limit_clips=6,-5.621147897022195,123.8,5.0,-1.4767183573669507,0.0,2,0.5,1,6,
CAKEUSDT,0,5,S1|skew_bp=2/k=0.5/min_edge_bp=1/soft_limit_clips=12,-7.403242303675469,117.8,5.0,-1.627530459841258,0.0,2,0.5,1,12,
CAKEUSDT,0,5,S1|skew_bp=2/k=0.5/min_edge_bp=2/soft_limit_clips=3,-3.4502814847470944,73.4,5.0,-0.5661057785938499,0.0,2,0.5,2,3,
CAKEUSDT,0,5,S1|skew_bp=2/k=0.5/min_edge_bp=2/soft_limit_clips=6,-4.84404698493684,84.0,5.0,-0.8735808364860512,0.0,2,0.5,2,6,
CAKEUSDT,0,5,S1|skew_bp=2/k=0.5/min_edge_bp=2/soft_limit_clips=12,-4.216620891578981,94.8,5.0,-1.1701282454999464,0.0,2,0.5,2,12,
CAKEUSDT,0,5,S1|skew_bp=2/k=0.5/min_edge_bp=4/soft_limit_clips=3,-2.083458001873276,48.4,5.0,-0.21831096461288543,0.0,2,0.5,4,3,
CAKEUSDT,0,5,S1|skew_bp=2/k=0.5/min_edge_bp=4/soft_limit_clips=6,-1.7256066064766356,55.0,5.0,-0.5187429022611978,0.0,2,0.5,4,6,
CAKEUSDT,0,5,S1|skew_bp=2/k=0.5/min_edge_bp=4/soft_limit_clips=12,-1.123935535040674,60.8,5.0,-0.6676435207389154,0.0,2,0.5,4,12,1.5842279805265076
CAKEUSDT,0,5,S1|skew_bp=2/k=1/min_edge_bp=0/soft_limit_clips=3,-1.972982451550834,50.6,5.0,-0.12170186621985948,0.0,2,1.0,0,3,
CAKEUSDT,0,5,S1|skew_bp=2/k=1/min_edge_bp=0/soft_limit_clips=6,-1.8066954951443386,56.0,5.0,-0.5781513069132236,0.0,2,1.0,0,6,1.0287429825446555
CAKEUSDT,0,5,S1|skew_bp=2/k=1/min_edge_bp=0/soft_limit_clips=12,-1.5598675868535061,60.8,5.0,-0.5767639786988638,0.0,2,1.0,0,12,
CAKEUSDT,0,5,S1|skew_bp=2/k=1/min_edge_bp=1/soft_limit_clips=3,-2.0940973632052815,36.6,5.0,-0.30779631716267597,0.0,2,1.0,1,3,
CAKEUSDT,0,5,S1|skew_bp=2/k=1/min_edge_bp=1/soft_limit_clips=6,-1.1019484311230914,46.0,5.0,-0.4410957694766779,0.0,2,1.0,1,6,1.1089560896507036
CAKEUSDT,0,5,S1|skew_bp=2/k=1/min_edge_bp=1/soft_limit_clips=12,-0.926149107215727,46.6,5.0,-0.637910666633873,0.0,2,1.0,1,12,1.3107537135178648
CAKEUSDT,0,5,S1|skew_bp=2/k=1/min_edge_bp=2/soft_limit_clips=3,-0.16797723816093146,28.2,5.0,-0.13699829649698497,0.0,2,1.0,2,3,0.6791536240964953
CAKEUSDT,0,5,S1|skew_bp=2/k=1/min_edge_bp=2/soft_limit_clips=6,-0.30137112881516154,36.0,5.0,-0.5144820392975384,0.0,2,1.0,2,6,1.5206303196093842
CAKEUSDT,0,5,S1|skew_bp=2/k=1/min_edge_bp=2/soft_limit_clips=12,1.7947083715159529,36.8,5.0,-0.47787889308327947,0.0,2,1.0,2,12,1.552429150067946
CAKEUSDT,0,5,S1|skew_bp=2/k=1/min_edge_bp=4/soft_limit_clips=3,0.8047058158929354,18.0,5.0,-0.4152734563912537,0.0,2,1.0,4,3,
CAKEUSDT,0,5,S1|skew_bp=2/k=1/min_edge_bp=4/soft_limit_clips=6,2.046348408502034,20.4,5.0,-0.43789491166615513,0.0,2,1.0,4,6,1.552429150067946
CAKEUSDT,0,5,S1|skew_bp=2/k=1/min_edge_bp=4/soft_limit_clips=12,2.6488343460599646,22.2,5.0,-0.44078962781593506,0.0,2,1.0,4,12,1.5842279805265076
CAKEUSDT,0,5,S1|skew_bp=2/k=2/min_edge_bp=0/soft_limit_clips=3,2.1412925584339098,13.4,5.0,-0.10011847747009275,0.0,2,2.0,0,3,
CAKEUSDT,0,5,S1|skew_bp=2/k=2/min_edge_bp=0/soft_limit_clips=6,1.873026134116784,14.8,5.0,-0.1261270354432069,0.0,2,2.0,0,6,
CAKEUSDT,0,5,S1|skew_bp=2/k=2/min_edge_bp=0/soft_limit_clips=12,2.8185402105675053,15.2,5.0,-0.18831181725066193,0.0,2,2.0,0,12,
CAKEUSDT,0,5,S1|skew_bp=2/k=2/min_edge_bp=1/soft_limit_clips=3,2.1991437090913366,10.0,5.0,-0.21116921629025365,0.0,2,2.0,1,3,
CAKEUSDT,0,5,S1|skew_bp=2/k=2/min_edge_bp=1/soft_limit_clips=6,3.2324189489486015,10.6,5.0,-0.028618019184001687,0.0,2,2.0,1,6,
CAKEUSDT,0,5,S1|skew_bp=2/k=2/min_edge_bp=1/soft_limit_clips=12,3.3318439636826063,11.0,5.0,-0.07011322406459916,0.0,2,2.0,1,12,
CAKEUSDT,0,5,S1|skew_bp=2/k=2/min_edge_bp=2/soft_limit_clips=3,2.5422937307132285,8.4,5.0,0.015762715073399897,0.0,2,2.0,2,3,
CAKEUSDT,0,5,S1|skew_bp=2/k=2/min_edge_bp=2/soft_limit_clips=6,2.4553776002275463,9.8,5.0,-0.003377573960899527,0.0,2,2.0,2,6,
CAKEUSDT,0,5,S1|skew_bp=2/k=2/min_edge_bp=2/soft_limit_clips=12,2.6547437240193315,10.6,5.0,-0.06396225649871137,0.0,2,2.0,2,12,
CAKEUSDT,0,5,S1|skew_bp=2/k=2/min_edge_bp=4/soft_limit_clips=3,2.0889014654368228,6.8,5.0,0.1606753637970002,0.0,2,2.0,4,3,
CAKEUSDT,0,5,S1|skew_bp=2/k=2/min_edge_bp=4/soft_limit_clips=6,1.7606457967313935,7.2,5.0,0.09448244454299795,0.0,2,2.0,4,6,
CAKEUSDT,0,5,S1|skew_bp=2/k=2/min_edge_bp=4/soft_limit_clips=12,1.808338340729924,7.6,5.0,0.09135498854151047,0.0,2,2.0,4,12,
CAKEUSDT,0,5,S1|skew_bp=5/k=0/min_edge_bp=0/soft_limit_clips=3,-27.910381773269307,2482.2,5.0,-27.635700094144703,0.0,5,0.0,0,3,
CAKEUSDT,0,5,S1|skew_bp=5/k=0/min_edge_bp=0/soft_limit_clips=6,-26.185445672532445,2387.8,5.0,-26.494275934286428,0.0,5,0.0,0,6,
CAKEUSDT,0,5,S1|skew_bp=5/k=0/min_edge_bp=0/soft_limit_clips=12,-23.682352549990547,2149.4,5.0,-23.76382285331874,0.0,5,0.0,0,12,
CAKEUSDT,0,5,S1|skew_bp=5/k=0/min_edge_bp=1/soft_limit_clips=3,-13.993137986244284,1138.6,5.0,-13.803267770645046,0.0,5,0.0,1,3,
CAKEUSDT,0,5,S1|skew_bp=5/k=0/min_edge_bp=1/soft_limit_clips=6,-12.031026571442556,962.6,5.0,-11.437594993516289,0.0,5,0.0,1,6,
CAKEUSDT,0,5,S1|skew_bp=5/k=0/min_edge_bp=1/soft_limit_clips=12,-11.305981791913146,814.0,5.0,-9.931729836708598,0.0,5,0.0,1,12,
CAKEUSDT,0,5,S1|skew_bp=5/k=0/min_edge_bp=2/soft_limit_clips=3,-8.795613214259184,704.0,5.0,-8.324221519743393,0.0,5,0.0,2,3,
CAKEUSDT,0,5,S1|skew_bp=5/k=0/min_edge_bp=2/soft_limit_clips=6,-8.36269374682114,575.2,5.0,-6.952481096835958,0.0,5,0.0,2,6,
CAKEUSDT,0,5,S1|skew_bp=5/k=0/min_edge_bp=2/soft_limit_clips=12,-8.802571645146028,499.2,5.0,-6.145678988081232,0.0,5,0.0,2,12,
CAKEUSDT,0,5,S1|skew_bp=5/k=0/min_edge_bp=4/soft_limit_clips=3,-3.5417563298070944,295.2,5.0,-3.748330846193009,0.0,5,0.0,4,3,
CAKEUSDT,0,5,S1|skew_bp=5/k=0/min_edge_bp=4/soft_limit_clips=6,-3.547967450698846,246.2,5.0,-2.838747876772847,0.0,5,0.0,4,6,
CAKEUSDT,0,5,S1|skew_bp=5/k=0/min_edge_bp=4/soft_limit_clips=12,-3.880562047435909,220.0,5.0,-2.7338841501383913,0.0,5,0.0,4,12,
CAKEUSDT,0,5,S1|skew_bp=5/k=0.5/min_edge_bp=0/soft_limit_clips=3,-3.5411379947766606,209.2,5.0,-2.430094038490119,0.0,5,0.5,0,3,
CAKEUSDT,0,5,S1|skew_bp=5/k=0.5/min_edge_bp=0/soft_limit_clips=6,-4.591967341287566,183.6,5.0,-2.232314894165251,0.0,5,0.5,0,6,
CAKEUSDT,0,5,S1|skew_bp=5/k=0.5/min_edge_bp=0/soft_limit_clips=12,-7.48325264742559,176.4,5.0,-2.0665189338990753,0.0,5,0.5,0,12,
CAKEUSDT,0,5,S1|skew_bp=5/k=0.5/min_edge_bp=1/soft_limit_clips=3,-2.0941166184434135,137.4,5.0,-1.6122860526514216,0.0,5,0.5,1,3,
CAKEUSDT,0,5,S1|skew_bp=5/k=0.5/min_edge_bp=1/soft_limit_clips=6,-3.754182722770261,135.4,5.0,-1.6489042117160355,0.0,5,0.5,1,6,
CAKEUSDT,0,5,S1|skew_bp=5/k=0.5/min_edge_bp=1/soft_limit_clips=12,-5.513116256880662,131.2,5.0,-1.4775217124042546,0.0,5,0.5,1,12,
CAKEUSDT,0,5,S1|skew_bp=5/k=0.5/min_edge_bp=2/soft_limit_clips=3,-2.6648656555579855,107.6,5.0,-1.0174678927123855,0.0,5,0.5,2,3,
CAKEUSDT,0,5,S1|skew_bp=5/k=0.5/min_edge_bp=2/soft_limit_clips=6,-3.6318077193750455,98.6,5.0,-1.360805318650137,0.0,5,0.5,2,6,
CAKEUSDT,0,5,S1|skew_bp=5/k=0.5/min_edge_bp=2/soft_limit_clips=12,-4.655639249157259,86.8,5.0,-1.0209559894319202,0.0,5,0.5,2,12,
CAKEUSDT,0,5,S1|skew_bp=5/k=0.5/min_edge_bp=4/soft_limit_clips=3,-1.4520874131362338,64.4,5.0,-0.5060609406179857,0.0,5,0.5,4,3,
CAKEUSDT,0,5,S1|skew_bp=5/k=0.5/min_edge_bp=4/soft_limit_clips=6,-1.9179396626490242,59.8,5.0,-0.6260547031185213,0.0,5,0.5,4,6,
CAKEUSDT,0,5,S1|skew_bp=5/k=0.5/min_edge_bp=4/soft_limit_clips=12,-2.29937652656264,62.0,5.0,-0.7147808735628776,0.0,5,0.5,4,12,
CAKEUSDT,0,5,S1|skew_bp=5/k=1/min_edge_bp=0/soft_limit_clips=3,-1.8969660018472105,62.8,5.0,-0.5658649749190798,0.0,5,1.0,0,3,
CAKEUSDT,0,5,S1|skew_bp=5/k=1/min_edge_bp=0/soft_limit_clips=6,-2.85649005822576,61.0,5.0,-0.6130319069124599,0.0,5,1.0,0,6,
CAKEUSDT,0,5,S1|skew_bp=5/k=1/min_edge_bp=0/soft_limit_clips=12,-2.796635804845032,60.6,5.0,-0.5997893618377487,0.0,5,1.0,0,12,
CAKEUSDT,0,5,S1|skew_bp=5/k=1/min_edge_bp=1/soft_limit_clips=3,-1.3538585228309115,48.0,5.0,-0.46478956295627327,0.0,5,1.0,1,3,
CAKEUSDT,0,5,S1|skew_bp=5/k=1/min_edge_bp=1/soft_limit_clips=6,-1.4531683389378374,52.8,5.0,-0.4623640280637408,0.0,5,1.0,1,6,
CAKEUSDT,0,5,S1|skew_bp=5/k=1/min_edge_bp=1/soft_limit_clips=12,-0.4273906208376072,48.0,5.0,-0.4256949365936705,0.0,5,1.0,1,12,1.1089560896507036
CAKEUSDT,0,5,S1|skew_bp=5/k=1/min_edge_bp=2/soft_limit_clips=3,-1.710783231856643,44.4,5.0,-0.13270881940116577,0.0,5,1.0,2,3,
CAKEUSDT,0,5,S1|skew_bp=5/k=1/min_edge_bp=2/soft_limit_clips=6,-1.164421860019813,39.8,5.0,-0.4542520013964412,0.0,5,1.0,2,6,1.5125513373850261
CAKEUSDT,0,5,S1|skew_bp=5/k=1/min_edge_bp=2/soft_limit_clips=12,0.8487945614679772,40.6,5.0,-0.3917075304525759,0.0,5,1.0,2,12,1.5165908284972052
CAKEUSDT,0,5,S1|skew_bp=5/k=1/min_edge_bp=4/soft_limit_clips=3,-0.6530223889821523,26.6,5.0,-0.18444075570976268,0.0,5,1.0,4,3,
CAKEUSDT,0,5,S1|skew_bp=5/k=1/min_edge_bp=4/soft_limit_clips=6,-0.18276259642417764,25.8,5.0,-0.22145533016032334,0.0,5,1.0,4,6,1.5165908284972052
CAKEUSDT,0,5,S1|skew_bp=5/k=1/min_edge_bp=4/soft_limit_clips=12,1.6489919714311072,22.4,5.0,-0.37313173339006855,0.0,5,1.0,4,12,1.5206303196093842
CAKEUSDT,0,5,S1|skew_bp=5/k=2/min_edge_bp=0/soft_limit_clips=3,2.3967625225028604,15.2,5.0,-0.1901281811319887,0.0,5,2.0,0,3,
CAKEUSDT,0,5,S1|skew_bp=5/k=2/min_edge_bp=0/soft_limit_clips=6,2.431567170232973,15.6,5.0,-0.16686337979340685,0.0,5,2.0,0,6,
CAKEUSDT,0,5,S1|skew_bp=5/k=2/min_edge_bp=0/soft_limit_clips=12,1.9887328886907825,15.6,5.0,-0.16357760027980475,0.0,5,2.0,0,12,
CAKEUSDT,0,5,S1|skew_bp=5/k=2/min_edge_bp=1/soft_limit_clips=3,2.3984241379775186,10.8,5.0,-0.2319890125956924,0.0,5,2.0,1,3,
CAKEUSDT,0,5,S1|skew_bp=5/k=2/min_edge_bp=1/soft_limit_clips=6,2.1426644896442313,10.8,5.0,-0.2075465234524005,0.0,5,2.0,1,6,
CAKEUSDT,0,5,S1|skew_bp=5/k=2/min_edge_bp=1/soft_limit_clips=12,3.4324082228141277,11.4,5.0,-0.07041773444570124,0.0,5,2.0,1,12,
CAKEUSDT,0,5,S1|skew_bp=5/k=2/min_edge_bp=2/soft_limit_clips=3,2.2222698402086576,9.0,5.0,-0.22788867536454488,0.0,5,2.0,2,3,
CAKEUSDT,0,5,S1|skew_bp=5/k=2/min_edge_bp=2/soft_limit_clips=6,2.7194124573131093,9.6,5.0,-0.02020186761710784,0.0,5,2.0,2,6,
CAKEUSDT,0,5,S1|skew_bp=5/k=2/min_edge_bp=2/soft_limit_clips=12,2.513926334427716,10.0,5.0,-0.034368839760700785,0.0,5,2.0,2,12,
CAKEUSDT,0,5,S1|skew_bp=5/k=2/min_edge_bp=4/soft_limit_clips=3,1.9789541798573551,7.4,5.0,-0.16776966252424358,0.0,5,2.0,4,3,
CAKEUSDT,0,5,S1|skew_bp=5/k=2/min_edge_bp=4/soft_limit_clips=6,2.1859981154107153,7.4,5.0,0.09559201377089892,0.0,5,2.0,4,6,
CAKEUSDT,0,5,S1|skew_bp=5/k=2/min_edge_bp=4/soft_limit_clips=12,1.7606457967313935,7.2,5.0,0.09448244454299795,0.0,5,2.0,4,12,
CAKEUSDT,0,5,S1|skew_bp=10/k=0/min_edge_bp=0/soft_limit_clips=3,-29.62902515643205,2648.2,5.0,-29.687299488212705,0.0,10,0.0,0,3,
CAKEUSDT,0,5,S1|skew_bp=10/k=0/min_edge_bp=0/soft_limit_clips=6,-28.416636545753526,2483.4,5.0,-27.91523267601225,0.0,10,0.0,0,6,
CAKEUSDT,0,5,S1|skew_bp=10/k=0/min_edge_bp=0/soft_limit_clips=12,-26.185445672532445,2387.8,5.0,-26.494275934286428,0.0,10,0.0,0,12,
CAKEUSDT,0,5,S1|skew_bp=10/k=0/min_edge_bp=1/soft_limit_clips=3,-17.421651606760314,1407.0,5.0,-16.37756500171585,0.0,10,0.0,1,3,
CAKEUSDT,0,5,S1|skew_bp=10/k=0/min_edge_bp=1/soft_limit_clips=6,-14.046458593178205,1145.2,5.0,-13.900771567371788,0.0,10,0.0,1,6,
CAKEUSDT,0,5,S1|skew_bp=10/k=0/min_edge_bp=1/soft_limit_clips=12,-12.059460034586513,965.6,5.0,-11.478225733209658,0.0,10,0.0,1,12,
CAKEUSDT,0,5,S1|skew_bp=10/k=0/min_edge_bp=2/soft_limit_clips=3,-11.35677350732168,950.4,5.0,-11.473033752278784,0.0,10,0.0,2,3,
CAKEUSDT,0,5,S1|skew_bp=10/k=0/min_edge_bp=2/soft_limit_clips=6,-8.859799200499905,738.8,5.0,-8.764315849051723,0.0,10,0.0,2,6,
CAKEUSDT,0,5,S1|skew_bp=10/k=0/min_edge_bp=2/soft_limit_clips=12,-8.36269374682114,575.2,5.0,-6.952481096835958,0.0,10,0.0,2,12,
CAKEUSDT,0,5,S1|skew_bp=10/k=0/min_edge_bp=4/soft_limit_clips=3,-5.113101838349106,383.6,5.0,-4.74382139425465,0.0,10,0.0,4,3,
CAKEUSDT,0,5,S1|skew_bp=10/k=0/min_edge_bp=4/soft_limit_clips=6,-3.5095339843687072,296.8,5.0,-3.906198936754612,0.0,10,0.0,4,6,
CAKEUSDT,0,5,S1|skew_bp=10/k=0/min_edge_bp=4/soft_limit_clips=12,-3.547967450698846,246.2,5.0,-2.838747876772847,0.0,10,0.0,4,12,
CAKEUSDT,0,5,S1|skew_bp=10/k=0.5/min_edge_bp=0/soft_limit_clips=3,-3.7712700574188736,278.0,5.0,-3.1061414709347894,0.0,10,0.5,0,3,
CAKEUSDT,0,5,S1|skew_bp=10/k=0.5/min_edge_bp=0/soft_limit_clips=6,-3.425342289140165,212.6,5.0,-2.5743324292677463,0.0,10,0.5,0,6,
CAKEUSDT,0,5,S1|skew_bp=10/k=0.5/min_edge_bp=0/soft_limit_clips=12,-4.591967341287566,183.6,5.0,-2.232314894165251,0.0,10,0.5,0,12,
CAKEUSDT,0,5,S1|skew_bp=10/k=0.5/min_edge_bp=1/soft_limit_clips=3,-1.7162595461895631,201.4,5.0,-2.169314392861984,0.0,10,0.5,1,3,
CAKEUSDT,0,5,S1|skew_bp=10/k=0.5/min_edge_bp=1/soft_limit_clips=6,-2.303841027621883,140.4,5.0,-1.8015572542796456,0.0,10,0.5,1,6,
CAKEUSDT,0,5,S1|skew_bp=10/k=0.5/min_edge_bp=1/soft_limit_clips=12,-3.754182722770261,135.4,5.0,-1.6489042117160355,0.0,10,0.5,1,12,
CAKEUSDT,0,5,S1|skew_bp=10/k=0.5/min_edge_bp=2/soft_limit_clips=3,-1.503516327348447,140.4,5.0,-1.735664676122509,0.0,10,0.5,2,3,
CAKEUSDT,0,5,S1|skew_bp=10/k=0.5/min_edge_bp=2/soft_limit_clips=6,-2.5948107913493246,111.4,5.0,-1.2973730139102617,0.0,10,0.5,2,6,
CAKEUSDT,0,5,S1|skew_bp=10/k=0.5/min_edge_bp=2/soft_limit_clips=12,-3.6318077193750455,98.6,5.0,-1.360805318650137,0.0,10,0.5,2,12,
CAKEUSDT,0,5,S1|skew_bp=10/k=0.5/min_edge_bp=4/soft_limit_clips=3,-1.404068246204406,88.2,5.0,-0.8767253428667491,0.0,10,0.5,4,3,
CAKEUSDT,0,5,S1|skew_bp=10/k=0.5/min_edge_bp=4/soft_limit_clips=6,-1.1792745817448957,65.8,5.0,-0.7625236677894833,0.0,10,0.5,4,6,
CAKEUSDT,0,5,S1|skew_bp=10/k=0.5/min_edge_bp=4/soft_limit_clips=12,-1.9518501026490207,60.2,5.0,-0.6794251431185201,0.0,10,0.5,4,12,
CAKEUSDT,0,5,S1|skew_bp=10/k=1/min_edge_bp=0/soft_limit_clips=3,-2.2596819730002893,77.0,5.0,-0.763678960364975,0.0,10,1.0,0,3,
CAKEUSDT,0,5,S1|skew_bp=10/k=1/min_edge_bp=0/soft_limit_clips=6,-2.020115800497328,68.2,5.0,-0.8052348577245848,0.0,10,1.0,0,6,
CAKEUSDT,0,5,S1|skew_bp=10/k=1/min_edge_bp=0/soft_limit_clips=12,-2.521624927964776,61.6,5.0,-0.6013078366514568,0.0,10,1.0,0,12,
CAKEUSDT,0,5,S1|skew_bp=10/k=1/min_edge_bp=1/soft_limit_clips=3,-1.373423639111806,59.0,5.0,-0.5453811980710401,0.0,10,1.0,1,3,
CAKEUSDT,0,5,S1|skew_bp=10/k=1/min_edge_bp=1/soft_limit_clips=6,-0.8138488459074047,55.0,5.0,-0.6026125403820871,0.0,10,1.0,1,6,
CAKEUSDT,0,5,S1|skew_bp=10/k=1/min_edge_bp=1/soft_limit_clips=12,-1.4531683389378374,52.8,5.0,-0.4623640280637408,0.0,10,1.0,1,12,
CAKEUSDT,0,5,S1|skew_bp=10/k=1/min_edge_bp=2/soft_limit_clips=3,-1.7869499109936477,55.8,5.0,-0.3266338310067396,0.0,10,1.0,2,3,
CAKEUSDT,0,5,S1|skew_bp=10/k=1/min_edge_bp=2/soft_limit_clips=6,-1.8703756850885163,46.2,5.0,-0.4074636035960605,0.0,10,1.0,2,6,
CAKEUSDT,0,5,S1|skew_bp=10/k=1/min_edge_bp=2/soft_limit_clips=12,-1.0483509625474006,39.8,5.0,-0.3817315194992533,0.0,10,1.0,2,12,0.45984299803646245
CAKEUSDT,0,5,S1|skew_bp=10/k=1/min_edge_bp=4/soft_limit_clips=3,-0.33111088639791586,32.0,5.0,-0.4017967483809922,0.0,10,1.0,4,3,
CAKEUSDT,0,5,S1|skew_bp=10/k=1/min_edge_bp=4/soft_limit_clips=6,0.17573860746531275,28.2,5.0,-0.3663789496150483,0.0,10,1.0,4,6,
CAKEUSDT,0,5,S1|skew_bp=10/k=1/min_edge_bp=4/soft_limit_clips=12,-0.18352406887819592,26.2,5.0,-0.21817768107272445,0.0,10,1.0,4,12,0.43481018539542277
CAKEUSDT,0,5,S1|skew_bp=10/k=2/min_edge_bp=0/soft_limit_clips=3,1.7357929948623678,17.8,5.0,-0.12230884737176737,0.0,10,2.0,0,3,
CAKEUSDT,0,5,S1|skew_bp=10/k=2/min_edge_bp=0/soft_limit_clips=6,2.2634907951775944,17.0,5.0,-0.20768317245724247,0.0,10,2.0,0,6,
CAKEUSDT,0,5,S1|skew_bp=10/k=2/min_edge_bp=0/soft_limit_clips=12,2.431567170232973,15.6,5.0,-0.16686337979340685,0.0,10,2.0,0,12,
CAKEUSDT,0,5,S1|skew_bp=10/k=2/min_edge_bp=1/soft_limit_clips=3,1.5066686434729184,14.2,5.0,-0.061873481054421385,0.0,10,2.0,1,3,
CAKEUSDT,0,5,S1|skew_bp=10/k=2/min_edge_bp=1/soft_limit_clips=6,2.3396077343775095,11.2,5.0,-0.16757115019569696,0.0,10,2.0,1,6,
CAKEUSDT,0,5,S1|skew_bp=10/k=2/min_edge_bp=1/soft_limit_clips=12,2.1426644896442313,10.8,5.0,-0.2075465234524005,0.0,10,2.0,1,12,
CAKEUSDT,0,5,S1|skew_bp=10/k=2/min_edge_bp=2/soft_limit_clips=3,1.7227356082163787,11.2,5.0,0.008571520750386053,0.0,10,2.0,2,3,
CAKEUSDT,0,5,S1|skew_bp=10/k=2/min_edge_bp=2/soft_limit_clips=6,2.286851494689693,10.6,5.0,-0.13677275488349766,0.0,10,2.0,2,6,
CAKEUSDT,0,5,S1|skew_bp=10/k=2/min_edge_bp=2/soft_limit_clips=12,2.7194124573131093,9.6,5.0,-0.02020186761710784,0.0,10,2.0,2,12,
CAKEUSDT,0,5,S1|skew_bp=10/k=2/min_edge_bp=4/soft_limit_clips=3,1.500261114084141,7.6,5.0,-0.1728077521986458,0.0,10,2.0,4,3,
CAKEUSDT,0,5,S1|skew_bp=10/k=2/min_edge_bp=4/soft_limit_clips=6,2.137543131840216,7.8,5.0,-0.11108644454140001,0.0,10,2.0,4,6,
CAKEUSDT,0,5,S1|skew_bp=10/k=2/min_edge_bp=4/soft_limit_clips=12,2.1859981154107153,7.4,5.0,0.09559201377089892,0.0,10,2.0,4,12,
CAKEUSDT,1,12,S1|skew_bp=2/k=1/min_edge_bp=4/soft_limit_clips=12,3.9617219543366438,25.75,12.0,-0.6429776645392659,0.0,2,1.0,4,12,1.5842279805265076
CAKEUSDT,1,12,S1|skew_bp=2/k=1/min_edge_bp=4/soft_limit_clips=6,2.449937222400565,25.833333333333332,12.0,-0.7040801178872734,0.0,2,1.0,4,6,1.552429150067946
CAKEUSDT,1,12,S1|skew_bp=2/k=1/min_edge_bp=2/soft_limit_clips=12,1.9341108646624614,39.0,12.0,-0.8585274681083469,0.0,2,1.0,2,12,1.552429150067946
CAKEUSDT,1,12,S1|skew_bp=5/k=1/min_edge_bp=4/soft_limit_clips=12,1.9688550957150959,27.0,12.0,-0.5998709217342787,0.0,5,1.0,4,12,1.5206303196093842
CAKEUSDT,1,12,S1|skew_bp=5/k=1/min_edge_bp=2/soft_limit_clips=12,0.8539542027556161,39.916666666666664,12.0,-0.9203415195723487,0.0,5,1.0,2,12,1.5165908284972052
CAKEUSDT,1,12,S1|skew_bp=10/k=1/min_edge_bp=4/soft_limit_clips=6,-1.4216220856386466,31.0,12.0,-0.819524249724889,0.0,10,1.0,4,6,
CAKEUSDT,1,12,S1|skew_bp=2/k=1/min_edge_bp=2/soft_limit_clips=3,-0.7320629140948215,32.833333333333336,12.0,-0.7872214814073001,0.0,2,1.0,2,3,0.6791536240964953
CAKEUSDT,1,12,S1|skew_bp=5/k=1/min_edge_bp=4/soft_limit_clips=6,-0.25798899732894154,28.666666666666668,12.0,-0.7321638269653832,0.0,5,1.0,4,6,1.5165908284972052
CAKEUSDT,1,12,S1|skew_bp=10/k=1/min_edge_bp=4/soft_limit_clips=12,-0.2583062775181158,28.833333333333332,12.0,-0.7307981398455503,0.0,10,1.0,4,12,0.43481018539542277
CAKEUSDT,1,12,S1|skew_bp=2/k=1/min_edge_bp=2/soft_limit_clips=6,0.6742175780051336,37.833333333333336,12.0,-0.9485397435445164,0.0,2,1.0,2,6,1.5206303196093842
CAKEUSDT,1,12,S1|skew_bp=10/k=1/min_edge_bp=4/soft_limit_clips=3,-1.0618226254409315,39.5,12.0,-0.825450743794518,0.0,10,1.0,4,3,
CAKEUSDT,1,12,S1|skew_bp=5/k=1/min_edge_bp=1/soft_limit_clips=12,-0.24863318147769023,47.333333333333336,12.0,-1.0253381705584366,0.0,5,1.0,1,12,1.1089560896507036
CAKEUSDT,1,12,S1|skew_bp=5/k=1/min_edge_bp=4/soft_limit_clips=3,-1.819534863435176,30.0,12.0,-0.7628392877911025,0.0,5,1.0,4,3,
CAKEUSDT,1,12,S1|skew_bp=10/k=1/min_edge_bp=1/soft_limit_clips=6,-1.2751884750375118,54.416666666666664,12.0,-1.0620720090488802,0.0,10,1.0,1,6,
CAKEUSDT,1,12,S1|skew_bp=2/k=1/min_edge_bp=1/soft_limit_clips=12,0.389731471583515,45.666666666666664,12.0,-1.0197642423131705,0.0,2,1.0,1,12,1.3107537135178648
CAKEUSDT,1,12,S1|skew_bp=10/k=1/min_edge_bp=2/soft_limit_clips=12,-0.8103358926686717,42.916666666666664,12.0,-0.8865915736044724,0.0,10,1.0,2,12,0.45984299803646245
CAKEUSDT,1,12,S1|skew_bp=2/k=1/min_edge_bp=1/soft_limit_clips=6,-0.2564888515583699,46.0,12.0,-1.0505518684127704,0.0,2,1.0,1,6,1.1089560896507036
CAKEUSDT,1,12,S1|skew_bp=2/k=0.5/min_edge_bp=4/soft_limit_clips=12,1.2707639579721928,74.75,12.0,-1.5337534931128152,0.0,2,0.5,4,12,1.5842279805265076
CAKEUSDT,1,12,S1|skew_bp=5/k=1/min_edge_bp=2/soft_limit_clips=6,-0.8586987666155103,42.916666666666664,12.0,-0.916808441061634,0.0,5,1.0,2,6,1.5125513373850261
CAKEUSDT,1,12,S1|skew_bp=10/k=0.5/min_edge_bp=4/soft_limit_clips=6,-1.3726123937016246,93.33333333333333,12.0,-1.7559885362060266,0.0,10,0.5,4,6,
CAKEUSDT,1,12,S1|skew_bp=5/k=1/min_edge_bp=1/soft_limit_clips=3,-1.5190674321319122,50.5,12.0,-0.9629235158897681,0.0,5,1.0,1,3,
CAKEUSDT,1,12,S1|skew_bp=10/k=1/min_edge_bp=1/soft_limit_clips=3,-1.817879212103289,64.0,12.0,-1.215807689526344,0.0,10,1.0,1,3,
CAKEUSDT,1,12,S1|skew_bp=10/k=0.5/min_edge_bp=4/soft_limit_clips=3,-2.376894686977654,121.83333333333333,12.0,-2.2752976939677976,0.0,10,0.5,4,3,
CAKEUSDT,1,12,S1|skew_bp=5/k=0.5/min_edge_bp=4/soft_limit_clips=3,-1.7231034629831026,91.75,12.0,-1.5609874377888404,0.0,5,0.5,4,3,
CAKEUSDT,1,12,S1|skew_bp=5/k=1/min_edge_bp=1/soft_limit_clips=6,-0.9292804562260288,49.916666666666664,12.0,-0.9898023338651937,0.0,5,1.0,1,6,
CAKEUSDT,1,12,S1|skew_bp=10/k=1/min_edge_bp=1/soft_limit_clips=12,-0.9292804562260288,49.916666666666664,12.0,-0.9898023338651937,0.0,10,1.0,1,12,
CAKEUSDT,1,12,S1|skew_bp=10/k=0.5/min_edge_bp=2/soft_limit_clips=3,-3.4825486655121316,196.66666666666666,12.0,-3.558516260600039,0.0,10,0.5,2,3,
CAKEUSDT,1,12,S1|skew_bp=2/k=1/min_edge_bp=0/soft_limit_clips=12,-1.047348158460134,59.166666666666664,12.0,-1.2683329716351306,0.0,2,1.0,0,12,
CAKEUSDT,1,12,S1|skew_bp=5/k=1/min_edge_bp=2/soft_limit_clips=3,-2.173553632837377,44.916666666666664,12.0,-0.7437149276839973,0.0,5,1.0,2,3,
CAKEUSDT,1,12,S1|skew_bp=10/k=0.5/min_edge_bp=1/soft_limit_clips=3,-4.112752579377534,271.0,12.0,-4.846994762722677,0.0,10,0.5,1,3,
CAKEUSDT,1,12,S1|skew_bp=2/k=0.5/min_edge_bp=4/soft_limit_clips=6,-1.0707612319070678,74.41666666666667,12.0,-1.3726446030553106,0.0,2,0.5,4,6,
CAKEUSDT,1,12,S1|skew_bp=10/k=1/min_edge_bp=2/soft_limit_clips=3,-1.2985209777442746,58.083333333333336,12.0,-1.0627964257048927,0.0,10,1.0,2,3,
CAKEUSDT,1,12,S1|skew_bp=2/k=1/min_edge_bp=0/soft_limit_clips=6,-0.8386274533248019,55.416666666666664,12.0,-1.1781008452550352,0.0,2,1.0,0,6,1.0287429825446555
CAKEUSDT,1,12,S1|skew_bp=10/k=1/min_edge_bp=2/soft_limit_clips=6,-2.267751883455736,46.25,12.0,-0.8596440304506006,0.0,10,1.0,2,6,
CAKEUSDT,1,12,S1|skew_bp=5/k=1/min_edge_bp=0/soft_limit_clips=3,-2.049304761635557,66.25,12.0,-1.1304853170654663,0.0,5,1.0,0,3,
CAKEUSDT,1,12,S1|skew_bp=5/k=0.5/min_edge_bp=4/soft_limit_clips=6,-2.167387045681645,84.08333333333333,12.0,-1.5938518128274348,0.0,5,0.5,4,6,
CAKEUSDT,1,12,S1|skew_bp=10/k=0.5/min_edge_bp=4/soft_limit_clips=12,-2.1815163956816432,84.25,12.0,-1.616089496160768,0.0,10,0.5,4,12,
CAKEUSDT,1,12,S1|skew_bp=2/k=1/min_edge_bp=0/soft_limit_clips=3,-2.0776499435817235,51.083333333333336,12.0,-0.9086730715018786,0.0,2,1.0,0,3,
CAKEUSDT,1,12,S1|skew_bp=10/k=1/min_edge_bp=0/soft_limit_clips=6,-2.155525288053457,68.66666666666667,12.0,-1.2542151901276042,0.0,10,1.0,0,6,
CAKEUSDT,1,12,S1|skew_bp=2/k=0.5/min_edge_bp=4/soft_limit_clips=3,-2.36741565347103,71.0,12.0,-1.3372097635832485,0.0,2,0.5,4,3,
CAKEUSDT,1,12,S1|skew_bp=2/k=1/min_edge_bp=1/soft_limit_clips=3,-1.24451190351369,39.583333333333336,12.0,-0.902959681940989,0.0,2,1.0,1,3,
CAKEUSDT,1,12,S1|skew_bp=5/k=0.5/min_edge_bp=1/soft_limit_clips=3,-3.0421973382167984,196.58333333333334,12.0,-3.1685811291282406,0.0,5,0.5,1,3,
CAKEUSDT,1,12,S1|skew_bp=10/k=1/min_edge_bp=0/soft_limit_clips=3,-2.550403210343639,83.75,12.0,-1.577040164206984,0.0,10,1.0,0,3,
CAKEUSDT,1,12,S1|skew_bp=5/k=0.5/min_edge_bp=4/soft_limit_clips=12,-1.120811189876636,80.08333333333333,12.0,-1.4665569941110463,0.0,5,0.5,4,12,
CAKEUSDT,1,12,S1|skew_bp=10/k=0.5/min_edge_bp=1/soft_limit_clips=6,-2.848682520551486,202.66666666666666,12.0,-3.4093797126078615,0.0,10,0.5,1,6,
CAKEUSDT,1,12,S1|skew_bp=10/k=1/min_edge_bp=0/soft_limit_clips=12,-2.1420459378393732,61.75,12.0,-1.1719877351183319,0.0,10,1.0,0,12,
CAKEUSDT,1,12,S1|skew_bp=10/k=0.5/min_edge_bp=2/soft_limit_clips=6,-2.8951483195872174,149.83333333333334,12.0,-2.9839848340511295,0.0,10,0.5,2,6,
CAKEUSDT,1,12,S1|skew_bp=5/k=0.5/min_edge_bp=2/soft_limit_clips=3,-2.8110720465651426,147.75,12.0,-2.851066955731321,0.0,5,0.5,2,3,
CAKEUSDT,2,25,S1|skew_bp=2/k=1/min_edge_bp=4/soft_limit_clips=12,2.4353683992349544,21.28,25.0,-0.40469130683915194,0.0,2,1.0,4,12,1.5842279805265076
CAKEUSDT,2,25,S1|skew_bp=2/k=1/min_edge_bp=4/soft_limit_clips=6,1.6221264151194108,21.24,25.0,-0.3545925328503564,0.0,2,1.0,4,6,1.552429150067946
CAKEUSDT,2,25,S1|skew_bp=5/k=1/min_edge_bp=4/soft_limit_clips=12,1.5842279805265076,22.48,25.0,-0.3186035628807986,0.0,5,1.0,4,12,1.5206303196093842
CAKEUSDT,2,25,S1|skew_bp=2/k=1/min_edge_bp=2/soft_limit_clips=12,2.2483902761448546,33.64,25.0,-0.5546675281246395,0.0,2,1.0,2,12,1.552429150067946
CAKEUSDT,2,25,S1|skew_bp=2/k=0.5/min_edge_bp=4/soft_limit_clips=12,1.9265924368978111,61.72,25.0,-1.0383058583191733,0.0,2,0.5,4,12,1.5842279805265076
CAKEUSDT,2,25,S1|skew_bp=5/k=1/min_edge_bp=2/soft_limit_clips=12,1.5206303196093842,34.96,25.0,-0.5093223665011954,0.0,5,1.0,2,12,1.5165908284972052
CAKEUSDT,2,25,S1|skew_bp=2/k=1/min_edge_bp=2/soft_limit_clips=6,1.5125513373850261,33.12,25.0,-0.5547835649576532,0.0,2,1.0,2,6,1.5206303196093842
CAKEUSDT,2,25,S1|skew_bp=2/k=1/min_edge_bp=1/soft_limit_clips=12,1.7327543397409246,40.6,25.0,-0.6644086574284978,0.0,2,1.0,1,12,1.3107537135178648
CAKEUSDT,2,25,S1|skew_bp=5/k=1/min_edge_bp=1/soft_limit_clips=12,1.1089560896507036,41.36,25.0,-0.6439233936158949,0.0,5,1.0,1,12,1.1089560896507036
CAKEUSDT,2,25,S1|skew_bp=2/k=1/min_edge_bp=1/soft_limit_clips=6,0.9485298754386073,40.52,25.0,-0.6554163996317441,0.0,2,1.0,1,6,1.1089560896507036
CAKEUSDT,2,25,S1|skew_bp=5/k=1/min_edge_bp=4/soft_limit_clips=6,0.4097773727543831,23.88,25.0,-0.3860909004383954,0.0,5,1.0,4,6,1.5165908284972052
CAKEUSDT,2,25,S1|skew_bp=10/k=1/min_edge_bp=4/soft_limit_clips=12,0.45984299803646245,24.0,25.0,-0.3882814508479941,0.0,10,1.0,4,12,0.43481018539542277
CAKEUSDT,2,25,S1|skew_bp=2/k=1/min_edge_bp=2/soft_limit_clips=3,-0.2330575022809615,30.16,25.0,-0.42987949500704176,0.0,2,1.0,2,3,0.6791536240964953
CAKEUSDT,2,25,S1|skew_bp=10/k=1/min_edge_bp=2/soft_limit_clips=12,-0.015030909592416925,36.6,25.0,-0.4772965914645966,0.0,10,1.0,2,12,0.45984299803646245
CAKEUSDT,2,25,S1|skew_bp=2/k=1/min_edge_bp=0/soft_limit_clips=6,0.2721494560894488,50.6,25.0,-0.7277394498958324,0.0,2,1.0,0,6,1.0287429825446555
CAKEUSDT,2,25,S1|skew_bp=5/k=1/min_edge_bp=2/soft_limit_clips=6,-0.03824508908689946,36.6,25.0,-0.4918006878440342,0.0,5,1.0,2,6,1.5125513373850261
ALICEUSDT,0,5,S1|skew_bp=2/k=0/min_edge_bp=0/soft_limit_clips=3,-47.53764563080564,2819.2,5.0,-46.41609875834079,0.0,2,0.0,0,3,
ALICEUSDT,0,5,S1|skew_bp=2/k=0/min_edge_bp=0/soft_limit_clips=6,-63.68000351402461,3066.2,5.0,-50.25849638967298,0.0,2,0.0,0,6,
ALICEUSDT,0,5,S1|skew_bp=2/k=0/min_edge_bp=0/soft_limit_clips=12,-78.39173579156306,3241.8,5.0,-54.367792096818356,0.0,2,0.0,0,12,
ALICEUSDT,0,5,S1|skew_bp=2/k=0/min_edge_bp=1/soft_limit_clips=3,-42.10979086510635,2627.4,5.0,-42.47168913961326,0.0,2,0.0,1,3,
ALICEUSDT,0,5,S1|skew_bp=2/k=0/min_edge_bp=1/soft_limit_clips=6,-51.39092613163713,2833.8,5.0,-46.97723816241033,0.0,2,0.0,1,6,
ALICEUSDT,0,5,S1|skew_bp=2/k=0/min_edge_bp=1/soft_limit_clips=12,-59.44868694732041,3024.4,5.0,-50.7851112163655,0.0,2,0.0,1,12,
ALICEUSDT,0,5,S1|skew_bp=2/k=0/min_edge_bp=2/soft_limit_clips=3,-22.805066647652854,1681.2,5.0,-26.326175281211714,0.0,2,0.0,2,3,
ALICEUSDT,0,5,S1|skew_bp=2/k=0/min_edge_bp=2/soft_limit_clips=6,-23.048188487926552,1717.8,5.0,-27.98908790880254,0.0,2,0.0,2,6,
ALICEUSDT,0,5,S1|skew_bp=2/k=0/min_edge_bp=2/soft_limit_clips=12,-22.34658001143313,1776.0,5.0,-29.22196727948325,0.0,2,0.0,2,12,
ALICEUSDT,0,5,S1|skew_bp=2/k=0/min_edge_bp=4/soft_limit_clips=3,-6.4053060932462715,263.6,5.0,-5.925048828147024,0.0,2,0.0,4,3,
ALICEUSDT,0,5,S1|skew_bp=2/k=0/min_edge_bp=4/soft_limit_clips=6,-5.767712145252939,236.8,5.0,-7.093375624530485,0.0,2,0.0,4,6,
ALICEUSDT,0,5,S1|skew_bp=2/k=0/min_edge_bp=4/soft_limit_clips=12,3.1883871188635697,221.0,5.0,-7.508878111941806,0.0,2,0.0,4,12,
ALICEUSDT,0,5,S1|skew_bp=2/k=0.5/min_edge_bp=0/soft_limit_clips=3,3.687743921457055,266.6,5.0,-3.5177481428067474,0.0,2,0.5,0,3,
ALICEUSDT,0,5,S1|skew_bp=2/k=0.5/min_edge_bp=0/soft_limit_clips=6,8.196024203435949,283.6,5.0,-3.7972856541840976,0.0,2,0.5,0,6,
ALICEUSDT,0,5,S1|skew_bp=2/k=0.5/min_edge_bp=0/soft_limit_clips=12,11.434236506839884,282.6,5.0,-4.038739359977757,0.0,2,0.5,0,12,3.9889716183998267
ALICEUSDT,0,5,S1|skew_bp=2/k=0.5/min_edge_bp=1/soft_limit_clips=3,2.845180298454443,153.2,5.0,-2.4377447941855332,0.0,2,0.5,1,3,
ALICEUSDT,0,5,S1|skew_bp=2/k=0.5/min_edge_bp=1/soft_limit_clips=6,11.617879750783537,158.8,5.0,-2.281639593780789,0.0,2,0.5,1,6,
ALICEUSDT,0,5,S1|skew_bp=2/k=0.5/min_edge_bp=1/soft_limit_clips=12,16.103054206470325,160.6,5.0,-2.6150203728804446,0.0,2,0.5,1,12,4.065387373667674
ALICEUSDT,0,5,S1|skew_bp=2/k=0.5/min_edge_bp=2/soft_limit_clips=3,4.853480792837964,85.2,5.0,-1.4789656053610152,0.0,2,0.5,2,3,
ALICEUSDT,0,5,S1|skew_bp=2/k=0.5/min_edge_bp=2/soft_limit_clips=6,12.726972304664272,83.8,5.0,-1.286187620412375,0.0,2,0.5,2,6,4.065387373667674
ALICEUSDT,0,5,S1|skew_bp=2/k=0.5/min_edge_bp=2/soft_limit_clips=12,15.180813596480395,86.8,5.0,-1.5263150118436857,0.0,2,0.5,2,12,4.196949989192816
ALICEUSDT,0,5,S1|skew_bp=2/k=0.5/min_edge_bp=4/soft_limit_clips=3,6.228478554182722,48.8,5.0,-1.2507432053935643,0.0,2,0.5,4,3,
ALICEUSDT,0,5,S1|skew_bp=2/k=0.5/min_edge_bp=4/soft_limit_clips=6,8.67323961325613,49.4,5.0,-0.807390437357094,0.0,2,0.5,4,6,
ALICEUSDT,0,5,S1|skew_bp=2/k=0.5/min_edge_bp=4/soft_limit_clips=12,10.391961082682764,51.8,5.0,-1.046210393060377,0.0,2,0.5,4,12,4.196949989192816
ALICEUSDT,0,5,S1|skew_bp=2/k=1/min_edge_bp=0/soft_limit_clips=3,0.8020553693316715,94.6,5.0,-1.1824808467861392,0.0,2,1.0,0,3,
ALICEUSDT,0,5,S1|skew_bp=2/k=1/min_edge_bp=0/soft_limit_clips=6,5.699838603867138,100.0,5.0,-1.0827667663721072,0.0,2,1.0,0,6,3.9889716183998267
ALICEUSDT,0,5,S1|skew_bp=2/k=1/min_edge_bp=0/soft_limit_clips=12,11.00918580590646,98.0,5.0,-1.3813203372709828,0.0,2,1.0,0,12,3.9889716183998267
ALICEUSDT,0,5,S1|skew_bp=2/k=1/min_edge_bp=1/soft_limit_clips=3,0.0005119039008809167,57.6,5.0,-0.9663719704993593,0.0,2,1.0,1,3,
ALICEUSDT,0,5,S1|skew_bp=2/k=1/min_edge_bp=1/soft_limit_clips=6,6.33701728129839,57.4,5.0,-0.7701208238975886,0.0,2,1.0,1,6,3.9338247581425314
ALICEUSDT,0,5,S1|skew_bp=2/k=1/min_edge_bp=1/soft_limit_clips=12,10.708493142205052,58.0,5.0,-0.7971853855256852,0.0,2,1.0,1,12,4.065387373667674
ALICEUSDT,0,5,S1|skew_bp=2/k=1/min_edge_bp=2/soft_limit_clips=3,2.2202250978744873,30.2,5.0,-0.7998355071291757,0.0,2,1.0,2,3,3.4263883263495445
ALICEUSDT,0,5,S1|skew_bp=2/k=1/min_edge_bp=2/soft_limit_clips=6,8.068325144176388,29.4,5.0,-0.8367229021843183,0.0,2,1.0,2,6,4.065387373667674
ALICEUSDT,0,5,S1|skew_bp=2/k=1/min_edge_bp=2/soft_limit_clips=12,11.657581474828905,28.8,5.0,-0.89407321376843,0.0,2,1.0,2,12,4.196949989192816
ALICEUSDT,0,5,S1|skew_bp=2/k=1/min_edge_bp=4/soft_limit_clips=3,4.427873213891682,16.8,5.0,-0.7317907222390758,0.0,2,1.0,4,3,
ALICEUSDT,0,5,S1|skew_bp=2/k=1/min_edge_bp=4/soft_limit_clips=6,8.913667759493421,17.4,5.0,-0.8006951346923248,0.0,2,1.0,4,6,
ALICEUSDT,0,5,S1|skew_bp=2/k=1/min_edge_bp=4/soft_limit_clips=12,8.661772775512182,16.8,5.0,-0.7990879014679422,0.0,2,1.0,4,12,
ALICEUSDT,0,5,S1|skew_bp=2/k=2/min_edge_bp=0/soft_limit_clips=3,5.207113536176999,21.4,5.0,-0.6183066174383886,0.0,2,2.0,0,3,
ALICEUSDT,0,5,S1|skew_bp=2/k=2/min_edge_bp=0/soft_limit_clips=6,8.087799349313674,25.8,5.0,-0.7871213172733399,0.0,2,2.0,0,6,
ALICEUSDT,0,5,S1|skew_bp=2/k=2/min_edge_bp=0/soft_limit_clips=12,8.11027258332135,25.2,5.0,-0.8016545989767824,0.0,2,2.0,0,12,
ALICEUSDT,0,5,S1|skew_bp=2/k=2/min_edge_bp=1/soft_limit_clips=3,6.414522889553737,13.0,5.0,-0.6321691817261803,0.0,2,2.0,1,3,
ALICEUSDT,0,5,S1|skew_bp=2/k=2/min_edge_bp=1/soft_limit_clips=6,6.4494092246950885,12.6,5.0,-0.6833619086348384,0.0,2,2.0,1,6,
ALICEUSDT,0,5,S1|skew_bp=2/k=2/min_edge_bp=1/soft_limit_clips=12,7.062632490780653,11.0,5.0,-0.6930517386476142,0.0,2,2.0,1,12,
ALICEUSDT,0,5,S1|skew_bp=2/k=2/min_edge_bp=2/soft_limit_clips=3,6.905442024528351,6.0,5.0,-0.5032177526099106,0.0,2,2.0,2,3,
ALICEUSDT,0,5,S1|skew_bp=2/k=2/min_edge_bp=2/soft_limit_clips=6,7.603070998759546,5.6,5.0,-0.5661687783787164,0.0,2,2.0,2,6,
ALICEUSDT,0,5,S1|skew_bp=2/k=2/min_edge_bp=2/soft_limit_clips=12,7.591841919098448,5.0,5.0,-0.5806413951046149,0.0,2,2.0,2,12,
ALICEUSDT,0,5,S1|skew_bp=2/k=2/min_edge_bp=4/soft_limit_clips=3,6.314960930731021,4.2,5.0,-0.4615377941729076,0.0,2,2.0,4,3,
ALICEUSDT,0,5,S1|skew_bp=2/k=2/min_edge_bp=4/soft_limit_clips=6,6.554410238170485,3.4,5.0,-0.4570484867334713,0.0,2,2.0,4,6,
ALICEUSDT,0,5,S1|skew_bp=2/k=2/min_edge_bp=4/soft_limit_clips=12,6.693945646156479,3.0,5.0,-0.43607307874747103,0.0,2,2.0,4,12,
ALICEUSDT,0,5,S1|skew_bp=5/k=0/min_edge_bp=0/soft_limit_clips=3,-41.58576874336857,2605.4,5.0,-41.836853274926355,0.0,5,0.0,0,3,
ALICEUSDT,0,5,S1|skew_bp=5/k=0/min_edge_bp=0/soft_limit_clips=6,-50.286467826320106,2832.0,5.0,-47.22302648244228,0.0,5,0.0,0,6,
ALICEUSDT,0,5,S1|skew_bp=5/k=0/min_edge_bp=0/soft_limit_clips=12,-60.708145638521444,3014.2,5.0,-50.30540045273165,0.0,5,0.0,0,12,
ALICEUSDT,0,5,S1|skew_bp=5/k=0/min_edge_bp=1/soft_limit_clips=3,-36.84800238680197,2376.4,5.0,-38.53688940154733,0.0,5,0.0,1,3,
ALICEUSDT,0,5,S1|skew_bp=5/k=0/min_edge_bp=1/soft_limit_clips=6,-41.35693372808581,2607.6,5.0,-42.08177920499035,0.0,5,0.0,1,6,
ALICEUSDT,0,5,S1|skew_bp=5/k=0/min_edge_bp=1/soft_limit_clips=12,-47.41396189348059,2777.2,5.0,-45.90176629779938,0.0,5,0.0,1,12,
ALICEUSDT,0,5,S1|skew_bp=5/k=0/min_edge_bp=2/soft_limit_clips=3,-23.535806585763716,1623.0,5.0,-26.008405729888977,0.0,5,0.0,2,3,
ALICEUSDT,0,5,S1|skew_bp=5/k=0/min_edge_bp=2/soft_limit_clips=6,-23.48328386066158,1719.0,5.0,-27.735588251056402,0.0,5,0.0,2,6,
ALICEUSDT,0,5,S1|skew_bp=5/k=0/min_edge_bp=2/soft_limit_clips=12,-22.741676596935427,1699.4,5.0,-27.509924654575922,0.0,5,0.0,2,12,
ALICEUSDT,0,5,S1|skew_bp=5/k=0/min_edge_bp=4/soft_limit_clips=3,-6.843921494236861,341.6,5.0,-8.301013227473087,0.0,5,0.0,4,3,
ALICEUSDT,0,5,S1|skew_bp=5/k=0/min_edge_bp=4/soft_limit_clips=6,-7.411427978550224,291.8,5.0,-7.389169808474283,0.0,5,0.0,4,6,
ALICEUSDT,0,5,S1|skew_bp=5/k=0/min_edge_bp=4/soft_limit_clips=12,-6.299285849503226,251.6,5.0,-6.693405608157446,0.0,5,0.0,4,12,
ALICEUSDT,0,5,S1|skew_bp=5/k=0.5/min_edge_bp=0/soft_limit_clips=3,-0.7882501964243545,344.6,5.0,-4.342837895072185,0.0,5,0.5,0,3,
ALICEUSDT,0,5,S1|skew_bp=5/k=0.5/min_edge_bp=0/soft_limit_clips=6,-0.59030689642995,314.0,5.0,-3.920221998013531,0.0,5,0.5,0,6,
ALICEUSDT,0,5,S1|skew_bp=5/k=0.5/min_edge_bp=0/soft_limit_clips=12,6.3327937274245105,287.0,5.0,-3.9037653058480744,0.0,5,0.5,0,12,
ALICEUSDT,0,5,S1|skew_bp=5/k=0.5/min_edge_bp=1/soft_limit_clips=3,-1.800517997892899,197.6,5.0,-2.7268566919279094,0.0,5,0.5,1,3,
ALICEUSDT,0,5,S1|skew_bp=5/k=0.5/min_edge_bp=1/soft_limit_clips=6,4.137231296281112,179.8,5.0,-2.3863162375904494,0.0,5,0.5,1,6,
ALICEUSDT,0,5,S1|skew_bp=5/k=0.5/min_edge_bp=1/soft_limit_clips=12,10.705370719631063,165.4,5.0,-2.2093748910209903,0.0,5,0.5,1,12,
ALICEUSDT,0,5,S1|skew_bp=5/k=0.5/min_edge_bp=2/soft_limit_clips=3,-0.7200943906194397,105.8,5.0,-1.1755213845578145,0.0,5,0.5,2,3,
ALICEUSDT,0,5,S1|skew_bp=5/k=0.5/min_edge_bp=2/soft_limit_clips=6,7.942230964144559,98.6,5.0,-1.283302852308335,0.0,5,0.5,2,6,
ALICEUSDT,0,5,S1|skew_bp=5/k=0.5/min_edge_bp=2/soft_limit_clips=12,12.97856867108745,84.6,5.0,-1.3719390117994,0.0,5,0.5,2,12,4.196949989192816
ALICEUSDT,0,5,S1|skew_bp=5/k=0.5/min_edge_bp=4/soft_limit_clips=3,3.1741141398457917,53.4,5.0,-1.2864267652539745,0.0,5,0.5,4,3,
ALICEUSDT,0,5,S1|skew_bp=5/k=0.5/min_edge_bp=4/soft_limit_clips=6,8.670627115970884,51.4,5.0,-0.8926678836112224,0.0,5,0.5,4,6,
ALICEUSDT,0,5,S1|skew_bp=5/k=0.5/min_edge_bp=4/soft_limit_clips=12,9.249870924912821,49.6,5.0,-1.0818593577517854,0.0,5,0.5,4,12,
ALICEUSDT,0,5,S1|skew_bp=5/k=1/min_edge_bp=0/soft_limit_clips=3,-1.1360101173690889,101.6,5.0,-1.4941623740745815,0.0,5,1.0,0,3,
ALICEUSDT,0,5,S1|skew_bp=5/k=1/min_edge_bp=0/soft_limit_clips=6,1.8834011246464737,102.8,5.0,-1.267545516384868,0.0,5,1.0,0,6,
ALICEUSDT,0,5,S1|skew_bp=5/k=1/min_edge_bp=0/soft_limit_clips=12,3.4200222188693994,104.6,5.0,-1.193190759021576,0.0,5,1.0,0,12,3.9889716183998267
ALICEUSDT,0,5,S1|skew_bp=5/k=1/min_edge_bp=1/soft_limit_clips=3,-0.339834189489961,61.8,5.0,-0.9802155243216522,0.0,5,1.0,1,3,
ALICEUSDT,0,5,S1|skew_bp=5/k=1/min_edge_bp=1/soft_limit_clips=6,1.2524758693358453,61.8,5.0,-1.0179770234092402,0.0,5,1.0,1,6,
ALICEUSDT,0,5,S1|skew_bp=5/k=1/min_edge_bp=1/soft_limit_clips=12,6.337817160042736,57.6,5.0,-0.7652431546256817,0.0,5,1.0,1,12,4.065387373667674
ALICEUSDT,0,5,S1|skew_bp=5/k=1/min_edge_bp=2/soft_limit_clips=3,1.3203434867040895,33.0,5.0,-1.0278643937437473,0.0,5,1.0,2,3,
ALICEUSDT,0,5,S1|skew_bp=5/k=1/min_edge_bp=2/soft_limit_clips=6,3.1967778337852053,33.0,5.0,-0.9741835930183947,0.0,5,1.0,2,6,
ALICEUSDT,0,5,S1|skew_bp=5/k=1/min_edge_bp=2/soft_limit_clips=12,7.028816171437249,31.6,5.0,-0.804942351000671,0.0,5,1.0,2,12,4.196949989192816
ALICEUSDT,0,5,S1|skew_bp=5/k=1/min_edge_bp=4/soft_limit_clips=3,3.4584796745129096,18.8,5.0,-0.9244063957021652,0.0,5,1.0,4,3,
ALICEUSDT,0,5,S1|skew_bp=5/k=1/min_edge_bp=4/soft_limit_clips=6,4.792702842628515,18.4,5.0,-0.8796817162352679,0.0,5,1.0,4,6,
ALICEUSDT,0,5,S1|skew_bp=5/k=1/min_edge_bp=4/soft_limit_clips=12,7.578782350722255,17.2,5.0,-0.8046576059389281,0.0,5,1.0,4,12,
ALICEUSDT,0,5,S1|skew_bp=5/k=2/min_edge_bp=0/soft_limit_clips=3,2.5592145612727935,30.2,5.0,-0.7663842056232305,0.0,5,2.0,0,3,
ALICEUSDT,0,5,S1|skew_bp=5/k=2/min_edge_bp=0/soft_limit_clips=6,5.718850437530102,24.8,5.0,-0.7349852780120965,0.0,5,2.0,0,6,
ALICEUSDT,0,5,S1|skew_bp=5/k=2/min_edge_bp=0/soft_limit_clips=12,7.008327373536135,25.8,5.0,-0.7286310552153902,0.0,5,2.0,0,12,
ALICEUSDT,0,5,S1|skew_bp=5/k=2/min_edge_bp=1/soft_limit_clips=3,5.645204420066475,12.0,5.0,-0.5693564782602509,0.0,5,2.0,1,3,
ALICEUSDT,0,5,S1|skew_bp=5/k=2/min_edge_bp=1/soft_limit_clips=6,4.991123128914788,13.4,5.0,-0.62657181956163,0.0,5,2.0,1,6,
ALICEUSDT,0,5,S1|skew_bp=5/k=2/min_edge_bp=1/soft_limit_clips=12,6.4494092246950885,12.6,5.0,-0.6833619086348384,0.0,5,2.0,1,12,
ALICEUSDT,0,5,S1|skew_bp=5/k=2/min_edge_bp=2/soft_limit_clips=3,5.786614228978161,6.6,5.0,-0.5876634764088438,0.0,5,2.0,2,3,
ALICEUSDT,0,5,S1|skew_bp=5/k=2/min_edge_bp=2/soft_limit_clips=6,5.960435456575129,7.0,5.0,-0.6017644205044831,0.0,5,2.0,2,6,
ALICEUSDT,0,5,S1|skew_bp=5/k=2/min_edge_bp=2/soft_limit_clips=12,7.350633694382071,6.6,5.0,-0.6288060827562152,0.0,5,2.0,2,12,
ALICEUSDT,0,5,S1|skew_bp=5/k=2/min_edge_bp=4/soft_limit_clips=3,4.591412659012207,4.6,5.0,-0.4280997486749142,0.0,5,2.0,4,3,
ALICEUSDT,0,5,S1|skew_bp=5/k=2/min_edge_bp=4/soft_limit_clips=6,5.970806128511851,5.4,5.0,-0.4649125963920673,0.0,5,2.0,4,6,
ALICEUSDT,0,5,S1|skew_bp=5/k=2/min_edge_bp=4/soft_limit_clips=12,6.554410238170485,3.4,5.0,-0.4570484867334713,0.0,5,2.0,4,12,
ALICEUSDT,0,5,S1|skew_bp=10/k=0/min_edge_bp=0/soft_limit_clips=3,-38.00595047615574,2362.2,5.0,-37.21335913843866,0.0,10,0.0,0,3,
ALICEUSDT,0,5,S1|skew_bp=10/k=0/min_edge_bp=0/soft_limit_clips=6,-41.61460653341398,2628.8,5.0,-42.75436608920594,0.0,10,0.0,0,6,
ALICEUSDT,0,5,S1|skew_bp=10/k=0/min_edge_bp=0/soft_limit_clips=12,-50.611207708931154,2830.6,5.0,-46.923739867533946,0.0,10,0.0,0,12,
ALICEUSDT,0,5,S1|skew_bp=10/k=0/min_edge_bp=1/soft_limit_clips=3,-33.66436222371154,2182.8,5.0,-35.67653654698944,0.0,10,0.0,1,3,
ALICEUSDT,0,5,S1|skew_bp=10/k=0/min_edge_bp=1/soft_limit_clips=6,-37.11639833181802,2390.0,5.0,-38.90200597529983,0.0,10,0.0,1,6,
ALICEUSDT,0,5,S1|skew_bp=10/k=0/min_edge_bp=1/soft_limit_clips=12,-41.31217020610013,2609.8,5.0,-42.07014335394418,0.0,10,0.0,1,12,
ALICEUSDT,0,5,S1|skew_bp=10/k=0/min_edge_bp=2/soft_limit_clips=3,-24.371414578114067,1627.6,5.0,-25.436320326732364,0.0,10,0.0,2,3,
ALICEUSDT,0,5,S1|skew_bp=10/k=0/min_edge_bp=2/soft_limit_clips=6,-23.306325923503415,1659.2,5.0,-27.01592261578972,0.0,10,0.0,2,6,
ALICEUSDT,0,5,S1|skew_bp=10/k=0/min_edge_bp=2/soft_limit_clips=12,-23.48328386066158,1719.0,5.0,-27.735588251056402,0.0,10,0.0,2,12,
ALICEUSDT,0,5,S1|skew_bp=10/k=0/min_edge_bp=4/soft_limit_clips=3,-8.931650745740953,453.0,5.0,-10.259480613008787,0.0,10,0.0,4,3,
ALICEUSDT,0,5,S1|skew_bp=10/k=0/min_edge_bp=4/soft_limit_clips=6,-6.865084233071515,350.0,5.0,-9.215309624817966,0.0,10,0.0,4,6,
ALICEUSDT,0,5,S1|skew_bp=10/k=0/min_edge_bp=4/soft_limit_clips=12,-7.411427978550224,291.8,5.0,-7.389169808474283,0.0,10,0.0,4,12,
ALICEUSDT,0,5,S1|skew_bp=10/k=0.5/min_edge_bp=0/soft_limit_clips=3,-3.9587019817935896,399.8,5.0,-5.451288326001998,0.0,10,0.5,0,3,
ALICEUSDT,0,5,S1|skew_bp=10/k=0.5/min_edge_bp=0/soft_limit_clips=6,-1.6990646712696538,344.2,5.0,-4.185720327951043,0.0,10,0.5,0,6,
ALICEUSDT,0,5,S1|skew_bp=10/k=0.5/min_edge_bp=0/soft_limit_clips=12,-0.59030689642995,314.0,5.0,-3.920221998013531,0.0,10,0.5,0,12,
ALICEUSDT,0,5,S1|skew_bp=10/k=0.5/min_edge_bp=1/soft_limit_clips=3,-3.1244227146061063,233.4,5.0,-3.2282583539001153,0.0,10,0.5,1,3,
ALICEUSDT,0,5,S1|skew_bp=10/k=0.5/min_edge_bp=1/soft_limit_clips=6,-1.7381765790139898,201.0,5.0,-2.777595563872874,0.0,10,0.5,1,6,
ALICEUSDT,0,5,S1|skew_bp=10/k=0.5/min_edge_bp=1/soft_limit_clips=12,4.137231296281112,179.8,5.0,-2.3863162375904494,0.0,10,0.5,1,12,
ALICEUSDT,0,5,S1|skew_bp=10/k=0.5/min_edge_bp=2/soft_limit_clips=3,-3.6717605073838078,125.0,5.0,-2.165201622595394,0.0,10,0.5,2,3,
ALICEUSDT,0,5,S1|skew_bp=10/k=0.5/min_edge_bp=2/soft_limit_clips=6,-0.25227576111320554,107.6,5.0,-1.4632919610194093,0.0,10,0.5,2,6,
ALICEUSDT,0,5,S1|skew_bp=10/k=0.5/min_edge_bp=2/soft_limit_clips=12,7.942230964144559,98.6,5.0,-1.283302852308335,0.0,10,0.5,2,12,
ALICEUSDT,0,5,S1|skew_bp=10/k=0.5/min_edge_bp=4/soft_limit_clips=3,-2.8375834473188823,80.4,5.0,-1.3310407503824657,0.0,10,0.5,4,3,
ALICEUSDT,0,5,S1|skew_bp=10/k=0.5/min_edge_bp=4/soft_limit_clips=6,3.898682876115088,57.6,5.0,-0.9894218881518746,0.0,10,0.5,4,6,
ALICEUSDT,0,5,S1|skew_bp=10/k=0.5/min_edge_bp=4/soft_limit_clips=12,8.670627115970884,51.4,5.0,-0.8926678836112224,0.0,10,0.5,4,12,
ALICEUSDT,0,5,S1|skew_bp=10/k=1/min_edge_bp=0/soft_limit_clips=3,-4.178876483804169,122.8,5.0,-1.5440494060004817,0.0,10,1.0,0,3,
ALICEUSDT,0,5,S1|skew_bp=10/k=1/min_edge_bp=0/soft_limit_clips=6,-1.6006713921044529,103.0,5.0,-1.6411849768059352,0.0,10,1.0,0,6,
ALICEUSDT,0,5,S1|skew_bp=10/k=1/min_edge_bp=0/soft_limit_clips=12,1.8833643560136841,103.0,5.0,-1.2675694523180359,0.0,10,1.0,0,12,
ALICEUSDT,0,5,S1|skew_bp=10/k=1/min_edge_bp=1/soft_limit_clips=3,-2.4272894026814273,74.4,5.0,-0.7330919115997001,0.0,10,1.0,1,3,
ALICEUSDT,0,5,S1|skew_bp=10/k=1/min_edge_bp=1/soft_limit_clips=6,1.8105984119940082,66.4,5.0,-1.0537520200890735,0.0,10,1.0,1,6,
ALICEUSDT,0,5,S1|skew_bp=10/k=1/min_edge_bp=1/soft_limit_clips=12,1.2524758693358453,61.8,5.0,-1.0179770234092402,0.0,10,1.0,1,12,
ALICEUSDT,0,5,S1|skew_bp=10/k=1/min_edge_bp=2/soft_limit_clips=3,-0.6029102072276398,40.4,5.0,-0.9099974036474461,0.0,10,1.0,2,3,
ALICEUSDT,0,5,S1|skew_bp=10/k=1/min_edge_bp=2/soft_limit_clips=6,2.4113022757323646,34.2,5.0,-1.190312145630052,0.0,10,1.0,2,6,
ALICEUSDT,0,5,S1|skew_bp=10/k=1/min_edge_bp=2/soft_limit_clips=12,3.1967778337852053,33.0,5.0,-0.9741835930183947,0.0,10,1.0,2,12,
ALICEUSDT,0,5,S1|skew_bp=10/k=1/min_edge_bp=4/soft_limit_clips=3,-1.7285378578665362,23.0,5.0,-1.0070995557350693,0.0,10,1.0,4,3,
ALICEUSDT,0,5,S1|skew_bp=10/k=1/min_edge_bp=4/soft_limit_clips=6,3.4584796745129096,18.8,5.0,-0.9244063957021652,0.0,10,1.0,4,6,
ALICEUSDT,0,5,S1|skew_bp=10/k=1/min_edge_bp=4/soft_limit_clips=12,4.792702842628515,18.4,5.0,-0.8796817162352679,0.0,10,1.0,4,12,
ALICEUSDT,0,5,S1|skew_bp=10/k=2/min_edge_bp=0/soft_limit_clips=3,1.1604738459079493,31.0,5.0,-0.740082167499071,0.0,10,2.0,0,3,
ALICEUSDT,0,5,S1|skew_bp=10/k=2/min_edge_bp=0/soft_limit_clips=6,3.9515582823116673,29.6,5.0,-0.8298148290550561,0.0,10,2.0,0,6,
ALICEUSDT,0,5,S1|skew_bp=10/k=2/min_edge_bp=0/soft_limit_clips=12,5.718850437530102,24.8,5.0,-0.7349852780120965,0.0,10,2.0,0,12,
ALICEUSDT,0,5,S1|skew_bp=10/k=2/min_edge_bp=1/soft_limit_clips=3,4.3229169698360606,16.4,5.0,-0.6240965141765094,0.0,10,2.0,1,3,
ALICEUSDT,0,5,S1|skew_bp=10/k=2/min_edge_bp=1/soft_limit_clips=6,5.645759131128419,12.2,5.0,-0.6139617671983073,0.0,10,2.0,1,6,
ALICEUSDT,0,5,S1|skew_bp=10/k=2/min_edge_bp=1/soft_limit_clips=12,4.991123128914788,13.4,5.0,-0.62657181956163,0.0,10,2.0,1,12,
ALICEUSDT,0,5,S1|skew_bp=10/k=2/min_edge_bp=2/soft_limit_clips=3,4.628464063859829,8.2,5.0,-0.5213882443447779,0.0,10,2.0,2,3,
ALICEUSDT,0,5,S1|skew_bp=10/k=2/min_edge_bp=2/soft_limit_clips=6,5.787168940040116,6.8,5.0,-0.6322687653469004,0.0,10,2.0,2,6,
ALICEUSDT,0,5,S1|skew_bp=10/k=2/min_edge_bp=2/soft_limit_clips=12,5.960435456575129,7.0,5.0,-0.6017644205044831,0.0,10,2.0,2,12,
ALICEUSDT,0,5,S1|skew_bp=10/k=2/min_edge_bp=4/soft_limit_clips=3,4.028966077440109,4.2,5.0,-0.3998474527702171,0.0,10,2.0,4,3,
ALICEUSDT,0,5,S1|skew_bp=10/k=2/min_edge_bp=4/soft_limit_clips=6,4.591412659012207,4.6,5.0,-0.4280997486749142,0.0,10,2.0,4,6,
ALICEUSDT,0,5,S1|skew_bp=10/k=2/min_edge_bp=4/soft_limit_clips=12,5.970806128511851,5.4,5.0,-0.4649125963920673,0.0,10,2.0,4,12,
ALICEUSDT,1,12,S1|skew_bp=2/k=0.5/min_edge_bp=1/soft_limit_clips=12,7.867854841894065,177.91666666666666,12.0,-2.725220449601775,0.0,2,0.5,1,12,4.065387373667674
ALICEUSDT,1,12,S1|skew_bp=2/k=0.5/min_edge_bp=2/soft_limit_clips=12,8.663898252961799,96.25,12.0,-1.6584748447716098,0.0,2,0.5,2,12,4.196949989192816
ALICEUSDT,1,12,S1|skew_bp=5/k=0.5/min_edge_bp=2/soft_limit_clips=12,5.273893761520717,98.83333333333333,12.0,-1.4693681750016092,0.0,5,0.5,2,12,4.196949989192816
ALICEUSDT,1,12,S1|skew_bp=2/k=0.5/min_edge_bp=2/soft_limit_clips=6,6.277670730076608,97.66666666666667,12.0,-1.5247315197049147,0.0,2,0.5,2,6,4.065387373667674
ALICEUSDT,1,12,S1|skew_bp=2/k=1/min_edge_bp=2/soft_limit_clips=12,9.877174824091268,31.916666666666668,12.0,-0.9401929553872678,0.0,2,1.0,2,12,4.196949989192816
ALICEUSDT,1,12,S1|skew_bp=2/k=0.5/min_edge_bp=1/soft_limit_clips=6,4.985896038820615,175.16666666666666,12.0,-2.5714021196740857,0.0,2,0.5,1,6,
ALICEUSDT,1,12,S1|skew_bp=2/k=0.5/min_edge_bp=0/soft_limit_clips=12,6.920271458121221,304.1666666666667,12.0,-4.363085646818796,0.0,2,0.5,0,12,3.9889716183998267
ALICEUSDT,1,12,S1|skew_bp=2/k=1/min_edge_bp=0/soft_limit_clips=12,10.822462190999957,100.16666666666667,12.0,-1.333032952549716,0.0,2,1.0,0,12,3.9889716183998267
ALICEUSDT,1,12,S1|skew_bp=2/k=1/min_edge_bp=1/soft_limit_clips=12,9.699944115448083,61.0,12.0,-0.9818175279970589,0.0,2,1.0,1,12,4.065387373667674
ALICEUSDT,1,12,S1|skew_bp=5/k=0.5/min_edge_bp=1/soft_limit_clips=12,3.7373721323944604,178.5,12.0,-2.4957818353136725,0.0,5,0.5,1,12,
ALICEUSDT,1,12,S1|skew_bp=2/k=0.5/min_edge_bp=4/soft_limit_clips=12,6.766938938611762,57.083333333333336,12.0,-1.1190897759070175,0.0,2,0.5,4,12,4.196949989192816
ALICEUSDT,1,12,S1|skew_bp=5/k=0.5/min_edge_bp=4/soft_limit_clips=12,4.564273415996987,58.166666666666664,12.0,-1.1125136480133415,0.0,5,0.5,4,12,
ALICEUSDT,1,12,S1|skew_bp=2/k=0.5/min_edge_bp=4/soft_limit_clips=6,4.985966862315608,56.666666666666664,12.0,-0.9379964864631202,0.0,2,0.5,4,6,
ALICEUSDT,1,12,S1|skew_bp=5/k=0.5/min_edge_bp=4/soft_limit_clips=6,4.278139035907614,60.833333333333336,12.0,-1.042131408075236,0.0,5,0.5,4,6,
ALICEUSDT,1,12,S1|skew_bp=10/k=0.5/min_edge_bp=4/soft_limit_clips=12,4.278139035907614,60.833333333333336,12.0,-1.042131408075236,0.0,10,0.5,4,12,
ALICEUSDT,1,12,S1|skew_bp=2/k=0.5/min_edge_bp=0/soft_limit_clips=6,2.32656572977902,298.0833333333333,12.0,-4.104854679172829,0.0,2,0.5,0,6,
ALICEUSDT,1,12,S1|skew_bp=2/k=2/min_edge_bp=0/soft_limit_clips=12,3.3515184027805063,26.166666666666668,12.0,-0.6406793893488967,0.0,2,2.0,0,12,
ALICEUSDT,1,12,S1|skew_bp=2/k=2/min_edge_bp=0/soft_limit_clips=6,3.4758602284158733,26.5,12.0,-0.6259384553247241,0.0,2,2.0,0,6,
ALICEUSDT,1,12,S1|skew_bp=2/k=1/min_edge_bp=2/soft_limit_clips=6,7.838721845429259,33.833333333333336,12.0,-0.8113997578762242,0.0,2,1.0,2,6,4.065387373667674
ALICEUSDT,1,12,S1|skew_bp=5/k=0.5/min_edge_bp=2/soft_limit_clips=6,2.192541237047139,103.41666666666667,12.0,-1.5609281899927936,0.0,5,0.5,2,6,
ALICEUSDT,1,12,S1|skew_bp=10/k=0.5/min_edge_bp=2/soft_limit_clips=12,2.192541237047139,103.41666666666667,12.0,-1.5609281899927936,0.0,10,0.5,2,12,
ALICEUSDT,1,12,S1|skew_bp=5/k=1/min_edge_bp=2/soft_limit_clips=12,7.313642501160635,36.333333333333336,12.0,-0.7755038662731953,0.0,5,1.0,2,12,4.196949989192816
ALICEUSDT,1,12,S1|skew_bp=5/k=2/min_edge_bp=0/soft_limit_clips=12,2.969633905764192,26.416666666666668,12.0,-0.6033888455449522,0.0,5,2.0,0,12,
ALICEUSDT,1,12,S1|skew_bp=5/k=1/min_edge_bp=1/soft_limit_clips=12,6.854521147905494,60.5,12.0,-0.8903272705005372,0.0,5,1.0,1,12,4.065387373667674
ALICEUSDT,1,12,S1|skew_bp=2/k=1/min_edge_bp=1/soft_limit_clips=6,6.84971113365122,59.0,12.0,-0.9906155828184104,0.0,2,1.0,1,6,3.9338247581425314
ALICEUSDT,1,12,S1|skew_bp=5/k=0.5/min_edge_bp=0/soft_limit_clips=12,1.2723330757974602,306.9166666666667,12.0,-4.240018327989955,0.0,5,0.5,0,12,
ALICEUSDT,1,12,S1|skew_bp=2/k=0.5/min_edge_bp=4/soft_limit_clips=3,2.2403779063994325,55.166666666666664,12.0,-1.1500059739695478,0.0,2,0.5,4,3,
ALICEUSDT,1,12,S1|skew_bp=5/k=2/min_edge_bp=0/soft_limit_clips=6,2.554659448044738,25.833333333333332,12.0,-0.6150861148321792,0.0,5,2.0,0,6,
ALICEUSDT,1,12,S1|skew_bp=10/k=2/min_edge_bp=0/soft_limit_clips=12,2.554659448044738,25.833333333333332,12.0,-0.6150861148321792,0.0,10,2.0,0,12,
ALICEUSDT,1,12,S1|skew_bp=2/k=1/min_edge_bp=0/soft_limit_clips=6,7.144712743173653,102.16666666666667,12.0,-1.148121289634939,0.0,2,1.0,0,6,3.9889716183998267
ALICEUSDT,1,12,S1|skew_bp=2/k=2/min_edge_bp=0/soft_limit_clips=3,2.1600907899637236,24.416666666666668,12.0,-0.5632252051112416,0.0,2,2.0,0,3,
ALICEUSDT,1,12,S1|skew_bp=2/k=0.5/min_edge_bp=2/soft_limit_clips=3,1.114356719736499,92.83333333333333,12.0,-1.5549658579824177,0.0,2,0.5,2,3,
ALICEUSDT,1,12,S1|skew_bp=5/k=0.5/min_edge_bp=1/soft_limit_clips=6,1.5868050963061282,186.25,12.0,-2.5797245221731426,0.0,5,0.5,1,6,
ALICEUSDT,1,12,S1|skew_bp=10/k=0.5/min_edge_bp=1/soft_limit_clips=12,1.5868050963061282,186.25,12.0,-2.5797245221731426,0.0,10,0.5,1,12,
ALICEUSDT,1,12,S1|skew_bp=10/k=2/min_edge_bp=0/soft_limit_clips=6,1.6653964318841306,26.75,12.0,-0.6855924673204057,0.0,10,2.0,0,6,
ALICEUSDT,1,12,S1|skew_bp=10/k=0.5/min_edge_bp=4/soft_limit_clips=6,1.4075901483093556,72.58333333333333,12.0,-1.1563834045691492,0.0,10,0.5,4,6,
ALICEUSDT,1,12,S1|skew_bp=2/k=0.5/min_edge_bp=0/soft_limit_clips=3,-0.6210662878531097,276.0,12.0,-3.7613141365737914,0.0,2,0.5,0,3,
ALICEUSDT,1,12,S1|skew_bp=5/k=1/min_edge_bp=0/soft_limit_clips=12,5.6724252879205155,105.25,12.0,-1.22662305092341,0.0,5,1.0,0,12,3.9889716183998267
ALICEUSDT,1,12,S1|skew_bp=5/k=1/min_edge_bp=2/soft_limit_clips=6,4.459800612027563,38.0,12.0,-0.7777404969702895,0.0,5,1.0,2,6,
ALICEUSDT,1,12,S1|skew_bp=10/k=1/min_edge_bp=2/soft_limit_clips=12,4.459800612027563,38.0,12.0,-0.7777404969702895,0.0,10,1.0,2,12,
ALICEUSDT,1,12,S1|skew_bp=2/k=0/min_edge_bp=4/soft_limit_clips=12,-4.115598650198538,258.6666666666667,12.0,-7.896805382865427,0.0,2,0.0,4,12,
ALICEUSDT,1,12,S1|skew_bp=5/k=0.5/min_edge_bp=4/soft_limit_clips=3,1.0124124701403772,68.0,12.0,-1.3824590807271913,0.0,5,0.5,4,3,
ALICEUSDT,1,12,S1|skew_bp=2/k=0.5/min_edge_bp=1/soft_limit_clips=3,0.8999708962050444,162.33333333333334,12.0,-2.304096231060198,0.0,2,0.5,1,3,
ALICEUSDT,1,12,S1|skew_bp=5/k=2/min_edge_bp=0/soft_limit_clips=3,1.0562341716536008,26.916666666666668,12.0,-0.6709154173548105,0.0,5,2.0,0,3,
ALICEUSDT,1,12,S1|skew_bp=10/k=1/min_edge_bp=2/soft_limit_clips=6,2.9005227446471493,39.416666666666664,12.0,-0.8598360538054702,0.0,10,1.0,2,6,
ALICEUSDT,1,12,S1|skew_bp=2/k=1/min_edge_bp=2/soft_limit_clips=3,4.989818367213508,33.75,12.0,-0.6929265514301429,0.0,2,1.0,2,3,3.4263883263495445
ALICEUSDT,1,12,S1|skew_bp=5/k=1/min_edge_bp=0/soft_limit_clips=6,3.4231530589856587,106.58333333333333,12.0,-1.2148374559301771,0.0,5,1.0,0,6,
ALICEUSDT,1,12,S1|skew_bp=10/k=1/min_edge_bp=0/soft_limit_clips=12,3.423137738721996,106.66666666666667,12.0,-1.2148474292356637,0.0,10,1.0,0,12,
ALICEUSDT,2,25,S1|skew_bp=2/k=1/min_edge_bp=0/soft_limit_clips=12,6.181874526079081,89.84,25.0,-1.1888613348227164,0.0,2,1.0,0,12,3.9889716183998267
ALICEUSDT,2,25,S1|skew_bp=2/k=1/min_edge_bp=2/soft_limit_clips=12,5.795281554044452,30.0,25.0,-0.7989415715268942,0.0,2,1.0,2,12,4.196949989192816
ALICEUSDT,2,25,S1|skew_bp=2/k=1/min_edge_bp=1/soft_limit_clips=12,5.425909248715327,54.0,25.0,-0.9051584859613168,0.0,2,1.0,1,12,4.065387373667674
ALICEUSDT,2,25,S1|skew_bp=2/k=0.5/min_edge_bp=2/soft_limit_clips=12,7.012426268899248,82.4,25.0,-0.9823083935831483,0.0,2,0.5,2,12,4.196949989192816
ALICEUSDT,2,25,S1|skew_bp=2/k=0.5/min_edge_bp=1/soft_limit_clips=12,8.263536452551705,153.36,25.0,-1.8010948901596224,0.0,2,0.5,1,12,4.065387373667674
ALICEUSDT,2,25,S1|skew_bp=2/k=1/min_edge_bp=2/soft_limit_clips=6,4.196949989192816,29.96,25.0,-0.6824614006457795,0.0,2,1.0,2,6,4.065387373667674
ALICEUSDT,2,25,S1|skew_bp=5/k=1/min_edge_bp=2/soft_limit_clips=12,3.9338247581425314,31.8,25.0,-0.6273152439682292,0.0,5,1.0,2,12,4.196949989192816
ALICEUSDT,2,25,S1|skew_bp=2/k=1/min_edge_bp=0/soft_limit_clips=6,3.3220076440523103,90.2,25.0,-1.1028698616795274,0.0,2,1.0,0,6,3.9889716183998267
ALICEUSDT,2,25,S1|skew_bp=2/k=0.5/min_edge_bp=0/soft_limit_clips=12,4.655935592747343,276.16,25.0,-3.30903695181985,0.0,2,0.5,0,12,3.9889716183998267
ALICEUSDT,2,25,S1|skew_bp=5/k=1/min_edge_bp=1/soft_limit_clips=12,3.205258308857762,55.32,25.0,-0.7617044556494611,0.0,5,1.0,1,12,4.065387373667674
ALICEUSDT,2,25,S1|skew_bp=2/k=1/min_edge_bp=1/soft_limit_clips=6,2.995950401860905,53.24,25.0,-0.8730308259179452,0.0,2,1.0,1,6,3.9338247581425314
ALICEUSDT,2,25,S1|skew_bp=2/k=0.5/min_edge_bp=4/soft_limit_clips=12,5.374216828775952,50.24,25.0,-0.70420548225168,0.0,2,0.5,4,12,4.196949989192816
ALICEUSDT,2,25,S1|skew_bp=2/k=0.5/min_edge_bp=2/soft_limit_clips=6,3.856826250838184,81.24,25.0,-1.007066958063496,0.0,2,0.5,2,6,4.065387373667674
ALICEUSDT,2,25,S1|skew_bp=5/k=1/min_edge_bp=0/soft_limit_clips=12,3.077802239611573,92.52,25.0,-1.078732305758871,0.0,5,1.0,0,12,3.9889716183998267
ALICEUSDT,2,25,S1|skew_bp=5/k=0.5/min_edge_bp=2/soft_limit_clips=12,2.8944261939265226,84.12,25.0,-0.9546992335375859,0.0,5,0.5,2,12,4.196949989192816
ALICEUSDT,2,25,S1|skew_bp=2/k=1/min_edge_bp=2/soft_limit_clips=3,2.0528618367014464,29.36,25.0,-0.5356307912577748,0.0,2,1.0,2,3,3.4263883263495445
