rung,budget,candidate,net_usd_day,sd_usd_day,trades,days,excluded_days,making_usd_day,spread_usd_day,adverse_usd_day,inventory_usd_day,fees_usd_day,funding_usd_day,flattens_day,max_abs_position,skew_bp,k,min_edge_bp,soft_limit_clips,m_ticks,neighbourhood_usd_day
0,5,skew_bp=2/k=0/min_edge_bp=0/soft_limit_clips=3/m_ticks=2,-8.31607010264596,5.2021688149437235,2542.2,5.0,0.0,-8.464464876697061,5.328940115092273,-9.626985935916016,0.13988061280676992,4.166419055873315,0.008514161244331391,1.8,186.40673230843524,2,0.0,0,3,2,
0,5,skew_bp=2/k=0/min_edge_bp=0/soft_limit_clips=3/m_ticks=3,-7.7536568532099555,4.63335465120061,2447.4,5.0,0.0,-7.759636227464474,5.461764409445203,-9.265484147750913,-0.002014704358044739,3.9559164891587644,0.007994078612563295,1.6,186.48436072898264,2,0.0,0,3,3,
0,5,skew_bp=2/k=0/min_edge_bp=0/soft_limit_clips=3/m_ticks=4,-6.838330722411977,3.6716254090637563,2271.6,5.0,0.0,-6.6871713143136216,5.4374404903420785,-8.595616265195929,-0.16027794517083774,3.5289955394597725,0.009118537072482318,1.8,188.08278621530354,2,0.0,0,3,4,
0,5,skew_bp=2/k=0/min_edge_bp=0/soft_limit_clips=6/m_ticks=2,-8.144418204941486,5.070164327888179,2620.8,5.0,0.0,-8.344818663497785,5.971047758822728,-10.036861940311642,0.18676854371835763,4.2790044820088715,0.013631914837939855,1.2,358.4393367818939,2,0.0,0,6,2,
0,5,skew_bp=2/k=0/min_edge_bp=0/soft_limit_clips=6/m_ticks=3,-8.268510279505623,4.9818126852590146,2570.4,5.0,0.0,-7.912327785316016,6.021157200480439,-9.776283713646965,-0.36878092697080156,4.157201272149488,0.012598432781194355,1.2,360.1237949764057,2,0.0,0,6,3,
0,5,skew_bp=2/k=0/min_edge_bp=0/soft_limit_clips=6/m_ticks=4,-6.816698388927041,4.383917336629687,2395.4,5.0,0.0,-6.921280254573178,6.00232148890886,-9.144462452422164,0.08666952661122389,3.779139291059873,0.017912339034913495,1.2,357.6813712075344,2,0.0,0,6,4,
0,5,skew_bp=2/k=0/min_edge_bp=0/soft_limit_clips=12/m_ticks=2,-7.604900348805697,5.301545259688699,2679.4,5.0,0.0,-8.221395416894053,6.2384348744143265,-10.120939219587518,0.594215871295759,4.338891071720862,0.022279196792597697,1.0,728.0487897091684,2,0.0,0,12,2,
0,5,skew_bp=2/k=0/min_edge_bp=0/soft_limit_clips=12/m_ticks=3,-7.639500002695091,5.29744766803148,2640.4,5.0,0.0,-7.943752763583921,6.269328235224895,-9.961111066841335,0.2830003230468264,4.251969931967482,0.021252437842004784,1.0,722.1487358464415,2,0.0,0,12,3,
0,5,skew_bp=2/k=0/min_edge_bp=0/soft_limit_clips=12/m_ticks=4,-7.238948802735541,5.474955390644754,2495.2,5.0,0.0,-7.222563434540385,6.256197027577549,-9.535762494938906,-0.0432355354065014,3.942997967179027,0.02685016721134461,1.0,711.4368237617914,2,0.0,0,12,4,
0,5,skew_bp=2/k=0/min_edge_bp=1/soft_limit_clips=3/m_ticks=2,-5.343517375208793,3.4584534459310214,1688.8,5.0,0.0,-5.523371310203047,4.920028296407619,-7.494378381288783,0.1774477917288401,2.9490212253218813,0.0024061432654138007,1.6,190.60630209202873,2,0.0,1,3,2,
0,5,skew_bp=2/k=0/min_edge_bp=1/soft_limit_clips=3/m_ticks=3,-5.038463123876423,3.4937339987840965,1674.4,5.0,0.0,-5.357834845755366,4.97611306667783,-7.444498589300105,0.31392449283332924,2.8894493231330913,0.005447229045614116,1.2,202.13058265945548,2,0.0,1,3,3,
0,5,skew_bp=2/k=0/min_edge_bp=1/soft_limit_clips=3/m_ticks=4,-4.77125845197508,3.4104412376373565,1621.0,5.0,0.0,-4.911466759848719,4.991824455581553,-7.144082519837096,0.13463524350310313,2.759208695593176,0.005573064370535933,1.2,180.1334214987071,2,0.0,1,3,4,
0,5,skew_bp=2/k=0/min_edge_bp=1/soft_limit_clips=6/m_ticks=2,-4.866314041247742,3.742797102058518,1689.8,5.0,0.0,-5.220329502576567,5.339060987111951,-7.611786661602972,0.344137019742398,2.947603828085546,0.009878441586426544,1.2,314.9075857084759,2,0.0,1,6,2,
0,5,skew_bp=2/k=0/min_edge_bp=1/soft_limit_clips=6/m_ticks=3,-4.704568090372395,3.646942262052266,1681.4,5.0,0.0,-5.144878750179808,5.396749675468944,-7.619314568223038,0.42979293172614,2.922313857425714,0.010517728081272913,1.2,316.61990416998214,2,0.0,1,6,3,
0,5,skew_bp=2/k=0/min_edge_bp=1/soft_limit_clips=6/m_ticks=4,-4.669089750296504,3.9442483905227532,1619.2,5.0,0.0,-4.863863325487124,5.379593947993406,-7.416786458110538,0.18450111639690014,2.826670815369993,0.010272458793720175,1.0,353.27365990455445,2,0.0,1,6,4,
0,5,skew_bp=2/k=0/min_edge_bp=1/soft_limit_clips=12/m_ticks=2,-4.606780535036078,4.293332700931736,1654.0,5.0,0.0,-4.977196007736724,5.47460581715571,-7.550411158369565,0.3487182787254052,2.90139066652287,0.021697193975240846,1.0,676.2463819845889,2,0.0,1,12,2,
0,5,skew_bp=2/k=0/min_edge_bp=1/soft_limit_clips=12/m_ticks=3,-4.67067288274736,4.241340050159647,1645.6,5.0,0.0,-4.96612614895071,5.488222814839086,-7.565972956598932,0.2724395478749311,2.8883760071908635,0.023013718328418864,1.0,676.3463819845889,2,0.0,1,12,3,
0,5,skew_bp=2/k=0/min_edge_bp=1/soft_limit_clips=12/m_ticks=4,-4.528102305041445,4.257191473027018,1620.6,5.0,0.0,-4.831866805513608,5.517516998691897,-7.494977935176442,0.2824922074030705,2.8544058690290606,0.02127229306909207,1.0,673.9789516329564,2,0.0,1,12,4,
0,5,skew_bp=2/k=0/min_edge_bp=2/soft_limit_clips=3/m_ticks=2,-3.2699934000807063,2.5086443845391906,1101.4,5.0,0.0,-3.5522774895693003,4.202995464172593,-5.733736748917455,0.2797172414283649,2.021536204824438,0.002566848060228534,1.2,179.72461371946093,2,0.0,2,3,2,
0,5,skew_bp=2/k=0/min_edge_bp=2/soft_limit_clips=3/m_ticks=3,-3.233015205533036,2.495675108841875,1092.8,5.0,0.0,-3.4273973957023265,4.266998565630673,-5.692285974093361,0.1905836970383204,2.0021099872396393,0.0037984931309702763,1.2,178.43119077131655,2,0.0,2,3,3,
0,5,skew_bp=2/k=0/min_edge_bp=2/soft_limit_clips=3/m_ticks=4,-3.069043552655946,2.2657652152022787,1086.0,5.0,0.0,-3.2822546399693437,4.247356430350765,-5.575446318901964,0.20887127861767923,1.9541647514181448,0.004339808695718488,1.4,180.52200577616648,2,0.0,2,3,4,
0,5,skew_bp=2/k=0/min_edge_bp=2/soft_limit_clips=6/m_ticks=2,-3.0834337757572996,2.3442061420004645,1069.0,5.0,0.0,-3.2472137127720737,4.475469537432974,-5.740390222437657,0.15411803949570652,1.98229302776739,0.00966189751906782,1.2,355.4148669937332,2,0.0,2,6,2,
0,5,skew_bp=2/k=0/min_edge_bp=2/soft_limit_clips=6/m_ticks=3,-3.1094252213676645,2.2472617291108787,1061.6,5.0,0.0,-3.2353183447342646,4.463894163768053,-5.7320867634899235,0.11642934030672594,1.9671257450123942,0.00946378305987377,1.4,355.5148669937332,2,0.0,2,6,3,
0,5,skew_bp=2/k=0/min_edge_bp=2/soft_limit_clips=6/m_ticks=4,-2.9047219533420248,2.3835266022918655,1056.4,5.0,0.0,-3.1172567109097007,4.482807692148212,-5.649079219456158,0.20249504368095442,1.9509851836017553,0.010039713886721544,1.2,326.89474240283977,2,0.0,2,6,4,
0,5,skew_bp=2/k=0/min_edge_bp=2/soft_limit_clips=12/m_ticks=2,-2.784718707533796,2.5294577604864497,1017.6,5.0,0.0,-2.981862180985634,4.527363479575385,-5.589997395951295,0.18265711433504558,1.919228264609724,0.01448635911679246,1.0,573.3442389243957,2,0.0,2,12,2,
0,5,skew_bp=2/k=0/min_edge_bp=2/soft_limit_clips=12/m_ticks=3,-2.7889569904583276,2.482670231727824,1018.4,5.0,0.0,-3.0005032405469927,4.528838252469322,-5.611437336511566,0.19688346468087187,1.9179041565047483,0.01466278540779293,1.0,573.3442389243957,2,0.0,2,12,3,
0,5,skew_bp=2/k=0/min_edge_bp=2/soft_limit_clips=12/m_ticks=4,-2.832428466388927,2.6574027932794086,1022.4,5.0,0.0,-2.9868212104817387,4.562338335647082,-5.6271027223944845,0.13969807461491907,1.9220568237343358,0.014694669477892686,1.0,589.0490776340731,2,0.0,2,12,4,
0,5,skew_bp=2/k=0/min_edge_bp=4/soft_limit_clips=3/m_ticks=2,-1.7335729164723923,0.9870217044925733,505.0,5.0,0.0,-1.5653424927892288,3.0006284997976413,-3.554079159734934,-0.17156169919039752,1.0118918328519366,0.0033312755072340125,1.2,167.58721025590336,2,0.0,4,3,2,
0,5,skew_bp=2/k=0/min_edge_bp=4/soft_limit_clips=3/m_ticks=3,-1.611699416059666,1.0788983079934344,502.0,5.0,0.0,-1.5229286663658512,2.9921911103680072,-3.507567311538689,-0.09183932786612141,1.0075524651951695,0.003068578172306308,1.4,167.4872102559034,2,0.0,4,3,3,
0,5,skew_bp=2/k=0/min_edge_bp=4/soft_limit_clips=3/m_ticks=4,-1.5628050060185323,1.2443449106487114,489.6,5.0,0.0,-1.5134802461865864,2.961575181320973,-3.490144084056447,-0.05375588319809159,0.9849113434511126,0.0044311233661454424,1.4,178.60874713813783,2,0.0,4,3,4,
0,5,skew_bp=2/k=0/min_edge_bp=4/soft_limit_clips=6/m_ticks=2,-1.8711459538721347,1.4609179361511133,476.4,5.0,0.0,-1.4545680287364249,3.0998406991563243,-3.5856521007888476,-0.42381032001879415,0.9687566271039018,0.007232394883084167,1.0,358.48402873272266,2,0.0,4,6,2,
0,5,skew_bp=2/k=0/min_edge_bp=4/soft_limit_clips=6/m_ticks=3,-1.8544429672918596,1.358147850159196,475.4,5.0,0.0,-1.4489529374670211,3.090768575596131,-3.574770995072369,-0.41284149004220827,0.9649505179907834,0.007351460217370054,1.0,358.48402873272266,2,0.0,4,6,3,
0,5,skew_bp=2/k=0/min_edge_bp=4/soft_limit_clips=6/m_ticks=4,-1.9154934347154058,1.4199577005913955,473.8,5.0,0.0,-1.4399911876554623,3.0927201141911413,-3.5690375856643954,-0.4832278337873369,0.963673716182208,0.007725586727393707,1.0,358.48402873272266,2,0.0,4,6,4,
0,5,skew_bp=2/k=0/min_edge_bp=4/soft_limit_clips=12/m_ticks=2,-1.2973713078242715,2.7787645632581537,455.2,5.0,0.0,-1.3490210414490273,3.105067667947642,-3.499326944929133,0.03587078249892288,0.9547617644675359,0.015778951125833,1.0,607.8520646598128,2,0.0,4,12,2,
0,5,skew_bp=2/k=0/min_edge_bp=4/soft_limit_clips=12/m_ticks=3,-1.2973713078242715,2.7787645632581537,455.2,5.0,0.0,-1.3490210414490273,3.105067667947642,-3.499326944929133,0.03587078249892288,0.9547617644675359,0.015778951125833,1.0,607.8520646598128,2,0.0,4,12,3,
0,5,skew_bp=2/k=0/min_edge_bp=4/soft_limit_clips=12/m_ticks=4,-1.2953935717856235,2.774395064411547,455.0,5.0,0.0,-1.3403818744877818,3.1048821020476423,-3.4910989449291336,0.02920478249892513,0.954165031606291,0.015783520203233,1.0,607.8520646598128,2,0.0,4,12,4,
0,5,skew_bp=2/k=0.5/min_edge_bp=0/soft_limit_clips=3/m_ticks=2,-0.8512086736137533,1.077173633244528,246.4,5.0,0.0,-0.8698369562635321,2.118341457866807,-2.3987300875757636,0.016592750702643898,0.5894483265545754,0.0020355319471346924,1.4,182.5,2,0.5,0,3,2,
0,5,skew_bp=2/k=0.5/min_edge_bp=0/soft_limit_clips=3/m_ticks=3,-0.8512086736137533,1.077173633244528,246.4,5.0,0.0,-0.8698369562635321,2.118341457866807,-2.3987300875757636,0.016592750702643898,0.5894483265545754,0.0020355319471346924,1.4,182.5,2,0.5,0,3,3,
0,5,skew_bp=2/k=0.5/min_edge_bp=0/soft_limit_clips=3/m_ticks=4,-0.8512086736137533,1.077173633244528,246.4,5.0,0.0,-0.8698369562635321,2.118341457866807,-2.3987300875757636,0.016592750702643898,0.5894483265545754,0.0020355319471346924,1.4,182.5,2,0.5,0,3,4,
0,5,skew_bp=2/k=0.5/min_edge_bp=0/soft_limit_clips=6/m_ticks=2,-0.7334337166248016,1.7880125278659504,253.4,5.0,0.0,-0.8554776791658629,2.2838907083116835,-2.525429843768611,0.114089767095546,0.6139385437089356,0.007954195445515302,1.0,363.7902385634439,2,0.5,0,6,2,
0,5,skew_bp=2/k=0.5/min_edge_bp=0/soft_limit_clips=6/m_ticks=3,-0.7334337166248016,1.7880125278659504,253.4,5.0,0.0,-0.8554776791658629,2.2838907083116835,-2.525429843768611,0.114089767095546,0.6139385437089356,0.007954195445515302,1.0,363.7902385634439,2,0.5,0,6,3,
0,5,skew_bp=2/k=0.5/min_edge_bp=0/soft_limit_clips=6/m_ticks=4,-0.7334337166248016,1.7880125278659504,253.4,5.0,0.0,-0.8554776791658629,2.2838907083116835,-2.525429843768611,0.114089767095546,0.6139385437089356,0.007954195445515302,1.0,363.7902385634439,2,0.5,0,6,4,
0,5,skew_bp=2/k=0.5/min_edge_bp=0/soft_limit_clips=12/m_ticks=2,-0.4963400049580158,3.172123166473823,252.0,5.0,0.0,-0.8862367914281493,2.2859176302163435,-2.5507347783329344,0.3776588755701701,0.6214196433115585,0.012237910899963508,1.0,520.2086933971733,2,0.5,0,12,2,
0,5,skew_bp=2/k=0.5/min_edge_bp=0/soft_limit_clips=12/m_ticks=3,-0.4963400049580158,3.172123166473823,252.0,5.0,0.0,-0.8862367914281493,2.2859176302163435,-2.5507347783329344,0.3776588755701701,0.6214196433115585,0.012237910899963508,1.0,520.2086933971733,2,0.5,0,12,3,
0,5,skew_bp=2/k=0.5/min_edge_bp=0/soft_limit_clips=12/m_ticks=4,-0.4963400049580158,3.172123166473823,252.0,5.0,0.0,-0.8862367914281493,2.2859176302163435,-2.5507347783329344,0.3776588755701701,0.6214196433115585,0.012237910899963508,1.0,520.2086933971733,2,0.5,0,12,4,
0,5,skew_bp=2/k=0.5/min_edge_bp=1/soft_limit_clips=3/m_ticks=2,-0.6536358280042521,0.9959591742852111,181.6,5.0,0.0,-0.6609861726678508,1.8687202718100415,-2.0820338998991845,0.0032104184087303088,0.44767254457870803,0.004139926254868381,1.6,174.02094849805846,2,0.5,1,3,2,
0,5,skew_bp=2/k=0.5/min_edge_bp=1/soft_limit_clips=3/m_ticks=3,-0.6536358280042521,0.9959591742852111,181.6,5.0,0.0,-0.6609861726678508,1.8687202718100415,-2.0820338998991845,0.0032104184087303088,0.44767254457870803,0.004139926254868381,1.6,174.02094849805846,2,0.5,1,3,3,
0,5,skew_bp=2/k=0.5/min_edge_bp=1/soft_limit_clips=3/m_ticks=4,-0.6536358280042521,0.9959591742852111,181.6,5.0,0.0,-0.6609861726678508,1.8687202718100415,-2.0820338998991845,0.0032104184087303088,0.44767254457870803,0.004139926254868381,1.6,174.02094849805846,2,0.5,1,3,4,
0,5,skew_bp=2/k=0.5/min_edge_bp=1/soft_limit_clips=6/m_ticks=2,-0.7389811380848654,1.300683715340132,184.6,5.0,0.0,-0.668866517300892,1.9692712377616626,-2.17543077904489,-0.07977310215483416,0.46270697601766503,0.009658481370860842,1.2,305.88402873272264,2,0.5,1,6,2,
0,5,skew_bp=2/k=0.5/min_edge_bp=1/soft_limit_clips=6/m_ticks=3,-0.7389811380848654,1.300683715340132,184.6,5.0,0.0,-0.668866517300892,1.9692712377616626,-2.17543077904489,-0.07977310215483416,0.46270697601766503,0.009658481370860842,1.2,305.88402873272264,2,0.5,1,6,3,
0,5,skew_bp=2/k=0.5/min_edge_bp=1/soft_limit_clips=6/m_ticks=4,-0.7389811380848654,1.300683715340132,184.6,5.0,0.0,-0.668866517300892,1.9692712377616626,-2.17543077904489,-0.07977310215483416,0.46270697601766503,0.009658481370860842,1.2,305.88402873272264,2,0.5,1,6,4,
0,5,skew_bp=2/k=0.5/min_edge_bp=1/soft_limit_clips=12/m_ticks=2,0.44581026260598733,2.037518401375126,187.6,5.0,0.0,-0.6472831045143738,2.038910004358531,-2.2103414393955556,1.0791329690550722,0.47585166947734925,0.013960398065288843,1.0,537.2,2,0.5,1,12,2,-0.304808047936332
0,5,skew_bp=2/k=0.5/min_edge_bp=1/soft_limit_clips=12/m_ticks=3,0.44581026260598733,2.037518401375126,187.6,5.0,0.0,-0.6472831045143738,2.038910004358531,-2.2103414393955556,1.0791329690550722,0.47585166947734925,0.013960398065288843,1.0,537.2,2,0.5,1,12,3,-0.304808047936332
0,5,skew_bp=2/k=0.5/min_edge_bp=1/soft_limit_clips=12/m_ticks=4,0.44581026260598733,2.037518401375126,187.6,5.0,0.0,-0.6472831045143738,2.038910004358531,-2.2103414393955556,1.0791329690550722,0.47585166947734925,0.013960398065288843,1.0,537.2,2,0.5,1,12,4,-0.304808047936332
0,5,skew_bp=2/k=0.5/min_edge_bp=2/soft_limit_clips=3/m_ticks=2,-0.7294105106896996,1.020231724191593,138.8,5.0,0.0,-0.5228058580918069,1.6437383256798963,-1.8127104509602525,-0.20976455619228496,0.3538337328114506,0.0031599035943923903,1.0,183.20000000000005,2,0.5,2,3,2,
0,5,skew_bp=2/k=0.5/min_edge_bp=2/soft_limit_clips=3/m_ticks=3,-0.7294105106896996,1.020231724191593,138.8,5.0,0.0,-0.5228058580918069,1.6437383256798963,-1.8127104509602525,-0.20976455619228496,0.3538337328114506,0.0031599035943923903,1.0,183.20000000000005,2,0.5,2,3,3,
0,5,skew_bp=2/k=0.5/min_edge_bp=2/soft_limit_clips=3/m_ticks=4,-0.7294105106896996,1.020231724191593,138.8,5.0,0.0,-0.5228058580918069,1.6437383256798963,-1.8127104509602525,-0.20976455619228496,0.3538337328114506,0.0031599035943923903,1.0,183.20000000000005,2,0.5,2,3,4,
0,5,skew_bp=2/k=0.5/min_edge_bp=2/soft_limit_clips=6/m_ticks=2,-0.05742131090900606,1.595420595194021,149.4,5.0,0.0,-0.5057721891924121,1.7850371831887522,-1.913810265090659,0.4421634854561124,0.3769991072905057,0.006187392827293699,1.2,307.9617106991469,2,0.5,2,6,2,
0,5,skew_bp=2/k=0.5/min_edge_bp=2/soft_limit_clips=6/m_ticks=3,-0.05742131090900606,1.595420595194021,149.4,5.0,0.0,-0.5057721891924121,1.7850371831887522,-1.913810265090659,0.4421634854561124,0.3769991072905057,0.006187392827293699,1.2,307.9617106991469,2,0.5,2,6,3,
0,5,skew_bp=2/k=0.5/min_edge_bp=2/soft_limit_clips=6/m_ticks=4,-0.05742131090900606,1.595420595194021,149.4,5.0,0.0,-0.5057721891924121,1.7850371831887522,-1.913810265090659,0.4421634854561124,0.3769991072905057,0.006187392827293699,1.2,307.9617106991469,2,0.5,2,6,4,
0,5,skew_bp=2/k=0.5/min_edge_bp=2/soft_limit_clips=12/m_ticks=2,0.5396383833219176,2.364943746009356,151.2,5.0,0.0,-0.5208468672383583,1.8257903464697378,-1.9528784300552626,1.0510796939187337,0.3937587836528336,0.009405556641541864,1.0,586.9,2,0.5,2,12,2,-0.1830885792119102
0,5,skew_bp=2/k=0.5/min_edge_bp=2/soft_limit_clips=12/m_ticks=3,0.5396383833219176,2.364943746009356,151.2,5.0,0.0,-0.5208468672383583,1.8257903464697378,-1.9528784300552626,1.0510796939187337,0.3937587836528336,0.009405556641541864,1.0,586.9,2,0.5,2,12,3,-0.18310007910679577
0,5,skew_bp=2/k=0.5/min_edge_bp=2/soft_limit_clips=12/m_ticks=4,0.5396383833219176,2.364943746009356,151.2,5.0,0.0,-0.5208468672383583,1.8257903464697378,-1.9528784300552626,1.0510796939187337,0.3937587836528336,0.009405556641541864,1.0,586.9,2,0.5,2,12,4,-0.18379023062432262
0,5,skew_bp=2/k=0.5/min_edge_bp=4/soft_limit_clips=3/m_ticks=2,0.014197863818293943,0.4356440353774755,82.8,5.0,0.0,-0.27646192421844007,1.2738730594264518,-1.3219812853109274,0.28516324457417574,0.22835369833396424,0.00549654346255825,1.2,183.4,2,0.5,4,3,2,
0,5,skew_bp=2/k=0.5/min_edge_bp=4/soft_limit_clips=3/m_ticks=3,0.014197863818293943,0.4356440353774755,82.8,5.0,0.0,-0.27646192421844007,1.2738730594264518,-1.3219812853109274,0.28516324457417574,0.22835369833396424,0.00549654346255825,1.2,183.4,2,0.5,4,3,3,
0,5,skew_bp=2/k=0.5/min_edge_bp=4/soft_limit_clips=3/m_ticks=4,0.014197863818293943,0.4356440353774755,82.8,5.0,0.0,-0.27646192421844007,1.2738730594264518,-1.3219812853109274,0.28516324457417574,0.22835369833396424,0.00549654346255825,1.2,183.4,2,0.5,4,3,4,
0,5,skew_bp=2/k=0.5/min_edge_bp=4/soft_limit_clips=6/m_ticks=2,0.5314365435529602,0.7677960564797081,90.2,5.0,0.0,-0.3433406469884674,1.3984559386312292,-1.491436307105612,0.868643051947954,0.25036027851408427,0.006134138593473575,1.0,363.1,2,0.5,4,6,2,-0.12363793797054251
0,5,skew_bp=2/k=0.5/min_edge_bp=4/soft_limit_clips=6/m_ticks=3,0.5314365435529602,0.7677960564797081,90.2,5.0,0.0,-0.3433406469884674,1.3984559386312292,-1.491436307105612,0.868643051947954,0.25036027851408427,0.006134138593473575,1.0,363.1,2,0.5,4,6,3,-0.12363793797054251
0,5,skew_bp=2/k=0.5/min_edge_bp=4/soft_limit_clips=6/m_ticks=4,0.5314365435529602,0.7677960564797081,90.2,5.0,0.0,-0.3433406469884674,1.3984559386312292,-1.491436307105612,0.868643051947954,0.25036027851408427,0.006134138593473575,1.0,363.1,2,0.5,4,6,4,-0.15336900853866914
0,5,skew_bp=2/k=0.5/min_edge_bp=4/soft_limit_clips=12/m_ticks=2,0.9496555992934412,1.407751272722751,94.0,5.0,0.0,-0.3614014130593091,1.454101954731221,-1.533489307105611,1.3031580519479369,0.28201406068491935,0.007898960404813572,1.0,467.5000000000002,2,0.5,4,12,2,-0.12363793797054251
0,5,skew_bp=2/k=0.5/min_edge_bp=4/soft_limit_clips=12/m_ticks=3,0.9496555992934412,1.407751272722751,94.0,5.0,0.0,-0.3614014130593091,1.454101954731221,-1.533489307105611,1.3031580519479369,0.28201406068491935,0.007898960404813572,1.0,467.5000000000002,2,0.5,4,12,3,-0.12363793797054251
0,5,skew_bp=2/k=0.5/min_edge_bp=4/soft_limit_clips=12/m_ticks=4,0.9496555992934412,1.407751272722751,94.0,5.0,0.0,-0.3614014130593091,1.454101954731221,-1.533489307105611,1.3031580519479369,0.28201406068491935,0.007898960404813572,1.0,467.5000000000002,2,0.5,4,12,4,-0.15336900853866914
0,5,skew_bp=2/k=1/min_edge_bp=0/soft_limit_clips=3/m_ticks=2,-0.20081953405333394,0.3723215513035754,76.6,5.0,0.0,-0.3206653792262223,1.148347958853153,-1.2624821990999262,0.1135401824476127,0.20653113897944922,0.006305662725275681,1.0,182.0,2,1.0,0,3,2,
0,5,skew_bp=2/k=1/min_edge_bp=0/soft_limit_clips=3/m_ticks=3,-0.20081953405333394,0.3723215513035754,76.6,5.0,0.0,-0.3206653792262223,1.148347958853153,-1.2624821990999262,0.1135401824476127,0.20653113897944922,0.006305662725275681,1.0,182.0,2,1.0,0,3,3,
0,5,skew_bp=2/k=1/min_edge_bp=0/soft_limit_clips=3/m_ticks=4,-0.20081953405333394,0.3723215513035754,76.6,5.0,0.0,-0.3206653792262223,1.148347958853153,-1.2624821990999262,0.1135401824476127,0.20653113897944922,0.006305662725275681,1.0,182.0,2,1.0,0,3,4,
0,5,skew_bp=2/k=1/min_edge_bp=0/soft_limit_clips=6/m_ticks=2,0.3590243952253369,0.6710232724607665,86.6,5.0,0.0,-0.3392762328700503,1.2732378871916328,-1.3758890760990634,0.6921273687881764,0.23662504396261985,0.0061732593072108865,1.0,293.08280073403785,2,1.0,0,6,2,-0.39518496348474885
0,5,skew_bp=2/k=1/min_edge_bp=0/soft_limit_clips=6/m_ticks=3,0.3590243952253369,0.6710232724607665,86.6,5.0,0.0,-0.3392762328700503,1.2732378871916328,-1.3758890760990634,0.6921273687881764,0.23662504396261985,0.0061732593072108865,1.0,293.08280073403785,2,1.0,0,6,3,-0.39518496348474885
0,5,skew_bp=2/k=1/min_edge_bp=0/soft_limit_clips=6/m_ticks=4,0.3590243952253369,0.6710232724607665,86.6,5.0,0.0,-0.3392762328700503,1.2732378871916328,-1.3758890760990634,0.6921273687881764,0.23662504396261985,0.0061732593072108865,1.0,293.08280073403785,2,1.0,0,6,4,-0.39518496348474885
0,5,skew_bp=2/k=1/min_edge_bp=0/soft_limit_clips=12/m_ticks=2,0.7251229221401176,1.1323137571974133,88.8,5.0,0.0,-0.36805993958063743,1.2943886966539915,-1.39741108630815,1.0872850666580693,0.2650375499264791,0.0058977950626855555,1.0,577.0000000000003,2,1.0,0,12,2,-0.39518496348474885
0,5,skew_bp=2/k=1/min_edge_bp=0/soft_limit_clips=12/m_ticks=3,0.7251229221401176,1.1323137571974133,88.8,5.0,0.0,-0.36805993958063743,1.2943886966539915,-1.39741108630815,1.0872850666580693,0.2650375499264791,0.0058977950626855555,1.0,577.0000000000003,2,1.0,0,12,3,-0.39518496348474885
0,5,skew_bp=2/k=1/min_edge_bp=0/soft_limit_clips=12/m_ticks=4,0.7251229221401176,1.1323137571974133,88.8,5.0,0.0,-0.36805993958063743,1.2943886966539915,-1.39741108630815,1.0872850666580693,0.2650375499264791,0.0058977950626855555,1.0,577.0000000000003,2,1.0,0,12,4,-0.39518496348474885
0,5,skew_bp=2/k=1/min_edge_bp=1/soft_limit_clips=3/m_ticks=2,-0.0009253985011286852,0.7411996820845921,63.0,5.0,0.0,-0.2089732299489861,1.026775239799861,-1.061877396540802,0.20168812540393777,0.17387107320804523,0.006359706043919612,1.2,182.0,2,1.0,1,3,2,
0,5,skew_bp=2/k=1/min_edge_bp=1/soft_limit_clips=3/m_ticks=3,-0.0009253985011286852,0.7411996820845921,63.0,5.0,0.0,-0.2089732299489861,1.026775239799861,-1.061877396540802,0.20168812540393777,0.17387107320804523,0.006359706043919612,1.2,182.0,2,1.0,1,3,3,
0,5,skew_bp=2/k=1/min_edge_bp=1/soft_limit_clips=3/m_ticks=4,-0.0009253985011286852,0.7411996820845921,63.0,5.0,0.0,-0.2089732299489861,1.026775239799861,-1.061877396540802,0.20168812540393777,0.17387107320804523,0.006359706043919612,1.2,182.0,2,1.0,1,3,4,
0,5,skew_bp=2/k=1/min_edge_bp=1/soft_limit_clips=6/m_ticks=2,0.28757330681489207,0.856851671075355,67.4,5.0,0.0,-0.20945079032986555,1.1408902259417988,-1.1547443965408009,0.49241212540393803,0.19559661973086345,0.00461197174081962,1.0,306.0,2,1.0,1,6,2,-0.304808047936332
0,5,skew_bp=2/k=1/min_edge_bp=1/soft_limit_clips=6/m_ticks=3,0.28757330681489207,0.856851671075355,67.4,5.0,0.0,-0.20945079032986555,1.1408902259417988,-1.1547443965408009,0.49241212540393803,0.19559661973086345,0.00461197174081962,1.0,306.0,2,1.0,1,6,3,-0.304808047936332
0,5,skew_bp=2/k=1/min_edge_bp=1/soft_limit_clips=6/m_ticks=4,0.28757330681489207,0.856851671075355,67.4,5.0,0.0,-0.20945079032986555,1.1408902259417988,-1.1547443965408009,0.49241212540393803,0.19559661973086345,0.00461197174081962,1.0,306.0,2,1.0,1,6,4,-0.304808047936332
0,5,skew_bp=2/k=1/min_edge_bp=1/soft_limit_clips=12/m_ticks=2,0.7581302021006756,1.1859681602629057,68.8,5.0,0.0,-0.29457925289480685,1.183115369428375,-1.2461892894244184,1.0465119471237592,0.2315053328987633,0.006197507871723342,1.0,466.6000000000002,2,1.0,1,12,2,-0.304808047936332
0,5,skew_bp=2/k=1/min_edge_bp=1/soft_limit_clips=12/m_ticks=3,0.7581302021006756,1.1859681602629057,68.8,5.0,0.0,-0.29457925289480685,1.183115369428375,-1.2461892894244184,1.0465119471237592,0.2315053328987633,0.006197507871723342,1.0,466.6000000000002,2,1.0,1,12,3,-0.304808047936332
0,5,skew_bp=2/k=1/min_edge_bp=1/soft_limit_clips=12/m_ticks=4,0.7581302021006756,1.1859681602629057,68.8,5.0,0.0,-0.29457925289480685,1.183115369428375,-1.2461892894244184,1.0465119471237592,0.2315053328987633,0.006197507871723342,1.0,466.6000000000002,2,1.0,1,12,4,-0.304808047936332
0,5,skew_bp=2/k=1/min_edge_bp=2/soft_limit_clips=3/m_ticks=2,0.3990672187231449,0.4584873824286033,48.8,5.0,0.0,-0.1719634655536648,0.8881619501493129,-0.9218539461521409,0.5688271922821351,0.13827146955083675,0.002203491994674677,1.2,202.54865380354667,2,1.0,2,3,2,
0,5,skew_bp=2/k=1/min_edge_bp=2/soft_limit_clips=3/m_ticks=3,0.3990672187231449,0.4584873824286033,48.8,5.0,0.0,-0.1719634655536648,0.8881619501493129,-0.9218539461521409,0.5688271922821351,0.13827146955083675,0.002203491994674677,1.2,202.54865380354667,2,1.0,2,3,3,
0,5,skew_bp=2/k=1/min_edge_bp=2/soft_limit_clips=3/m_ticks=4,0.3990672187231449,0.4584873824286033,48.8,5.0,0.0,-0.1719634655536648,0.8881619501493129,-0.9218539461521409,0.5688271922821351,0.13827146955083675,0.002203491994674677,1.2,202.54865380354667,2,1.0,2,3,4,
0,5,skew_bp=2/k=1/min_edge_bp=2/soft_limit_clips=6/m_ticks=2,0.44647563965675097,0.7767397745556067,53.0,5.0,0.0,-0.23169520701235333,0.9824168821584319,-1.0415473872980638,0.67608198600548,0.1725647018727215,0.002088860663624535,1.0,364.87794270383154,2,1.0,2,6,2,-0.1830885792119102
0,5,skew_bp=2/k=1/min_edge_bp=2/soft_limit_clips=6/m_ticks=3,0.44647563965675097,0.7767397745556067,53.0,5.0,0.0,-0.23169520701235333,0.9824168821584319,-1.0415473872980638,0.67608198600548,0.1725647018727215,0.002088860663624535,1.0,364.87794270383154,2,1.0,2,6,3,-0.18310007910679577
0,5,skew_bp=2/k=1/min_edge_bp=2/soft_limit_clips=6/m_ticks=4,0.44647563965675097,0.7767397745556067,53.0,5.0,0.0,-0.23169520701235333,0.9824168821584319,-1.0415473872980638,0.67608198600548,0.1725647018727215,0.002088860663624535,1.0,364.87794270383154,2,1.0,2,6,4,-0.18379023062432262
0,5,skew_bp=2/k=1/min_edge_bp=2/soft_limit_clips=12/m_ticks=2,0.5538068046635425,1.2758624405239096,55.6,5.0,0.0,-0.3027643039610804,0.9877683549471061,-1.0911796397427362,0.8619204224440216,0.1993530191654505,-0.005349313819398659,1.0,538.0000000000003,2,1.0,2,12,2,-0.1830885792119102
0,5,skew_bp=2/k=1/min_edge_bp=2/soft_limit_clips=12/m_ticks=3,0.5538068046635425,1.2758624405239096,55.6,5.0,0.0,-0.3027643039610804,0.9877683549471061,-1.0911796397427362,0.8619204224440216,0.1993530191654505,-0.005349313819398659,1.0,538.0000000000003,2,1.0,2,12,3,-0.18310007910679577
0,5,skew_bp=2/k=1/min_edge_bp=2/soft_limit_clips=12/m_ticks=4,0.5538068046635425,1.2758624405239096,55.6,5.0,0.0,-0.3027643039610804,0.9877683549471061,-1.0911796397427362,0.8619204224440216,0.1993530191654505,-0.005349313819398659,1.0,538.0000000000003,2,1.0,2,12,4,-0.18379023062432262
0,5,skew_bp=2/k=1/min_edge_bp=4/soft_limit_clips=3/m_ticks=2,0.264497068750965,0.9466688087757292,34.2,5.0,0.0,-0.13901238943089878,0.724118419409653,-0.7625905228265196,0.4005239030699245,0.10054028601403212,0.0029855551119391923,1.0,137.1464039963926,2,1.0,4,3,2,
0,5,skew_bp=2/k=1/min_edge_bp=4/soft_limit_clips=3/m_ticks=3,0.264497068750965,0.9466688087757292,34.2,5.0,0.0,-0.13901238943089878,0.724118419409653,-0.7625905228265196,0.4005239030699245,0.10054028601403212,0.0029855551119391923,1.0,137.1464039963926,2,1.0,4,3,3,
0,5,skew_bp=2/k=1/min_edge_bp=4/soft_limit_clips=3/m_ticks=4,0.264497068750965,0.9466688087757292,34.2,5.0,0.0,-0.13901238943089878,0.724118419409653,-0.7625905228265196,0.4005239030699245,0.10054028601403212,0.0029855551119391923,1.0,137.1464039963926,2,1.0,4,3,4,
0,5,skew_bp=2/k=1/min_edge_bp=4/soft_limit_clips=6/m_ticks=2,0.5465606541151335,0.9855442432326768,35.8,5.0,0.0,-0.16733294028646878,0.8015764137763183,-0.8398868561598531,0.7172882364032496,0.1290224979029338,-0.003394642001647476,1.0,283.90000000000003,2,1.0,4,6,2,
0,5,skew_bp=2/k=1/min_edge_bp=4/soft_limit_clips=6/m_ticks=3,0.5465606541151335,0.9855442432326768,35.8,5.0,0.0,-0.16733294028646878,0.8015764137763183,-0.8398868561598531,0.7172882364032496,0.1290224979029338,-0.003394642001647476,1.0,283.90000000000003,2,1.0,4,6,3,
0,5,skew_bp=2/k=1/min_edge_bp=4/soft_limit_clips=6/m_ticks=4,0.5465606541151335,0.9855442432326768,35.8,5.0,0.0,-0.16733294028646878,0.8015764137763183,-0.8398868561598531,0.7172882364032496,0.1290224979029338,-0.003394642001647476,1.0,283.90000000000003,2,1.0,4,6,4,
0,5,skew_bp=2/k=1/min_edge_bp=4/soft_limit_clips=12/m_ticks=2,0.766999364905186,0.8326967477708318,36.8,5.0,0.0,-0.19926799755300473,0.7898462141763225,-0.8486928561598533,0.9723442364032582,0.14042135556947383,-0.006076873945067477,1.0,463.20000000000016,2,1.0,4,12,2,
0,5,skew_bp=2/k=1/min_edge_bp=4/soft_limit_clips=12/m_ticks=3,0.766999364905186,0.8326967477708318,36.8,5.0,0.0,-0.19926799755300473,0.7898462141763225,-0.8486928561598533,0.9723442364032582,0.14042135556947383,-0.006076873945067477,1.0,463.20000000000016,2,1.0,4,12,3,
0,5,skew_bp=2/k=1/min_edge_bp=4/soft_limit_clips=12/m_ticks=4,0.766999364905186,0.8326967477708318,36.8,5.0,0.0,-0.19926799755300473,0.7898462141763225,-0.8486928561598533,0.9723442364032582,0.14042135556947383,-0.006076873945067477,1.0,463.20000000000016,2,1.0,4,12,4,
0,5,skew_bp=2/k=2/min_edge_bp=0/soft_limit_clips=3/m_ticks=2,0.16869240415799233,0.7501725464615228,17.4,5.0,0.0,-0.08590144529980816,0.43319921497631986,-0.45558585615985425,0.24626923640324794,0.06351480411627379,0.008324613054552527,1.2,144.5,2,2.0,0,3,2,
0,5,skew_bp=2/k=2/min_edge_bp=0/soft_limit_clips=3/m_ticks=3,0.16869240415799233,0.7501725464615228,17.4,5.0,0.0,-0.08590144529980816,0.43319921497631986,-0.45558585615985425,0.24626923640324794,0.06351480411627379,0.008324613054552527,1.2,144.5,2,2.0,0,3,3,
0,5,skew_bp=2/k=2/min_edge_bp=0/soft_limit_clips=3/m_ticks=4,0.16869240415799233,0.7501725464615228,17.4,5.0,0.0,-0.08590144529980816,0.43319921497631986,-0.45558585615985425,0.24626923640324794,0.06351480411627379,0.008324613054552527,1.2,144.5,2,2.0,0,3,4,
0,5,skew_bp=2/k=2/min_edge_bp=0/soft_limit_clips=6/m_ticks=2,0.38021941172433416,0.9752696092146624,16.0,5.0,0.0,-0.14448500918843035,0.4271721457763178,-0.4963788561598543,0.514548236403252,0.07527829880489381,0.010156184509512528,1.0,266.1,2,2.0,0,6,2,
0,5,skew_bp=2/k=2/min_edge_bp=0/soft_limit_clips=6/m_ticks=3,0.38021941172433416,0.9752696092146624,16.0,5.0,0.0,-0.14448500918843035,0.4271721457763178,-0.4963788561598543,0.514548236403252,0.07527829880489381,0.010156184509512528,1.0,266.1,2,2.0,0,6,3,
0,5,skew_bp=2/k=2/min_edge_bp=0/soft_limit_clips=6/m_ticks=4,0.38021941172433416,0.9752696092146624,16.0,5.0,0.0,-0.14448500918843035,0.4271721457763178,-0.4963788561598543,0.514548236403252,0.07527829880489381,0.010156184509512528,1.0,266.1,2,2.0,0,6,4,
0,5,skew_bp=2/k=2/min_edge_bp=0/soft_limit_clips=12/m_ticks=2,0.24299592007653734,0.7858821664407349,16.8,5.0,0.0,-0.13973230760172672,0.4255560597763225,-0.48514385615985545,0.3758182364032515,0.08014451121819381,0.006909991275012531,1.0,354.1,2,2.0,0,12,2,
0,5,skew_bp=2/k=2/min_edge_bp=0/soft_limit_clips=12/m_ticks=3,0.24299592007653734,0.7858821664407349,16.8,5.0,0.0,-0.13973230760172672,0.4255560597763225,-0.48514385615985545,0.3758182364032515,0.08014451121819381,0.006909991275012531,1.0,354.1,2,2.0,0,12,3,
0,5,skew_bp=2/k=2/min_edge_bp=0/soft_limit_clips=12/m_ticks=4,0.24299592007653734,0.7858821664407349,16.8,5.0,0.0,-0.13973230760172672,0.4255560597763225,-0.48514385615985545,0.3758182364032515,0.08014451121819381,0.006909991275012531,1.0,354.1,2,2.0,0,12,4,
0,5,skew_bp=2/k=2/min_edge_bp=1/soft_limit_clips=3/m_ticks=2,0.2039379568588,0.8312773343550236,12.8,5.0,0.0,-0.10688378968255019,0.3562940842529944,-0.406620999999998,0.3049718816610102,0.056556873935546606,0.005849864880340001,1.0,172.83220178415442,2,2.0,1,3,2,
0,5,skew_bp=2/k=2/min_edge_bp=1/soft_limit_clips=3/m_ticks=3,0.2039379568588,0.8312773343550236,12.8,5.0,0.0,-0.10688378968255019,0.3562940842529944,-0.406620999999998,0.3049718816610102,0.056556873935546606,0.005849864880340001,1.0,172.83220178415442,2,2.0,1,3,3,
0,5,skew_bp=2/k=2/min_edge_bp=1/soft_limit_clips=3/m_ticks=4,0.2039379568588,0.8312773343550236,12.8,5.0,0.0,-0.10688378968255019,0.3562940842529944,-0.406620999999998,0.3049718816610102,0.056556873935546606,0.005849864880340001,1.0,172.83220178415442,2,2.0,1,3,4,
0,5,skew_bp=2/k=2/min_edge_bp=1/soft_limit_clips=6/m_ticks=2,0.19224330315143712,0.8395868487715934,13.0,5.0,0.0,-0.13183304358991638,0.3449018810529892,-0.4118899999999989,0.31749288166101347,0.06484492464290662,0.00658346508034,1.0,206.3,2,2.0,1,6,2,
0,5,skew_bp=2/k=2/min_edge_bp=1/soft_limit_clips=6/m_ticks=3,0.19224330315143712,0.8395868487715934,13.0,5.0,0.0,-0.13183304358991638,0.3449018810529892,-0.4118899999999989,0.31749288166101347,0.06484492464290662,0.00658346508034,1.0,206.3,2,2.0,1,6,3,
0,5,skew_bp=2/k=2/min_edge_bp=1/soft_limit_clips=6/m_ticks=4,0.19224330315143712,0.8395868487715934,13.0,5.0,0.0,-0.13183304358991638,0.3449018810529892,-0.4118899999999989,0.31749288166101347,0.06484492464290662,0.00658346508034,1.0,206.3,2,2.0,1,6,4,
0,5,skew_bp=2/k=2/min_edge_bp=1/soft_limit_clips=12/m_ticks=2,0.4422283797766764,0.7561312100145908,13.2,5.0,0.0,-0.15590668409243705,0.3415546850529888,-0.4303019999999993,0.5892158816610135,0.0671593691454266,0.008919182208100002,1.0,207.10000000000002,2,2.0,1,12,2,
0,5,skew_bp=2/k=2/min_edge_bp=1/soft_limit_clips=12/m_ticks=3,0.4422283797766764,0.7561312100145908,13.2,5.0,0.0,-0.15590668409243705,0.3415546850529888,-0.4303019999999993,0.5892158816610135,0.0671593691454266,0.008919182208100002,1.0,207.10000000000002,2,2.0,1,12,3,
0,5,skew_bp=2/k=2/min_edge_bp=1/soft_limit_clips=12/m_ticks=4,0.4422283797766764,0.7561312100145908,13.2,5.0,0.0,-0.15590668409243705,0.3415546850529888,-0.4303019999999993,0.5892158816610135,0.0671593691454266,0.008919182208100002,1.0,207.10000000000002,2,2.0,1,12,4,
0,5,skew_bp=2/k=2/min_edge_bp=2/soft_limit_clips=3/m_ticks=2,0.3284643495720866,1.0030716555988513,11.8,5.0,0.0,-0.09475687041339713,0.32668427869999656,-0.36939099999999875,0.4147930000000037,0.052050149113395006,0.00842821998548,1.0,184.0,2,2.0,2,3,2,
0,5,skew_bp=2/k=2/min_edge_bp=2/soft_limit_clips=3/m_ticks=3,0.3284643495720866,1.0030716555988513,11.8,5.0,0.0,-0.09475687041339713,0.32668427869999656,-0.36939099999999875,0.4147930000000037,0.052050149113395006,0.00842821998548,1.0,184.0,2,2.0,2,3,3,
0,5,skew_bp=2/k=2/min_edge_bp=2/soft_limit_clips=3/m_ticks=4,0.3284643495720866,1.0030716555988513,11.8,5.0,0.0,-0.09475687041339713,0.32668427869999656,-0.36939099999999875,0.4147930000000037,0.052050149113395006,0.00842821998548,1.0,184.0,2,2.0,2,3,4,
0,5,skew_bp=2/k=2/min_edge_bp=2/soft_limit_clips=6/m_ticks=2,0.4191244508135766,0.7030629646349125,11.4,5.0,0.0,-0.12427806038113479,0.30527986464215956,-0.36867092771084276,0.5356819638554281,0.06088699731245164,0.007720547339283133,1.0,211.37349397590367,2,2.0,2,6,2,
0,5,skew_bp=2/k=2/min_edge_bp=2/soft_limit_clips=6/m_ticks=3,0.4191244508135766,0.7030629646349125,11.4,5.0,0.0,-0.12427806038113479,0.30527986464215956,-0.36867092771084276,0.5356819638554281,0.06088699731245164,0.007720547339283133,1.0,211.37349397590367,2,2.0,2,6,3,
0,5,skew_bp=2/k=2/min_edge_bp=2/soft_limit_clips=6/m_ticks=4,0.4191244508135766,0.7030629646349125,11.4,5.0,0.0,-0.12427806038113479,0.30527986464215956,-0.36867092771084276,0.5356819638554281,0.06088699731245164,0.007720547339283133,1.0,211.37349397590367,2,2.0,2,6,4,
0,5,skew_bp=2/k=2/min_edge_bp=2/soft_limit_clips=12/m_ticks=2,0.4339517560745569,0.7347348855897934,10.8,5.0,0.0,-0.11939259470125671,0.2866226462421582,-0.34661192771084326,0.5445379638554304,0.05940331323257164,0.008806386920383134,1.0,211.37349397590367,2,2.0,2,12,2,
0,5,skew_bp=2/k=2/min_edge_bp=2/soft_limit_clips=12/m_ticks=3,0.4339517560745569,0.7347348855897934,10.8,5.0,0.0,-0.11939259470125671,0.2866226462421582,-0.34661192771084326,0.5445379638554304,0.05940331323257164,0.008806386920383134,1.0,211.37349397590367,2,2.0,2,12,3,
0,5,skew_bp=2/k=2/min_edge_bp=2/soft_limit_clips=12/m_ticks=4,0.4339517560745569,0.7347348855897934,10.8,5.0,0.0,-0.11939259470125671,0.2866226462421582,-0.34661192771084326,0.5445379638554304,0.05940331323257164,0.008806386920383134,1.0,211.37349397590367,2,2.0,2,12,4,
0,5,skew_bp=2/k=2/min_edge_bp=4/soft_limit_clips=3/m_ticks=2,0.26536957105265324,0.6954323546131992,8.0,5.0,0.0,-0.06007378782829294,0.23440289104216244,-0.25360792771084373,0.31840496385542305,0.04086875115961163,0.007038395025523133,1.0,184.0,2,2.0,4,3,2,
0,5,skew_bp=2/k=2/min_edge_bp=4/soft_limit_clips=3/m_ticks=3,0.26536957105265324,0.6954323546131992,8.0,5.0,0.0,-0.06007378782829294,0.23440289104216244,-0.25360792771084373,0.31840496385542305,0.04086875115961163,0.007038395025523133,1.0,184.0,2,2.0,4,3,3,
0,5,skew_bp=2/k=2/min_edge_bp=4/soft_limit_clips=3/m_ticks=4,0.26536957105265324,0.6954323546131992,8.0,5.0,0.0,-0.06007378782829294,0.23440289104216244,-0.25360792771084373,0.31840496385542305,0.04086875115961163,0.007038395025523133,1.0,184.0,2,2.0,4,3,4,
0,5,skew_bp=2/k=2/min_edge_bp=4/soft_limit_clips=6/m_ticks=2,0.3876800447893386,0.7532987351001954,6.4,5.0,0.0,-0.06658961241232168,0.19479590989999346,-0.22183900000000012,0.4446020000000003,0.03954652231231501,0.00966765720166,1.0,184.0,2,2.0,4,6,2,
0,5,skew_bp=2/k=2/min_edge_bp=4/soft_limit_clips=6/m_ticks=3,0.3876800447893386,0.7532987351001954,6.4,5.0,0.0,-0.06658961241232168,0.19479590989999346,-0.22183900000000012,0.4446020000000003,0.03954652231231501,0.00966765720166,1.0,184.0,2,2.0,4,6,3,
0,5,skew_bp=2/k=2/min_edge_bp=4/soft_limit_clips=6/m_ticks=4,0.3876800447893386,0.7532987351001954,6.4,5.0,0.0,-0.06658961241232168,0.19479590989999346,-0.22183900000000012,0.4446020000000003,0.03954652231231501,0.00966765720166,1.0,184.0,2,2.0,4,6,4,
0,5,skew_bp=2/k=2/min_edge_bp=4/soft_limit_clips=12/m_ticks=2,0.3277685868858393,0.769787807475584,6.2,5.0,0.0,-0.06337662383312179,0.1995534394999936,-0.2238400000000004,0.3822190000000011,0.039090063333115,0.00892621071896,0.8,184.0,2,2.0,4,12,2,
0,5,skew_bp=2/k=2/min_edge_bp=4/soft_limit_clips=12/m_ticks=3,0.3277685868858393,0.769787807475584,6.2,5.0,0.0,-0.06337662383312179,0.1995534394999936,-0.2238400000000004,0.3822190000000011,0.039090063333115,0.00892621071896,0.8,184.0,2,2.0,4,12,3,
0,5,skew_bp=2/k=2/min_edge_bp=4/soft_limit_clips=12/m_ticks=4,0.3277685868858393,0.769787807475584,6.2,5.0,0.0,-0.06337662383312179,0.1995534394999936,-0.2238400000000004,0.3822190000000011,0.039090063333115,0.00892621071896,0.8,184.0,2,2.0,4,12,4,
0,5,skew_bp=5/k=0/min_edge_bp=0/soft_limit_clips=3/m_ticks=2,-9.22279088512796,5.2533420883320545,2547.2,5.0,0.0,-9.069103045409149,4.782901344666729,-9.607845136217176,-0.15777610732238917,4.244159253858702,0.004088267603577464,2.2,172.58057075146442,5,0.0,0,3,2,
0,5,skew_bp=5/k=0/min_edge_bp=0/soft_limit_clips=3/m_ticks=3,-7.702931394340911,4.40603862783433,2352.0,5.0,0.0,-7.556328941469755,5.117304315255032,-8.862523215252006,-0.15095316703791067,3.8111100414727828,0.004350714166756256,1.6,170.37715649352953,5,0.0,0,3,3,
0,5,skew_bp=5/k=0/min_edge_bp=0/soft_limit_clips=3/m_ticks=4,-6.553148419917187,3.3854443652900787,2170.4,5.0,0.0,-6.136286829360907,5.182295491206929,-8.001176234901415,-0.4207010854706952,3.31740608566642,0.0038394949144161727,2.0,177.22417476781317,5,0.0,0,3,4,
0,5,skew_bp=5/k=0/min_edge_bp=0/soft_limit_clips=6/m_ticks=2,-8.532661225988045,5.231737482600507,2592.4,5.0,0.0,-8.724693738092023,5.486326514463868,-9.890039542913462,0.18400414159321937,4.320980709642428,0.008028370510758328,1.0,298.53172857746415,5,0.0,0,6,2,
0,5,skew_bp=5/k=0/min_edge_bp=0/soft_limit_clips=6/m_ticks=3,-7.86828135349195,4.7364625432239,2469.2,5.0,0.0,-7.799441538701879,5.731691742541054,-9.480379573137759,-0.07591152596141396,4.050753708105172,0.007071711171341384,1.0,302.9135408619053,5,0.0,0,6,3,
0,5,skew_bp=5/k=0/min_edge_bp=0/soft_limit_clips=6/m_ticks=4,-6.756605224746702,3.903313829195035,2274.2,5.0,0.0,-6.56724131641888,5.691758595729057,-8.707042977146987,-0.1997930759743281,3.551956935000951,0.01042916764650649,1.0,315.51190066645484,5,0.0,0,6,4,
0,5,skew_bp=5/k=0/min_edge_bp=0/soft_limit_clips=12/m_ticks=2,-8.376139237355508,5.052696005689328,2615.6,5.0,0.0,-8.356029813205742,5.886146836538354,-9.949180013396486,-0.03238272027502838,4.2929966363476115,0.01227329612526247,1.0,490.5975280027196,5,0.0,0,12,2,
0,5,skew_bp=5/k=0/min_edge_bp=0/soft_limit_clips=12/m_ticks=3,-7.876788353079793,4.789173790228064,2555.8,5.0,0.0,-7.932953534197564,6.0163828805391075,-9.800770839472369,0.04474307007340324,4.148565575264303,0.01142211104436828,1.0,566.0918296915358,5,0.0,0,12,3,
0,5,skew_bp=5/k=0/min_edge_bp=0/soft_limit_clips=12/m_ticks=4,-6.887821527361761,4.685793033672451,2382.4,5.0,0.0,-6.8263373123847515,6.056932199729698,-9.126716821638786,-0.07874360821289779,3.7565526904756643,0.01725939323588848,1.0,548.7142623227587,5,0.0,0,12,4,
0,5,skew_bp=5/k=0/min_edge_bp=1/soft_limit_clips=3/m_ticks=2,-6.2880916369696145,3.8496331801531682,1858.0,5.0,0.0,-6.454362798609727,4.556374429435489,-7.791085543542851,0.16305026595490305,3.2196516845023666,0.0032208956852115785,1.2,165.46339431387554,5,0.0,1,3,2,
0,5,skew_bp=5/k=0/min_edge_bp=1/soft_limit_clips=3/m_ticks=3,-5.847928567298962,3.637683381631584,1774.6,5.0,0.0,-5.74237253272365,4.769279707120207,-7.515036642218883,-0.109732054371913,2.9966155976249746,0.004176019796601054,1.0,178.88287973105332,5,0.0,1,3,3,
0,5,skew_bp=5/k=0/min_edge_bp=1/soft_limit_clips=3/m_ticks=4,-5.161122702377685,3.155284436515454,1678.0,5.0,0.0,-4.9301780414388565,4.812193161843287,-7.004709243155818,-0.23491669588148936,2.7376619601263252,0.00397203494266145,1.4,165.22163075958633,5,0.0,1,3,4,
0,5,skew_bp=5/k=0/min_edge_bp=1/soft_limit_clips=6/m_ticks=2,-5.523563489705339,3.894906804391549,1760.0,5.0,0.0,-5.811518352478229,5.02960102546229,-7.761006618176583,0.2841825249392894,3.080112759763937,0.003772337833600911,1.0,252.2929824236855,5,0.0,1,6,2,
0,5,skew_bp=5/k=0/min_edge_bp=1/soft_limit_clips=6/m_ticks=3,-5.288732741978509,3.776176034263285,1738.2,5.0,0.0,-5.5304886787298155,5.134538724832241,-7.673883386769406,0.23712479571220718,2.991144016792652,0.004631141039099573,1.0,253.68034555616154,5,0.0,1,6,3,
0,5,skew_bp=5/k=0/min_edge_bp=1/soft_limit_clips=6/m_ticks=4,-4.924387883067125,3.379220559388412,1669.6,5.0,0.0,-4.939447972223812,5.193300753587737,-7.320547838498138,0.008195897030902533,2.8122008873134097,0.006864192125784442,1.0,294.32203355719304,5,0.0,1,6,4,
0,5,skew_bp=5/k=0/min_edge_bp=1/soft_limit_clips=12/m_ticks=2,-4.792408414998331,3.76943439206254,1707.2,5.0,0.0,-5.349838545825181,5.3333626919947585,-7.699645471053683,0.5475713380918723,2.9835557667662562,0.009858792734976585,1.0,437.860416362305,5,0.0,1,12,2,
0,5,skew_bp=5/k=0/min_edge_bp=1/soft_limit_clips=12/m_ticks=3,-4.62851126175729,3.6494481382037582,1696.4,5.0,0.0,-5.244016098903785,5.379250702780875,-7.681294903788983,0.6064556837081911,2.941971897895678,0.00904915343830382,1.0,438.1669562710244,5,0.0,1,12,3,
0,5,skew_bp=5/k=0/min_edge_bp=1/soft_limit_clips=12/m_ticks=4,-4.5603671813395295,3.575996601334425,1640.4,5.0,0.0,-4.918822685938769,5.417016796810226,-7.493381637992721,0.34728224621723314,2.842457844756275,0.011173258382006395,1.0,447.5987061158229,5,0.0,1,12,4,
0,5,skew_bp=5/k=0/min_edge_bp=2/soft_limit_clips=3/m_ticks=2,-4.207714326197464,2.8898416696772715,1299.6,5.0,0.0,-4.392554222015268,4.010521293987293,-6.106534733353654,0.18279460118798285,2.2965407826489064,0.0020452946298205937,1.2,177.70396212368408,5,0.0,2,3,2,
0,5,skew_bp=5/k=0/min_edge_bp=2/soft_limit_clips=3/m_ticks=3,-3.964309779619396,2.840554880086395,1278.0,5.0,0.0,-4.177387862402753,4.215896653731818,-6.14319270813095,0.21104046746642524,2.2500918080036207,0.002037615316931886,1.2,176.4126021977935,5,0.0,2,3,3,
0,5,skew_bp=5/k=0/min_edge_bp=2/soft_limit_clips=3/m_ticks=4,-3.624688559918323,2.490191571873107,1224.2,5.0,0.0,-3.7578541416852644,4.231865059132518,-5.877254876713101,0.13045350358859764,2.1124643241046805,0.002712078178343145,1.2,168.40667957749724,5,0.0,2,3,4,
0,5,skew_bp=5/k=0/min_edge_bp=2/soft_limit_clips=6/m_ticks=2,-3.486746191253521,2.4905430266213946,1167.8,5.0,0.0,-3.681956704861728,4.314900492858125,-5.87529999704513,0.18953098651918726,2.1215572006747228,0.005679527089019551,1.0,353.722689084178,5,0.0,2,6,2,
0,5,skew_bp=5/k=0/min_edge_bp=2/soft_limit_clips=6/m_ticks=3,-3.3895565105927696,2.449025526675145,1149.4,5.0,0.0,-3.518820557882802,4.377725447701444,-5.812229236254181,0.1238313408211976,2.084316769330065,0.005432706468834463,1.0,353.398130236815,5,0.0,2,6,3,
0,5,skew_bp=5/k=0/min_edge_bp=2/soft_limit_clips=6/m_ticks=4,-3.1408536175254262,2.1792575691663743,1125.2,5.0,0.0,-3.369661917906156,4.421101806203609,-5.757341920490965,0.22415805993624055,2.0334218036187997,0.004650240444489369,1.0,350.7876909497867,5,0.0,2,6,4,
0,5,skew_bp=5/k=0/min_edge_bp=2/soft_limit_clips=12/m_ticks=2,-3.050557789642094,2.4560105607807126,1087.6,5.0,0.0,-3.331276432380861,4.494398034568826,-5.7956070275978195,0.2729232970421423,2.030067439351867,0.007795345696625268,1.0,403.22404268646045,5,0.0,2,12,2,
0,5,skew_bp=5/k=0/min_edge_bp=2/soft_limit_clips=12/m_ticks=3,-3.115114387194037,2.5061698954985854,1088.6,5.0,0.0,-3.2929003352372597,4.526173432297415,-5.797560315662587,0.16982871935456675,2.0215134518720874,0.007957228688656112,1.0,396.0240426864605,5,0.0,2,12,3,
0,5,skew_bp=5/k=0/min_edge_bp=2/soft_limit_clips=12/m_ticks=4,-3.0001335272903153,2.3420338252455393,1072.8,5.0,0.0,-3.183657909577935,4.507562629031546,-5.712057636138972,0.1762175517057499,1.9791629024705084,0.007306830581869263,1.0,408.1546846778218,5,0.0,2,12,4,
0,5,skew_bp=5/k=0/min_edge_bp=4/soft_limit_clips=3/m_ticks=2,-2.004177270779285,1.3008872300849517,643.0,5.0,0.0,-2.1693617150119886,3.12364767476636,-4.035864327319233,0.16294930385984224,1.2571450624591152,0.0022351403728611417,1.0,181.06595001823848,5,0.0,4,3,2,
0,5,skew_bp=5/k=0/min_edge_bp=4/soft_limit_clips=3/m_ticks=3,-1.8863440003496272,1.339286654504841,618.6,5.0,0.0,-2.0741680710537205,3.112078205029893,-3.973896798239685,0.18692429252127335,1.2123494778439283,0.0008997781828194214,1.0,170.95987105713857,5,0.0,4,3,3,
0,5,skew_bp=5/k=0/min_edge_bp=4/soft_limit_clips=3/m_ticks=4,-1.987227451924884,1.4912932292694592,620.8,5.0,0.0,-1.9684130297599467,3.1425875640846197,-3.9223402057300234,-0.020963401983832553,1.188660388114543,0.0021489798188953435,1.2,181.47000790818225,5,0.0,4,3,4,
0,5,skew_bp=5/k=0/min_edge_bp=4/soft_limit_clips=6/m_ticks=2,-1.5975857871489414,0.9856045809719762,535.4,5.0,0.0,-1.6818182138865463,3.120162559753111,-3.728273754129289,0.07915095857676988,1.0737070195103686,0.005081468160835318,1.0,350.0537633293258,5,0.0,4,6,2,
0,5,skew_bp=5/k=0/min_edge_bp=4/soft_limit_clips=6/m_ticks=3,-1.7226328178407595,1.007238752553296,533.0,5.0,0.0,-1.6364454434811517,3.1121921043428005,-3.6897268614319563,-0.09178600439185818,1.0589106863919955,0.005598630032250432,1.0,344.916258845188,5,0.0,4,6,3,
0,5,skew_bp=5/k=0/min_edge_bp=4/soft_limit_clips=6/m_ticks=4,-1.7428561314806266,1.1630554476187904,533.6,5.0,0.0,-1.603943318680074,3.177362297810501,-3.7155317532363306,-0.1443474889403784,1.0657738632542446,0.005434676139825718,1.0,347.0537633293258,5,0.0,4,6,4,
0,5,skew_bp=5/k=0/min_edge_bp=4/soft_limit_clips=12/m_ticks=2,-1.653177615953679,1.2333231675908116,490.8,5.0,0.0,-1.507757914546477,3.155304801717283,-3.6553294536497902,-0.15343409793689364,1.00773326261397,0.00801439652969185,1.0,462.0569460548159,5,0.0,4,12,2,
0,5,skew_bp=5/k=0/min_edge_bp=4/soft_limit_clips=12/m_ticks=3,-1.702470401099396,1.184650601947103,493.4,5.0,0.0,-1.4762749246802507,3.148115257573679,-3.621998819248538,-0.2342184276033264,1.0023913630053913,0.008022951184181046,1.0,462.15694605481593,5,0.0,4,12,3,
0,5,skew_bp=5/k=0/min_edge_bp=4/soft_limit_clips=12/m_ticks=4,-1.7197387385579184,1.1706613739573608,490.8,5.0,0.0,-1.474993136885343,3.162515868096226,-3.634567970003951,-0.25192848888274355,1.002941034977618,0.007182887210168074,1.0,462.15694605481593,5,0.0,4,12,4,
0,5,skew_bp=5/k=0.5/min_edge_bp=0/soft_limit_clips=3/m_ticks=2,-1.181766379376233,0.7598711366882209,312.8,5.0,0.0,-1.1285431890561648,2.3482064976916823,-2.7457427495134588,-0.052413955378564615,0.7310069372343885,-0.0008092349415035177,1.2,170.4026810882723,5,0.5,0,3,2,
0,5,skew_bp=5/k=0.5/min_edge_bp=0/soft_limit_clips=3/m_ticks=3,-1.1670908082481786,0.7610061679138849,313.4,5.0,0.0,-1.0982116385535028,2.3636410141596413,-2.7332793660918746,-0.0683086150275983,0.7285732866212697,-0.0005705546670773104,1.2,166.2015566553588,5,0.5,0,3,3,
0,5,skew_bp=5/k=0.5/min_edge_bp=0/soft_limit_clips=3/m_ticks=4,-1.028575338318117,0.7205437798242391,313.6,5.0,0.0,-1.0880201969278016,2.3689872720766436,-2.726188457155062,0.058081266688456167,0.7308190118493834,0.0013635919212282095,1.2,166.2015566553588,5,0.5,0,3,4,
0,5,skew_bp=5/k=0.5/min_edge_bp=0/soft_limit_clips=6/m_ticks=2,-0.877424820798864,0.6008534482583142,285.4,5.0,0.0,-0.9816819515303017,2.352478614345322,-2.6620081882962734,0.10292953100871341,0.6721523775793502,0.0013275997227243984,1.0,309.79526507412834,5,0.5,0,6,2,
0,5,skew_bp=5/k=0.5/min_edge_bp=0/soft_limit_clips=6/m_ticks=3,-0.8775830568000652,0.5814966794298402,286.8,5.0,0.0,-0.9760584364848967,2.35294963906843,-2.659202996108186,0.09723079355141913,0.6698050794451408,0.0012445861334123133,1.0,309.79526507412834,5,0.5,0,6,3,
0,5,skew_bp=5/k=0.5/min_edge_bp=0/soft_limit_clips=6/m_ticks=4,-0.9369562428420547,0.5761927276020055,286.8,5.0,0.0,-0.9835972714716087,2.3498567008914195,-2.6635571558432214,0.045134315429817516,0.6698968165198063,0.0015067131997363518,1.0,309.79526507412834,5,0.5,0,6,4,
0,5,skew_bp=5/k=0.5/min_edge_bp=0/soft_limit_clips=12/m_ticks=2,-0.9058063653694391,1.992117585329635,264.4,5.0,0.0,-0.9405810684437675,2.324921141060373,-2.6260651790512206,0.028371286818914675,0.6394370304529199,0.006403416255413888,1.0,433.7992057759486,5,0.5,0,12,2,
0,5,skew_bp=5/k=0.5/min_edge_bp=0/soft_limit_clips=12/m_ticks=3,-0.8886278724479661,2.0048760974183577,263.6,5.0,0.0,-0.9356704117126624,2.3191472377875035,-2.61883141160936,0.04061191970928242,0.6359862378908063,0.006430619555413889,1.0,433.7992057759486,5,0.5,0,12,3,
0,5,skew_bp=5/k=0.5/min_edge_bp=0/soft_limit_clips=12/m_ticks=4,-0.8707517980027223,2.003433443253197,263.4,5.0,0.0,-0.9339787657986763,2.3186217575375023,-2.6176577866093593,0.056764732209290215,0.6349427367268193,0.006462235586663886,1.0,433.7992057759486,5,0.5,0,12,4,
0,5,skew_bp=5/k=0.5/min_edge_bp=1/soft_limit_clips=3/m_ticks=2,-0.7698592827189824,0.5196217876039357,235.2,5.0,0.0,-0.8139557818681439,2.0733489461579357,-2.3311762690113857,0.04166369480740868,0.5561284590146942,0.002432804341752928,1.2,177.9252513508851,5,0.5,1,3,2,
0,5,skew_bp=5/k=0.5/min_edge_bp=1/soft_limit_clips=3/m_ticks=3,-0.7498663666363179,0.4780870271138614,237.4,5.0,0.0,-0.7614383447310218,2.1031599988416008,-2.303369313080714,0.00971430261522901,0.5612290304919088,0.001857675479474824,1.2,178.02525135088507,5,0.5,1,3,3,
0,5,skew_bp=5/k=0.5/min_edge_bp=1/soft_limit_clips=3/m_ticks=4,-0.7970935207021246,0.571732861511457,235.0,5.0,0.0,-0.7489059176576286,2.0739251580937985,-2.2668679908718383,-0.050096101460107276,0.555963084879589,0.001908498415611287,1.2,165.98402873272263,5,0.5,1,3,4,
0,5,skew_bp=5/k=0.5/min_edge_bp=1/soft_limit_clips=6/m_ticks=2,-0.8192422837113492,0.9831691606873404,214.0,5.0,0.0,-0.7076876571338782,2.078931303829903,-2.2766649602184437,-0.11461189024166236,0.5099540007453376,0.0030572636641912113,1.0,357.7832345086713,5,0.5,1,6,2,
0,5,skew_bp=5/k=0.5/min_edge_bp=1/soft_limit_clips=6/m_ticks=3,-0.7701420009092851,0.9951242154494242,215.0,5.0,0.0,-0.6984502747019492,2.0772165224695414,-2.268155646889592,-0.07450311965545268,0.5075111502818984,0.002811393448116799,1.0,357.7832345086713,5,0.5,1,6,3,
0,5,skew_bp=5/k=0.5/min_edge_bp=1/soft_limit_clips=6/m_ticks=4,-0.7673830525926341,0.9915068627735051,213.8,5.0,0.0,-0.7109195576741537,2.081794987576349,-2.287821846528158,-0.06096717595939087,0.504892698722345,0.004503681040910593,1.0,357.7832345086713,5,0.5,1,6,4,
0,5,skew_bp=5/k=0.5/min_edge_bp=1/soft_limit_clips=12/m_ticks=2,-0.46095208427614026,1.5320403558186022,194.6,5.0,0.0,-0.6775703820443313,2.0344496856454883,-2.2297708334226094,0.20571279300227233,0.4822492342672099,0.010905504765918714,1.0,434.6832345086713,5,0.5,1,12,2,
0,5,skew_bp=5/k=0.5/min_edge_bp=1/soft_limit_clips=12/m_ticks=3,-0.46095208427614026,1.5320403558186022,194.6,5.0,0.0,-0.6775703820443313,2.0344496856454883,-2.2297708334226094,0.20571279300227233,0.4822492342672099,0.010905504765918714,1.0,434.6832345086713,5,0.5,1,12,3,
0,5,skew_bp=5/k=0.5/min_edge_bp=1/soft_limit_clips=12/m_ticks=4,-0.4547420693271514,1.5281137891784564,194.4,5.0,0.0,-0.6780647956265892,2.0334743636142383,-2.2295272084226094,0.21238560550226895,0.48201195081821774,0.010937120797168715,1.0,434.6832345086713,5,0.5,1,12,4,
0,5,skew_bp=5/k=0.5/min_edge_bp=2/soft_limit_clips=3/m_ticks=2,-0.4796374896830529,0.2593732657469934,179.8,5.0,0.0,-0.6552860346339193,1.8149064623550621,-2.03735499401484,0.17162936998931205,0.43283750297414214,0.004019174961554394,1.0,167.02171500366453,5,0.5,2,3,2,
0,5,skew_bp=5/k=0.5/min_edge_bp=2/soft_limit_clips=3/m_ticks=3,-0.773140314797595,0.23334816910623188,176.8,5.0,0.0,-0.6409809669853044,1.7921290171358524,-2.007629827606797,-0.13601431806705425,0.42548015651435966,0.003854970254763589,1.0,173.60000000000002,5,0.5,2,3,3,
0,5,skew_bp=5/k=0.5/min_edge_bp=2/soft_limit_clips=3/m_ticks=4,-0.5234770241753692,0.4007305340837545,178.2,5.0,0.0,-0.5921996477190733,1.8180358480746375,-1.980067515053642,0.06428253223178307,0.43016798074006884,0.004440091311920963,1.0,167.0217150036645,5,0.5,2,3,4,
0,5,skew_bp=5/k=0.5/min_edge_bp=2/soft_limit_clips=6/m_ticks=2,-0.6521658188322531,0.9931707627079179,169.2,5.0,0.0,-0.5996919110129882,1.856497711975394,-2.045151835566625,-0.057401708340281174,0.4110377874217573,0.004927800521016322,1.0,297.2035190147168,5,0.5,2,6,2,
0,5,skew_bp=5/k=0.5/min_edge_bp=2/soft_limit_clips=6/m_ticks=3,-0.6157847268835991,0.986964827991688,169.4,5.0,0.0,-0.5942117574518457,1.8577950061064747,-2.042358073023157,-0.026820323839543646,0.40964869053516323,0.005247354407790267,1.0,297.2035190147168,5,0.5,2,6,3,
0,5,skew_bp=5/k=0.5/min_edge_bp=2/soft_limit_clips=6/m_ticks=4,-0.590021950636354,0.9993473941187548,170.8,5.0,0.0,-0.5916993806220846,1.860330587049288,-2.0420905977237553,-0.0035433975670820404,0.40993936994761737,0.005220827552812719,1.0,297.2035190147168,5,0.5,2,6,4,
0,5,skew_bp=5/k=0.5/min_edge_bp=2/soft_limit_clips=12/m_ticks=2,0.12374249184033423,1.1557763098114566,156.2,5.0,0.0,-0.5158752250285932,1.8413491312730614,-1.9674814833886358,0.6344195582776224,0.38974287291301857,0.005198158591305063,1.0,423.31956837149664,5,0.5,2,12,2,
0,5,skew_bp=5/k=0.5/min_edge_bp=2/soft_limit_clips=12/m_ticks=3,0.12374249184033423,1.1557763098114566,156.2,5.0,0.0,-0.5158752250285932,1.8413491312730614,-1.9674814833886358,0.6344195582776224,0.38974287291301857,0.005198158591305063,1.0,423.31956837149664,5,0.5,2,12,3,
0,5,skew_bp=5/k=0.5/min_edge_bp=2/soft_limit_clips=12/m_ticks=4,0.12374249184033423,1.1557763098114566,156.2,5.0,0.0,-0.5158752250285932,1.8413491312730614,-1.9674814833886358,0.6344195582776224,0.38974287291301857,0.005198158591305063,1.0,423.31956837149664,5,0.5,2,12,4,
0,5,skew_bp=5/k=0.5/min_edge_bp=4/soft_limit_clips=3/m_ticks=2,-0.3389648974726961,0.6121080420487823,111.2,5.0,0.0,-0.39405365218734134,1.5350982893552323,-1.6350092164779753,0.051301305056508276,0.29414272506459865,0.0037874496581370857,1.0,158.10000000000002,5,0.5,4,3,2,
0,5,skew_bp=5/k=0.5/min_edge_bp=4/soft_limit_clips=3/m_ticks=3,-0.321603334945658,0.6132230088380327,112.6,5.0,0.0,-0.39243496811686,1.5339117793027064,-1.6324125195082773,0.06690621414740834,0.2939342279112892,0.003925419023793651,1.0,158.10000000000002,5,0.5,4,3,3,
0,5,skew_bp=5/k=0.5/min_edge_bp=4/soft_limit_clips=3/m_ticks=4,-0.35014434186539634,0.619209291896425,112.6,5.0,0.0,-0.3667654026795194,1.524094450188255,-1.5988251452373312,0.012522516807605655,0.2920347076304432,0.004098544006517406,1.0,158.10000000000002,5,0.5,4,3,4,
0,5,skew_bp=5/k=0.5/min_edge_bp=4/soft_limit_clips=6/m_ticks=2,-0.10733932356056926,0.847239413387048,99.8,5.0,0.0,-0.3415927366735276,1.4896185536654172,-1.5596430195808615,0.2278036810284169,0.2715682707580832,0.006449732084541399,1.0,278.40000000000003,5,0.5,4,6,2,
0,5,skew_bp=5/k=0.5/min_edge_bp=4/soft_limit_clips=6/m_ticks=3,-0.14343194750300894,0.837570715498379,99.6,5.0,0.0,-0.3472897942159675,1.4831361128654172,-1.5604270195808616,0.1973956810284171,0.26999888750052314,0.006462165684541399,1.0,278.40000000000003,5,0.5,4,6,3,
0,5,skew_bp=5/k=0.5/min_edge_bp=4/soft_limit_clips=6/m_ticks=4,-0.14343194750300786,0.8375707154983769,99.8,5.0,0.0,-0.34728979421596745,1.4831361128654172,-1.5604270195808616,0.19739568102841812,0.26999888750052314,0.006462165684541399,1.0,278.40000000000003,5,0.5,4,6,4,
0,5,skew_bp=5/k=0.5/min_edge_bp=4/soft_limit_clips=12/m_ticks=2,0.5135695678975867,0.6596055533476106,93.2,5.0,0.0,-0.3441605273271098,1.4593119709203375,-1.541708408963776,0.8514896816785944,0.2617640892836711,0.006240413546101958,1.0,377.7871465726347,5,0.5,4,12,2,-0.17907411710824314
0,5,skew_bp=5/k=0.5/min_edge_bp=4/soft_limit_clips=12/m_ticks=3,0.5135695678975867,0.6596055533476106,93.2,5.0,0.0,-0.3441605273271098,1.4593119709203375,-1.541708408963776,0.8514896816785944,0.2617640892836711,0.006240413546101958,1.0,377.7871465726347,5,0.5,4,12,3,-0.1799655385091664
0,5,skew_bp=5/k=0.5/min_edge_bp=4/soft_limit_clips=12/m_ticks=4,0.5135695678975867,0.6596055533476106,93.2,5.0,0.0,-0.3441605273271098,1.4593119709203375,-1.541708408963776,0.8514896816785944,0.2617640892836711,0.006240413546101958,1.0,377.7871465726347,5,0.5,4,12,4,-0.18114145038911483
0,5,skew_bp=5/k=1/min_edge_bp=0/soft_limit_clips=3/m_ticks=2,-0.4509707009374305,0.9028539724403851,99.2,5.0,0.0,-0.37466727350754364,1.3061243969588592,-1.4227028103213502,-0.07789739673010079,0.2580888601450527,0.0015939693002139008,1.0,180.19999999999996,5,1.0,0,3,2,
0,5,skew_bp=5/k=1/min_edge_bp=0/soft_limit_clips=3/m_ticks=3,-0.45240662665837234,0.9057011574203941,100.6,5.0,0.0,-0.37906847877458344,1.3103831841588593,-1.4305788103213501,-0.0749773967301028,0.25887285261209275,0.0016392488463139003,1.0,180.19999999999996,5,1.0,0,3,3,
0,5,skew_bp=5/k=1/min_edge_bp=0/soft_limit_clips=3/m_ticks=4,-0.45059862653742505,0.9021166135288341,99.4,5.0,0.0,-0.3742951991075437,1.3064963969588592,-1.4227028103213502,-0.07789739673009528,0.25808878574505273,0.0015939693002139008,1.0,180.19999999999996,5,1.0,0,3,4,
0,5,skew_bp=5/k=1/min_edge_bp=0/soft_limit_clips=6/m_ticks=2,-0.07390792165415075,0.7924006779245159,93.6,5.0,0.0,-0.28770579897168946,1.2883961562767388,-1.3357108451230566,0.2075573181009427,0.24039111012537157,0.006240559216596017,1.0,276.20000000000016,5,1.0,0,6,2,
0,5,skew_bp=5/k=1/min_edge_bp=0/soft_limit_clips=6/m_ticks=3,-0.07390792165415075,0.7924006779245159,93.6,5.0,0.0,-0.28770579897168946,1.2883961562767388,-1.3357108451230566,0.2075573181009427,0.24039111012537157,0.006240559216596017,1.0,276.20000000000016,5,1.0,0,6,3,
0,5,skew_bp=5/k=1/min_edge_bp=0/soft_limit_clips=6/m_ticks=4,-0.07390792165415075,0.7924006779245159,93.6,5.0,0.0,-0.28770579897168946,1.2883961562767388,-1.3357108451230566,0.2075573181009427,0.24039111012537157,0.006240559216596017,1.0,276.20000000000016,5,1.0,0,6,4,
0,5,skew_bp=5/k=1/min_edge_bp=0/soft_limit_clips=12/m_ticks=2,0.3797339884177278,0.6241331069077787,92.2,5.0,0.0,-0.33455713170372786,1.3252195043128174,-1.411183076099062,0.7042033687881849,0.2485935599174832,0.010087751333270884,1.0,461.1000000000002,5,1.0,0,12,2,-0.39518496348474885
0,5,skew_bp=5/k=1/min_edge_bp=0/soft_limit_clips=12/m_ticks=3,0.3797339884177278,0.6241331069077787,92.2,5.0,0.0,-0.33455713170372786,1.3252195043128174,-1.411183076099062,0.7042033687881849,0.2485935599174832,0.010087751333270884,1.0,461.1000000000002,5,1.0,0,12,3,-0.39518496348474885
0,5,skew_bp=5/k=1/min_edge_bp=0/soft_limit_clips=12/m_ticks=4,0.3797339884177278,0.6241331069077787,92.2,5.0,0.0,-0.33455713170372786,1.3252195043128174,-1.411183076099062,0.7042033687881849,0.2485935599174832,0.010087751333270884,1.0,461.1000000000002,5,1.0,0,12,4,-0.39518496348474885
0,5,skew_bp=5/k=1/min_edge_bp=1/soft_limit_clips=3/m_ticks=2,-0.21998139563952504,0.5715722795472409,80.0,5.0,0.0,-0.29231194797211063,1.1554032899362339,-1.2398505664479331,0.07011409576131436,0.20786467146041132,0.002216456571271171,1.0,182.0,5,1.0,1,3,2,
0,5,skew_bp=5/k=1/min_edge_bp=1/soft_limit_clips=3/m_ticks=3,-0.2024589057842467,0.5675489160880405,80.2,5.0,0.0,-0.29836526297339405,1.158470730284718,-1.2493348694782362,0.09390900485221958,0.20750112377987576,0.0019973523369277374,1.0,182.0,5,1.0,1,3,3,
0,5,skew_bp=5/k=1/min_edge_bp=1/soft_limit_clips=3/m_ticks=4,-0.20201481698424434,0.5666494969342831,80.4,5.0,0.0,-0.29792117417339414,1.1586927302847179,-1.2491128694782363,0.09390900485222202,0.20750103497987574,0.0019973523369277374,1.0,182.0,5,1.0,1,3,4,
0,5,skew_bp=5/k=1/min_edge_bp=1/soft_limit_clips=6/m_ticks=2,0.036649756449994506,0.8352325006955647,74.0,5.0,0.0,-0.23421925051295478,1.1681164507113913,-1.2019470845114402,0.2615355972131055,0.20038861671290578,0.009333409749843823,1.0,264.40000000000015,5,1.0,1,6,2,
0,5,skew_bp=5/k=1/min_edge_bp=1/soft_limit_clips=6/m_ticks=3,0.036649756449994506,0.8352325006955647,74.0,5.0,0.0,-0.23421925051295478,1.1681164507113913,-1.2019470845114402,0.2615355972131055,0.20038861671290578,0.009333409749843823,1.0,264.40000000000015,5,1.0,1,6,3,
0,5,skew_bp=5/k=1/min_edge_bp=1/soft_limit_clips=6/m_ticks=4,0.036649756449994506,0.8352325006955647,74.0,5.0,0.0,-0.23421925051295478,1.1681164507113913,-1.2019470845114402,0.2615355972131055,0.20038861671290578,0.009333409749843823,1.0,264.40000000000015,5,1.0,1,6,4,
0,5,skew_bp=5/k=1/min_edge_bp=1/soft_limit_clips=12/m_ticks=2,0.5496929154639559,0.7013628998370781,71.4,5.0,0.0,-0.20864734011307906,1.1850685000418002,-1.1881703965408008,0.7516221254039555,0.20554544361407845,0.006718130173079618,1.0,466.6000000000002,5,1.0,1,12,2,-0.2524066831832449
0,5,skew_bp=5/k=1/min_edge_bp=1/soft_limit_clips=12/m_ticks=3,0.5496929154639559,0.7013628998370781,71.4,5.0,0.0,-0.20864734011307906,1.1850685000418002,-1.1881703965408008,0.7516221254039555,0.20554544361407845,0.006718130173079618,1.0,466.6000000000002,5,1.0,1,12,3,-0.2524066831832449
0,5,skew_bp=5/k=1/min_edge_bp=1/soft_limit_clips=12/m_ticks=4,0.5496929154639559,0.7013628998370781,71.4,5.0,0.0,-0.20864734011307906,1.1850685000418002,-1.1881703965408008,0.7516221254039555,0.20554544361407845,0.006718130173079618,1.0,466.6000000000002,5,1.0,1,12,4,-0.2524066831832449
0,5,skew_bp=5/k=1/min_edge_bp=2/soft_limit_clips=3/m_ticks=2,-0.17262417613499476,0.7748578884579655,64.2,5.0,0.0,-0.24113702515935526,1.0552955034956448,-1.125534533515632,0.0659255579751243,0.17089799513936826,0.002587291049236219,1.2,157.0604395604395,5,1.0,2,3,2,
0,5,skew_bp=5/k=1/min_edge_bp=2/soft_limit_clips=3/m_ticks=3,-0.17262417613499476,0.7748578884579655,64.2,5.0,0.0,-0.24113702515935526,1.0552955034956448,-1.125534533515632,0.0659255579751243,0.17089799513936826,0.002587291049236219,1.2,157.0604395604395,5,1.0,2,3,3,
0,5,skew_bp=5/k=1/min_edge_bp=2/soft_limit_clips=3/m_ticks=4,-0.12957971582987862,0.753307788296438,64.8,5.0,0.0,-0.2360902033033553,1.0563734234956448,-1.1210745335156318,0.10361355797512051,0.1713890932833683,0.0028969294983562195,1.2,157.0604395604395,5,1.0,2,3,4,
0,5,skew_bp=5/k=1/min_edge_bp=2/soft_limit_clips=6/m_ticks=2,0.4207059065261068,0.4832341741513517,58.6,5.0,0.0,-0.19418310616343445,1.0480089310584273,-1.0746343872980653,0.6098429860054766,0.16755764992379646,0.005046026684064536,1.0,301.10000000000025,5,1.0,2,6,2,-0.18123159244163745
0,5,skew_bp=5/k=1/min_edge_bp=2/soft_limit_clips=6/m_ticks=3,0.4207059065261068,0.4832341741513517,58.6,5.0,0.0,-0.19418310616343445,1.0480089310584273,-1.0746343872980653,0.6098429860054766,0.16755764992379646,0.005046026684064536,1.0,301.10000000000025,5,1.0,2,6,3,-0.18216008582677384
0,5,skew_bp=5/k=1/min_edge_bp=2/soft_limit_clips=6/m_ticks=4,0.4207059065261068,0.4832341741513517,58.6,5.0,0.0,-0.19418310616343445,1.0480089310584273,-1.0746343872980653,0.6098429860054766,0.16755764992379646,0.005046026684064536,1.0,301.10000000000025,5,1.0,2,6,4,-0.18310367982679532
0,5,skew_bp=5/k=1/min_edge_bp=2/soft_limit_clips=12/m_ticks=2,0.6311781160634735,1.013150350304843,56.8,5.0,0.0,-0.23830769498289767,1.0472182849584264,-1.1022513872980628,0.8651459860054667,0.1832745926432615,0.004339825040904537,1.0,403.7000000000002,5,1.0,2,12,2,-0.18123159244163745
0,5,skew_bp=5/k=1/min_edge_bp=2/soft_limit_clips=12/m_ticks=3,0.6311781160634735,1.013150350304843,56.8,5.0,0.0,-0.23830769498289767,1.0472182849584264,-1.1022513872980628,0.8651459860054667,0.1832745926432615,0.004339825040904537,1.0,403.7000000000002,5,1.0,2,12,3,-0.18216008582677384
0,5,skew_bp=5/k=1/min_edge_bp=2/soft_limit_clips=12/m_ticks=4,0.6311781160634735,1.013150350304843,56.8,5.0,0.0,-0.23830769498289767,1.0472182849584264,-1.1022513872980628,0.8651459860054667,0.1832745926432615,0.004339825040904537,1.0,403.7000000000002,5,1.0,2,12,4,-0.18310367982679532
0,5,skew_bp=5/k=1/min_edge_bp=4/soft_limit_clips=3/m_ticks=2,0.1708760250007345,1.066609502925443,42.6,5.0,0.0,-0.16882169934651406,0.855419672699999,-0.9042349999999981,0.33676100000000864,0.12000637204651506,0.0029367243472399954,1.0,137.9,5,1.0,4,3,2,
0,5,skew_bp=5/k=1/min_edge_bp=4/soft_limit_clips=3/m_ticks=3,0.1708760250007345,1.066609502925443,42.6,5.0,0.0,-0.16882169934651406,0.855419672699999,-0.9042349999999981,0.33676100000000864,0.12000637204651506,0.0029367243472399954,1.0,137.9,5,1.0,4,3,3,
0,5,skew_bp=5/k=1/min_edge_bp=4/soft_limit_clips=3/m_ticks=4,0.1708760250007345,1.066609502925443,42.6,5.0,0.0,-0.16882169934651406,0.855419672699999,-0.9042349999999981,0.33676100000000864,0.12000637204651506,0.0029367243472399954,1.0,137.9,5,1.0,4,3,4,
0,5,skew_bp=5/k=1/min_edge_bp=4/soft_limit_clips=6/m_ticks=2,0.4607162193194643,1.0776753350693367,39.8,5.0,0.0,-0.14909280681701498,0.8213254273763191,-0.8543735228265202,0.60772490306992,0.1160447113668138,0.0020841230665591924,1.0,212.8,5,1.0,4,6,2,
0,5,skew_bp=5/k=1/min_edge_bp=4/soft_limit_clips=6/m_ticks=3,0.4607162193194643,1.0776753350693367,39.8,5.0,0.0,-0.14909280681701498,0.8213254273763191,-0.8543735228265202,0.60772490306992,0.1160447113668138,0.0020841230665591924,1.0,212.8,5,1.0,4,6,3,
0,5,skew_bp=5/k=1/min_edge_bp=4/soft_limit_clips=6/m_ticks=4,0.4607162193194643,1.0776753350693367,39.8,5.0,0.0,-0.14909280681701498,0.8213254273763191,-0.8543735228265202,0.60772490306992,0.1160447113668138,0.0020841230665591924,1.0,212.8,5,1.0,4,6,4,
0,5,skew_bp=5/k=1/min_edge_bp=4/soft_limit_clips=12/m_ticks=2,0.6140484979684586,0.9321450482576896,37.0,5.0,0.0,-0.15366621550287576,0.8268780859096516,-0.8491005228265202,0.7691319030699152,0.13144377858600714,-0.0014171895985808079,1.0,303.70000000000005,5,1.0,4,12,2,-0.17907411710824314
0,5,skew_bp=5/k=1/min_edge_bp=4/soft_limit_clips=12/m_ticks=3,0.6140484979684586,0.9321450482576896,37.0,5.0,0.0,-0.15366621550287576,0.8268780859096516,-0.8491005228265202,0.7691319030699152,0.13144377858600714,-0.0014171895985808079,1.0,303.70000000000005,5,1.0,4,12,3,
0,5,skew_bp=5/k=1/min_edge_bp=4/soft_limit_clips=12/m_ticks=4,0.6140484979684586,0.9321450482576896,37.0,5.0,0.0,-0.15366621550287576,0.8268780859096516,-0.8491005228265202,0.7691319030699152,0.13144377858600714,-0.0014171895985808079,1.0,303.70000000000005,5,1.0,4,12,4,
0,5,skew_bp=5/k=2/min_edge_bp=0/soft_limit_clips=3/m_ticks=2,0.1682694533946699,0.5695645756119576,19.0,5.0,0.0,-0.09004986927855245,0.4747957428763203,-0.501732856159854,0.2511852364032499,0.0631127559950188,0.007134086269972528,1.2,144.5,5,2.0,0,3,2,
0,5,skew_bp=5/k=2/min_edge_bp=0/soft_limit_clips=3/m_ticks=3,0.1682694533946699,0.5695645756119576,19.0,5.0,0.0,-0.09004986927855245,0.4747957428763203,-0.501732856159854,0.2511852364032499,0.0631127559950188,0.007134086269972528,1.2,144.5,5,2.0,0,3,3,
0,5,skew_bp=5/k=2/min_edge_bp=0/soft_limit_clips=3/m_ticks=4,0.1682694533946699,0.5695645756119576,19.0,5.0,0.0,-0.09004986927855245,0.4747957428763203,-0.501732856159854,0.2511852364032499,0.0631127559950188,0.007134086269972528,1.2,144.5,5,2.0,0,3,4,
0,5,skew_bp=5/k=2/min_edge_bp=0/soft_limit_clips=6/m_ticks=2,0.3070298246686869,0.6434011724178954,19.0,5.0,0.0,-0.09472127464167918,0.47609213877631956,-0.499503856159855,0.3925182364032535,0.07130955725814381,0.009232862907112527,1.0,268.20000000000005,5,2.0,0,6,2,
0,5,skew_bp=5/k=2/min_edge_bp=0/soft_limit_clips=6/m_ticks=3,0.3070298246686869,0.6434011724178954,19.0,5.0,0.0,-0.09472127464167918,0.47609213877631956,-0.499503856159855,0.3925182364032535,0.07130955725814381,0.009232862907112527,1.0,268.20000000000005,5,2.0,0,6,3,
0,5,skew_bp=5/k=2/min_edge_bp=0/soft_limit_clips=6/m_ticks=4,0.3070298246686869,0.6434011724178954,19.0,5.0,0.0,-0.09472127464167918,0.47609213877631956,-0.499503856159855,0.3925182364032535,0.07130955725814381,0.009232862907112527,1.0,268.20000000000005,5,2.0,0,6,4,
0,5,skew_bp=5/k=2/min_edge_bp=0/soft_limit_clips=12/m_ticks=2,0.4077077871296316,0.9444931217082141,17.0,5.0,0.0,-0.13877191378312861,0.44352034500264514,-0.5074798561598544,0.5367212364032476,0.0748124026259193,0.009758464509512529,1.0,311.6,5,2.0,0,12,2,
0,5,skew_bp=5/k=2/min_edge_bp=0/soft_limit_clips=12/m_ticks=3,0.4077077871296316,0.9444931217082141,17.0,5.0,0.0,-0.13877191378312861,0.44352034500264514,-0.5074798561598544,0.5367212364032476,0.0748124026259193,0.009758464509512529,1.0,311.6,5,2.0,0,12,3,
0,5,skew_bp=5/k=2/min_edge_bp=0/soft_limit_clips=12/m_ticks=4,0.4077077871296316,0.9444931217082141,17.0,5.0,0.0,-0.13877191378312861,0.44352034500264514,-0.5074798561598544,0.5367212364032476,0.0748124026259193,0.009758464509512529,1.0,311.6,5,2.0,0,12,4,
0,5,skew_bp=5/k=2/min_edge_bp=1/soft_limit_clips=3/m_ticks=2,0.28385165318778377,0.6640345183946559,15.6,5.0,0.0,-0.07240786445755634,0.41870403289999736,-0.4358919999999987,0.34961200000000014,0.055219897357555,0.00664751764534,1.2,131.3,5,2.0,1,3,2,
0,5,skew_bp=5/k=2/min_edge_bp=1/soft_limit_clips=3/m_ticks=3,0.28385165318778377,0.6640345183946559,15.6,5.0,0.0,-0.07240786445755634,0.41870403289999736,-0.4358919999999987,0.34961200000000014,0.055219897357555,0.00664751764534,1.2,131.3,5,2.0,1,3,3,
0,5,skew_bp=5/k=2/min_edge_bp=1/soft_limit_clips=3/m_ticks=4,0.28385165318778377,0.6640345183946559,15.6,5.0,0.0,-0.07240786445755634,0.41870403289999736,-0.4358919999999987,0.34961200000000014,0.055219897357555,0.00664751764534,1.2,131.3,5,2.0,1,3,4,
0,5,skew_bp=5/k=2/min_edge_bp=1/soft_limit_clips=6/m_ticks=2,0.2851801934113031,0.8696783132994803,14.2,5.0,0.0,-0.10488234832049174,0.38401249505299334,-0.4250529999999985,0.3827258816610149,0.06384184337348661,0.007336660070780002,1.0,206.20000000000002,5,2.0,1,6,2,
0,5,skew_bp=5/k=2/min_edge_bp=1/soft_limit_clips=6/m_ticks=3,0.2851801934113031,0.8696783132994803,14.2,5.0,0.0,-0.10488234832049174,0.38401249505299334,-0.4250529999999985,0.3827258816610149,0.06384184337348661,0.007336660070780002,1.0,206.20000000000002,5,2.0,1,6,3,
0,5,skew_bp=5/k=2/min_edge_bp=1/soft_limit_clips=6/m_ticks=4,0.2851801934113031,0.8696783132994803,14.2,5.0,0.0,-0.10488234832049174,0.38401249505299334,-0.4250529999999985,0.3827258816610149,0.06384184337348661,0.007336660070780002,1.0,206.20000000000002,5,2.0,1,6,4,
0,5,skew_bp=5/k=2/min_edge_bp=1/soft_limit_clips=12/m_ticks=2,0.21886365175820172,0.8208091399073844,13.2,5.0,0.0,-0.1254086949831526,0.35358498425299256,-0.41556199999999854,0.3376888816610143,0.0634316792361466,0.00658346508034,1.0,206.3,5,2.0,1,12,2,
0,5,skew_bp=5/k=2/min_edge_bp=1/soft_limit_clips=12/m_ticks=3,0.21886365175820172,0.8208091399073844,13.2,5.0,0.0,-0.1254086949831526,0.35358498425299256,-0.41556199999999854,0.3376888816610143,0.0634316792361466,0.00658346508034,1.0,206.3,5,2.0,1,12,3,
0,5,skew_bp=5/k=2/min_edge_bp=1/soft_limit_clips=12/m_ticks=4,0.21886365175820172,0.8208091399073844,13.2,5.0,0.0,-0.1254086949831526,0.35358498425299256,-0.41556199999999854,0.3376888816610143,0.0634316792361466,0.00658346508034,1.0,206.3,5,2.0,1,12,4,
0,5,skew_bp=5/k=2/min_edge_bp=2/soft_limit_clips=3/m_ticks=2,0.29695681824473874,0.5968534990926226,13.4,5.0,0.0,-0.07783028534104988,0.37671907265299487,-0.4039839999999981,0.3668768816610086,0.0505653579940466,0.007910221924780001,1.0,172.83220178415445,5,2.0,2,3,2,
0,5,skew_bp=5/k=2/min_edge_bp=2/soft_limit_clips=3/m_ticks=3,0.29695681824473874,0.5968534990926226,13.4,5.0,0.0,-0.07783028534104988,0.37671907265299487,-0.4039839999999981,0.3668768816610086,0.0505653579940466,0.007910221924780001,1.0,172.83220178415445,5,2.0,2,3,3,
0,5,skew_bp=5/k=2/min_edge_bp=2/soft_limit_clips=3/m_ticks=4,0.29695681824473874,0.5968534990926226,13.4,5.0,0.0,-0.07783028534104988,0.37671907265299487,-0.4039839999999981,0.3668768816610086,0.0505653579940466,0.007910221924780001,1.0,172.83220178415445,5,2.0,2,3,4,
0,5,skew_bp=5/k=2/min_edge_bp=2/soft_limit_clips=6/m_ticks=2,0.3362925871791442,0.9866413195546888,12.0,5.0,0.0,-0.09789663280633998,0.32794462949999403,-0.371218999999999,0.4257610000000042,0.054622262306335004,0.00842821998548,1.0,184.0,5,2.0,2,6,2,
0,5,skew_bp=5/k=2/min_edge_bp=2/soft_limit_clips=6/m_ticks=3,0.3362925871791442,0.9866413195546888,12.0,5.0,0.0,-0.09789663280633998,0.32794462949999403,-0.371218999999999,0.4257610000000042,0.054622262306335004,0.00842821998548,1.0,184.0,5,2.0,2,6,3,
0,5,skew_bp=5/k=2/min_edge_bp=2/soft_limit_clips=6/m_ticks=4,0.3362925871791442,0.9866413195546888,12.0,5.0,0.0,-0.09789663280633998,0.32794462949999403,-0.371218999999999,0.4257610000000042,0.054622262306335004,0.00842821998548,1.0,184.0,5,2.0,2,6,4,
0,5,skew_bp=5/k=2/min_edge_bp=2/soft_limit_clips=12/m_ticks=2,0.4191464470201528,0.7030498969200786,11.4,5.0,0.0,-0.1242740641745553,0.30529248904215905,-0.36867392771084273,0.535699963855425,0.060892625505871635,0.007720547339283133,1.0,211.47349397590364,5,2.0,2,12,2,
0,5,skew_bp=5/k=2/min_edge_bp=2/soft_limit_clips=12/m_ticks=3,0.4191464470201528,0.7030498969200786,11.4,5.0,0.0,-0.1242740641745553,0.30529248904215905,-0.36867392771084273,0.535699963855425,0.060892625505871635,0.007720547339283133,1.0,211.47349397590364,5,2.0,2,12,3,
0,5,skew_bp=5/k=2/min_edge_bp=2/soft_limit_clips=12/m_ticks=4,0.4191464470201528,0.7030498969200786,11.4,5.0,0.0,-0.1242740641745553,0.30529248904215905,-0.36867392771084273,0.535699963855425,0.060892625505871635,0.007720547339283133,1.0,211.47349397590364,5,2.0,2,12,4,
0,5,skew_bp=5/k=2/min_edge_bp=4/soft_limit_clips=3/m_ticks=2,0.24685837328528865,0.46190849203960094,9.8,5.0,0.0,-0.038055404524294414,0.2806289217999951,-0.28105599999999953,0.2803570000000031,0.03762832632429001,0.004556777809580001,1.0,128.8,5,2.0,4,3,2,
0,5,skew_bp=5/k=2/min_edge_bp=4/soft_limit_clips=3/m_ticks=3,0.24685837328528865,0.46190849203960094,9.8,5.0,0.0,-0.038055404524294414,0.2806289217999951,-0.28105599999999953,0.2803570000000031,0.03762832632429001,0.004556777809580001,1.0,128.8,5,2.0,4,3,3,
0,5,skew_bp=5/k=2/min_edge_bp=4/soft_limit_clips=3/m_ticks=4,0.24685837328528865,0.46190849203960094,9.8,5.0,0.0,-0.038055404524294414,0.2806289217999951,-0.28105599999999953,0.2803570000000031,0.03762832632429001,0.004556777809580001,1.0,128.8,5,2.0,4,3,4,
0,5,skew_bp=5/k=2/min_edge_bp=4/soft_limit_clips=6/m_ticks=2,0.2666715348411567,0.5516005460167602,7.8,5.0,0.0,-0.061517445971588904,0.2263360850421665,-0.25044692771084376,0.3218039638554225,0.03740660330291164,0.006385016957323133,1.0,122.2,5,2.0,4,6,2,
0,5,skew_bp=5/k=2/min_edge_bp=4/soft_limit_clips=6/m_ticks=3,0.2666715348411567,0.5516005460167602,7.8,5.0,0.0,-0.061517445971588904,0.2263360850421665,-0.25044692771084376,0.3218039638554225,0.03740660330291164,0.006385016957323133,1.0,122.2,5,2.0,4,6,3,
0,5,skew_bp=5/k=2/min_edge_bp=4/soft_limit_clips=6/m_ticks=4,0.2666715348411567,0.5516005460167602,7.8,5.0,0.0,-0.061517445971588904,0.2263360850421665,-0.25044692771084376,0.3218039638554225,0.03740660330291164,0.006385016957323133,1.0,122.2,5,2.0,4,6,4,
0,5,skew_bp=5/k=2/min_edge_bp=4/soft_limit_clips=12/m_ticks=2,0.2900989883213317,0.7467272855617111,7.2,5.0,0.0,-0.0732529148838739,0.21467808664216143,-0.2467469277108437,0.35573396385542233,0.04118407381519164,0.007617939349783133,1.0,184.0,5,2.0,4,12,2,
0,5,skew_bp=5/k=2/min_edge_bp=4/soft_limit_clips=12/m_ticks=3,0.2900989883213317,0.7467272855617111,7.2,5.0,0.0,-0.0732529148838739,0.21467808664216143,-0.2467469277108437,0.35573396385542233,0.04118407381519164,0.007617939349783133,1.0,184.0,5,2.0,4,12,3,
0,5,skew_bp=5/k=2/min_edge_bp=4/soft_limit_clips=12/m_ticks=4,0.2900989883213317,0.7467272855617111,7.2,5.0,0.0,-0.0732529148838739,0.21467808664216143,-0.2467469277108437,0.35573396385542233,0.04118407381519164,0.007617939349783133,1.0,184.0,5,2.0,4,12,4,
0,5,skew_bp=10/k=0/min_edge_bp=0/soft_limit_clips=3/m_ticks=2,-9.4348765712997,5.443565063151049,2528.8,5.0,0.0,-9.363600256318453,4.104503766055035,-9.278559302663137,-0.0755568521443287,4.18954471971035,0.0042805371630816255,1.0,169.6693204053672,10,0.0,0,3,2,
0,5,skew_bp=10/k=0/min_edge_bp=0/soft_limit_clips=3/m_ticks=3,-7.70658777180042,4.039984326402372,2296.0,5.0,0.0,-7.390100617498396,4.701851434135923,-8.442676903272698,-0.32028562197427934,3.649275148361622,0.0037984676722553705,1.0,155.5709847051151,10,0.0,0,3,3,
0,5,skew_bp=10/k=0/min_edge_bp=0/soft_limit_clips=3/m_ticks=4,-6.130479182673295,2.959618082657934,2074.4,5.0,0.0,-5.834619634276934,4.766099278223466,-7.504947370081891,-0.296099190337645,3.095771542418509,0.00023964194128385294,1.0,172.1541337728203,10,0.0,0,3,4,
0,5,skew_bp=10/k=0/min_edge_bp=0/soft_limit_clips=6/m_ticks=2,-9.134036942435284,5.277815990846042,2584.8,5.0,0.0,-9.127084637909785,4.8824693158532675,-9.701165278481533,-0.01289836641796116,4.308388675281522,0.005946061892463196,1.0,263.7880318330401,10,0.0,0,6,2,
0,5,skew_bp=10/k=0/min_edge_bp=0/soft_limit_clips=6/m_ticks=3,-7.768185352809482,4.318116302296851,2365.2,5.0,0.0,-7.544835266334078,5.259639645573816,-8.953830889632922,-0.2266004816394215,3.8506440222749716,0.00325039516401751,1.0,272.7630228478788,10,0.0,0,6,3,
0,5,skew_bp=10/k=0/min_edge_bp=0/soft_limit_clips=6/m_ticks=4,-6.613512484547783,3.4795018960913286,2207.0,5.0,0.0,-6.196603668311063,5.3490310859518315,-8.195634697851217,-0.4219689819132978,3.3500000564116776,0.005060165676577373,1.0,277.6666213336362,10,0.0,0,6,4,
0,5,skew_bp=10/k=0/min_edge_bp=0/soft_limit_clips=12/m_ticks=2,-8.47568497155252,5.303099587374019,2594.0,5.0,0.0,-8.728849044706559,5.483219992244444,-9.893095774673181,0.24503021855928814,4.3189732622778205,0.008133854594751206,1.0,313.60381946029213,10,0.0,0,12,2,
0,5,skew_bp=10/k=0/min_edge_bp=0/soft_limit_clips=12/m_ticks=3,-7.888362256273412,4.732454045964969,2469.2,5.0,0.0,-7.809498489336633,5.736215976438748,-9.495669674097172,-0.08595175221451878,4.050044791678209,0.007087985277740785,1.0,323.7135408619053,10,0.0,0,12,3,
0,5,skew_bp=10/k=0/min_edge_bp=0/soft_limit_clips=12/m_ticks=4,-6.8757261150875335,3.8149423284076525,2284.4,5.0,0.0,-6.563668467389033,5.692690012181904,-8.70244457649585,-0.32236602958047467,3.553913903075087,0.010308381881973899,1.0,342.4666529408792,10,0.0,0,12,4,
0,5,skew_bp=10/k=0/min_edge_bp=1/soft_limit_clips=3/m_ticks=2,-7.505457531141372,4.658186707888239,2016.6,5.0,0.0,-7.408588051229932,3.9589376359132276,-7.951644381048982,-0.09838083874294368,3.4158813060941773,0.001511358831504994,1.0,155.91177990391202,10,0.0,1,3,2,
0,5,skew_bp=10/k=0/min_edge_bp=1/soft_limit_clips=3/m_ticks=3,-6.273165881242517,3.6992138050836267,1868.2,5.0,0.0,-6.04019232443919,4.482548096517505,-7.443144984513566,-0.23572064285000102,3.0795954364431304,0.002747086046675183,1.0,153.9105925760366,10,0.0,1,3,3,
0,5,skew_bp=10/k=0/min_edge_bp=1/soft_limit_clips=3/m_ticks=4,-5.104402702422722,2.9424616703306623,1710.6,5.0,0.0,-5.046326329703598,4.596883051154786,-6.930172167917635,-0.05917012802148029,2.7130372129407476,0.0010937553023567317,1.2,169.80507783974633,10,0.0,1,3,4,
0,5,skew_bp=10/k=0/min_edge_bp=1/soft_limit_clips=6/m_ticks=2,-6.311579562774535,4.073880977418967,1876.8,5.0,0.0,-6.550925265841963,4.601410989659517,-7.906427721160635,0.23662945348179348,3.245908534340843,0.0027162495856351185,1.0,239.52772596487495,10,0.0,1,6,2,
0,5,skew_bp=10/k=0/min_edge_bp=1/soft_limit_clips=6/m_ticks=3,-5.806769523967833,3.72550914076471,1778.4,5.0,0.0,-5.747559362129621,4.813568708053938,-7.551256206357341,-0.0640563627467821,3.0098718638262167,0.004846200908569549,1.0,218.64767062356515,10,0.0,1,6,3,
0,5,skew_bp=10/k=0/min_edge_bp=1/soft_limit_clips=6/m_ticks=4,-4.881671312303399,3.127677967953282,1675.4,5.0,0.0,-4.9367497705282535,4.904774106786229,-7.093679317967616,0.05237986727467856,2.747844559346867,0.0026985909501754317,1.0,236.43931403564906,10,0.0,1,6,4,
0,5,skew_bp=10/k=0/min_edge_bp=1/soft_limit_clips=12/m_ticks=2,-5.523563489705339,3.894906804391549,1760.0,5.0,0.0,-5.811518352478229,5.02960102546229,-7.761006618176583,0.2841825249392894,3.080112759763937,0.003772337833600911,1.0,252.2929824236855,10,0.0,1,12,2,
0,5,skew_bp=10/k=0/min_edge_bp=1/soft_limit_clips=12/m_ticks=3,-5.288732741978509,3.776176034263285,1738.2,5.0,0.0,-5.5304886787298155,5.134538724832241,-7.673883386769406,0.23712479571220718,2.991144016792652,0.004631141039099573,1.0,253.68034555616154,10,0.0,1,12,3,
0,5,skew_bp=10/k=0/min_edge_bp=1/soft_limit_clips=12/m_ticks=4,-4.931886520948532,3.379472336156777,1671.6,5.0,0.0,-4.941634107281018,5.202041655323849,-7.328411778567701,0.002884388987011288,2.8152639840371663,0.006863197345475862,1.0,309.48232619805145,10,0.0,1,12,4,
0,5,skew_bp=10/k=0/min_edge_bp=2/soft_limit_clips=3/m_ticks=2,-5.360838677092021,3.520285586954665,1518.0,5.0,0.0,-5.6179088193671705,3.7203076206047205,-6.680111363837236,0.25582194496381894,2.658105076134655,0.0012481973113308352,1.0,164.92818366382394,10,0.0,2,3,2,
0,5,skew_bp=10/k=0/min_edge_bp=2/soft_limit_clips=3/m_ticks=3,-4.699956088660185,3.061327925734279,1452.0,5.0,0.0,-4.819474770594056,4.083533666036946,-6.4243984085816574,0.11574875853910713,2.4786100280493426,0.0037699233947623813,1.0,155.77078277141743,10,0.0,2,3,3,
0,5,skew_bp=10/k=0/min_edge_bp=2/soft_limit_clips=3/m_ticks=4,-4.122088684729494,2.7114892485928883,1354.4,5.0,0.0,-4.1142669672056735,4.134090889944721,-6.015531264859724,-0.00958241239802371,2.232826592290671,0.0017606948742025011,1.2,160.98235217913916,10,0.0,2,3,4,
0,5,skew_bp=10/k=0/min_edge_bp=2/soft_limit_clips=6/m_ticks=2,-4.226425909760678,2.8911895878922693,1305.2,5.0,0.0,-4.417700671394186,4.058113630433805,-6.161160531506652,0.1890006686676883,2.31465377032134,0.0022740929658207577,1.0,238.92950994488126,10,0.0,2,6,2,
0,5,skew_bp=10/k=0/min_edge_bp=2/soft_limit_clips=6/m_ticks=3,-3.9265405870455155,2.8638305034070655,1278.4,5.0,0.0,-4.184807955955054,4.229098662717535,-6.164303889018379,0.2564225662890874,2.249602729654209,0.0018448026204511965,1.0,237.63815001899076,10,0.0,2,6,3,
0,5,skew_bp=10/k=0/min_edge_bp=2/soft_limit_clips=6/m_ticks=4,-3.6247238185118116,2.586437469462529,1232.0,5.0,0.0,-3.7172554182810975,4.3261621264705745,-5.908044894020101,0.09024643067866603,2.1353726507315707,0.0022851690906197466,1.0,239.50588535344588,10,0.0,2,6,4,
0,5,skew_bp=10/k=0/min_edge_bp=2/soft_limit_clips=12/m_ticks=2,-3.486746191253521,2.4905430266213946,1167.8,5.0,0.0,-3.681956704861728,4.314900492858125,-5.87529999704513,0.18953098651918726,2.1215572006747228,0.005679527089019551,1.0,353.722689084178,10,0.0,2,12,2,
0,5,skew_bp=10/k=0/min_edge_bp=2/soft_limit_clips=12/m_ticks=3,-3.3895565105927696,2.449025526675145,1149.4,5.0,0.0,-3.518820557882802,4.377725447701444,-5.812229236254181,0.1238313408211976,2.084316769330065,0.005432706468834463,1.0,353.398130236815,10,0.0,2,12,3,
0,5,skew_bp=10/k=0/min_edge_bp=2/soft_limit_clips=12/m_ticks=4,-3.1408536175254262,2.1792575691663743,1125.2,5.0,0.0,-3.369661917906156,4.421101806203609,-5.757341920490965,0.22415805993624055,2.0334218036187997,0.004650240444489369,1.0,350.7876909497867,10,0.0,2,12,4,
0,5,skew_bp=10/k=0/min_edge_bp=4/soft_limit_clips=3/m_ticks=2,-2.524105825880404,1.9349317779879756,836.0,5.0,0.0,-2.9409682560435746,2.99512828788337,-4.3924915317904745,0.4151613011792958,1.5436050121364695,0.001701128983874551,1.0,140.41729618073754,10,0.0,4,3,2,
0,5,skew_bp=10/k=0/min_edge_bp=4/soft_limit_clips=3/m_ticks=3,-2.5230478083629415,1.980468322362351,808.4,5.0,0.0,-2.725579185811993,3.1543235872455346,-4.405829713041292,0.20102031968176282,1.4740730600162362,0.0015110577672888864,1.0,149.0744979717129,10,0.0,4,3,3,
0,5,skew_bp=10/k=0/min_edge_bp=4/soft_limit_clips=3/m_ticks=4,-2.3332423280343333,1.5152195984570622,774.8,5.0,0.0,-2.331543249484175,3.291732682849723,-4.237633108915559,-0.0023933168410942953,1.3856428234183393,0.000694238290936095,1.0,179.51427732699946,10,0.0,4,3,4,
0,5,skew_bp=10/k=0/min_edge_bp=4/soft_limit_clips=6/m_ticks=2,-2.0309265311879097,1.296157637844926,650.2,5.0,0.0,-2.1910241826499277,3.171787422199906,-4.091498188503365,0.15711657129861498,1.2713134163464683,0.0029810801634031765,1.0,278.57163867730475,10,0.0,4,6,2,
0,5,skew_bp=10/k=0/min_edge_bp=4/soft_limit_clips=6/m_ticks=3,-1.955827183103083,1.3202834802693895,619.8,5.0,0.0,-2.0764707273808485,3.145427498098081,-4.001444538942761,0.11889295893559315,1.2204536865361695,0.001750585342172127,1.0,272.72762153270116,10,0.0,4,6,3,
0,5,skew_bp=10/k=0/min_edge_bp=4/soft_limit_clips=6/m_ticks=4,-1.7894416777773472,1.3012837204517054,627.8,5.0,0.0,-1.996537784171266,3.174274907278671,-3.971888040815537,0.2029835696964622,1.198924650634399,0.0041125366974562325,1.0,308.56742615806195,10,0.0,4,6,4,
0,5,skew_bp=10/k=0/min_edge_bp=4/soft_limit_clips=12/m_ticks=2,-1.5975857871489414,0.9856045809719762,535.4,5.0,0.0,-1.6818182138865463,3.120162559753111,-3.728273754129289,0.07915095857676988,1.0737070195103686,0.005081468160835318,1.0,350.0537633293258,10,0.0,4,12,2,
0,5,skew_bp=10/k=0/min_edge_bp=4/soft_limit_clips=12/m_ticks=3,-1.7226328178407595,1.007238752553296,533.0,5.0,0.0,-1.6364454434811517,3.1121921043428005,-3.6897268614319563,-0.09178600439185818,1.0589106863919955,0.005598630032250432,1.0,344.916258845188,10,0.0,4,12,3,
0,5,skew_bp=10/k=0/min_edge_bp=4/soft_limit_clips=12/m_ticks=4,-1.7428561314806266,1.1630554476187904,533.6,5.0,0.0,-1.603943318680074,3.177362297810501,-3.7155317532363306,-0.1443474889403784,1.0657738632542446,0.005434676139825718,1.0,347.0537633293258,10,0.0,4,12,4,
0,5,skew_bp=10/k=0.5/min_edge_bp=0/soft_limit_clips=3/m_ticks=2,-1.493438916500208,0.6537759062335589,428.4,5.0,0.0,-1.6000417685307262,2.447841001176942,-3.1286768058483743,0.10573177393917832,0.9192059638592938,0.0008710780913398032,1.0,151.0040147880375,10,0.5,0,3,2,
0,5,skew_bp=10/k=0.5/min_edge_bp=0/soft_limit_clips=3/m_ticks=3,-1.290625166382732,0.5373762992543687,431.0,5.0,0.0,-1.5085783625890152,2.5310795215131288,-3.1271394019462244,0.21638100058724308,0.9125184821559194,0.0015721956190402648,1.0,146.12902818933946,10,0.5,0,3,3,
0,5,skew_bp=10/k=0.5/min_edge_bp=0/soft_limit_clips=3/m_ticks=4,-1.0331916204795606,0.6601750985421733,428.6,5.0,0.0,-1.4546025944120355,2.5386163751885267,-3.104266047987319,0.41995208097604075,0.8889529216132429,0.001458892956433986,1.0,174.1288324574508,10,0.5,0,3,4,
0,5,skew_bp=10/k=0.5/min_edge_bp=0/soft_limit_clips=6/m_ticks=2,-1.231786924892508,0.6555392640815286,326.2,5.0,0.0,-1.133176029166807,2.400294720614112,-2.7896207963231605,-0.10046484349472266,0.7438499534577587,0.0018539477690215505,1.0,227.29526507412837,10,0.5,0,6,2,
0,5,skew_bp=10/k=0.5/min_edge_bp=0/soft_limit_clips=6/m_ticks=3,-1.0841109811422496,0.7669160542618736,324.2,5.0,0.0,-1.0902600403203864,2.4140269235849336,-2.7590893491844994,0.005664315521496955,0.7451976147208208,0.0004847436566399356,1.0,227.3952650741284,10,0.5,0,6,3,
0,5,skew_bp=10/k=0.5/min_edge_bp=0/soft_limit_clips=6/m_ticks=4,-1.2641197755827356,0.8110874924487682,319.0,5.0,0.0,-1.0957323386179614,2.381095795188797,-2.741522247738446,-0.16908030263004706,0.7353058860683124,0.0006928656652728296,1.0,287.6952650741284,10,0.5,0,6,4,
0,5,skew_bp=10/k=0.5/min_edge_bp=0/soft_limit_clips=12/m_ticks=2,-0.8634005650181965,0.6191369227324295,286.6,5.0,0.0,-0.9860874357496261,2.3597169428453224,-2.670450188296273,0.12095953100870505,0.6753541902986752,0.001727339722724398,1.0,430.39526507412836,10,0.5,0,12,2,
0,5,skew_bp=10/k=0.5/min_edge_bp=0/soft_limit_clips=12/m_ticks=3,-0.8611923520387166,0.6038674310178173,288.0,5.0,0.0,-0.9822718197235456,2.3595872960684305,-2.6688549961081853,0.11943579355141676,0.6730041196837908,0.001643674133412313,1.0,430.39526507412836,10,0.5,0,12,3,
0,5,skew_bp=10/k=0.5/min_edge_bp=0/soft_limit_clips=12/m_ticks=4,-0.9054201876285157,0.6245697435774945,286.6,5.0,0.0,-0.9814482628546823,2.355608890445599,-2.667360600034468,0.07415072757250134,0.6696965532658139,0.0018773476536650437,1.0,430.39526507412836,10,0.5,0,12,4,
0,5,skew_bp=10/k=0.5/min_edge_bp=1/soft_limit_clips=3/m_ticks=2,-0.9970512971008499,0.25998749947559474,317.4,5.0,0.0,-1.1405069946076931,2.1879365663237267,-2.6210298116028836,0.1428553451375691,0.7074137493285362,0.0006003523692740258,1.0,153.67275204323855,10,0.5,1,3,2,
0,5,skew_bp=10/k=0.5/min_edge_bp=1/soft_limit_clips=3/m_ticks=3,-0.9080826861397282,0.5182572477375101,305.8,5.0,0.0,-1.1028529277577266,2.148988494145004,-2.5713607178964204,0.19491916866193854,0.6804807040063104,-0.0001489270439402261,1.0,159.04474955075318,10,0.5,1,3,3,
0,5,skew_bp=10/k=0.5/min_edge_bp=1/soft_limit_clips=3/m_ticks=4,-0.8909312365876735,0.39543397590146545,303.0,5.0,0.0,-1.0165278611438864,2.1880330248159057,-2.5363988405715987,0.1256955920723281,0.6681620453881936,-9.896751611506172e-05,1.0,165.65159226843375,10,0.5,1,3,4,
0,5,skew_bp=10/k=0.5/min_edge_bp=1/soft_limit_clips=6/m_ticks=2,-0.8887400634199853,0.4067451342958645,241.2,5.0,0.0,-0.8314095218141795,2.1044468201620576,-2.3684191575581615,-0.059530257660817876,0.5674371844180761,0.0021997160550122734,1.0,289.18402873272265,10,0.5,1,6,2,
0,5,skew_bp=10/k=0.5/min_edge_bp=1/soft_limit_clips=6/m_ticks=3,-0.6269908793870902,0.32714630861409405,242.0,5.0,0.0,-0.7915947864791384,2.1239596163058803,-2.3493688725105324,0.16146734351498723,0.5661855302744863,0.0031365635770607995,1.0,289.2840287327226,10,0.5,1,6,3,
0,5,skew_bp=10/k=0.5/min_edge_bp=1/soft_limit_clips=6/m_ticks=4,-0.6438778058275378,0.3698477473719636,235.8,5.0,0.0,-0.8081306488893617,2.0847930710695315,-2.3385057492513015,0.16118596171247662,0.5544179707075917,0.0030668813493471845,1.0,289.2840287327226,10,0.5,1,6,4,
0,5,skew_bp=10/k=0.5/min_edge_bp=1/soft_limit_clips=12/m_ticks=2,-0.8192422837113492,0.9831691606873404,214.0,5.0,0.0,-0.7076876571338782,2.078931303829903,-2.2766649602184437,-0.11461189024166236,0.5099540007453376,0.0030572636641912113,1.0,357.7832345086713,10,0.5,1,12,2,
0,5,skew_bp=10/k=0.5/min_edge_bp=1/soft_limit_clips=12/m_ticks=3,-0.808002835118141,1.01089753868544,213.8,5.0,0.0,-0.6923588245311709,2.077450415971281,-2.2623401012977524,-0.11844138565527965,0.5074691392047,0.002797375068309516,1.0,357.7832345086713,10,0.5,1,12,3,
0,5,skew_bp=10/k=0.5/min_edge_bp=1/soft_limit_clips=12/m_ticks=4,-0.8021667220321266,1.0038307244660039,214.0,5.0,0.0,-0.7091844873340152,2.0912199162780887,-2.291316300936317,-0.09747344195921466,0.5090881026757866,0.0044912072611033105,1.0,357.7832345086713,10,0.5,1,12,4,
0,5,skew_bp=10/k=0.5/min_edge_bp=2/soft_limit_clips=3/m_ticks=2,-0.6967220960720631,0.5794127950286542,241.6,5.0,0.0,-0.8696998490684951,1.9320928931365606,-2.252551663111875,0.17370580491548968,0.5492410790931805,-0.0007280519190577728,1.0,148.0333937133374,10,0.5,2,3,2,
0,5,skew_bp=10/k=0.5/min_edge_bp=2/soft_limit_clips=3/m_ticks=3,-0.7908244808445735,0.5417841008300062,235.4,5.0,0.0,-0.825911813490991,1.8996342052970463,-2.2011522547735423,0.03451595186206857,0.5243937640144946,0.0005713807843489558,1.0,170.03133085414063,10,0.5,2,3,3,
0,5,skew_bp=10/k=0.5/min_edge_bp=2/soft_limit_clips=3/m_ticks=4,-0.7023970499987517,0.5925175524261,230.2,5.0,0.0,-0.7972642334759242,1.8276398693823193,-2.120732863047473,0.09362299248713493,0.5041712398107707,0.0012441909900375477,1.0,166.3732404847425,10,0.5,2,3,4,
0,5,skew_bp=10/k=0.5/min_edge_bp=2/soft_limit_clips=6/m_ticks=2,-0.539319896010953,0.22262902132681361,187.4,5.0,0.0,-0.6734917360423648,1.841292209699887,-2.0695895960960713,0.12929306226985737,0.44519434964618015,0.004878777761554394,1.0,287.42171500366453,10,0.5,2,6,2,
0,5,skew_bp=10/k=0.5/min_edge_bp=2/soft_limit_clips=6/m_ticks=3,-0.789861519518752,0.24134063636122374,183.2,5.0,0.0,-0.6619550759102383,1.825004890947162,-2.048230738772939,-0.13313501860404786,0.4387292280844616,0.005228574995534299,1.0,291.5842199268627,10,0.5,2,6,3,
0,5,skew_bp=10/k=0.5/min_edge_bp=2/soft_limit_clips=6/m_ticks=4,-0.6426046424879248,0.36926044119724183,182.2,5.0,0.0,-0.6279201241378768,1.8597305197682954,-2.04813816108985,-0.020558260668979766,0.43951248281632205,0.00587374231893184,1.0,287.42171500366453,10,0.5,2,6,4,
0,5,skew_bp=10/k=0.5/min_edge_bp=2/soft_limit_clips=12/m_ticks=2,-0.6521658188322531,0.9931707627079179,169.2,5.0,0.0,-0.5996919110129882,1.856497711975394,-2.045151835566625,-0.057401708340281174,0.4110377874217573,0.004927800521016322,1.0,297.2035190147168,10,0.5,2,12,2,
0,5,skew_bp=10/k=0.5/min_edge_bp=2/soft_limit_clips=12/m_ticks=3,-0.6157847268835991,0.986964827991688,169.4,5.0,0.0,-0.5942117574518457,1.8577950061064747,-2.042358073023157,-0.026820323839543646,0.40964869053516323,0.005247354407790267,1.0,297.2035190147168,10,0.5,2,12,3,
0,5,skew_bp=10/k=0.5/min_edge_bp=2/soft_limit_clips=12/m_ticks=4,-0.590021950636354,0.9993473941187548,170.8,5.0,0.0,-0.5916993806220846,1.860330587049288,-2.0420905977237553,-0.0035433975670820404,0.40993936994761737,0.005220827552812719,1.0,297.2035190147168,10,0.5,2,12,4,
0,5,skew_bp=10/k=0.5/min_edge_bp=4/soft_limit_clips=3/m_ticks=2,-0.5105397699635559,0.3491892780686476,134.0,5.0,0.0,-0.5000669444126957,1.4757710958895136,-1.6496143561313885,-0.011477002896710475,0.3262236841708206,0.0010041773458503932,1.0,131.1000000000002,10,0.5,4,3,2,
0,5,skew_bp=10/k=0.5/min_edge_bp=4/soft_limit_clips=3/m_ticks=3,-0.4483604405609968,0.3973931596385207,133.6,5.0,0.0,-0.5230977079142186,1.4847065694217867,-1.680093510924653,0.07312609822600986,0.32771076641135244,0.0016111691272120113,1.0,139.74204586006456,10,0.5,4,3,3,
0,5,skew_bp=10/k=0.5/min_edge_bp=4/soft_limit_clips=3/m_ticks=4,-0.34366060834238077,0.374718512301041,138.0,5.0,0.0,-0.4332017815049225,1.4874590567414239,-1.5951777426937812,0.08724162379037878,0.32548309555256505,0.0022995493721629035,1.0,143.35076591994485,10,0.5,4,3,4,
0,5,skew_bp=10/k=0.5/min_edge_bp=4/soft_limit_clips=6/m_ticks=2,-0.386896755682762,0.631523569689705,113.8,5.0,0.0,-0.40082722806786786,1.5503516121602268,-1.6521648519721293,0.010148080826968853,0.2990139882559654,0.0037823915581370856,1.0,163.90000000000012,10,0.5,4,6,2,
0,5,skew_bp=10/k=0.5/min_edge_bp=4/soft_limit_clips=6/m_ticks=3,-0.3474436725922229,0.6189102830100119,114.0,5.0,0.0,-0.39370895696341923,1.551341240102706,-1.646292519508276,0.04233521414740267,0.2987576775578492,0.003930070223793651,1.0,190.24343434343447,10,0.5,4,6,3,
0,5,skew_bp=10/k=0.5/min_edge_bp=4/soft_limit_clips=6/m_ticks=4,-0.3831913548602873,0.6178639985539481,114.2,5.0,0.0,-0.38803923557441333,1.5628166412882547,-1.6514151452373298,0.0008625168076086265,0.2994407316253382,0.003985363906517407,1.0,205.12444353550154,10,0.5,4,6,4,
0,5,skew_bp=10/k=0.5/min_edge_bp=4/soft_limit_clips=12/m_ticks=2,-0.10733932356056926,0.847239413387048,99.8,5.0,0.0,-0.3415927366735276,1.4896185536654172,-1.5596430195808615,0.2278036810284169,0.2715682707580832,0.006449732084541399,1.0,278.40000000000003,10,0.5,4,12,2,
0,5,skew_bp=10/k=0.5/min_edge_bp=4/soft_limit_clips=12/m_ticks=3,-0.14343194750300894,0.837570715498379,99.6,5.0,0.0,-0.3472897942159675,1.4831361128654172,-1.5604270195808616,0.1973956810284171,0.26999888750052314,0.006462165684541399,1.0,278.40000000000003,10,0.5,4,12,3,
0,5,skew_bp=10/k=0.5/min_edge_bp=4/soft_limit_clips=12/m_ticks=4,-0.14343194750300786,0.8375707154983769,99.8,5.0,0.0,-0.34728979421596745,1.4831361128654172,-1.5604270195808616,0.19739568102841812,0.26999888750052314,0.006462165684541399,1.0,278.40000000000003,10,0.5,4,12,4,
0,5,skew_bp=10/k=1/min_edge_bp=0/soft_limit_clips=3/m_ticks=2,-0.41789889622619836,0.13656567588471877,116.8,5.0,0.0,-0.41879448362623,1.3842665806386005,-1.498633497170061,0.0007179399659490882,0.30442756709476926,0.00017764743408258017,1.0,141.9,10,1.0,0,3,2,
0,5,skew_bp=10/k=1/min_edge_bp=0/soft_limit_clips=3/m_ticks=3,-0.46168748899329604,0.15060080633567507,121.6,5.0,0.0,-0.44085573534073896,1.4010213543147068,-1.5371327017645808,-0.0218575557685984,0.30474438789086455,0.001025802116041427,1.0,141.9,10,1.0,0,3,3,
0,5,skew_bp=10/k=1/min_edge_bp=0/soft_limit_clips=3/m_ticks=4,-0.4634997620903777,0.10702404764607965,122.4,5.0,0.0,-0.43108696487873105,1.3375454963191427,-1.4791480135623476,-0.034175290746489395,0.28948444763552617,0.0017624935348427642,1.0,141.9,10,1.0,0,3,4,
0,5,skew_bp=10/k=1/min_edge_bp=0/soft_limit_clips=6/m_ticks=2,-0.43758399369586254,0.8993401125799334,104.6,5.0,0.0,-0.3729718109850212,1.3514997031338225,-1.455950107626073,-0.06755736170447739,0.2685214064927708,0.0029451789936360286,1.0,240.40000000000003,10,1.0,0,6,2,
0,5,skew_bp=10/k=1/min_edge_bp=0/soft_limit_clips=6/m_ticks=3,-0.44930735357494644,0.9098637070640533,106.4,5.0,0.0,-0.3752428733667811,1.3550139162812953,-1.4617354106563756,-0.07690545261355788,0.2685213789917013,0.0028409724053925925,1.0,240.40000000000003,10,1.0,0,6,3,
0,5,skew_bp=10/k=1/min_edge_bp=0/soft_limit_clips=6/m_ticks=4,-0.4698442581609038,0.9184074715598685,103.8,5.0,0.0,-0.37404870258867695,1.3531999356267863,-1.4602507915442655,-0.09829971697654187,0.26699784667119775,0.002504161404315049,1.0,240.40000000000003,10,1.0,0,6,4,
0,5,skew_bp=10/k=1/min_edge_bp=0/soft_limit_clips=12/m_ticks=2,-0.060242918142510635,0.7893049761483032,94.0,5.0,0.0,-0.2887870231600501,1.2945485410767381,-1.3413478451230565,0.22230431810094337,0.24198771911373157,0.006239786916596017,1.0,315.60000000000014,10,1.0,0,12,2,
0,5,skew_bp=10/k=1/min_edge_bp=0/soft_limit_clips=12/m_ticks=3,-0.060242918142510635,0.7893049761483032,94.0,5.0,0.0,-0.2887870231600501,1.2945485410767381,-1.3413478451230565,0.22230431810094337,0.24198771911373157,0.006239786916596017,1.0,315.60000000000014,10,1.0,0,12,3,
0,5,skew_bp=10/k=1/min_edge_bp=0/soft_limit_clips=12/m_ticks=4,-0.060242918142510635,0.7893049761483032,94.0,5.0,0.0,-0.2887870231600501,1.2945485410767381,-1.3413478451230565,0.22230431810094337,0.24198771911373157,0.006239786916596017,1.0,315.60000000000014,10,1.0,0,12,4,
0,5,skew_bp=10/k=1/min_edge_bp=1/soft_limit_clips=3/m_ticks=2,-0.19216630555994627,0.38433992831699487,92.4,5.0,0.0,-0.3095464969305209,1.2100090497417741,-1.2740028732737316,0.11767630237546697,0.24555267339856318,-0.0002961110048923611,1.0,134.3000000000002,10,1.0,1,3,2,
0,5,skew_bp=10/k=1/min_edge_bp=1/soft_limit_clips=3/m_ticks=3,-0.18163275842260268,0.42849908312614887,89.2,5.0,0.0,-0.2976257936393676,1.193567185834517,-1.2537088820327806,0.11594106481471793,0.2374840974411036,5.197040204696409e-05,1.0,135.44342665171854,10,1.0,1,3,3,
0,5,skew_bp=10/k=1/min_edge_bp=1/soft_limit_clips=3/m_ticks=4,-0.20879529668072547,0.32541035514746475,93.4,5.0,0.0,-0.3295361787878296,1.1824792252986627,-1.2742884015703262,0.12023660146020818,0.23772700251616613,0.0005042806468959226,1.0,153.0826995501355,10,1.0,1,3,4,
0,5,skew_bp=10/k=1/min_edge_bp=1/soft_limit_clips=6/m_ticks=2,-0.20331502344377167,0.6462386022785338,83.4,5.0,0.0,-0.309425766176359,1.1824269959362346,-1.275773566447932,0.10385009576131599,0.21607919566466133,0.00226064697127117,1.0,201.50000000000017,10,1.0,1,6,2,
0,5,skew_bp=10/k=1/min_edge_bp=1/soft_limit_clips=6/m_ticks=3,-0.18154424116489792,0.6344981183957025,84.2,5.0,0.0,-0.3087173092540468,1.1834943933847186,-1.2763738694782347,0.12502300485222104,0.2158378331605307,0.002150063236927736,1.0,222.84343434343452,10,1.0,1,6,3,
0,5,skew_bp=10/k=1/min_edge_bp=1/soft_limit_clips=6/m_ticks=4,-0.21849700086337118,0.6577053583102944,84.4,5.0,0.0,-0.3077502187700064,1.1924521577757574,-1.2834433941788337,0.08654793112468506,0.2167589823669302,0.0027052867819501916,1.0,231.15840440331482,10,1.0,1,6,4,
0,5,skew_bp=10/k=1/min_edge_bp=1/soft_limit_clips=12/m_ticks=2,0.01839916982672294,0.8452396708034858,74.6,5.0,0.0,-0.23026438173623384,1.1809216811113916,-1.2075840845114396,0.239328597213113,0.20360197833618582,0.009334954349843824,1.0,315.9000000000001,10,1.0,1,12,2,
0,5,skew_bp=10/k=1/min_edge_bp=1/soft_limit_clips=12/m_ticks=3,0.01839916982672294,0.8452396708034858,74.6,5.0,0.0,-0.23026438173623384,1.1809216811113916,-1.2075840845114396,0.239328597213113,0.20360197833618582,0.009334954349843824,1.0,315.9000000000001,10,1.0,1,12,3,
0,5,skew_bp=10/k=1/min_edge_bp=1/soft_limit_clips=12/m_ticks=4,0.01839916982672294,0.8452396708034858,74.6,5.0,0.0,-0.23026438173623384,1.1809216811113916,-1.2075840845114396,0.239328597213113,0.20360197833618582,0.009334954349843824,1.0,315.9000000000001,10,1.0,1,12,4,
0,5,skew_bp=10/k=1/min_edge_bp=2/soft_limit_clips=3/m_ticks=2,-0.15814478633523643,0.3308562528157187,75.8,5.0,0.0,-0.24714872211483846,1.1228477569233326,-1.1635109393155836,0.08819018313275728,0.20648553972258762,0.0008137526468446902,1.0,132.30000000000015,10,1.0,2,3,2,
0,5,skew_bp=10/k=1/min_edge_bp=2/soft_limit_clips=3/m_ticks=3,-0.20592196045854486,0.41830926410493274,73.8,5.0,0.0,-0.25613574592446803,1.0980431474334709,-1.1525479186169598,0.04955815428366979,0.20163097474097894,0.0006556311822533741,1.0,149.84342665171846,10,1.0,2,3,3,
0,5,skew_bp=10/k=1/min_edge_bp=2/soft_limit_clips=3/m_ticks=4,-0.33293760114063736,0.34872134991759735,72.0,5.0,0.0,-0.2889766079308479,1.0576046902820344,-1.1545721809402332,-0.04434763278697127,0.19200911727264905,0.00038663957718178754,1.0,153.18269955013548,10,1.0,2,3,4,
0,5,skew_bp=10/k=1/min_edge_bp=2/soft_limit_clips=6/m_ticks=2,-0.04253386988440797,0.7850466431642837,65.8,5.0,0.0,-0.2288312628293224,1.0801506987473917,-1.1303710268626286,0.18371725317820659,0.17861093471408548,0.002580139766707846,1.0,242.80000000000018,10,1.0,2,6,2,
0,5,skew_bp=10/k=1/min_edge_bp=2/soft_limit_clips=6/m_ticks=3,-0.04847249450287354,0.7844616307954906,65.2,5.0,0.0,-0.2255669508043554,1.079376364095876,-1.1269803298929315,0.17456616226911753,0.1779629850072999,0.0025282940323644114,1.0,225.14343434343454,10,1.0,2,6,3,
0,5,skew_bp=10/k=1/min_edge_bp=2/soft_limit_clips=6/m_ticks=4,-0.04197058211251868,0.7817060018346063,65.4,5.0,0.0,-0.23251194169505912,1.0694291258648243,-1.1252366257679274,0.18803350979418781,0.1767044417919558,0.0025078497883526457,1.0,223.93718434343452,10,1.0,2,6,4,
0,5,skew_bp=10/k=1/min_edge_bp=2/soft_limit_clips=12/m_ticks=2,0.4353947052377546,0.498034315053707,59.0,5.0,0.0,-0.19424053515179387,1.0551853158584277,-1.0802713872980652,0.624589986005484,0.16915446371215648,0.005045254384064536,1.0,352.30000000000024,10,1.0,2,12,2,-0.17907411710824314
0,5,skew_bp=10/k=1/min_edge_bp=2/soft_limit_clips=12/m_ticks=3,0.4353947052377546,0.498034315053707,59.0,5.0,0.0,-0.19424053515179387,1.0551853158584277,-1.0802713872980652,0.624589986005484,0.16915446371215648,0.005045254384064536,1.0,352.30000000000024,10,1.0,2,12,3,-0.1799655385091664
0,5,skew_bp=10/k=1/min_edge_bp=2/soft_limit_clips=12/m_ticks=4,0.4353947052377546,0.498034315053707,59.0,5.0,0.0,-0.19424053515179387,1.0551853158584277,-1.0802713872980652,0.624589986005484,0.16915446371215648,0.005045254384064536,1.0,352.30000000000024,10,1.0,2,12,4,-0.18114145038911483
0,5,skew_bp=10/k=1/min_edge_bp=4/soft_limit_clips=3/m_ticks=2,0.10681260724042159,0.5266640867515378,51.2,5.0,0.0,-0.24680776784246175,0.896890958105339,-1.0038500047204493,0.3536877880354816,0.13984872122735142,-6.741295259829975e-05,1.0,138.9000000000002,10,1.0,4,3,2,
0,5,skew_bp=10/k=1/min_edge_bp=4/soft_limit_clips=3/m_ticks=3,0.11961254694483063,0.5329478172516019,49.6,5.0,0.0,-0.24445207469461963,0.8908434909538236,-0.9966333077507524,0.364350697126392,0.13866225789769082,-0.0002860754869417342,1.0,138.9000000000002,10,1.0,4,3,3,
0,5,skew_bp=10/k=1/min_edge_bp=4/soft_limit_clips=3/m_ticks=4,0.11982035868388283,0.5014250380426584,51.8,5.0,0.0,-0.2319527438525973,0.9126473434906656,-1.0035804130139105,0.35221969712638707,0.14101967432935242,-0.00044659458990699665,1.0,138.9000000000002,10,1.0,4,3,4,
0,5,skew_bp=10/k=1/min_edge_bp=4/soft_limit_clips=6/m_ticks=2,0.3202940944948064,1.0698048356198329,45.2,5.0,0.0,-0.15988011085124507,0.886578060499998,-0.9179659999999981,0.4771060000000116,0.12849217135124505,0.0030682053460399953,1.0,235.0,10,1.0,4,6,2,
0,5,skew_bp=10/k=1/min_edge_bp=4/soft_limit_clips=6/m_ticks=3,0.3202940944948064,1.0698048356198329,45.2,5.0,0.0,-0.15988011085124507,0.886578060499998,-0.9179659999999981,0.4771060000000116,0.12849217135124505,0.0030682053460399953,1.0,235.0,10,1.0,4,6,3,
0,5,skew_bp=10/k=1/min_edge_bp=4/soft_limit_clips=6/m_ticks=4,0.3202940944948064,1.0698048356198329,45.2,5.0,0.0,-0.15988011085124507,0.886578060499998,-0.9179659999999981,0.4771060000000116,0.12849217135124505,0.0030682053460399953,1.0,235.0,10,1.0,4,6,4,
0,5,skew_bp=10/k=1/min_edge_bp=4/soft_limit_clips=12/m_ticks=2,0.46721368957868864,1.0718832796498232,40.4,5.0,0.0,-0.14531933655779333,0.8296940469763208,-0.8576755228265203,0.6104489030699227,0.1173378607075938,0.0020841230665591924,1.0,254.70000000000007,10,1.0,4,12,2,
0,5,skew_bp=10/k=1/min_edge_bp=4/soft_limit_clips=12/m_ticks=3,0.46721368957868864,1.0718832796498232,40.4,5.0,0.0,-0.14531933655779333,0.8296940469763208,-0.8576755228265203,0.6104489030699227,0.1173378607075938,0.0020841230665591924,1.0,254.70000000000007,10,1.0,4,12,3,
0,5,skew_bp=10/k=1/min_edge_bp=4/soft_limit_clips=12/m_ticks=4,0.46721368957868864,1.0718832796498232,40.4,5.0,0.0,-0.14531933655779333,0.8296940469763208,-0.8576755228265203,0.6104489030699227,0.1173378607075938,0.0020841230665591924,1.0,254.70000000000007,10,1.0,4,12,4,
0,5,skew_bp=10/k=2/min_edge_bp=0/soft_limit_clips=3/m_ticks=2,-0.04644405219939947,0.5219187342138095,22.0,5.0,0.0,-0.11600593666780612,0.4960743977763201,-0.5437508561598524,0.06689423640325413,0.0683294782842738,0.002667648065152526,1.0,144.5,10,2.0,0,3,2,
0,5,skew_bp=10/k=2/min_edge_bp=0/soft_limit_clips=3/m_ticks=3,-0.04644405219939947,0.5219187342138095,22.0,5.0,0.0,-0.11600593666780612,0.4960743977763201,-0.5437508561598524,0.06689423640325413,0.0683294782842738,0.002667648065152526,1.0,144.5,10,2.0,0,3,3,
0,5,skew_bp=10/k=2/min_edge_bp=0/soft_limit_clips=3/m_ticks=4,-0.04599996339939923,0.5221406790092242,22.2,5.0,0.0,-0.11556184786780617,0.4962963977763201,-0.5435288561598525,0.06689423640325445,0.06832938948427379,0.002667648065152526,1.0,144.5,10,2.0,0,3,4,
0,5,skew_bp=10/k=2/min_edge_bp=0/soft_limit_clips=6/m_ticks=2,0.16616799985141406,0.5619472045748414,19.4,5.0,0.0,-0.09429502129310847,0.48391807057631986,-0.5128968561598546,0.2530352364032501,0.0653162357095738,0.007427784741272529,1.0,168.20000000000002,10,2.0,0,6,2,
0,5,skew_bp=10/k=2/min_edge_bp=0/soft_limit_clips=6/m_ticks=3,0.16616799985141406,0.5619472045748414,19.4,5.0,0.0,-0.09429502129310847,0.48391807057631986,-0.5128968561598546,0.2530352364032501,0.0653162357095738,0.007427784741272529,1.0,168.20000000000002,10,2.0,0,6,3,
0,5,skew_bp=10/k=2/min_edge_bp=0/soft_limit_clips=6/m_ticks=4,0.16616799985141406,0.5619472045748414,19.4,5.0,0.0,-0.09429502129310847,0.48391807057631986,-0.5128968561598546,0.2530352364032501,0.0653162357095738,0.007427784741272529,1.0,168.20000000000002,10,2.0,0,6,4,
0,5,skew_bp=10/k=2/min_edge_bp=0/soft_limit_clips=12/m_ticks=2,0.3070298246686869,0.6434011724178954,19.0,5.0,0.0,-0.09472127464167918,0.47609213877631956,-0.499503856159855,0.3925182364032535,0.07130955725814381,0.009232862907112527,1.0,268.20000000000005,10,2.0,0,12,2,
0,5,skew_bp=10/k=2/min_edge_bp=0/soft_limit_clips=12/m_ticks=3,0.3070298246686869,0.6434011724178954,19.0,5.0,0.0,-0.09472127464167918,0.47609213877631956,-0.499503856159855,0.3925182364032535,0.07130955725814381,0.009232862907112527,1.0,268.20000000000005,10,2.0,0,12,3,
0,5,skew_bp=10/k=2/min_edge_bp=0/soft_limit_clips=12/m_ticks=4,0.3070298246686869,0.6434011724178954,19.0,5.0,0.0,-0.09472127464167918,0.47609213877631956,-0.499503856159855,0.3925182364032535,0.07130955725814381,0.009232862907112527,1.0,268.20000000000005,10,2.0,0,12,4,
0,5,skew_bp=10/k=2/min_edge_bp=1/soft_limit_clips=3/m_ticks=2,0.11641059877573971,0.5996529326411517,19.0,5.0,0.0,-0.0997865117105137,0.4544543116208789,-0.4964399999999983,0.20956288166101333,0.05780082333139427,0.0066342288252399986,1.0,144.5,10,2.0,1,3,2,
0,5,skew_bp=10/k=2/min_edge_bp=1/soft_limit_clips=3/m_ticks=3,0.11641059877573971,0.5996529326411517,19.0,5.0,0.0,-0.0997865117105137,0.4544543116208789,-0.4964399999999983,0.20956288166101333,0.05780082333139427,0.0066342288252399986,1.0,144.5,10,2.0,1,3,3,
0,5,skew_bp=10/k=2/min_edge_bp=1/soft_limit_clips=3/m_ticks=4,0.11641059877573971,0.5996529326411517,19.0,5.0,0.0,-0.0997865117105137,0.4544543116208789,-0.4964399999999983,0.20956288166101333,0.05780082333139427,0.0066342288252399986,1.0,144.5,10,2.0,1,3,4,
0,5,skew_bp=10/k=2/min_edge_bp=1/soft_limit_clips=6/m_ticks=2,0.30276568012514826,0.6526908592987783,16.2,5.0,0.0,-0.07264827579149244,0.4253803085999966,-0.441275999999999,0.36858500000000083,0.05675258439149,0.00682895591664,1.0,168.4,10,2.0,1,6,2,
0,5,skew_bp=10/k=2/min_edge_bp=1/soft_limit_clips=6/m_ticks=3,0.30276568012514826,0.6526908592987783,16.2,5.0,0.0,-0.07264827579149244,0.4253803085999966,-0.441275999999999,0.36858500000000083,0.05675258439149,0.00682895591664,1.0,168.4,10,2.0,1,6,3,
0,5,skew_bp=10/k=2/min_edge_bp=1/soft_limit_clips=6/m_ticks=4,0.30276568012514826,0.6526908592987783,16.2,5.0,0.0,-0.07264827579149244,0.4253803085999966,-0.441275999999999,0.36858500000000083,0.05675258439149,0.00682895591664,1.0,168.4,10,2.0,1,6,4,
0,5,skew_bp=10/k=2/min_edge_bp=1/soft_limit_clips=12/m_ticks=2,0.2851801934113031,0.8696783132994803,14.2,5.0,0.0,-0.10488234832049174,0.38401249505299334,-0.4250529999999985,0.3827258816610149,0.06384184337348661,0.007336660070780002,1.0,206.20000000000002,10,2.0,1,12,2,
0,5,skew_bp=10/k=2/min_edge_bp=1/soft_limit_clips=12/m_ticks=3,0.2851801934113031,0.8696783132994803,14.2,5.0,0.0,-0.10488234832049174,0.38401249505299334,-0.4250529999999985,0.3827258816610149,0.06384184337348661,0.007336660070780002,1.0,206.20000000000002,10,2.0,1,12,3,
0,5,skew_bp=10/k=2/min_edge_bp=1/soft_limit_clips=12/m_ticks=4,0.2851801934113031,0.8696783132994803,14.2,5.0,0.0,-0.10488234832049174,0.38401249505299334,-0.4250529999999985,0.3827258816610149,0.06384184337348661,0.007336660070780002,1.0,206.20000000000002,10,2.0,1,12,4,
0,5,skew_bp=10/k=2/min_edge_bp=2/soft_limit_clips=3/m_ticks=2,0.1257189194234718,0.5767540200649687,16.0,5.0,0.0,-0.07701292109878713,0.41764149669999695,-0.442484999999999,0.19848699999999891,0.05216941779878501,0.004244840522260003,1.0,122.80000000000001,10,2.0,2,3,2,
0,5,skew_bp=10/k=2/min_edge_bp=2/soft_limit_clips=3/m_ticks=3,0.1257189194234718,0.5767540200649687,16.0,5.0,0.0,-0.07701292109878713,0.41764149669999695,-0.442484999999999,0.19848699999999891,0.05216941779878501,0.004244840522260003,1.0,122.80000000000001,10,2.0,2,3,3,
0,5,skew_bp=10/k=2/min_edge_bp=2/soft_limit_clips=3/m_ticks=4,0.1257189194234718,0.5767540200649687,16.0,5.0,0.0,-0.07701292109878713,0.41764149669999695,-0.442484999999999,0.19848699999999891,0.05216941779878501,0.004244840522260003,1.0,122.80000000000001,10,2.0,2,3,4,
0,5,skew_bp=10/k=2/min_edge_bp=2/soft_limit_clips=6/m_ticks=2,0.29695681824473874,0.5968534990926226,13.4,5.0,0.0,-0.07783028534104988,0.37671907265299487,-0.4039839999999981,0.3668768816610086,0.0505653579940466,0.007910221924780001,1.0,172.83220178415445,10,2.0,2,6,2,
0,5,skew_bp=10/k=2/min_edge_bp=2/soft_limit_clips=6/m_ticks=3,0.29695681824473874,0.5968534990926226,13.4,5.0,0.0,-0.07783028534104988,0.37671907265299487,-0.4039839999999981,0.3668768816610086,0.0505653579940466,0.007910221924780001,1.0,172.83220178415445,10,2.0,2,6,3,
0,5,skew_bp=10/k=2/min_edge_bp=2/soft_limit_clips=6/m_ticks=4,0.29695681824473874,0.5968534990926226,13.4,5.0,0.0,-0.07783028534104988,0.37671907265299487,-0.4039839999999981,0.3668768816610086,0.0505653579940466,0.007910221924780001,1.0,172.83220178415445,10,2.0,2,6,4,
0,5,skew_bp=10/k=2/min_edge_bp=2/soft_limit_clips=12/m_ticks=2,0.3362925871791442,0.9866413195546888,12.0,5.0,0.0,-0.09789663280633998,0.32794462949999403,-0.371218999999999,0.4257610000000042,0.054622262306335004,0.00842821998548,1.0,184.0,10,2.0,2,12,2,
0,5,skew_bp=10/k=2/min_edge_bp=2/soft_limit_clips=12/m_ticks=3,0.3362925871791442,0.9866413195546888,12.0,5.0,0.0,-0.09789663280633998,0.32794462949999403,-0.371218999999999,0.4257610000000042,0.054622262306335004,0.00842821998548,1.0,184.0,10,2.0,2,12,3,
0,5,skew_bp=10/k=2/min_edge_bp=2/soft_limit_clips=12/m_ticks=4,0.3362925871791442,0.9866413195546888,12.0,5.0,0.0,-0.09789663280633998,0.32794462949999403,-0.371218999999999,0.4257610000000042,0.054622262306335004,0.00842821998548,1.0,184.0,10,2.0,2,12,4,
0,5,skew_bp=10/k=2/min_edge_bp=4/soft_limit_clips=3/m_ticks=2,0.07549512910510185,0.326981971705262,10.4,5.0,0.0,-0.05383107147075803,0.29835509929999604,-0.3155719999999991,0.1251839999999999,0.036614170770755,0.00414220057586,1.0,122.2,10,2.0,4,3,2,
0,5,skew_bp=10/k=2/min_edge_bp=4/soft_limit_clips=3/m_ticks=3,0.07549512910510185,0.326981971705262,10.4,5.0,0.0,-0.05383107147075803,0.29835509929999604,-0.3155719999999991,0.1251839999999999,0.036614170770755,0.00414220057586,1.0,122.2,10,2.0,4,3,3,
0,5,skew_bp=10/k=2/min_edge_bp=4/soft_limit_clips=3/m_ticks=4,0.07549512910510185,0.326981971705262,10.4,5.0,0.0,-0.05383107147075803,0.29835509929999604,-0.3155719999999991,0.1251839999999999,0.036614170770755,0.00414220057586,1.0,122.2,10,2.0,4,3,4,
0,5,skew_bp=10/k=2/min_edge_bp=4/soft_limit_clips=6/m_ticks=2,0.24685837328528865,0.46190849203960094,9.8,5.0,0.0,-0.038055404524294414,0.2806289217999951,-0.28105599999999953,0.2803570000000031,0.03762832632429001,0.004556777809580001,1.0,128.8,10,2.0,4,6,2,
0,5,skew_bp=10/k=2/min_edge_bp=4/soft_limit_clips=6/m_ticks=3,0.24685837328528865,0.46190849203960094,9.8,5.0,0.0,-0.038055404524294414,0.2806289217999951,-0.28105599999999953,0.2803570000000031,0.03762832632429001,0.004556777809580001,1.0,128.8,10,2.0,4,6,3,
0,5,skew_bp=10/k=2/min_edge_bp=4/soft_limit_clips=6/m_ticks=4,0.24685837328528865,0.46190849203960094,9.8,5.0,0.0,-0.038055404524294414,0.2806289217999951,-0.28105599999999953,0.2803570000000031,0.03762832632429001,0.004556777809580001,1.0,128.8,10,2.0,4,6,4,
0,5,skew_bp=10/k=2/min_edge_bp=4/soft_limit_clips=12/m_ticks=2,0.2666715348411567,0.5516005460167602,7.8,5.0,0.0,-0.061517445971588904,0.2263360850421665,-0.25044692771084376,0.3218039638554225,0.03740660330291164,0.006385016957323133,1.0,122.2,10,2.0,4,12,2,
0,5,skew_bp=10/k=2/min_edge_bp=4/soft_limit_clips=12/m_ticks=3,0.2666715348411567,0.5516005460167602,7.8,5.0,0.0,-0.061517445971588904,0.2263360850421665,-0.25044692771084376,0.3218039638554225,0.03740660330291164,0.006385016957323133,1.0,122.2,10,2.0,4,12,3,
0,5,skew_bp=10/k=2/min_edge_bp=4/soft_limit_clips=12/m_ticks=4,0.2666715348411567,0.5516005460167602,7.8,5.0,0.0,-0.061517445971588904,0.2263360850421665,-0.25044692771084376,0.3218039638554225,0.03740660330291164,0.006385016957323133,1.0,122.2,10,2.0,4,12,4,
1,12,skew_bp=2/k=0.5/min_edge_bp=4/soft_limit_clips=12/m_ticks=2,1.1186882709940733,2.8392343194961382,94.83333333333333,12.0,0.0,-0.36664349003226987,1.4486457099659138,-1.5506908896900136,1.4888640528260948,0.2645983103081701,-0.003532291799751669,1.0,586.5768429229904,2,0.5,4,12,2,-0.12363793797054251
1,12,skew_bp=2/k=0.5/min_edge_bp=4/soft_limit_clips=12/m_ticks=3,1.1186882709940733,2.8392343194961382,94.83333333333333,12.0,0.0,-0.36664349003226987,1.4486457099659138,-1.5506908896900136,1.4888640528260948,0.2645983103081701,-0.003532291799751669,1.0,586.5768429229904,2,0.5,4,12,3,-0.12363793797054251
1,12,skew_bp=2/k=0.5/min_edge_bp=4/soft_limit_clips=12/m_ticks=4,1.1186882709940733,2.8392343194961382,94.83333333333333,12.0,0.0,-0.36664349003226987,1.4486457099659138,-1.5506908896900136,1.4888640528260948,0.2645983103081701,-0.003532291799751669,1.0,586.5768429229904,2,0.5,4,12,4,-0.15336900853866914
1,12,skew_bp=2/k=1/min_edge_bp=4/soft_limit_clips=12/m_ticks=2,0.4564730543964757,1.5153492556181762,38.0,12.0,0.0,-0.2376553154982278,0.830215754717182,-0.9322145447451579,0.7016572073257499,0.13565652547025195,-0.007528837431046207,1.0,472.8,2,1.0,4,12,2,
1,12,skew_bp=2/k=1/min_edge_bp=4/soft_limit_clips=12/m_ticks=3,0.4564730543964757,1.5153492556181762,38.0,12.0,0.0,-0.2376553154982278,0.830215754717182,-0.9322145447451579,0.7016572073257499,0.13565652547025195,-0.007528837431046207,1.0,472.8,2,1.0,4,12,3,
1,12,skew_bp=2/k=1/min_edge_bp=4/soft_limit_clips=12/m_ticks=4,0.4564730543964757,1.5153492556181762,38.0,12.0,0.0,-0.2376553154982278,0.830215754717182,-0.9322145447451579,0.7016572073257499,0.13565652547025195,-0.007528837431046207,1.0,472.8,2,1.0,4,12,4,
1,12,skew_bp=2/k=1/min_edge_bp=1/soft_limit_clips=12/m_ticks=2,1.073545029053164,2.6127099578821693,67.0,12.0,0.0,-0.31221056300145106,1.1222512245629557,-1.2289610917090221,1.388087343396904,0.20550069585538447,-0.002331751342288999,1.0,515.2,2,1.0,1,12,2,-0.304808047936332
1,12,skew_bp=2/k=1/min_edge_bp=1/soft_limit_clips=12/m_ticks=3,1.073545029053164,2.6127099578821693,67.0,12.0,0.0,-0.31221056300145106,1.1222512245629557,-1.2289610917090221,1.388087343396904,0.20550069585538447,-0.002331751342288999,1.0,515.2,2,1.0,1,12,3,-0.304808047936332
1,12,skew_bp=2/k=1/min_edge_bp=1/soft_limit_clips=12/m_ticks=4,1.073545029053164,2.6127099578821693,67.0,12.0,0.0,-0.31221056300145106,1.1222512245629557,-1.2289610917090221,1.388087343396904,0.20550069585538447,-0.002331751342288999,1.0,515.2,2,1.0,1,12,4,-0.304808047936332
1,12,skew_bp=2/k=1/min_edge_bp=0/soft_limit_clips=12/m_ticks=2,0.9841037717589796,2.9158033612542975,84.0,12.0,0.0,-0.34214713090544885,1.2513260180657875,-1.3543538002179736,1.330722410141518,0.23911934875326302,-0.004471507477089705,1.0,577.0000000000003,2,1.0,0,12,2,-0.39518496348474885
1,12,skew_bp=2/k=1/min_edge_bp=0/soft_limit_clips=12/m_ticks=3,0.9841037717589796,2.9158033612542975,84.0,12.0,0.0,-0.34214713090544885,1.2513260180657875,-1.3543538002179736,1.330722410141518,0.23911934875326302,-0.004471507477089705,1.0,577.0000000000003,2,1.0,0,12,3,-0.39518496348474885
1,12,skew_bp=2/k=1/min_edge_bp=0/soft_limit_clips=12/m_ticks=4,0.9841037717589796,2.9158033612542975,84.0,12.0,0.0,-0.34214713090544885,1.2513260180657875,-1.3543538002179736,1.330722410141518,0.23911934875326302,-0.004471507477089705,1.0,577.0000000000003,2,1.0,0,12,4,-0.39518496348474885
1,12,skew_bp=5/k=1/min_edge_bp=2/soft_limit_clips=12/m_ticks=2,0.711354054755863,1.7685757329490086,57.25,12.0,0.0,-0.25724693441606766,1.0357411868099327,-1.1187535528494847,0.9689810603443294,0.17423456837651533,-0.00038007117239889757,1.0,403.7000000000002,5,1.0,2,12,2,-0.18123159244163745
1,12,skew_bp=5/k=1/min_edge_bp=2/soft_limit_clips=12/m_ticks=3,0.711354054755863,1.7685757329490086,57.25,12.0,0.0,-0.25724693441606766,1.0357411868099327,-1.1187535528494847,0.9689810603443294,0.17423456837651533,-0.00038007117239889757,1.0,403.7000000000002,5,1.0,2,12,3,-0.18216008582677384
1,12,skew_bp=5/k=1/min_edge_bp=2/soft_limit_clips=12/m_ticks=4,0.711354054755863,1.7685757329490086,57.25,12.0,0.0,-0.25724693441606766,1.0357411868099327,-1.1187535528494847,0.9689810603443294,0.17423456837651533,-0.00038007117239889757,1.0,403.7000000000002,5,1.0,2,12,4,-0.18310367982679532
1,12,skew_bp=5/k=1/min_edge_bp=4/soft_limit_clips=12/m_ticks=2,0.4813319208124136,1.603436725149355,38.083333333333336,12.0,0.0,-0.21184042321491195,0.8363696303560687,-0.9227106558562689,0.6967274851035272,0.12549939771471172,-0.0035551410762017593,1.0,379.3999999999999,5,1.0,4,12,2,-0.17907411710824314
1,12,skew_bp=5/k=1/min_edge_bp=4/soft_limit_clips=12/m_ticks=3,0.4813319208124136,1.603436725149355,38.083333333333336,12.0,0.0,-0.21184042321491195,0.8363696303560687,-0.9227106558562689,0.6967274851035272,0.12549939771471172,-0.0035551410762017593,1.0,379.3999999999999,5,1.0,4,12,3,
1,12,skew_bp=5/k=1/min_edge_bp=4/soft_limit_clips=12/m_ticks=4,0.4813319208124136,1.603436725149355,38.083333333333336,12.0,0.0,-0.21184042321491195,0.8363696303560687,-0.9227106558562689,0.6967274851035272,0.12549939771471172,-0.0035551410762017593,1.0,379.3999999999999,5,1.0,4,12,4,
1,12,skew_bp=2/k=1/min_edge_bp=2/soft_limit_clips=12/m_ticks=2,0.8248264512677145,2.4252596330639777,56.583333333333336,12.0,0.0,-0.2786306830976627,0.9999936188074844,-1.1027652569003974,1.1121538132056057,0.17585904500474983,-0.008696678840228737,1.0,538.0000000000003,2,1.0,2,12,2,-0.1830885792119102
1,12,skew_bp=2/k=1/min_edge_bp=2/soft_limit_clips=12/m_ticks=3,0.8248264512677145,2.4252596330639777,56.583333333333336,12.0,0.0,-0.2786306830976627,0.9999936188074844,-1.1027652569003974,1.1121538132056057,0.17585904500474983,-0.008696678840228737,1.0,538.0000000000003,2,1.0,2,12,3,-0.18310007910679577
1,12,skew_bp=2/k=1/min_edge_bp=2/soft_limit_clips=12/m_ticks=4,0.8248264512677145,2.4252596330639777,56.583333333333336,12.0,0.0,-0.2786306830976627,0.9999936188074844,-1.1027652569003974,1.1121538132056057,0.17585904500474983,-0.008696678840228737,1.0,538.0000000000003,2,1.0,2,12,4,-0.18379023062432262
1,12,skew_bp=5/k=1/min_edge_bp=1/soft_limit_clips=12/m_ticks=2,0.7196452661994471,1.7121648810331591,69.83333333333333,12.0,0.0,-0.26316930015812834,1.1452955120994124,-1.212755229505254,0.980720640916474,0.1957095827522869,0.0020939254411011174,1.0,466.6000000000002,5,1.0,1,12,2,-0.2524066831832449
1,12,skew_bp=5/k=1/min_edge_bp=1/soft_limit_clips=12/m_ticks=3,0.7196452661994471,1.7121648810331591,69.83333333333333,12.0,0.0,-0.26316930015812834,1.1452955120994124,-1.212755229505254,0.980720640916474,0.1957095827522869,0.0020939254411011174,1.0,466.6000000000002,5,1.0,1,12,3,-0.2524066831832449
1,12,skew_bp=5/k=1/min_edge_bp=1/soft_limit_clips=12/m_ticks=4,0.7196452661994471,1.7121648810331591,69.83333333333333,12.0,0.0,-0.26316930015812834,1.1452955120994124,-1.212755229505254,0.980720640916474,0.1957095827522869,0.0020939254411011174,1.0,466.6000000000002,5,1.0,1,12,4,-0.2524066831832449
1,12,skew_bp=2/k=1/min_edge_bp=4/soft_limit_clips=6/m_ticks=2,0.3910726791813171,1.4797233199933357,36.083333333333336,12.0,0.0,-0.20514232834479684,0.7990399296338464,-0.8824824614118248,0.6006617906590852,0.12169979656681866,-0.0044467831329712045,1.0833333333333333,331.19999999999993,2,1.0,4,6,2,
1,12,skew_bp=2/k=1/min_edge_bp=4/soft_limit_clips=6/m_ticks=3,0.3910726791813171,1.4797233199933357,36.083333333333336,12.0,0.0,-0.20514232834479684,0.7990399296338464,-0.8824824614118248,0.6006617906590852,0.12169979656681866,-0.0044467831329712045,1.0833333333333333,331.19999999999993,2,1.0,4,6,3,
1,12,skew_bp=2/k=1/min_edge_bp=4/soft_limit_clips=6/m_ticks=4,0.3910726791813171,1.4797233199933357,36.083333333333336,12.0,0.0,-0.20514232834479684,0.7990399296338464,-0.8824824614118248,0.6006617906590852,0.12169979656681866,-0.0044467831329712045,1.0833333333333333,331.19999999999993,2,1.0,4,6,4,
1,12,skew_bp=2/k=0.5/min_edge_bp=2/soft_limit_clips=12/m_ticks=2,0.7876390460266895,2.8087619277240576,151.58333333333334,12.0,0.0,-0.555800579626116,1.8057149596540434,-1.976172997005219,1.3446337795775172,0.38534254227493997,-0.0011941539247117437,1.0,586.9,2,0.5,2,12,2,-0.1830885792119102
1,12,skew_bp=2/k=0.5/min_edge_bp=2/soft_limit_clips=12/m_ticks=3,0.7876390460266895,2.8087619277240576,151.58333333333334,12.0,0.0,-0.555800579626116,1.8057149596540434,-1.976172997005219,1.3446337795775172,0.38534254227493997,-0.0011941539247117437,1.0,586.9,2,0.5,2,12,3,-0.18310007910679577
1,12,skew_bp=2/k=0.5/min_edge_bp=2/soft_limit_clips=12/m_ticks=4,0.7876390460266895,2.8087619277240576,151.58333333333334,12.0,0.0,-0.555800579626116,1.8057149596540434,-1.976172997005219,1.3446337795775172,0.38534254227493997,-0.0011941539247117437,1.0,586.9,2,0.5,2,12,4,-0.18379023062432262
1,12,skew_bp=2/k=0.5/min_edge_bp=4/soft_limit_clips=6/m_ticks=2,0.6407811474620471,1.63044188268223,91.16666666666667,12.0,0.0,-0.359534625071051,1.3952355375594754,-1.5069054855747224,1.0005323165887423,0.24786467705580398,-0.00021654405564401047,1.0833333333333333,363.1,2,0.5,4,6,2,-0.12363793797054251
1,12,skew_bp=2/k=0.5/min_edge_bp=4/soft_limit_clips=6/m_ticks=3,0.6407811474620471,1.63044188268223,91.16666666666667,12.0,0.0,-0.359534625071051,1.3952355375594754,-1.5069054855747224,1.0005323165887423,0.24786467705580398,-0.00021654405564401047,1.0833333333333333,363.1,2,0.5,4,6,3,-0.12363793797054251
1,12,skew_bp=2/k=0.5/min_edge_bp=4/soft_limit_clips=6/m_ticks=4,0.6407811474620471,1.63044188268223,91.16666666666667,12.0,0.0,-0.359534625071051,1.3952355375594754,-1.5069054855747224,1.0005323165887423,0.24786467705580398,-0.00021654405564401047,1.0833333333333333,363.1,2,0.5,4,6,4,-0.15336900853866914
1,12,skew_bp=5/k=0.5/min_edge_bp=4/soft_limit_clips=12/m_ticks=2,0.6597357248544773,1.7078476525459743,98.58333333333333,12.0,0.0,-0.37007265633069353,1.4955786784920875,-1.6006044491395028,1.0285342694408892,0.2650468856832781,0.001274111744281415,1.0,458.09999999999997,5,0.5,4,12,2,-0.17907411710824314
1,12,skew_bp=5/k=0.5/min_edge_bp=4/soft_limit_clips=12/m_ticks=3,0.6597028249242496,1.7077594189684924,98.58333333333333,12.0,0.0,-0.3700735831916125,1.4955783778113945,-1.6006046966642555,1.0285020912230658,0.26504726433875153,0.0012743168927962668,1.0,458.09999999999997,5,0.5,4,12,3,-0.1799655385091664
1,12,skew_bp=5/k=0.5/min_edge_bp=4/soft_limit_clips=12/m_ticks=4,0.6576092774226447,1.7021510681981138,98.66666666666667,12.0,0.0,-0.369842415233211,1.4955884805618112,-1.6003838524058347,1.0261618448177718,0.26504704338918755,0.00128984783808376,1.0,458.09999999999997,5,0.5,4,12,4,-0.18114145038911483
1,12,skew_bp=10/k=1/min_edge_bp=4/soft_limit_clips=12/m_ticks=2,0.36586485991380774,1.388769071199768,40.75,12.0,0.0,-0.19267564776322468,0.8441652976980655,-0.9152207698362597,0.5593857039720841,0.12162017562503029,-0.0008451962950515634,1.0,379.3999999999999,10,1.0,4,12,2,
1,12,skew_bp=10/k=1/min_edge_bp=4/soft_limit_clips=12/m_ticks=3,0.36595281748358294,1.3889513366422372,40.75,12.0,0.0,-0.19255571712414365,0.8442858303507056,-0.9152210173610121,0.5593535257542632,0.121620530113837,-0.0008449911465367122,1.0,379.3999999999999,10,1.0,4,12,3,
1,12,skew_bp=10/k=1/min_edge_bp=4/soft_limit_clips=12/m_ticks=4,0.3633830248244478,1.3836439793393929,40.583333333333336,12.0,0.0,-0.19263662765660663,0.8442573512261223,-0.9152397564359247,0.5568491126823037,0.12165422244680425,-0.0008294602012492188,1.0,379.3999999999999,10,1.0,4,12,4,
1,12,skew_bp=5/k=1/min_edge_bp=4/soft_limit_clips=6/m_ticks=2,0.36310123501398633,1.3900701153031445,39.666666666666664,12.0,0.0,-0.19338574266304695,0.8357301907813972,-0.9083670198362599,0.5573977873054181,0.12074891360818445,-0.0009108096283848961,1.0833333333333333,331.19999999999993,5,1.0,4,6,2,
1,12,skew_bp=5/k=1/min_edge_bp=4/soft_limit_clips=6/m_ticks=3,0.36310123501398633,1.3900701153031445,39.666666666666664,12.0,0.0,-0.19338574266304695,0.8357301907813972,-0.9083670198362599,0.5573977873054181,0.12074891360818445,-0.0009108096283848961,1.0833333333333333,331.19999999999993,5,1.0,4,6,3,
1,12,skew_bp=5/k=1/min_edge_bp=4/soft_limit_clips=6/m_ticks=4,0.36310123501398633,1.3900701153031445,39.666666666666664,12.0,0.0,-0.19338574266304695,0.8357301907813972,-0.9083670198362599,0.5573977873054181,0.12074891360818445,-0.0009108096283848961,1.0833333333333333,331.19999999999993,5,1.0,4,6,4,
1,12,skew_bp=2/k=1/min_edge_bp=2/soft_limit_clips=6/m_ticks=2,0.625297681621441,1.7200572810983705,53.416666666666664,12.0,0.0,-0.2424176356344138,0.9733395075656962,-1.0519952695664971,0.8692146760048866,0.1637618736336128,-0.001499358749031712,1.0,364.87794270383154,2,1.0,2,6,2,-0.1830885792119102
1,12,skew_bp=2/k=1/min_edge_bp=2/soft_limit_clips=6/m_ticks=3,0.625297681621441,1.7200572810983705,53.416666666666664,12.0,0.0,-0.2424176356344138,0.9733395075656962,-1.0519952695664971,0.8692146760048866,0.1637618736336128,-0.001499358749031712,1.0,364.87794270383154,2,1.0,2,6,3,-0.18310007910679577
1,12,skew_bp=2/k=1/min_edge_bp=2/soft_limit_clips=6/m_ticks=4,0.625297681621441,1.7200572810983705,53.416666666666664,12.0,0.0,-0.2424176356344138,0.9733395075656962,-1.0519952695664971,0.8692146760048866,0.1637618736336128,-0.001499358749031712,1.0,364.87794270383154,2,1.0,2,6,4,-0.18379023062432262
1,12,skew_bp=2/k=0.5/min_edge_bp=1/soft_limit_clips=12/m_ticks=2,0.8727029387944456,2.44021391428688,191.75,12.0,0.0,-0.6869794770991007,2.0535455616792793,-2.2626602966283005,1.557924300001862,0.47786474215007985,0.0017581158916841523,1.0,555.6000000000004,2,0.5,1,12,2,-0.304808047936332
1,12,skew_bp=2/k=0.5/min_edge_bp=1/soft_limit_clips=12/m_ticks=3,0.8727029387944456,2.44021391428688,191.75,12.0,0.0,-0.6869794770991007,2.0535455616792793,-2.2626602966283005,1.557924300001862,0.47786474215007985,0.0017581158916841523,1.0,555.6000000000004,2,0.5,1,12,3,-0.304808047936332
1,12,skew_bp=2/k=0.5/min_edge_bp=1/soft_limit_clips=12/m_ticks=4,0.8727029387944456,2.44021391428688,191.75,12.0,0.0,-0.6869794770991007,2.0535455616792793,-2.2626602966283005,1.557924300001862,0.47786474215007985,0.0017581158916841523,1.0,555.6000000000004,2,0.5,1,12,4,-0.304808047936332
1,12,skew_bp=10/k=1/min_edge_bp=2/soft_limit_clips=12/m_ticks=2,0.5042312818583286,1.1751222642688872,57.25,12.0,0.0,-0.2511325106440716,1.0169232723733603,-1.103074351696952,0.7541003647099479,0.1649814313204799,0.0012634277924524226,1.0,352.30000000000024,10,1.0,2,12,2,-0.17907411710824314
1,12,skew_bp=10/k=1/min_edge_bp=2/soft_limit_clips=12/m_ticks=3,0.5041983819281026,1.1750386158187531,57.25,12.0,0.0,-0.25113343750499056,1.016922971692667,-1.1030745992217044,0.754068186492126,0.16498180997595327,0.0012636329409672737,1.0,352.30000000000024,10,1.0,2,12,3,-0.1799655385091664
1,12,skew_bp=10/k=1/min_edge_bp=2/soft_limit_clips=12/m_ticks=4,0.5044881233136135,1.1757754617979839,57.333333333333336,12.0,0.0,-0.2507530231594745,1.0167744979847508,-1.102543338296617,0.7539654400868333,0.16498418284760805,0.001275706386254767,1.0,352.30000000000024,10,1.0,2,12,4,-0.18114145038911483
1,12,skew_bp=5/k=1/min_edge_bp=2/soft_limit_clips=6/m_ticks=2,0.4937295279718838,1.1621520830302978,56.5,12.0,0.0,-0.24897731923884944,1.0097004864150263,-1.0954314350302854,0.7414861980432809,0.1632463706235903,0.0012206491674524227,1.0,301.10000000000025,5,1.0,2,6,2,-0.18123159244163745
1,12,skew_bp=5/k=1/min_edge_bp=2/soft_limit_clips=6/m_ticks=3,0.4937295279718838,1.1621520830302978,56.5,12.0,0.0,-0.24897731923884944,1.0097004864150263,-1.0954314350302854,0.7414861980432809,0.1632463706235903,0.0012206491674524227,1.0,301.10000000000025,5,1.0,2,6,3,-0.18216008582677384
1,12,skew_bp=5/k=1/min_edge_bp=2/soft_limit_clips=6/m_ticks=4,0.4937295279718838,1.1621520830302978,56.5,12.0,0.0,-0.24897731923884944,1.0097004864150263,-1.0954314350302854,0.7414861980432809,0.1632463706235903,0.0012206491674524227,1.0,301.10000000000025,5,1.0,2,6,4,-0.18310367982679532
1,12,skew_bp=2/k=1/min_edge_bp=2/soft_limit_clips=3/m_ticks=2,0.32566016814032384,0.8413037692512991,47.5,12.0,0.0,-0.20216143513096727,0.8686253301655417,-0.9320660164775071,0.5271310989139869,0.13872074881900176,0.0006905043573043034,1.1666666666666667,202.54865380354667,2,1.0,2,3,2,
1,12,skew_bp=2/k=1/min_edge_bp=2/soft_limit_clips=3/m_ticks=3,0.32566016814032384,0.8413037692512991,47.5,12.0,0.0,-0.20216143513096727,0.8686253301655417,-0.9320660164775071,0.5271310989139869,0.13872074881900176,0.0006905043573043034,1.1666666666666667,202.54865380354667,2,1.0,2,3,3,
1,12,skew_bp=2/k=1/min_edge_bp=2/soft_limit_clips=3/m_ticks=4,0.32566016814032384,0.8413037692512991,47.5,12.0,0.0,-0.20216143513096727,0.8686253301655417,-0.9320660164775071,0.5271310989139869,0.13872074881900176,0.0006905043573043034,1.1666666666666667,202.54865380354667,2,1.0,2,3,4,
1,12,skew_bp=5/k=1/min_edge_bp=0/soft_limit_clips=12/m_ticks=2,0.483527867003177,1.6570050141666908,86.91666666666667,12.0,0.0,-0.355666229172503,1.257561515616518,-1.3765479817945316,0.8377629367429122,0.23667976299448934,0.001431159432767856,1.0,461.1000000000002,5,1.0,0,12,2,-0.39518496348474885
1,12,skew_bp=5/k=1/min_edge_bp=0/soft_limit_clips=12/m_ticks=3,0.483527867003177,1.6570050141666908,86.91666666666667,12.0,0.0,-0.355666229172503,1.257561515616518,-1.3765479817945316,0.8377629367429122,0.23667976299448934,0.001431159432767856,1.0,461.1000000000002,5,1.0,0,12,3,-0.39518496348474885
1,12,skew_bp=5/k=1/min_edge_bp=0/soft_limit_clips=12/m_ticks=4,0.483527867003177,1.6570050141666908,86.91666666666667,12.0,0.0,-0.355666229172503,1.257561515616518,-1.3765479817945316,0.8377629367429122,0.23667976299448934,0.001431159432767856,1.0,461.1000000000002,5,1.0,0,12,4,-0.39518496348474885
1,12,skew_bp=2/k=1/min_edge_bp=0/soft_limit_clips=6/m_ticks=2,0.507515785165478,1.5166544568897422,80.58333333333333,12.0,0.0,-0.33273765271053923,1.210551566779923,-1.3185143401428652,0.8404314971256867,0.22477487934759707,-0.00017805924966920886,1.0833333333333333,293.19999999999993,2,1.0,0,6,2,-0.39518496348474885
1,12,skew_bp=2/k=1/min_edge_bp=0/soft_limit_clips=6/m_ticks=3,0.507515785165478,1.5166544568897422,80.58333333333333,12.0,0.0,-0.33273765271053923,1.210551566779923,-1.3185143401428652,0.8404314971256867,0.22477487934759707,-0.00017805924966920886,1.0833333333333333,293.19999999999993,2,1.0,0,6,3,-0.39518496348474885
1,12,skew_bp=2/k=1/min_edge_bp=0/soft_limit_clips=6/m_ticks=4,0.507515785165478,1.5166544568897422,80.58333333333333,12.0,0.0,-0.33273765271053923,1.210551566779923,-1.3185143401428652,0.8404314971256867,0.22477487934759707,-0.00017805924966920886,1.0833333333333333,293.19999999999993,2,1.0,0,6,4,-0.39518496348474885
1,12,skew_bp=10/k=1/min_edge_bp=4/soft_limit_clips=6/m_ticks=2,0.23001390094649385,0.9313613284278174,44.916666666666664,12.0,0.0,-0.20976335436304772,0.8569741942114351,-0.9415499654224293,0.44000213513026526,0.12518758315205328,-0.0002248798207236871,1.0,243.60000000000002,10,1.0,4,6,2,
1,12,skew_bp=10/k=1/min_edge_bp=4/soft_limit_clips=6/m_ticks=3,0.24383454394142887,0.9503236304953356,44.833333333333336,12.0,0.0,-0.21002001479880028,0.8567860301974082,-0.9417056296138484,0.45417870691243795,0.12510041538236,-0.00032414817220883526,1.0,243.60000000000005,10,1.0,4,6,3,
1,12,skew_bp=10/k=1/min_edge_bp=4/soft_limit_clips=6/m_ticks=4,0.23220239403637025,0.9342261640201255,44.5,12.0,0.0,-0.2104212441405783,0.8566390742093101,-0.9420803454749431,0.4430249270101488,0.12497997287494528,-0.00040128883320025697,1.0,235.0,10,1.0,4,6,4,
1,12,skew_bp=2/k=1/min_edge_bp=1/soft_limit_clips=6/m_ticks=2,0.5905666267210241,1.874607577229363,64.25,12.0,0.0,-0.2594118083439676,1.10112846401381,-1.1721907139729548,0.8483101532379331,0.1883495583848228,0.0016682818270587877,1.0,306.0,2,1.0,1,6,2,-0.304808047936332
1,12,skew_bp=2/k=1/min_edge_bp=1/soft_limit_clips=6/m_ticks=3,0.5905666267210241,1.874607577229363,64.25,12.0,0.0,-0.2594118083439676,1.10112846401381,-1.1721907139729548,0.8483101532379331,0.1883495583848228,0.0016682818270587877,1.0,306.0,2,1.0,1,6,3,-0.304808047936332
1,12,skew_bp=2/k=1/min_edge_bp=1/soft_limit_clips=6/m_ticks=4,0.5905666267210241,1.874607577229363,64.25,12.0,0.0,-0.2594118083439676,1.10112846401381,-1.1721907139729548,0.8483101532379331,0.1883495583848228,0.0016682818270587877,1.0,306.0,2,1.0,1,6,4,-0.304808047936332
1,12,skew_bp=2/k=1/min_edge_bp=4/soft_limit_clips=3/m_ticks=2,0.2185042588713025,1.0659986579811505,33.166666666666664,12.0,0.0,-0.1655321849559846,0.7205446135452883,-0.7833945198362601,0.38485820397208453,0.10268227866501291,-0.0008217601447973957,1.0833333333333333,172.00000000000009,2,1.0,4,3,2,
1,12,skew_bp=2/k=1/min_edge_bp=4/soft_limit_clips=3/m_ticks=3,0.2185042588713025,1.0659986579811505,33.166666666666664,12.0,0.0,-0.1655321849559846,0.7205446135452883,-0.7833945198362601,0.38485820397208453,0.10268227866501291,-0.0008217601447973957,1.0833333333333333,172.00000000000009,2,1.0,4,3,3,
1,12,skew_bp=2/k=1/min_edge_bp=4/soft_limit_clips=3/m_ticks=4,0.2185042588713025,1.0659986579811505,33.166666666666664,12.0,0.0,-0.1655321849559846,0.7205446135452883,-0.7833945198362601,0.38485820397208453,0.10268227866501291,-0.0008217601447973957,1.0833333333333333,172.00000000000009,2,1.0,4,3,4,
1,12,skew_bp=5/k=1/min_edge_bp=4/soft_limit_clips=3/m_ticks=2,0.15238650997097636,0.9022362763440935,40.666666666666664,12.0,0.0,-0.20136453216499298,0.8264178354999988,-0.910352916666667,0.3541691666666695,0.11742945099832502,-0.0004181245307000021,1.0,146.49999999999997,5,1.0,4,3,2,
1,12,skew_bp=5/k=1/min_edge_bp=4/soft_limit_clips=3/m_ticks=3,0.15238650997097636,0.9022362763440935,40.666666666666664,12.0,0.0,-0.20136453216499298,0.8264178354999988,-0.910352916666667,0.3541691666666695,0.11742945099832502,-0.0004181245307000021,1.0,146.49999999999997,5,1.0,4,3,3,
1,12,skew_bp=5/k=1/min_edge_bp=4/soft_limit_clips=3/m_ticks=4,0.15238650997097636,0.9022362763440935,40.666666666666664,12.0,0.0,-0.20136453216499298,0.8264178354999988,-0.910352916666667,0.3541691666666695,0.11742945099832502,-0.0004181245307000021,1.0,146.49999999999997,5,1.0,4,3,4,
1,12,skew_bp=5/k=0.5/min_edge_bp=2/soft_limit_clips=12/m_ticks=2,0.3339025141864425,1.6520354534847597,160.91666666666666,12.0,0.0,-0.5482844780165692,1.858711767274195,-2.0130584372171576,0.8807981940667652,0.39393780807360695,0.0013887981362466564,1.0,438.3607503735077,5,0.5,2,12,2,
1,12,skew_bp=5/k=0.5/min_edge_bp=2/soft_limit_clips=12/m_ticks=3,0.3338696142562155,1.6519435158497957,160.91666666666666,12.0,0.0,-0.548285404877488,1.858711466593502,-2.01305868474191,0.8807660158489421,0.3939381867290803,0.0013890032847615082,1.0,438.3310474032106,5,0.5,2,12,3,
1,12,skew_bp=5/k=0.5/min_edge_bp=2/soft_limit_clips=12/m_ticks=4,0.3331514463582896,1.649937307342732,160.5,12.0,0.0,-0.5468988125266323,1.858808509129947,-2.0118676614883126,0.8786719048765645,0.39383966016826677,0.0013783540083571685,1.0,435.98235841370865,5,0.5,2,12,4,
1,12,skew_bp=10/k=1/min_edge_bp=4/soft_limit_clips=3/m_ticks=4,-0.0597655224043582,0.5150844988292425,51.916666666666664,12.0,0.0,-0.27000655330733203,0.8768585389754516,-1.0087682213218938,0.21117797772386213,0.13809687096089,-0.000936946820888327,1.0,138.9000000000002,10,1.0,4,3,4,
1,12,skew_bp=10/k=1/min_edge_bp=4/soft_limit_clips=3/m_ticks=3,-0.1228557581848626,0.5050241593420401,49.916666666666664,12.0,0.0,-0.27681892936819774,0.8418121172641122,-0.9842320878329528,0.15477542747798703,0.134398958799357,-0.0008122562946518882,1.0833333333333333,168.79999999999998,10,1.0,4,3,3,
1,12,skew_bp=10/k=1/min_edge_bp=4/soft_limit_clips=3/m_ticks=2,-0.1102975022171417,0.4891306171234567,51.666666666666664,12.0,0.0,-0.2744236888373152,0.851425926933679,-0.9903550473789072,0.16480847690793046,0.13549456839208682,-0.0006822902877569752,1.0833333333333333,168.8,10,1.0,4,3,2,
1,12,skew_bp=5/k=1/min_edge_bp=1/soft_limit_clips=6/m_ticks=2,0.30437647498790316,1.2740257947428804,71.08333333333333,12.0,0.0,-0.2827691974462606,1.1217916923058278,-1.2104818076143349,0.5845132325655326,0.1940790821377534,0.0026324398686311326,1.0,283.1,5,1.0,1,6,2,
1,12,skew_bp=5/k=1/min_edge_bp=1/soft_limit_clips=6/m_ticks=3,0.30449399848790315,1.2742962537311497,71.08333333333333,12.0,0.0,-0.2826516739462606,1.1219091923058278,-1.2104818076143349,0.5845132325655326,0.19407905863775343,0.0026324398686311326,1.0,283.1,5,1.0,1,6,3,
1,12,skew_bp=5/k=1/min_edge_bp=1/soft_limit_clips=6/m_ticks=4,0.2838740419911104,1.2279976841090638,71.08333333333333,12.0,0.0,-0.283571107447912,1.1226308125244655,-1.2119953974066868,0.5647670983751037,0.19420652256569101,0.002678051063918626,1.0,283.1,5,1.0,1,6,4,
1,12,skew_bp=10/k=1/min_edge_bp=1/soft_limit_clips=12/m_ticks=2,0.3083407471203798,1.3051488002790432,71.83333333333333,12.0,0.0,-0.2838479699664265,1.1317526258615207,-1.2188536434229151,0.5895579107833567,0.19674695240503215,0.0026308063034496143,1.0,379.40000000000003,10,1.0,1,12,2,
1,12,skew_bp=10/k=1/min_edge_bp=1/soft_limit_clips=12/m_ticks=3,0.33264935318228955,1.3638843048937823,72.33333333333333,12.0,0.0,-0.28714559366854314,1.134954469972495,-1.2249372242810013,0.6170411492322015,0.19716283936003676,0.0027537976186311325,1.0,379.40000000000003,10,1.0,1,12,3,
1,12,skew_bp=10/k=1/min_edge_bp=1/soft_limit_clips=12/m_ticks=4,0.35097576038032385,1.4098738113743736,72.16666666666667,12.0,0.0,-0.28666525901050616,1.1364414508479115,-1.2260488800225804,0.6348634028269112,0.1970578298358373,0.002777616563918626,1.0,379.40000000000003,10,1.0,1,12,4,
1,12,skew_bp=2/k=0.5/min_edge_bp=4/soft_limit_clips=3/m_ticks=2,0.24249886938639323,0.9511068715899083,87.5,12.0,0.0,-0.29300036619964526,1.3134803142050309,-1.3717986777043374,0.5345529639391606,0.23468200270033854,0.0009462716468779759,1.1666666666666667,183.4,2,0.5,4,3,2,
1,12,skew_bp=2/k=0.5/min_edge_bp=4/soft_limit_clips=3/m_ticks=3,0.24249886938639323,0.9511068715899083,87.5,12.0,0.0,-0.29300036619964526,1.3134803142050309,-1.3717986777043374,0.5345529639391606,0.23468200270033854,0.0009462716468779759,1.1666666666666667,183.4,2,0.5,4,3,3,
1,12,skew_bp=2/k=0.5/min_edge_bp=4/soft_limit_clips=3/m_ticks=4,0.24249886938639323,0.9511068715899083,87.5,12.0,0.0,-0.29300036619964526,1.3134803142050309,-1.3717986777043374,0.5345529639391606,0.23468200270033854,0.0009462716468779759,1.1666666666666667,183.4,2,0.5,4,3,4,
1,12,skew_bp=2/k=1/min_edge_bp=1/soft_limit_clips=3/m_ticks=2,0.17612746544641247,0.9574640179510129,59.5,12.0,0.0,-0.2260213517542368,0.9776825958697368,-1.037655497590036,0.3999632016722056,0.16604845003393756,0.0021856155284436917,1.1666666666666667,182.0,2,1.0,1,3,2,
1,12,skew_bp=2/k=1/min_edge_bp=1/soft_limit_clips=3/m_ticks=3,0.17612746544641247,0.9574640179510129,59.5,12.0,0.0,-0.2260213517542368,0.9776825958697368,-1.037655497590036,0.3999632016722056,0.16604845003393756,0.0021856155284436917,1.1666666666666667,182.0,2,1.0,1,3,3,
1,12,skew_bp=2/k=1/min_edge_bp=1/soft_limit_clips=3/m_ticks=4,0.17612746544641247,0.9574640179510129,59.5,12.0,0.0,-0.2260213517542368,0.9776825958697368,-1.037655497590036,0.3999632016722056,0.16604845003393756,0.0021856155284436917,1.1666666666666667,182.0,2,1.0,1,3,4,
1,12,skew_bp=10/k=1/min_edge_bp=2/soft_limit_clips=6/m_ticks=4,0.19641118361401508,1.0412688036716364,63.916666666666664,12.0,0.0,-0.2758813665771611,1.0281698009495095,-1.131764991535198,0.4724152959312098,0.1722861759914727,-0.0001227457400335379,1.0,223.93718434343452,10,1.0,2,6,4,
1,12,skew_bp=10/k=1/min_edge_bp=2/soft_limit_clips=6/m_ticks=2,0.1661651112256223,0.9822581561163084,63.916666666666664,12.0,0.0,-0.2750130313607231,1.0352697033824099,-1.136504772775764,0.4412183925125334,0.17377796196736892,-4.024992618788286e-05,1.0,242.80000000000018,10,1.0,2,6,2,
1,12,skew_bp=10/k=2/min_edge_bp=0/soft_limit_clips=3/m_ticks=4,0.04420640352132454,0.49946202598875683,23.416666666666668,12.0,0.0,-0.12964582589758442,0.49568671205941256,-0.5578398260866161,0.1735718008599997,0.0674927118703809,0.0002804285589091882,1.0,144.5,10,2.0,0,3,4,
1,12,skew_bp=10/k=2/min_edge_bp=0/soft_limit_clips=3/m_ticks=2,0.04402136652132444,0.4994141792525657,23.333333333333332,12.0,0.0,-0.12983086289758441,0.49559421205941256,-0.5579323260866161,0.17357180085999957,0.06749274887038091,0.0002804285589091882,1.0,144.5,10,2.0,0,3,2,
1,12,skew_bp=10/k=2/min_edge_bp=0/soft_limit_clips=3/m_ticks=3,0.04402136652132444,0.4994141792525657,23.333333333333332,12.0,0.0,-0.12983086289758441,0.49559421205941256,-0.5579323260866161,0.17357180085999957,0.06749274887038091,0.0002804285589091882,1.0,144.5,10,2.0,0,3,3,
1,12,skew_bp=10/k=1/min_edge_bp=2/soft_limit_clips=6/m_ticks=3,0.17372139413358378,1.0019329583678225,63.083333333333336,12.0,0.0,-0.27349008711535383,1.0345160663885853,-1.1347830632298095,0.4472745097492538,0.17322309027412955,-6.302850031612888e-05,1.0,225.14343434343454,10,1.0,2,6,3,
1,12,skew_bp=2/k=0.5/min_edge_bp=2/soft_limit_clips=6/m_ticks=2,0.2913691526842533,1.7292049711494424,149.25,12.0,0.0,-0.532642105586684,1.7821853353966455,-1.9385680775919285,0.8230460488947177,0.3762593633914009,0.000965209376219669,1.1666666666666667,307.9617106991469,2,0.5,2,6,2,
1,12,skew_bp=2/k=0.5/min_edge_bp=2/soft_limit_clips=6/m_ticks=3,0.2913691526842533,1.7292049711494424,149.25,12.0,0.0,-0.532642105586684,1.7821853353966455,-1.9385680775919285,0.8230460488947177,0.3762593633914009,0.000965209376219669,1.1666666666666667,307.9617106991469,2,0.5,2,6,3,
1,12,skew_bp=2/k=0.5/min_edge_bp=2/soft_limit_clips=6/m_ticks=4,0.2913691526842533,1.7292049711494424,149.25,12.0,0.0,-0.532642105586684,1.7821853353966455,-1.9385680775919285,0.8230460488947177,0.3762593633914009,0.000965209376219669,1.1666666666666667,307.9617106991469,2,0.5,2,6,4,
1,12,skew_bp=10/k=1/min_edge_bp=0/soft_limit_clips=12/m_ticks=2,0.1297269087380056,1.3436129823086764,90.5,12.0,0.0,-0.3520581302915988,1.2578111423260314,-1.3707906030271646,0.48160189113743873,0.23907866959046556,0.0001831478921657504,1.0,315.60000000000014,10,1.0,0,12,2,
1,12,skew_bp=10/k=1/min_edge_bp=0/soft_limit_clips=12/m_ticks=3,0.12969400880778026,1.3435253646953609,90.5,12.0,0.0,-0.3520590571525178,1.2578108416453384,-1.3707908505519173,0.4815697129196175,0.23907904824593898,0.00018335304068060207,1.0,315.60000000000014,10,1.0,0,12,3,
1,12,skew_bp=10/k=1/min_edge_bp=0/soft_limit_clips=12/m_ticks=4,0.09202685545633545,1.2460115910200713,89.91666666666667,12.0,0.0,-0.3521101915420128,1.2562651846600226,-1.3694957504569203,0.44393816301238004,0.23887962574511482,0.00019888398596809532,1.0,315.60000000000014,10,1.0,0,12,4,
1,12,skew_bp=5/k=1/min_edge_bp=0/soft_limit_clips=6/m_ticks=2,0.08549369073355124,1.2138416936611,88.0,12.0,0.0,-0.3492415691534921,1.2541867088713305,-1.366633065026547,0.4346305096674589,0.23679521299827563,0.00010475021958442727,1.0,276.20000000000016,5,1.0,0,6,2,
1,12,skew_bp=5/k=1/min_edge_bp=0/soft_limit_clips=6/m_ticks=3,0.08549369073355124,1.2138416936611,88.0,12.0,0.0,-0.3492415691534921,1.2541867088713305,-1.366633065026547,0.4346305096674589,0.23679521299827563,0.00010475021958442727,1.0,276.20000000000016,5,1.0,0,6,3,
1,12,skew_bp=5/k=1/min_edge_bp=0/soft_limit_clips=6/m_ticks=4,0.08549369073355124,1.2138416936611,88.0,12.0,0.0,-0.3492415691534921,1.2541867088713305,-1.366633065026547,0.4346305096674589,0.23679521299827563,0.00010475021958442727,1.0,276.20000000000016,5,1.0,0,6,4,
1,12,skew_bp=5/k=0.5/min_edge_bp=4/soft_limit_clips=6/m_ticks=2,0.14157773088063705,1.182589062812992,105.91666666666667,12.0,0.0,-0.37962952239413866,1.512831738320278,-1.6166745889166128,0.5207855605944645,0.2757866717978043,0.0004216926803111406,1.0,281.20000000000005,5,0.5,4,6,2,
1,12,skew_bp=10/k=0.5/min_edge_bp=4/soft_limit_clips=12/m_ticks=2,0.17083518515550256,1.260400840264892,106.33333333333333,12.0,0.0,-0.3778249965359408,1.5237347001952781,-1.6231125055832791,0.5482663939277989,0.27844719114793975,0.00039378776364447425,1.0,341.4,10,0.5,4,12,2,
1,12,skew_bp=5/k=1/min_edge_bp=2/soft_limit_clips=3/m_ticks=4,0.12359128519062033,0.9403133111897286,60.75,12.0,0.0,-0.26070844647125924,1.0008555081910797,-1.09793168512542,0.3841147177143236,0.16363226953691892,0.00018501394755595797,1.0833333333333333,157.0604395604395,5,1.0,2,3,4,
1,12,skew_bp=5/k=0.5/min_edge_bp=4/soft_limit_clips=6/m_ticks=4,0.1422720760426692,1.225271369434792,105.41666666666667,12.0,0.0,-0.37972511458432984,1.5126204546082225,-1.6169621762337165,0.5217464148528854,0.2753833929588361,0.00025077577411348567,1.0,278.72160804020103,5,0.5,4,6,4,
1,12,skew_bp=10/k=0.5/min_edge_bp=4/soft_limit_clips=12/m_ticks=4,0.19275862630433735,1.3648793099356913,107.0,12.0,0.0,-0.38308267240598665,1.5197906652332225,-1.625157176233717,0.5754376648528771,0.27771616140549243,0.00040363385744682,1.0,341.4000000000001,10,0.5,4,12,4,
1,12,skew_bp=5/k=0.5/min_edge_bp=4/soft_limit_clips=6/m_ticks=3,0.12588871208486246,1.1819865202932027,105.66666666666667,12.0,0.0,-0.3806633610021379,1.5101602741494726,-1.6156905204921375,0.5061249945915075,0.27513311465947304,0.00042707849549265906,1.0,281.170297029703,5,0.5,4,6,3,
1,12,skew_bp=10/k=0.5/min_edge_bp=4/soft_limit_clips=12/m_ticks=3,0.16795901189778042,1.2952320635679087,106.16666666666667,12.0,0.0,-0.3811136436058879,1.522378532482806,-1.6256971871588044,0.548676244591509,0.27779498892988974,0.0003964109121593259,1.0,341.4,10,0.5,4,12,3,
1,12,skew_bp=10/k=1/min_edge_bp=2/soft_limit_clips=3/m_ticks=2,-0.07793067598415919,0.5555570960340612,77.41666666666667,12.0,0.0,-0.321149965087206,1.0791719654759964,-1.2010754661187002,0.24318168142157356,0.19924646444450203,3.7607681473186523e-05,1.0833333333333333,161.80000000000004,10,1.0,2,3,2,
1,12,skew_bp=5/k=1/min_edge_bp=2/soft_limit_clips=3/m_ticks=2,0.10565609339682192,0.9521358294235761,60.5,12.0,0.0,-0.2628112889112592,1.0004063748577463,-1.0997900184587535,0.3684113843809918,0.16342764531025225,5.5997927089291254e-05,1.0833333333333333,157.0604395604395,5,1.0,2,3,2,
1,12,skew_bp=5/k=1/min_edge_bp=2/soft_limit_clips=3/m_ticks=3,0.10565609339682192,0.9521358294235761,60.5,12.0,0.0,-0.2628112889112592,1.0004063748577463,-1.0997900184587535,0.3684113843809918,0.16342764531025225,5.5997927089291254e-05,1.0833333333333333,157.0604395604395,5,1.0,2,3,3,
1,12,skew_bp=10/k=1/min_edge_bp=1/soft_limit_clips=6/m_ticks=3,0.05446056165470839,0.9302801689358616,80.25,12.0,0.0,-0.336639627560865,1.1715010670912591,-1.2965313230772695,0.3905454752367068,0.21160937157485502,0.0005547139788666121,1.0,222.84343434343452,10,1.0,1,6,3,
1,12,skew_bp=10/k=1/min_edge_bp=1/soft_limit_clips=3/m_ticks=3,-0.022643036322521255,0.6169829106590851,89.83333333333333,12.0,0.0,-0.36873135457450484,1.1567175932652842,-1.2928702207624099,0.3460755842654744,0.2325787270773794,1.273398650919842e-05,1.0,146.69999999999996,10,1.0,1,3,3,
1,12,skew_bp=10/k=1/min_edge_bp=1/soft_limit_clips=3/m_ticks=2,-0.02007286892730053,0.6407361450668502,92.91666666666667,12.0,0.0,-0.3808053056561626,1.167522098093994,-1.3106610402876135,0.3610026943198074,0.23766636346254322,-0.00027025759094543184,1.0,146.69999999999996,10,1.0,1,3,2,
1,12,skew_bp=2/k=1/min_edge_bp=0/soft_limit_clips=3/m_ticks=2,-0.04728368696562523,0.9567756463039867,75.16666666666667,12.0,0.0,-0.3037507611281484,1.1209332395343417,-1.218343556768866,0.25635541390422384,0.20634044389362372,0.00011166025829928211,1.1666666666666667,182.0,2,1.0,0,3,2,
1,12,skew_bp=2/k=1/min_edge_bp=0/soft_limit_clips=3/m_ticks=3,-0.04728368696562523,0.9567756463039867,75.16666666666667,12.0,0.0,-0.3037507611281484,1.1209332395343417,-1.218343556768866,0.25635541390422384,0.20634044389362372,0.00011166025829928211,1.1666666666666667,182.0,2,1.0,0,3,3,
1,12,skew_bp=2/k=1/min_edge_bp=0/soft_limit_clips=3/m_ticks=4,-0.04728368696562523,0.9567756463039867,75.16666666666667,12.0,0.0,-0.3037507611281484,1.1209332395343417,-1.218343556768866,0.25635541390422384,0.20634044389362372,0.00011166025829928211,1.1666666666666667,182.0,2,1.0,0,3,4,
1,12,skew_bp=5/k=1/min_edge_bp=1/soft_limit_clips=3/m_ticks=4,-0.015398076271626008,0.8447123171528743,75.5,12.0,0.0,-0.3152194384989062,1.118885392135448,-1.2345185923691286,0.29928969913063225,0.19958623826522578,0.0005316630966479104,1.0833333333333333,182.50000000000009,5,1.0,1,3,4,
1,12,skew_bp=5/k=1/min_edge_bp=1/soft_limit_clips=3/m_ticks=3,0.005151906204413722,0.8605348549889269,75.58333333333333,12.0,0.0,-0.31488898715959074,1.1253660799266962,-1.2391585199608828,0.31954002886926897,0.20109654712540437,0.0005008644947354169,1.0833333333333333,182.50000000000006,5,1.0,1,3,3,
1,12,skew_bp=10/k=1/min_edge_bp=1/soft_limit_clips=6/m_ticks=2,0.04760584011370062,0.934384184197091,79.75,12.0,0.0,-0.3418553713720467,1.1678251485850841,-1.2980876159565575,0.3888201913333191,0.21159290400057354,0.0006410201524281912,1.0,220.8000068867561,10,1.0,1,6,2,
1,12,skew_bp=10/k=1/min_edge_bp=2/soft_limit_clips=3/m_ticks=3,-0.0831859056384862,0.6062935144134273,75.58333333333333,12.0,0.0,-0.3222566796523742,1.0716237113222393,-1.1967629724524773,0.2390630020833829,0.19711741852213602,7.771930505108895e-06,1.0,149.84342665171846,10,1.0,2,3,3,
1,12,skew_bp=10/k=1/min_edge_bp=1/soft_limit_clips=3/m_ticks=4,-0.024771244397232522,0.6371338031798442,91.75,12.0,0.0,-0.38173224351415297,1.156739612890666,-1.3063253976276208,0.3567498860024525,0.23214645877719797,0.00021111311446788306,1.0,153.0826995501355,10,1.0,1,3,4,
1,12,skew_bp=10/k=1/min_edge_bp=1/soft_limit_clips=6/m_ticks=4,0.04121007723528609,0.9691589619461948,80.5,12.0,0.0,-0.3335775083508514,1.1718047519629433,-1.293599530777431,0.3740346981115991,0.21178272953636368,0.0007528874745384626,1.0,231.15840440331482,10,1.0,1,6,4,
1,12,skew_bp=5/k=1/min_edge_bp=1/soft_limit_clips=3/m_ticks=2,-0.002149131235285584,0.8634670656184915,75.5,12.0,0.0,-0.3123667725757226,1.1240879797814947,-1.23520672703159,0.3096254834147251,0.20124802532562755,0.0005921579257118477,1.0833333333333333,182.50000000000006,5,1.0,1,3,2,
1,12,skew_bp=5/k=0.5/min_edge_bp=4/soft_limit_clips=3/m_ticks=3,-0.14526558816975557,0.7366776186979721,115.5,12.0,0.0,-0.42826209958481654,1.5344963463750743,-1.6667724107656874,0.2825056698173874,0.29598603519420325,0.0004908415976736407,1.0833333333333333,166.30000000000004,5,0.5,4,3,3,
1,12,skew_bp=10/k=1/min_edge_bp=2/soft_limit_clips=3/m_ticks=4,-0.19261645020376159,0.5063376213648302,74.75,12.0,0.0,-0.335853757511394,1.052647533541865,-1.1960731417082855,0.14342982579516636,0.19242814934497332,-0.0001925184875339428,1.0,153.18269955013548,10,1.0,2,3,4,
1,12,skew_bp=5/k=0.5/min_edge_bp=4/soft_limit_clips=3/m_ticks=2,-0.16170081092331776,0.7581147526251688,114.91666666666667,12.0,0.0,-0.433033746029921,1.5413476641160921,-1.677219480891748,0.2708712192473347,0.29716192925426504,0.0004617158592685534,1.0833333333333333,166.30000000000004,5,0.5,4,3,2,
1,12,skew_bp=10/k=0.5/min_edge_bp=4/soft_limit_clips=3/m_ticks=4,-0.3710896466032976,0.5950412864809371,152.25,12.0,0.0,-0.525446595583175,1.5728412946096337,-1.7481679631056775,0.1536566512332852,0.3501199270871313,0.0007002977465922605,1.0,143.35076591994485,10,0.5,4,3,4,
1,12,skew_bp=10/k=0.5/min_edge_bp=4/soft_limit_clips=6/m_ticks=3,-0.134042942474524,0.7740028877645243,120.0,12.0,0.0,-0.4301372971357849,1.5715478247914199,-1.6973762151962273,0.2955220931416312,0.304308906730977,0.00057226151962975,1.0,202.81624605678235,10,0.5,4,6,3,
1,12,skew_bp=5/k=0.5/min_edge_bp=4/soft_limit_clips=3/m_ticks=4,-0.09111782338606267,0.7580257670852072,118.75,12.0,0.0,-0.4086062070570378,1.5393538967265554,-1.650976702874343,0.31684826136137073,0.29698340090924985,0.0006401223096043653,1.0833333333333333,176.3630650334074,5,0.5,4,3,4,
1,12,skew_bp=10/k=0.5/min_edge_bp=4/soft_limit_clips=6/m_ticks=4,-0.11111477566598003,0.7470870059331343,122.16666666666667,12.0,0.0,-0.42658531687740214,1.5811019637866262,-1.7026789684863572,0.31487064050135083,0.3050083121776712,0.0005999007100713124,1.0,224.76306503340734,10,0.5,4,6,4,
1,12,skew_bp=10/k=0.5/min_edge_bp=4/soft_limit_clips=6/m_ticks=2,-0.15679314179639428,0.772701476766131,119.83333333333333,12.0,0.0,-0.4327896023178956,1.569474109277859,-1.6981945888139744,0.2754859369277432,0.3040691227817796,0.000510523593757996,1.0,202.81624605678235,10,0.5,4,6,2,
1,12,skew_bp=10/k=1/min_edge_bp=0/soft_limit_clips=3/m_ticks=2,-0.23384325618666676,0.6065225411757299,116.66666666666667,12.0,0.0,-0.4479715632854564,1.3182100978186624,-1.4767867532740044,0.21482919661683664,0.2893949078301143,-0.0007008895180470242,1.0,141.9,10,1.0,0,3,2,
1,12,skew_bp=10/k=1/min_edge_bp=0/soft_limit_clips=6/m_ticks=2,-0.1440657446397461,0.9651306719822321,98.5,12.0,0.0,-0.4004947822625402,1.2885600704060396,-1.435594066327469,0.25543047043007255,0.2534607863411105,0.0009985671927215131,1.0,240.40000000000003,10,1.0,0,6,2,
1,12,skew_bp=10/k=0.5/min_edge_bp=4/soft_limit_clips=3/m_ticks=3,-0.42261637403115987,0.606155676023057,149.83333333333334,12.0,0.0,-0.5489471045843021,1.555599354394455,-1.7561421324793702,0.1260034716018706,0.3484043264993864,0.0003272589512715019,1.0,143.0023573534373,10,0.5,4,3,3,
1,12,skew_bp=10/k=1/min_edge_bp=0/soft_limit_clips=6/m_ticks=3,-0.15599411601768212,0.9559736067592296,100.08333333333333,12.0,0.0,-0.3954150320306196,1.2954264529117934,-1.4364081901148478,0.23854325433346926,0.2544332948275654,0.0008776616794682661,1.0,240.40000000000003,10,1.0,0,6,3,
1,12,skew_bp=5/k=1/min_edge_bp=0/soft_limit_clips=3/m_ticks=4,-0.21560397287104435,0.8832487229021595,93.16666666666667,12.0,0.0,-0.3998288114972102,1.2487512966544692,-1.4053941935899623,0.18376900715801714,0.2431859145617172,0.0004558314681488059,1.0833333333333333,180.19999999999996,5,1.0,0,3,4,
1,12,skew_bp=5/k=1/min_edge_bp=0/soft_limit_clips=3/m_ticks=2,-0.19834675422650672,0.9068129792401346,93.08333333333333,12.0,0.0,-0.39848550327550764,1.2555479002746588,-1.4098965433430088,0.1997625931445924,0.2441368602071575,0.00037615590440853025,1.0833333333333333,180.19999999999996,5,1.0,0,3,2,
1,12,skew_bp=5/k=1/min_edge_bp=0/soft_limit_clips=3/m_ticks=3,-0.2005030369356924,0.9106122832723672,93.66666666666667,12.0,0.0,-0.4000048809090286,1.2574776721356324,-1.4130213742010946,0.19910791492677113,0.2444611788435663,0.0003939290465650479,1.0833333333333333,180.19999999999996,5,1.0,0,3,3,
2,25,skew_bp=2/k=0.5/min_edge_bp=4/soft_limit_clips=12/m_ticks=2,-0.057970074403050444,3.054845326654433,97.16,25.0,0.0,-0.3103895660691244,1.4351647371085732,-1.4765834026508025,0.26247742377945155,0.26897090052689504,-0.010057932113377547,1.0,586.5768429229904,2,0.5,4,12,2,-0.12363793797054251
2,25,skew_bp=2/k=0.5/min_edge_bp=4/soft_limit_clips=12/m_ticks=3,-0.057970074403050444,3.054845326654433,97.16,25.0,0.0,-0.3103895660691244,1.4351647371085732,-1.4765834026508025,0.26247742377945155,0.26897090052689504,-0.010057932113377547,1.0,586.5768429229904,2,0.5,4,12,3,-0.12363793797054251
2,25,skew_bp=2/k=0.5/min_edge_bp=4/soft_limit_clips=12/m_ticks=4,-0.057970074403050444,3.054845326654433,97.16,25.0,0.0,-0.3103895660691244,1.4351647371085732,-1.4765834026508025,0.26247742377945155,0.26897090052689504,-0.010057932113377547,1.0,586.5768429229904,2,0.5,4,12,4,-0.15336900853866914
2,25,skew_bp=2/k=1/min_edge_bp=1/soft_limit_clips=12/m_ticks=2,-0.3572094126894191,3.1855985722988036,69.64,25.0,0.0,-0.2796441779246536,1.1048248311398914,-1.172802026351219,-0.07101390597817382,0.21166698271332599,-0.006551328786591577,1.0,593.0999999999999,2,1.0,1,12,2,-0.304808047936332
2,25,skew_bp=2/k=1/min_edge_bp=1/soft_limit_clips=12/m_ticks=3,-0.3572094126894191,3.1855985722988036,69.64,25.0,0.0,-0.2796441779246536,1.1048248311398914,-1.172802026351219,-0.07101390597817382,0.21166698271332599,-0.006551328786591577,1.0,593.0999999999999,2,1.0,1,12,3,-0.304808047936332
2,25,skew_bp=2/k=1/min_edge_bp=1/soft_limit_clips=12/m_ticks=4,-0.3572094126894191,3.1855985722988036,69.64,25.0,0.0,-0.2796441779246536,1.1048248311398914,-1.172802026351219,-0.07101390597817382,0.21166698271332599,-0.006551328786591577,1.0,593.0999999999999,2,1.0,1,12,4,-0.304808047936332
2,25,skew_bp=2/k=1/min_edge_bp=0/soft_limit_clips=12/m_ticks=2,-0.5532590883324894,3.4672343949407503,88.32,25.0,0.0,-0.31012678698286383,1.256295770455579,-1.3066426625128649,-0.23444547340698235,0.25977989492557807,-0.008686827942643078,1.0,591.4461509415987,2,1.0,0,12,2,-0.39518496348474885
2,25,skew_bp=2/k=1/min_edge_bp=0/soft_limit_clips=12/m_ticks=3,-0.5532590883324894,3.4672343949407503,88.32,25.0,0.0,-0.31012678698286383,1.256295770455579,-1.3066426625128649,-0.23444547340698235,0.25977989492557807,-0.008686827942643078,1.0,591.4461509415987,2,1.0,0,12,3,-0.39518496348474885
2,25,skew_bp=2/k=1/min_edge_bp=0/soft_limit_clips=12/m_ticks=4,-0.5532590883324894,3.4672343949407503,88.32,25.0,0.0,-0.31012678698286383,1.256295770455579,-1.3066426625128649,-0.23444547340698235,0.25977989492557807,-0.008686827942643078,1.0,591.4461509415987,2,1.0,0,12,4,-0.39518496348474885
2,25,skew_bp=2/k=0.5/min_edge_bp=1/soft_limit_clips=12/m_ticks=2,-0.6264306421568014,2.865780685414011,199.72,25.0,0.0,-0.6595229770408314,2.057802171301687,-2.2135505817566234,0.04033156701610629,0.5037745665858951,-0.0072392321320763064,1.0,645.0311572969064,2,0.5,1,12,2,-0.304808047936332
2,25,skew_bp=2/k=0.5/min_edge_bp=1/soft_limit_clips=12/m_ticks=3,-0.6285841434335064,2.868913385501915,199.48,25.0,0.0,-0.6596162783175373,2.0578014863816874,-2.2135847817566234,0.03827136701610712,0.503832982942601,-0.0072392321320763064,1.0,645.0311572969064,2,0.5,1,12,3,-0.304808047936332
2,25,skew_bp=2/k=0.5/min_edge_bp=1/soft_limit_clips=12/m_ticks=4,-0.6278648565613161,2.867862922472743,199.36,25.0,0.0,-0.6599381914453504,2.0575663267216875,-2.2135361817566235,0.03931256701611069,0.5039683364104142,-0.0072392321320763064,1.0,645.0311572969064,2,0.5,1,12,4,-0.304808047936332
2,25,skew_bp=2/k=1/min_edge_bp=2/soft_limit_clips=12/m_ticks=2,-0.18826039594693367,2.691305223195771,57.48,25.0,0.0,-0.23939080725959683,0.9775353398034266,-1.039886104219841,0.06128760995213943,0.17704004284318237,-0.010157198639476155,1.0,538.0000000000003,2,1.0,2,12,2,-0.1830885792119102
2,25,skew_bp=2/k=1/min_edge_bp=2/soft_limit_clips=12/m_ticks=3,-0.18826039594693367,2.691305223195771,57.48,25.0,0.0,-0.23939080725959683,0.9775353398034266,-1.039886104219841,0.06128760995213943,0.17704004284318237,-0.010157198639476155,1.0,538.0000000000003,2,1.0,2,12,3,-0.18310007910679577
2,25,skew_bp=2/k=1/min_edge_bp=2/soft_limit_clips=12/m_ticks=4,-0.18826039594693367,2.691305223195771,57.48,25.0,0.0,-0.23939080725959683,0.9775353398034266,-1.039886104219841,0.06128760995213943,0.17704004284318237,-0.010157198639476155,1.0,538.0000000000003,2,1.0,2,12,4,-0.18379023062432262
2,25,skew_bp=2/k=0.5/min_edge_bp=2/soft_limit_clips=12/m_ticks=2,-0.6074020479384995,2.975439676400217,155.48,25.0,0.0,-0.5026417884758562,1.8153564806398859,-1.9151500848815906,-0.09628607500747952,0.40284818423415136,-0.008474184455163826,1.0,586.9,2,0.5,2,12,2,-0.1830885792119102
2,25,skew_bp=2/k=0.5/min_edge_bp=2/soft_limit_clips=12/m_ticks=3,-0.6086502739776309,2.976695436475264,155.48,25.0,0.0,-0.502807614514987,1.8152144822198857,-1.9151008848815902,-0.0973684750074799,0.4029212118532824,-0.008474184455163826,1.0,586.9,2,0.5,2,12,3,-0.18310007910679577
2,25,skew_bp=2/k=0.5/min_edge_bp=2/soft_limit_clips=12/m_ticks=4,-0.6085678574976301,2.9766121353943413,155.48,25.0,0.0,-0.502725198034987,1.8152968822198858,-1.9151008848815902,-0.09736847500747933,0.4029211953732824,-0.008474184455163826,1.0,586.9,2,0.5,2,12,4,-0.18379023062432262
2,25,skew_bp=5/k=1/min_edge_bp=1/soft_limit_clips=12/m_ticks=2,-0.17117409555628257,1.853978092729928,71.0,25.0,0.0,-0.2602220270160385,1.1058111044670618,-1.1617883330257608,0.09237631905674826,0.20424479845733948,-0.003328387596992216,1.0,466.6000000000002,5,1.0,1,12,2,-0.2524066831832449
2,25,skew_bp=5/k=1/min_edge_bp=1/soft_limit_clips=12/m_ticks=3,-0.17246713055541307,1.8549595430248347,71.08,25.0,0.0,-0.2604326620151695,1.1056243060470619,-1.161739133025761,0.09129391905674873,0.2043178350364705,-0.003328387596992216,1.0,466.6000000000002,5,1.0,1,12,3,-0.2524066831832449
2,25,skew_bp=5/k=1/min_edge_bp=1/soft_limit_clips=12/m_ticks=4,-0.17238471407541311,1.8548963296950418,71.08,25.0,0.0,-0.26035024553516956,1.1057067060470618,-1.161739133025761,0.09129391905674882,0.2043178185564705,-0.003328387596992216,1.0,466.6000000000002,5,1.0,1,12,4,-0.2524066831832449
2,25,skew_bp=5/k=1/min_edge_bp=2/soft_limit_clips=12/m_ticks=2,-0.1808569599100897,2.003547395525417,58.24,25.0,0.0,-0.23506996047434503,0.9953882864772067,-1.05509695499207,0.06042155907588203,0.17536129195948175,-0.006208558511626717,1.0,403.7000000000002,5,1.0,2,12,2,-0.18123159244163745
2,25,skew_bp=5/k=1/min_edge_bp=2/soft_limit_clips=12/m_ticks=3,-0.18310007910679577,2.0057481166138134,58.08,25.0,0.0,-0.23525287967105105,0.9952980015572066,-1.0551311549920697,0.05836135907588208,0.17541972623618773,-0.006208558511626717,1.0,403.7000000000002,5,1.0,2,12,3,-0.18216008582677384
2,25,skew_bp=5/k=1/min_edge_bp=2/soft_limit_clips=12/m_ticks=4,-0.1831072805467949,2.005755279042034,58.08,25.0,0.0,-0.23521528111105103,0.9954252015572067,-1.0552207549920698,0.05831655907588285,0.17541972767618774,-0.006208558511626717,1.0,403.7000000000002,5,1.0,2,12,4,-0.18310367982679532
2,25,skew_bp=5/k=0.5/min_edge_bp=4/soft_limit_clips=12/m_ticks=2,0.030400974532546934,1.6217752500713054,101.24,25.0,0.0,-0.2963292841427504,1.4722014146630102,-1.4975713272123752,0.33057404688888115,0.27095937159338557,-0.003843788213583729,1.0,458.09999999999997,5,0.5,4,12,2,-0.17907411710824314
2,25,skew_bp=5/k=0.5/min_edge_bp=4/soft_limit_clips=12/m_ticks=3,0.028015331390470362,1.625253519382695,101.2,25.0,0.0,-0.2964981802115595,1.4721066965762777,-1.4975596460242564,0.3283572013443265,0.27104523076358084,-0.0038436897422966004,1.0,458.09999999999997,5,0.5,4,12,3,-0.1799655385091664
2,25,skew_bp=5/k=0.5/min_edge_bp=4/soft_limit_clips=12/m_ticks=4,0.027092845069700413,1.6220233294714932,101.24,25.0,0.0,-0.2963048031115268,1.4721939458964775,-1.4974536407802146,0.3272338830697858,0.2710451082277901,-0.003836234888558604,1.0,458.09999999999997,5,0.5,4,12,4,-0.18114145038911483
2,25,skew_bp=2/k=0.5/min_edge_bp=4/soft_limit_clips=6/m_ticks=2,0.08676886473611732,1.601932755609475,94.76,25.0,0.0,-0.27726836010498485,1.4009658899006905,-1.4210176009635058,0.36914282399529597,0.2572166490421694,-0.0051055991541938605,1.04,363.1,2,0.5,4,6,2,-0.12363793797054251
2,25,skew_bp=2/k=0.5/min_edge_bp=4/soft_limit_clips=6/m_ticks=3,0.08676886473611732,1.601932755609475,94.76,25.0,0.0,-0.27726836010498485,1.4009658899006905,-1.4210176009635058,0.36914282399529597,0.2572166490421694,-0.0051055991541938605,1.04,363.1,2,0.5,4,6,3,-0.12363793797054251
2,25,skew_bp=2/k=0.5/min_edge_bp=4/soft_limit_clips=6/m_ticks=4,0.08676886473611732,1.601932755609475,94.76,25.0,0.0,-0.27726836010498485,1.4009658899006905,-1.4210176009635058,0.36914282399529597,0.2572166490421694,-0.0051055991541938605,1.04,363.1,2,0.5,4,6,4,-0.15336900853866914
2,25,skew_bp=2/k=1/min_edge_bp=2/soft_limit_clips=6/m_ticks=2,-0.12363793797054251,1.8276067797185118,54.8,25.0,0.0,-0.22355080417166714,0.9529950970292467,-1.007925213265482,0.10650321335103126,0.16862068793543195,-0.006590347149906469,1.0,364.87794270383154,2,1.0,2,6,2,-0.1830885792119102
2,25,skew_bp=2/k=1/min_edge_bp=2/soft_limit_clips=6/m_ticks=3,-0.12363793797054251,1.8276067797185118,54.8,25.0,0.0,-0.22355080417166714,0.9529950970292467,-1.007925213265482,0.10650321335103126,0.16862068793543195,-0.006590347149906469,1.0,364.87794270383154,2,1.0,2,6,3,-0.18310007910679577
2,25,skew_bp=2/k=1/min_edge_bp=2/soft_limit_clips=6/m_ticks=4,-0.12363793797054251,1.8276067797185118,54.8,25.0,0.0,-0.22355080417166714,0.9529950970292467,-1.007925213265482,0.10650321335103126,0.16862068793543195,-0.006590347149906469,1.0,364.87794270383154,2,1.0,2,6,4,-0.18379023062432262
2,25,skew_bp=2/k=1/min_edge_bp=1/soft_limit_clips=6/m_ticks=2,-0.2524066831832449,1.9052330006118925,66.4,25.0,0.0,-0.24844971551083184,1.0643373209958162,-1.1156651182439012,-0.0004693807830771224,0.19712191826274675,-0.003487586889335939,1.04,333.8747977381471,2,1.0,1,6,2,-0.304808047936332
2,25,skew_bp=2/k=1/min_edge_bp=1/soft_limit_clips=6/m_ticks=3,-0.2524066831832449,1.9052330006118925,66.4,25.0,0.0,-0.24844971551083184,1.0643373209958162,-1.1156651182439012,-0.0004693807830771224,0.19712191826274675,-0.003487586889335939,1.04,333.8747977381471,2,1.0,1,6,3,-0.304808047936332
2,25,skew_bp=2/k=1/min_edge_bp=1/soft_limit_clips=6/m_ticks=4,-0.2524066831832449,1.9052330006118925,66.4,25.0,0.0,-0.24844971551083184,1.0643373209958162,-1.1156651182439012,-0.0004693807830771224,0.19712191826274675,-0.003487586889335939,1.04,333.8747977381471,2,1.0,1,6,4,-0.304808047936332
2,25,skew_bp=2/k=1/min_edge_bp=0/soft_limit_clips=6/m_ticks=2,-0.427876152867818,1.9281784450808865,84.48,25.0,0.0,-0.3097352968382942,1.2032614300903706,-1.272749270931367,-0.1121859371765786,0.24024745599729772,-0.0059549188529452405,1.08,308.8461509415988,2,1.0,0,6,2,-0.39518496348474885
2,25,skew_bp=2/k=1/min_edge_bp=0/soft_limit_clips=6/m_ticks=3,-0.427876152867818,1.9281784450808865,84.48,25.0,0.0,-0.3097352968382942,1.2032614300903706,-1.272749270931367,-0.1121859371765786,0.24024745599729772,-0.0059549188529452405,1.08,308.8461509415988,2,1.0,0,6,3,-0.39518496348474885
2,25,skew_bp=2/k=1/min_edge_bp=0/soft_limit_clips=6/m_ticks=4,-0.427876152867818,1.9281784450808865,84.48,25.0,0.0,-0.3097352968382942,1.2032614300903706,-1.272749270931367,-0.1121859371765786,0.24024745599729772,-0.0059549188529452405,1.08,308.8461509415988,2,1.0,0,6,4,-0.39518496348474885
2,25,skew_bp=10/k=1/min_edge_bp=2/soft_limit_clips=12/m_ticks=4,-0.18105130833659225,1.3829226075004781,59.28,25.0,0.0,-0.23066124813834676,1.0035543852332451,-1.0625239104019222,0.05284144398370956,0.17169172296966995,-0.0032315041819551697,1.0,352.30000000000024,10,1.0,2,12,4,-0.18114145038911483
2,25,skew_bp=10/k=1/min_edge_bp=2/soft_limit_clips=12/m_ticks=2,-0.17907411710824314,1.3805318260180919,59.36,25.0,0.0,-0.2309861270040674,1.003734409459778,-1.0629813968340827,0.055149407802804445,0.1717391396297624,-0.0032373979069802955,1.0,352.30000000000024,10,1.0,2,12,2,-0.17907411710824314
2,25,skew_bp=10/k=1/min_edge_bp=2/soft_limit_clips=12/m_ticks=3,-0.18123159244163745,1.3826051391346084,59.24,25.0,0.0,-0.23088505526419445,1.0035844526130453,-1.062778915645964,0.052890762258250075,0.17169059223127564,-0.0032372994356931668,1.0,352.30000000000024,10,1.0,2,12,3,-0.1799655385091664
2,25,skew_bp=5/k=1/min_edge_bp=2/soft_limit_clips=6/m_ticks=2,-0.1830885792119102,1.3718949154497553,58.6,25.0,0.0,-0.22834391032761353,0.9985490998909645,-1.0564763579959087,0.048533920499899574,0.17041665222266938,-0.0032785893841962956,1.0,301.10000000000025,5,1.0,2,6,2,-0.18123159244163745
2,25,skew_bp=5/k=1/min_edge_bp=2/soft_limit_clips=6/m_ticks=3,-0.18451438894185032,1.3732811160226408,58.64,25.0,0.0,-0.22848132005755345,0.9985394090909645,-1.0565919579959084,0.04724552049989947,0.1704287711526094,-0.0032785893841962956,1.0,301.10000000000025,5,1.0,2,6,3,-0.18216008582677384
2,25,skew_bp=5/k=1/min_edge_bp=2/soft_limit_clips=6/m_ticks=4,-0.18447318070185034,1.3732405528242233,58.64,25.0,0.0,-0.2284401118175535,0.9985806090909645,-1.0565919579959084,0.04724552049989947,0.1704287629126094,-0.0032785893841962956,1.0,301.10000000000025,5,1.0,2,6,4,-0.18310367982679532
2,25,skew_bp=5/k=1/min_edge_bp=0/soft_limit_clips=12/m_ticks=2,-0.39518496348474885,1.954195674859339,90.68,25.0,0.0,-0.33731795692641114,1.251559876999564,-1.338055160440583,-0.053055182295565155,0.25082267348539217,-0.004811824262772588,1.0,534.5498691661506,5,1.0,0,12,2,-0.39518496348474885
2,25,skew_bp=5/k=1/min_edge_bp=0/soft_limit_clips=12/m_ticks=3,-0.39518496348474885,1.954195674859339,90.68,25.0,0.0,-0.33731795692641114,1.251559876999564,-1.338055160440583,-0.053055182295565155,0.25082267348539217,-0.004811824262772588,1.0,534.5498691661506,5,1.0,0,12,3,-0.39518496348474885
2,25,skew_bp=5/k=1/min_edge_bp=0/soft_limit_clips=12/m_ticks=4,-0.39518496348474885,1.954195674859339,90.68,25.0,0.0,-0.33731795692641114,1.251559876999564,-1.338055160440583,-0.053055182295565155,0.25082267348539217,-0.004811824262772588,1.0,534.5498691661506,5,1.0,0,12,4,-0.39518496348474885
2,25,skew_bp=5/k=1/min_edge_bp=4/soft_limit_clips=12/m_ticks=2,0.01667204905209835,1.4354553069224227,39.04,25.0,0.0,-0.1891831912493639,0.79650048077916,-0.8595990532065081,0.21173597567003327,0.12608461882201585,-0.005880735368571073,1.0,379.3999999999999,5,1.0,4,12,2,-0.17907411710824314
